"BehaviorSpace results (NetLogo 7.0.3)","Table version 2.0"
"Experiments-06-05-ABM-E.nlogox"
"exp1_policy_grid"
"05/06/2026 15:21:51:741 +0200"
"min-pxcor","max-pxcor","min-pycor","max-pycor"
"-16","16","-16","16"
"[run number]","number-employees","initial-misconduct-propensity","initial-fear","learning-rate","baseline-recovery-rate","punishment-severity","reporter-protection","[step]","committed-misconduct-total","punished-misconduct-total","hidden-misconduct-total","hidden-misconduct-rate","reported-events-total","retaliation-events-total","mean [fear] of employees","mean [misconduct-propensity] of employees"
"20","300","0.4","0.3","0.2","0.05","0.2","0.25","300","25069","7478","17591","0.7017032988950497","7478","5551","0.5287709194422928","0.267411674135234"
"9","300","0.4","0.3","0.2","0.05","0.2","0.2","300","27780","6730","21050","0.7577393808495321","6730","5411","0.5249162495531798","0.3042082926931476"
"10","300","0.4","0.3","0.2","0.05","0.2","0.2","300","27620","6702","20918","0.7573497465604634","6702","5379","0.5294605827828797","0.3029100119066015"
"23","300","0.4","0.3","0.2","0.05","0.2","0.3","300","22207","8120","14087","0.634349529427658","8120","5641","0.5089751936186512","0.2380528335970789"
"24","300","0.4","0.3","0.2","0.05","0.2","0.3","300","21782","8166","13616","0.625103296299697","8166","5625","0.5178981187973158","0.2357699166522988"
"22","300","0.4","0.3","0.2","0.05","0.2","0.3","300","22084","8081","14003","0.6340789712008694","8081","5639","0.5076013979702234","0.24334866441002026"
"21","300","0.4","0.3","0.2","0.05","0.2","0.3","300","21947","8009","13938","0.6350754089397184","8009","5593","0.5046465784603946","0.24125933550893303"
"18","300","0.4","0.3","0.2","0.05","0.2","0.25","300","24891","7481","17410","0.699449600257121","7481","5679","0.5344626746442318","0.2700635824957785"
"19","300","0.4","0.3","0.2","0.05","0.2","0.25","300","24801","7402","17399","0.701544292568848","7402","5593","0.5291158943528729","0.26956281323761533"
"13","300","0.4","0.3","0.2","0.05","0.2","0.25","300","25103","7449","17654","0.703262558259969","7449","5614","0.5227441895995523","0.26998155269577034"
"11","300","0.4","0.3","0.2","0.05","0.2","0.25","300","24765","7496","17269","0.6973147587320816","7496","5552","0.5242590970745976","0.2676073992663291"
"6","300","0.4","0.3","0.2","0.05","0.2","0.2","300","27685","6752","20933","0.756113418818855","6752","5369","0.5339519517314272","0.3014524887788415"
"5","300","0.4","0.3","0.2","0.05","0.2","0.2","300","27549","6841","20708","0.7516788268176703","6841","5382","0.5321637434191944","0.30197063318426615"
"17","300","0.4","0.3","0.2","0.05","0.2","0.25","300","24926","7454","17472","0.700954826285806","7454","5577","0.519480543151707","0.2723933798796814"
"4","300","0.4","0.3","0.2","0.05","0.2","0.2","300","27697","6799","20898","0.7545221504134022","6799","5426","0.5328389118088582","0.3008167217979762"
"1","300","0.4","0.3","0.2","0.05","0.2","0.2","300","27609","6753","20856","0.7554058459198087","6753","5434","0.5318048666698914","0.30330151200302174"
"16","300","0.4","0.3","0.2","0.05","0.2","0.25","300","24936","7397","17539","0.7033606031440488","7397","5546","0.5224585024827632","0.27517817400755595"
"8","300","0.4","0.3","0.2","0.05","0.2","0.2","300","27793","6741","21052","0.7574569136113409","6741","5422","0.5344410035679745","0.30068645191576265"
"12","300","0.4","0.3","0.2","0.05","0.2","0.25","300","25115","7439","17676","0.7038025084610791","7439","5606","0.5346659893873025","0.2703833704114232"
"3","300","0.4","0.3","0.2","0.05","0.2","0.2","300","27669","6726","20943","0.7569120676569446","6726","5436","0.5406267213195227","0.2983677117178783"
"7","300","0.4","0.3","0.2","0.05","0.2","0.2","300","27599","6781","20818","0.7543026921265263","6781","5463","0.5365578170477582","0.3043104820752661"
"2","300","0.4","0.3","0.2","0.05","0.2","0.2","300","27615","6738","20877","0.7560021727322107","6738","5443","0.5304618439445233","0.30791150362489117"
"15","300","0.4","0.3","0.2","0.05","0.2","0.25","300","24928","7531","17397","0.6978899229781772","7531","5653","0.5262254535781782","0.2693440054478849"
"14","300","0.4","0.3","0.2","0.05","0.2","0.25","300","25042","7480","17562","0.7013018129542369","7480","5651","0.5294019663228092","0.26881474342088985"
"25","300","0.4","0.3","0.2","0.05","0.2","0.3","300","22068","8052","14016","0.6351277868406743","8052","5627","0.5137736410773819","0.23991656126027724"
"26","300","0.4","0.3","0.2","0.05","0.2","0.3","300","22169","8159","14010","0.6319635527087374","8159","5686","0.5006088982779329","0.23861326397213678"
"31","300","0.4","0.3","0.2","0.05","0.2","0.35","300","19307","8628","10679","0.5531154503547936","8628","5634","0.49772447332717046","0.20474042211434915"
"28","300","0.4","0.3","0.2","0.05","0.2","0.3","300","21959","7998","13961","0.635775763923676","7998","5646","0.5088512715454558","0.24245417889464196"
"30","300","0.4","0.3","0.2","0.05","0.2","0.3","300","21824","8182","13642","0.625091642228739","8182","5629","0.5079391761507149","0.23989380162735235"
"27","300","0.4","0.3","0.2","0.05","0.2","0.3","300","22108","8059","14049","0.6354713225981545","8059","5623","0.5118140734674387","0.2382519077232152"
"29","300","0.4","0.3","0.2","0.05","0.2","0.3","300","21895","8180","13715","0.6263987211692167","8180","5702","0.5132955033118476","0.24086982602766796"
"33","300","0.4","0.3","0.2","0.05","0.2","0.35","300","19239","8654","10585","0.5501845210250013","8654","5574","0.4914336458574096","0.2084387548571694"
"32","300","0.4","0.3","0.2","0.05","0.2","0.35","300","19443","8631","10812","0.556087023607468","8631","5614","0.4919539885354511","0.2101191251646709"
"35","300","0.4","0.3","0.2","0.05","0.2","0.35","300","19321","8627","10694","0.5534910201335335","8627","5555","0.48793878986898326","0.20992707038244288"
"38","300","0.4","0.3","0.2","0.05","0.2","0.35","300","19276","8545","10731","0.5567026354015356","8545","5645","0.48405378029369994","0.21198368063646886"
"34","300","0.4","0.3","0.2","0.05","0.2","0.35","300","19434","8621","10813","0.5563960069980447","8621","5644","0.5037612117266397","0.2057724919631261"
"36","300","0.4","0.3","0.2","0.05","0.2","0.35","300","19322","8637","10685","0.5529965842045337","8637","5567","0.4907879165190038","0.2104408205887317"
"37","300","0.4","0.3","0.2","0.05","0.2","0.35","300","19603","8515","11088","0.565627710044381","8515","5668","0.49033998759948894","0.20814325319585764"
"41","300","0.4","0.3","0.2","0.05","0.2","0.4","300","16851","8979","7872","0.46715328467153283","8979","5333","0.48459202699765985","0.17742160742884844"
"47","300","0.4","0.3","0.2","0.05","0.2","0.4","300","16829","8913","7916","0.4703785132806465","8913","5446","0.47622832074957006","0.18487718537949613"
"39","300","0.4","0.3","0.2","0.05","0.2","0.35","300","19206","8668","10538","0.5486827033218786","8668","5588","0.49653921860099115","0.21102817383272868"
"42","300","0.4","0.3","0.2","0.05","0.2","0.4","300","16940","8974","7966","0.47024793388429753","8974","5411","0.48217538256713927","0.1789529301717035"
"44","300","0.4","0.3","0.2","0.05","0.2","0.4","300","16819","9005","7814","0.4645936143647066","9005","5353","0.47551197876474255","0.18131877478722866"
"40","300","0.4","0.3","0.2","0.05","0.2","0.35","300","19228","8579","10649","0.5538277511961722","8579","5482","0.4910965743611418","0.210513007658371"
"43","300","0.4","0.3","0.2","0.05","0.2","0.4","300","16754","8894","7860","0.4691416975050734","8894","5400","0.4685402020276778","0.18383630390485867"
"45","300","0.4","0.3","0.2","0.05","0.2","0.4","300","16744","9072","7672","0.45819397993311034","9072","5353","0.47112275952384286","0.17460423500434052"
"46","300","0.4","0.3","0.2","0.05","0.2","0.4","300","16766","9044","7722","0.4605749731599666","9044","5487","0.483922506754766","0.17330539943116016"
"48","300","0.4","0.3","0.2","0.05","0.2","0.4","300","16715","8916","7799","0.46658689799581216","8916","5338","0.4711632940307168","0.18343461445114093"
"49","300","0.4","0.3","0.2","0.05","0.2","0.4","300","16963","9000","7963","0.46943347285267933","9000","5388","0.47502758301140896","0.17684620999211267"
"50","300","0.4","0.3","0.2","0.05","0.2","0.4","300","16700","8960","7740","0.46347305389221555","8960","5391","0.47211098548272173","0.1800505823497788"
"51","300","0.4","0.3","0.2","0.05","0.2","0.45","300","14746","9094","5652","0.3832903838329038","9094","4980","0.4420241350502615","0.15362134607486688"
"54","300","0.4","0.3","0.2","0.05","0.2","0.45","300","14627","9149","5478","0.3745128871265468","9149","5035","0.44453202633229544","0.15933926511602994"
"53","300","0.4","0.3","0.2","0.05","0.2","0.45","300","14722","9191","5531","0.3756962369243309","9191","4984","0.4451127614630921","0.1539081896322106"
"52","300","0.4","0.3","0.2","0.05","0.2","0.45","300","14656","9160","5496","0.375","9160","5017","0.44561455409026146","0.15483909847642877"
"55","300","0.4","0.3","0.2","0.05","0.2","0.45","300","14759","9126","5633","0.38166542448675383","9126","5045","0.45024853518854846","0.16279818237010962"
"57","300","0.4","0.3","0.2","0.05","0.2","0.45","300","14658","9170","5488","0.3744030563514804","9170","5072","0.4468817591407898","0.1519929317195888"
"61","300","0.4","0.3","0.2","0.05","0.2","0.5","300","12873","9093","3780","0.2936378466557912","9093","4601","0.42626768339440846","0.1392456030166108"
"59","300","0.4","0.3","0.2","0.05","0.2","0.45","300","14511","9173","5338","0.36785886568809867","9173","5104","0.4543889466220662","0.15268185917549038"
"62","300","0.4","0.3","0.2","0.05","0.2","0.5","300","12875","9086","3789","0.2942912621359223","9086","4612","0.42755438844517596","0.1395791936091033"
"56","300","0.4","0.3","0.2","0.05","0.2","0.45","300","14651","9083","5568","0.3800423179305167","9083","4967","0.4427010783295456","0.16210972388761571"
"60","300","0.4","0.3","0.2","0.05","0.2","0.45","300","14537","9106","5431","0.37359840407236705","9106","5010","0.4470551264551925","0.15638304178079687"
"73","300","0.4","0.3","0.2","0.05","0.2","0.55","300","11434","8957","2477","0.2166345985656813","8957","4003","0.3986574706130204","0.11721706942586789"
"58","300","0.4","0.3","0.2","0.05","0.2","0.45","300","14621","9137","5484","0.37507694412146914","9137","5052","0.4368060548832395","0.16504125565668848"
"67","300","0.4","0.3","0.2","0.05","0.2","0.5","300","12925","9113","3812","0.29493230174081236","9113","4561","0.42056771539854587","0.13579988297593548"
"65","300","0.4","0.3","0.2","0.05","0.2","0.5","300","12863","9098","3765","0.2926999922257638","9098","4637","0.41751239785484295","0.13748099896973015"
"66","300","0.4","0.3","0.2","0.05","0.2","0.5","300","12877","9091","3786","0.29401258057000856","9091","4593","0.4279911124631177","0.14042732625600188"
"69","300","0.4","0.3","0.2","0.05","0.2","0.5","300","12785","9151","3634","0.28423934298005477","9151","4535","0.4119145803144292","0.13445438450911265"
"71","300","0.4","0.3","0.2","0.05","0.2","0.55","300","11356","8979","2377","0.20931666079605496","8979","3995","0.3948836749765957","0.12394763885519557"
"70","300","0.4","0.3","0.2","0.05","0.2","0.5","300","12941","9108","3833","0.29619040259639906","9108","4638","0.4233201762548181","0.1316949566173834"
"72","300","0.4","0.3","0.2","0.05","0.2","0.55","300","11434","8930","2504","0.21899597691096728","8930","3936","0.39534869466680855","0.11606979858788946"
"74","300","0.4","0.3","0.2","0.05","0.2","0.55","300","11459","8918","2541","0.2217470983506414","8918","3989","0.39058670197609663","0.12492618839665078"
"63","300","0.4","0.3","0.2","0.05","0.2","0.5","300","12800","9106","3694","0.28859375","9106","4549","0.41942642547164877","0.1419474262706204"
"64","300","0.4","0.3","0.2","0.05","0.2","0.5","300","12902","9134","3768","0.2920477445357309","9134","4530","0.421116414684226","0.13801414708459442"
"75","300","0.4","0.3","0.2","0.05","0.2","0.55","300","11414","8998","2416","0.2116698790958472","8998","4022","0.39997092298325965","0.10939284896542054"
"68","300","0.4","0.3","0.2","0.05","0.2","0.5","300","12799","9113","3686","0.28799124931635284","9113","4578","0.4188051063351157","0.1355566226249586"
"77","300","0.4","0.3","0.2","0.05","0.2","0.55","300","11495","8963","2532","0.2202696824706394","8963","4031","0.3928221483369739","0.12898532639933996"
"79","300","0.4","0.3","0.2","0.05","0.2","0.55","300","11387","8970","2417","0.2122595942741723","8970","4005","0.3935788400118265","0.12110604101923812"
"76","300","0.4","0.3","0.2","0.05","0.2","0.55","300","11476","8954","2522","0.21976298361798535","8954","4112","0.3970673485409909","0.12530539026409926"
"83","300","0.4","0.3","0.2","0.05","0.2","0.6","300","10405","8651","1754","0.16857280153772225","8651","3428","0.36829548455537503","0.11267196637608272"
"81","300","0.4","0.3","0.2","0.05","0.2","0.6","300","10394","8648","1746","0.1679815278045026","8648","3523","0.37681675396187087","0.10655989123018887"
"78","300","0.4","0.3","0.2","0.05","0.2","0.55","300","11357","8902","2455","0.21616624108479351","8902","3970","0.3938360199171666","0.13557671039519334"
"92","300","0.4","0.3","0.2","0.05","0.2","0.65","300","9539","8390","1149","0.12045287766013209","8390","2876","0.3531340549982691","0.09716952167953294"
"90","300","0.4","0.3","0.2","0.05","0.2","0.6","300","10457","8700","1757","0.1680214210576647","8700","3532","0.37090895205029983","0.11095918401473734"
"87","300","0.4","0.3","0.2","0.05","0.2","0.6","300","10306","8702","1604","0.15563749272268582","8702","3392","0.36918061663996077","0.10718352729206987"
"80","300","0.4","0.3","0.2","0.05","0.2","0.55","300","11461","8969","2492","0.21743303376668702","8969","4065","0.3930292902611478","0.12015929979829441"
"91","300","0.4","0.3","0.2","0.05","0.2","0.65","300","9482","8337","1145","0.12075511495465091","8337","2976","0.3478939814129572","0.10288572191365782"
"89","300","0.4","0.3","0.2","0.05","0.2","0.6","300","10402","8679","1723","0.1656412228417612","8679","3465","0.37364436502544035","0.10706115865428001"
"93","300","0.4","0.3","0.2","0.05","0.2","0.65","300","9490","8365","1125","0.11854583772391991","8365","2912","0.35490875145218165","0.09424583360867499"
"82","300","0.4","0.3","0.2","0.05","0.2","0.6","300","10413","8706","1707","0.16392970325554596","8706","3494","0.37246900411141787","0.11104921003931607"
"88","300","0.4","0.3","0.2","0.05","0.2","0.6","300","10395","8722","1673","0.16094276094276094","8722","3514","0.36930981236012916","0.11306803971571301"
"86","300","0.4","0.3","0.2","0.05","0.2","0.6","300","10374","8696","1678","0.1617505301715828","8696","3427","0.37017268002903964","0.1108729870497797"
"94","300","0.4","0.3","0.2","0.05","0.2","0.65","300","9572","8340","1232","0.1287087338069369","8340","2877","0.3530118951988159","0.10509418033172453"
"95","300","0.4","0.3","0.2","0.05","0.2","0.65","300","9532","8356","1176","0.12337389844733529","8356","2964","0.35000800202979726","0.10082818726004247"
"84","300","0.4","0.3","0.2","0.05","0.2","0.6","300","10444","8711","1733","0.1659325928762926","8711","3518","0.37080394917854487","0.11362489519602893"
"85","300","0.4","0.3","0.2","0.05","0.2","0.6","300","10335","8693","1642","0.15887760038703436","8693","3398","0.3691903166082134","0.10919921601252996"
"98","300","0.4","0.3","0.2","0.05","0.2","0.65","300","9559","8371","1188","0.12428078250863062","8371","2936","0.35218517525932364","0.104262256121963"
"103","300","0.4","0.3","0.2","0.05","0.2","0.7","300","8849","8042","807","0.09119674539495988","8042","2394","0.33586356810249024","0.08930433358877123"
"104","300","0.4","0.3","0.2","0.05","0.2","0.7","300","8871","8030","841","0.09480329162439409","8030","2386","0.3357762638550017","0.08857204941033789"
"102","300","0.4","0.3","0.2","0.05","0.2","0.7","300","8927","8075","852","0.09544079758037415","8075","2442","0.33483652960567084","0.09396368906091099"
"96","300","0.4","0.3","0.2","0.05","0.2","0.65","300","9550","8435","1115","0.11675392670157068","8435","2966","0.3557509080650019","0.09614392959375317"
"97","300","0.4","0.3","0.2","0.05","0.2","0.65","300","9533","8389","1144","0.12000419595090737","8389","2908","0.35424870216879834","0.10318400947851657"
"106","300","0.4","0.3","0.2","0.05","0.2","0.7","300","8882","8037","845","0.0951362305786985","8037","2402","0.33811042870186436","0.09707611556821714"
"101","300","0.4","0.3","0.2","0.05","0.2","0.7","300","8871","8106","765","0.08623605005072708","8106","2398","0.3395163434921448","0.0799013776019014"
"115","300","0.4","0.3","0.2","0.05","0.2","0.75","300","8284","7672","612","0.07387735393529696","7672","1987","0.3241152277418956","0.09168502888350734"
"107","300","0.4","0.3","0.2","0.05","0.2","0.7","300","8884","8074","810","0.09117514633048177","8074","2410","0.3370711604862502","0.08793892088090012"
"99","300","0.4","0.3","0.2","0.05","0.2","0.65","300","9572","8416","1156","0.12076890931884664","8416","2993","0.3557828379671201","0.09580265962803247"
"112","300","0.4","0.3","0.2","0.05","0.2","0.75","300","8269","7712","557","0.06736001934937719","7712","1913","0.3265877805727253","0.08165085044562549"
"100","300","0.4","0.3","0.2","0.05","0.2","0.65","300","9538","8390","1148","0.12036066261270707","8390","2911","0.35173442266136606","0.0988316457033075"
"110","300","0.4","0.3","0.2","0.05","0.2","0.7","300","8892","8056","836","0.09401709401709402","8056","2429","0.3353588387194627","0.09144105790965593"
"108","300","0.4","0.3","0.2","0.05","0.2","0.7","300","8914","8067","847","0.09501907112407448","8067","2449","0.33889222604763075","0.09393892411222131"
"105","300","0.4","0.3","0.2","0.05","0.2","0.7","300","8816","8045","771","0.08745462794918331","8045","2357","0.3350279172896411","0.09182621611009723"
"116","300","0.4","0.3","0.2","0.05","0.2","0.75","300","8248","7696","552","0.06692531522793405","7696","1928","0.32605337346144336","0.09211535907132026"
"111","300","0.4","0.3","0.2","0.05","0.2","0.75","300","8256","7714","542","0.06564922480620156","7714","1903","0.32532712111222994","0.09112972898232576"
"114","300","0.4","0.3","0.2","0.05","0.2","0.75","300","8234","7674","560","0.0680106873937333","7674","1942","0.32428811342459035","0.09862663022268103"
"117","300","0.4","0.3","0.2","0.05","0.2","0.75","300","8258","7697","561","0.06793412448534754","7697","1964","0.32565080587053163","0.08339289982266264"
"113","300","0.4","0.3","0.2","0.05","0.2","0.75","300","8277","7728","549","0.06632837984777093","7728","2000","0.32533681886345317","0.0841195215240695"
"118","300","0.4","0.3","0.2","0.05","0.2","0.75","300","8279","7718","561","0.06776180698151951","7718","1901","0.3229566958934278","0.092568788397903"
"109","300","0.4","0.3","0.2","0.05","0.2","0.7","300","8806","8043","763","0.08664546899841018","8043","2393","0.3400529477495752","0.1020489158113611"
"119","300","0.4","0.3","0.2","0.05","0.2","0.75","300","8286","7722","564","0.06806661839246922","7722","1929","0.3248569167875646","0.08728375481267299"
"121","300","0.4","0.3","0.2","0.05","0.2","0.8","300","7797","7388","409","0.05245607284853149","7388","1527","0.3149300156146435","0.09001475649937749"
"120","300","0.4","0.3","0.2","0.05","0.2","0.75","300","8294","7755","539","0.0649867374005305","7755","1921","0.3229330573810994","0.09091216196620146"
"122","300","0.4","0.3","0.2","0.05","0.2","0.8","300","7780","7383","397","0.05102827763496144","7383","1491","0.31378891542506776","0.08962074351745117"
"123","300","0.4","0.3","0.2","0.05","0.2","0.8","300","7821","7418","403","0.05152793760388697","7418","1523","0.3147654301108503","0.07661499132622113"
"124","300","0.4","0.3","0.2","0.05","0.2","0.8","300","7825","7400","425","0.054313099041533544","7400","1389","0.3137378003024371","0.08973496687022875"
"125","300","0.4","0.3","0.2","0.05","0.2","0.8","300","7842","7448","394","0.050242285131344044","7448","1545","0.31627667935151665","0.08727363878046221"
"126","300","0.4","0.3","0.2","0.05","0.2","0.8","300","7824","7464","360","0.046012269938650305","7464","1461","0.31456061329100077","0.07886333263167093"
"129","300","0.4","0.3","0.2","0.05","0.2","0.8","300","7774","7412","362","0.04656547465912014","7412","1432","0.3135331917253238","0.08311975832959752"
"128","300","0.4","0.3","0.2","0.05","0.2","0.8","300","7857","7436","421","0.05358279241440753","7436","1548","0.3158840075701542","0.08425527955960549"
"127","300","0.4","0.3","0.2","0.05","0.2","0.8","300","7868","7464","404","0.05134722928317234","7464","1482","0.31478617215368043","0.07191426933453716"
"133","300","0.4","0.3","0.2","0.05","0.25","0.2","300","26186","6274","19912","0.7604063239899183","6274","4979","0.5411448861856192","0.2816550088656573"
"131","300","0.4","0.3","0.2","0.05","0.25","0.2","300","26123","6384","19739","0.7556176549400911","6384","5079","0.53814902408725","0.28239308063087115"
"134","300","0.4","0.3","0.2","0.05","0.25","0.2","300","26205","6171","20034","0.7645105895821408","6171","4941","0.5412621808214656","0.2865308800770779"
"132","300","0.4","0.3","0.2","0.05","0.25","0.2","300","26313","6299","20014","0.7606126249382434","6299","4990","0.5350881529108137","0.28072237199241407"
"135","300","0.4","0.3","0.2","0.05","0.25","0.2","300","26279","6205","20074","0.7638799041059401","6205","5033","0.5300986523839806","0.2857096792759711"
"130","300","0.4","0.3","0.2","0.05","0.2","0.8","300","7808","7393","415","0.05315061475409836","7393","1463","0.3156309648962798","0.08222829869370757"
"136","300","0.4","0.3","0.2","0.05","0.25","0.2","300","26250","6214","20036","0.7632761904761904","6214","5034","0.5427056187331458","0.2841243452688002"
"139","300","0.4","0.3","0.2","0.05","0.25","0.2","300","25904","6274","19630","0.7577980234712786","6274","5021","0.5273016327494545","0.2864916836036976"
"137","300","0.4","0.3","0.2","0.05","0.25","0.2","300","26284","6246","20038","0.7623649368437072","6246","4990","0.5309312583066925","0.28543283423925275"
"138","300","0.4","0.3","0.2","0.05","0.25","0.2","300","26182","6161","20021","0.7646856619051257","6161","4974","0.52536646908019","0.288792770099997"
"140","300","0.4","0.3","0.2","0.05","0.25","0.2","300","26026","6231","19795","0.7605855682778759","6231","4985","0.5323641036827822","0.2870299024398416"
"141","300","0.4","0.3","0.2","0.05","0.25","0.25","300","23293","6882","16411","0.7045464302580174","6882","5152","0.5347536905807707","0.2455654201899936"
"142","300","0.4","0.3","0.2","0.05","0.25","0.25","300","23021","6887","16134","0.7008383649711133","6887","5157","0.528052229447029","0.2496231002714181"
"144","300","0.4","0.3","0.2","0.05","0.25","0.25","300","23105","6873","16232","0.7025319194979441","6873","5161","0.5308807232894808","0.2520098733423133"
"143","300","0.4","0.3","0.2","0.05","0.25","0.25","300","23129","6894","16235","0.701932638678715","6894","5137","0.5200697286289917","0.25690820244377566"
"146","300","0.4","0.3","0.2","0.05","0.25","0.25","300","22927","6803","16124","0.7032756139050028","6803","5124","0.524832044658167","0.25177681866970547"
"145","300","0.4","0.3","0.2","0.05","0.25","0.25","300","22793","6870","15923","0.6985916728820252","6870","5173","0.5331416806992457","0.2525055720473365"
"147","300","0.4","0.3","0.2","0.05","0.25","0.25","300","22888","6901","15987","0.69848829080741","6901","5152","0.531516107213676","0.25209521162646314"
"150","300","0.4","0.3","0.2","0.05","0.25","0.25","300","23070","6864","16206","0.7024707412223667","6864","5153","0.5316660236493106","0.25059143655387667"
"152","300","0.4","0.3","0.2","0.05","0.25","0.3","300","20011","7302","12709","0.6351006946179601","7302","5118","0.5176388895428391","0.21599018292006383"
"151","300","0.4","0.3","0.2","0.05","0.25","0.3","300","19973","7387","12586","0.6301507034496571","7387","5115","0.5091906375357186","0.21688992955449937"
"153","300","0.4","0.3","0.2","0.05","0.25","0.3","300","19987","7336","12651","0.632961424926202","7336","5142","0.5123041021560188","0.21947537349851592"
"154","300","0.4","0.3","0.2","0.05","0.25","0.3","300","19864","7358","12506","0.6295811518324608","7358","5090","0.508878364454193","0.22076152948399988"
"156","300","0.4","0.3","0.2","0.05","0.25","0.3","300","20069","7324","12745","0.6350590462902985","7324","5073","0.5070567456023642","0.215417886907783"
"155","300","0.4","0.3","0.2","0.05","0.25","0.3","300","19919","7409","12510","0.6280435764847633","7409","5126","0.517203216019735","0.2151460542520841"
"157","300","0.4","0.3","0.2","0.05","0.25","0.3","300","20145","7315","12830","0.6368826011417225","7315","5144","0.5090335297569586","0.21523082426175785"
"158","300","0.4","0.3","0.2","0.05","0.25","0.3","300","19878","7406","12472","0.6274273065700775","7406","5189","0.5094022418902352","0.21411844727331433"
"148","300","0.4","0.3","0.2","0.05","0.25","0.25","300","23095","6784","16311","0.7062567655336653","6784","5101","0.527015146495598","0.2536838295043201"
"149","300","0.4","0.3","0.2","0.05","0.25","0.25","300","23187","6851","16336","0.7045327122956829","6851","5109","0.5293391635270411","0.246892562845584"
"161","300","0.4","0.3","0.2","0.05","0.25","0.35","300","17170","7788","9382","0.5464181712288876","7788","5088","0.5035883894185408","0.17997750014302083"
"160","300","0.4","0.3","0.2","0.05","0.25","0.3","300","19916","7343","12573","0.631301466157863","7343","5103","0.5093583317705844","0.2179503728723124"
"162","300","0.4","0.3","0.2","0.05","0.25","0.35","300","17231","7699","9532","0.5531890197899135","7699","5005","0.49644760373157776","0.18637077196840143"
"164","300","0.4","0.3","0.2","0.05","0.25","0.35","300","17183","7754","9429","0.548740033754292","7754","5015","0.5020834022696813","0.18338800964844684"
"159","300","0.4","0.3","0.2","0.05","0.25","0.3","300","19952","7348","12604","0.6317161186848437","7348","5133","0.5160390639939052","0.21569663493351413"
"163","300","0.4","0.3","0.2","0.05","0.25","0.35","300","17224","7773","9451","0.548711100789596","7773","5015","0.4884824440433756","0.18313531794876084"
"167","300","0.4","0.3","0.2","0.05","0.25","0.35","300","17148","7774","9374","0.546652670865407","7774","5060","0.4933680141752173","0.17762212882742567"
"169","300","0.4","0.3","0.2","0.05","0.25","0.35","300","17097","7689","9408","0.5502719775399193","7689","4990","0.49115842237663393","0.18422908561912757"
"166","300","0.4","0.3","0.2","0.05","0.25","0.35","300","17112","7684","9428","0.550958391771856","7684","5087","0.48985618924033264","0.18172358243966805"
"165","300","0.4","0.3","0.2","0.05","0.25","0.35","300","17117","7734","9383","0.5481684874685985","7734","4991","0.486948696751856","0.18756105551851726"
"170","300","0.4","0.3","0.2","0.05","0.25","0.35","300","17202","7678","9524","0.5536565515637717","7678","4975","0.4898722302696633","0.18384721431932669"
"171","300","0.4","0.3","0.2","0.05","0.25","0.4","300","14640","7872","6768","0.46229508196721314","7872","4699","0.4681520160012674","0.15898279670029164"
"172","300","0.4","0.3","0.2","0.05","0.25","0.4","300","14644","7888","6756","0.4613493580988801","7888","4772","0.47713328374078845","0.15227279136168495"
"173","300","0.4","0.3","0.2","0.05","0.25","0.4","300","14700","7897","6803","0.4627891156462585","7897","4697","0.4667256414104898","0.15271567537627437"
"168","300","0.4","0.3","0.2","0.05","0.25","0.35","300","17394","7691","9703","0.5578360354145108","7691","5063","0.4980775647711594","0.1821890349724917"
"174","300","0.4","0.3","0.2","0.05","0.25","0.4","300","14644","7963","6681","0.4562278066102158","7963","4776","0.47591640001327706","0.14972393764523106"
"177","300","0.4","0.3","0.2","0.05","0.25","0.4","300","14804","7902","6902","0.46622534450148606","7902","4773","0.4708210113711173","0.1535908006960299"
"175","300","0.4","0.3","0.2","0.05","0.25","0.4","300","14650","7876","6774","0.4623890784982935","7876","4787","0.4723950753732588","0.15663152943640613"
"176","300","0.4","0.3","0.2","0.05","0.25","0.4","300","14572","7901","6671","0.4577957727147955","7901","4778","0.46230347041582803","0.16213421006302858"
"178","300","0.4","0.3","0.2","0.05","0.25","0.4","300","14694","7865","6829","0.4647475159929223","7865","4702","0.47006658617984387","0.158484379249346"
"180","300","0.4","0.3","0.2","0.05","0.25","0.4","300","14601","7918","6683","0.45770837613862064","7918","4771","0.4660106449071329","0.1595334693283929"
"179","300","0.4","0.3","0.2","0.05","0.25","0.4","300","14765","7891","6874","0.4655604470030478","7891","4756","0.47186528251433457","0.152667122777945"
"183","300","0.4","0.3","0.2","0.05","0.25","0.45","300","12529","7904","4625","0.369143586878442","7904","4367","0.4364523107293176","0.13676578463414826"
"184","300","0.4","0.3","0.2","0.05","0.25","0.45","300","12561","7926","4635","0.3689992834965369","7926","4362","0.44305351737017307","0.13145088784268158"
"185","300","0.4","0.3","0.2","0.05","0.25","0.45","300","12547","7903","4644","0.37012831752610187","7903","4321","0.4465735689718469","0.131811843615749"
"181","300","0.4","0.3","0.2","0.05","0.25","0.45","300","12550","7928","4622","0.36828685258964144","7928","4312","0.43525099108755805","0.13576703234853477"
"182","300","0.4","0.3","0.2","0.05","0.25","0.45","300","12520","7940","4580","0.365814696485623","7940","4388","0.44339929056498845","0.1298655557252218"
"189","300","0.4","0.3","0.2","0.05","0.25","0.45","300","12568","7948","4620","0.367600254614895","7948","4378","0.44617981520424477","0.13440295265812166"
"190","300","0.4","0.3","0.2","0.05","0.25","0.45","300","12469","7926","4543","0.3643435720587056","7926","4386","0.4469330595760406","0.1344385807501479"
"186","300","0.4","0.3","0.2","0.05","0.25","0.45","300","12418","7887","4531","0.3648735706232888","7887","4304","0.43910242901646096","0.1338784294207422"
"193","300","0.4","0.3","0.2","0.05","0.25","0.5","300","10866","7779","3087","0.28409718387631144","7779","3972","0.41557586074419517","0.12121441054140748"
"192","300","0.4","0.3","0.2","0.05","0.25","0.5","300","10887","7774","3113","0.28593735648020574","7774","3875","0.40898730351985746","0.12120384944651971"
"191","300","0.4","0.3","0.2","0.05","0.25","0.5","300","10814","7771","3043","0.28139448862585537","7771","3930","0.40733397051419534","0.12026517835565224"
"188","300","0.4","0.3","0.2","0.05","0.25","0.45","300","12562","7937","4625","0.36817385766597677","7937","4330","0.43366806630512805","0.13761701614604022"
"194","300","0.4","0.3","0.2","0.05","0.25","0.5","300","10934","7834","3100","0.2835192976038046","7834","3907","0.4127627714891996","0.11213406730089726"
"187","300","0.4","0.3","0.2","0.05","0.25","0.45","300","12544","7962","4582","0.36527423469387754","7962","4389","0.4434970020837458","0.13181181507711673"
"196","300","0.4","0.3","0.2","0.05","0.25","0.5","300","10741","7794","2947","0.2743692393631878","7794","3908","0.4151529132040086","0.12239182424407226"
"195","300","0.4","0.3","0.2","0.05","0.25","0.5","300","10909","7805","3104","0.28453570446420384","7805","3875","0.41188899483801056","0.1198791742757046"
"199","300","0.4","0.3","0.2","0.05","0.25","0.5","300","10762","7779","2983","0.2771789630180264","7779","3844","0.41146725802419676","0.11854679015627269"
"198","300","0.4","0.3","0.2","0.05","0.25","0.5","300","10948","7736","3212","0.29338691998538546","7736","3841","0.4053347653300601","0.12065171893467105"
"197","300","0.4","0.3","0.2","0.05","0.25","0.5","300","10845","7789","3056","0.2817888427846934","7789","3886","0.4161354196285797","0.1202794987646425"
"201","300","0.4","0.3","0.2","0.05","0.25","0.55","300","9602","7582","2020","0.2103728389918767","7582","3321","0.38356350853736837","0.10095585606984968"
"200","300","0.4","0.3","0.2","0.05","0.25","0.5","300","10903","7806","3097","0.2840502613959461","7806","3885","0.40549255486788927","0.12453359062993918"
"203","300","0.4","0.3","0.2","0.05","0.25","0.55","300","9600","7566","2034","0.211875","7566","3481","0.39292674476176354","0.09612429255226393"
"205","300","0.4","0.3","0.2","0.05","0.25","0.55","300","9561","7599","1962","0.20520866018198933","7599","3423","0.3922681838127849","0.10533990799545541"
"202","300","0.4","0.3","0.2","0.05","0.25","0.55","300","9617","7561","2056","0.21378808360195486","7561","3410","0.3911267094461734","0.0998250604737272"
"204","300","0.4","0.3","0.2","0.05","0.25","0.55","300","9514","7594","1920","0.2018078620979609","7594","3393","0.38337618594130984","0.10156485784615947"
"206","300","0.4","0.3","0.2","0.05","0.25","0.55","300","9648","7583","2065","0.2140339966832504","7583","3485","0.3897644472871693","0.10184480000331102"
"207","300","0.4","0.3","0.2","0.05","0.25","0.55","300","9635","7554","2081","0.21598339387649196","7554","3434","0.3921005984785569","0.10567359402670161"
"212","300","0.4","0.3","0.2","0.05","0.25","0.6","300","8640","7255","1385","0.16030092592592593","7255","2892","0.364965103953637","0.09934384776225731"
"211","300","0.4","0.3","0.2","0.05","0.25","0.6","300","8692","7296","1396","0.1606074551311551","7296","2997","0.3663633102814444","0.09168567886327096"
"214","300","0.4","0.3","0.2","0.05","0.25","0.6","300","8578","7251","1327","0.15469806481697365","7251","2883","0.36175878107233356","0.09733987142898695"
"213","300","0.4","0.3","0.2","0.05","0.25","0.6","300","8652","7276","1376","0.15903837263060563","7276","2944","0.36582471246582465","0.08901430521848547"
"210","300","0.4","0.3","0.2","0.05","0.25","0.55","300","9532","7551","1981","0.20782626940830887","7551","3418","0.38614516476301647","0.10905132609864206"
"216","300","0.4","0.3","0.2","0.05","0.25","0.6","300","8652","7250","1402","0.16204345815996302","7250","2888","0.3671571046734976","0.08933481199035866"
"215","300","0.4","0.3","0.2","0.05","0.25","0.6","300","8588","7275","1313","0.15288775034932464","7275","2896","0.36511065522166947","0.09129236608764564"
"208","300","0.4","0.3","0.2","0.05","0.25","0.55","300","9611","7571","2040","0.2122567890958277","7571","3370","0.387409983717476","0.10270676693590533"
"209","300","0.4","0.3","0.2","0.05","0.25","0.55","300","9741","7577","2164","0.22215378297916025","7577","3483","0.3886292893637686","0.09694778202472637"
"217","300","0.4","0.3","0.2","0.05","0.25","0.6","300","8647","7256","1391","0.1608650398982306","7256","2873","0.3693123110187481","0.09193062049869664"
"221","300","0.4","0.3","0.2","0.05","0.25","0.65","300","7900","7014","886","0.11215189873417722","7014","2445","0.35059046758947193","0.08717541017969166"
"219","300","0.4","0.3","0.2","0.05","0.25","0.6","300","8699","7246","1453","0.1670306931831245","7246","2946","0.3655890166349535","0.09623290389237532"
"224","300","0.4","0.3","0.2","0.05","0.25","0.65","300","7913","6989","924","0.11676987236193606","6989","2452","0.34822610468060816","0.07859071371037282"
"220","300","0.4","0.3","0.2","0.05","0.25","0.6","300","8619","7306","1313","0.15233785822021115","7306","2949","0.36722859943096375","0.08222579457216286"
"223","300","0.4","0.3","0.2","0.05","0.25","0.65","300","7883","6987","896","0.1136623113028035","6987","2466","0.3520713475348623","0.08020206170258305"
"222","300","0.4","0.3","0.2","0.05","0.25","0.65","300","7961","6980","981","0.12322572541138048","6980","2397","0.3440003570448877","0.08452682351053575"
"225","300","0.4","0.3","0.2","0.05","0.25","0.65","300","7851","6929","922","0.11743726913768947","6929","2450","0.34980454879955536","0.08817170588154905"
"218","300","0.4","0.3","0.2","0.05","0.25","0.6","300","8661","7283","1378","0.1591040295577878","7283","2969","0.36622045109024615","0.0910531752045528"
"226","300","0.4","0.3","0.2","0.05","0.25","0.65","300","7957","6963","994","0.12492145280884756","6963","2466","0.3478532163222601","0.08301099170616807"
"227","300","0.4","0.3","0.2","0.05","0.25","0.65","300","7994","7026","968","0.12109081811358519","7026","2483","0.34890383427403127","0.07824271545668163"
"228","300","0.4","0.3","0.2","0.05","0.25","0.65","300","7892","6974","918","0.1163203243791181","6974","2455","0.3463010665901727","0.08615219629301159"
"230","300","0.4","0.3","0.2","0.05","0.25","0.65","300","7920","6951","969","0.12234848484848485","6951","2480","0.3502014479097636","0.08708277407689545"
"232","300","0.4","0.3","0.2","0.05","0.25","0.7","300","7312","6651","661","0.09039934354485776","6651","2016","0.33709488848493907","0.07779500811676036"
"229","300","0.4","0.3","0.2","0.05","0.25","0.65","300","7885","6953","932","0.1181991122384274","6953","2407","0.3464199653481846","0.08452862811455897"
"231","300","0.4","0.3","0.2","0.05","0.25","0.7","300","7332","6682","650","0.08865248226950355","6682","1976","0.334389870681786","0.07883617956141702"
"233","300","0.4","0.3","0.2","0.05","0.25","0.7","300","7372","6676","696","0.09441128594682582","6676","1910","0.33449524024735783","0.07945617283243893"
"236","300","0.4","0.3","0.2","0.05","0.25","0.7","300","7252","6676","576","0.07942636514065085","6676","1979","0.33269279865049656","0.07926238123796078"
"235","300","0.4","0.3","0.2","0.05","0.25","0.7","300","7387","6708","679","0.0919182347366996","6708","1958","0.33107009298177964","0.07427372915147688"
"234","300","0.4","0.3","0.2","0.05","0.25","0.7","300","7301","6703","598","0.08190658813861115","6703","2010","0.33470465273799366","0.07459909345434823"
"238","300","0.4","0.3","0.2","0.05","0.25","0.7","300","7338","6702","636","0.0866721177432543","6702","2004","0.336348752094041","0.0810062323053841"
"237","300","0.4","0.3","0.2","0.05","0.25","0.7","300","7299","6659","640","0.08768324428003836","6659","1977","0.33157815017534054","0.08027802296885138"
"241","300","0.4","0.3","0.2","0.05","0.25","0.75","300","6875","6403","472","0.06865454545454545","6403","1600","0.3239947469403104","0.07262256595524812"
"242","300","0.4","0.3","0.2","0.05","0.25","0.75","300","6849","6389","460","0.0671630895021171","6389","1588","0.32446594492941033","0.06805293965870424"
"243","300","0.4","0.3","0.2","0.05","0.25","0.75","300","6882","6391","491","0.07134553908747457","6391","1581","0.322440900850299","0.06737934393602324"
"239","300","0.4","0.3","0.2","0.05","0.25","0.7","300","7337","6683","654","0.08913724955703967","6683","2024","0.3389973759367279","0.07626061746011245"
"240","300","0.4","0.3","0.2","0.05","0.25","0.7","300","7321","6660","661","0.09028821199289715","6660","2026","0.33199915423033893","0.08430927225560236"
"244","300","0.4","0.3","0.2","0.05","0.25","0.75","300","6814","6412","402","0.05899618432638685","6412","1570","0.3242034140150786","0.07887119977545443"
"245","300","0.4","0.3","0.2","0.05","0.25","0.75","300","6913","6420","493","0.0713149139302763","6420","1656","0.32384230220548055","0.06678147237911236"
"246","300","0.4","0.3","0.2","0.05","0.25","0.75","300","6869","6400","469","0.0682777696899112","6400","1611","0.32244384815992255","0.08132616137060532"
"248","300","0.4","0.3","0.2","0.05","0.25","0.75","300","6895","6434","461","0.0668600435097897","6434","1551","0.3216147054911814","0.06825584052634734"
"247","300","0.4","0.3","0.2","0.05","0.25","0.75","300","6881","6415","466","0.06772271472169743","6415","1615","0.32271278129414877","0.06726056285557731"
"250","300","0.4","0.3","0.2","0.05","0.25","0.75","300","6899","6423","476","0.06899550659515871","6423","1599","0.3219537258416041","0.06911829725941798"
"251","300","0.4","0.3","0.2","0.05","0.25","0.8","300","6492","6153","339","0.0522181146025878","6153","1230","0.31263871780191316","0.06610959244302743"
"254","300","0.4","0.3","0.2","0.05","0.25","0.8","300","6471","6144","327","0.050533147890588784","6144","1252","0.31326439202256284","0.08014477916886081"
"252","300","0.4","0.3","0.2","0.05","0.25","0.8","300","6460","6136","324","0.05015479876160991","6136","1222","0.3156881418497149","0.06352912186200747"
"249","300","0.4","0.3","0.2","0.05","0.25","0.75","300","6896","6384","512","0.07424593967517401","6384","1585","0.32199487898295553","0.07437975143817266"
"255","300","0.4","0.3","0.2","0.05","0.25","0.8","300","6496","6152","344","0.05295566502463054","6152","1237","0.3127264913735783","0.07242095920559931"
"253","300","0.4","0.3","0.2","0.05","0.25","0.8","300","6470","6135","335","0.0517774343122102","6135","1282","0.31391438954051787","0.07346184414182177"
"256","300","0.4","0.3","0.2","0.05","0.25","0.8","300","6487","6174","313","0.04825034684754124","6174","1277","0.31572160518078235","0.061121400468865376"
"257","300","0.4","0.3","0.2","0.05","0.25","0.8","300","6500","6157","343","0.05276923076923077","6157","1286","0.3142038651876916","0.06376193770713263"
"258","300","0.4","0.3","0.2","0.05","0.25","0.8","300","6510","6165","345","0.052995391705069124","6165","1240","0.31451991947305497","0.07092603264959074"
"259","300","0.4","0.3","0.2","0.05","0.25","0.8","300","6479","6144","335","0.05170551010958481","6144","1219","0.3137515243116461","0.06544272779701261"
"260","300","0.4","0.3","0.2","0.05","0.25","0.8","300","6489","6168","321","0.04946833102172908","6168","1222","0.31407885740571023","0.06614201875909034"
"261","300","0.4","0.3","0.2","0.05","0.3","0.2","300","24601","5823","18778","0.7633023047843583","5823","4656","0.5442515930259162","0.2720206255932378"
"262","300","0.4","0.3","0.2","0.05","0.3","0.2","300","24860","5855","19005","0.7644810941271118","5855","4732","0.543015204504945","0.2695617784973017"
"263","300","0.4","0.3","0.2","0.05","0.3","0.2","300","24796","5835","18961","0.7646797870624295","5835","4685","0.5349714422370327","0.27261406964219315"
"264","300","0.4","0.3","0.2","0.05","0.3","0.2","300","24769","5808","18961","0.7655133432920183","5808","4631","0.5313464496186779","0.2737707237963927"
"265","300","0.4","0.3","0.2","0.05","0.3","0.2","300","24625","5816","18809","0.7638172588832487","5816","4643","0.5429998146553912","0.2708558833835063"
"268","300","0.4","0.3","0.2","0.05","0.3","0.2","300","24645","5870","18775","0.761817812943802","5870","4680","0.5385351379189874","0.2668157542374712"
"269","300","0.4","0.3","0.2","0.05","0.3","0.2","300","24594","5804","18790","0.7640074814995528","5804","4632","0.5430456909378851","0.26992249456767586"
"267","300","0.4","0.3","0.2","0.05","0.3","0.2","300","24614","5830","18784","0.7631429267896319","5830","4654","0.5466839188439964","0.2672890589443819"
"266","300","0.4","0.3","0.2","0.05","0.3","0.2","300","24652","5796","18856","0.7648872302450106","5796","4634","0.5400801318721723","0.2719684613304846"
"270","300","0.4","0.3","0.2","0.05","0.3","0.2","300","24712","5785","18927","0.7659032049206863","5785","4670","0.5379753022383632","0.27002497493769956"
"271","300","0.4","0.3","0.2","0.05","0.3","0.25","300","21148","6324","14824","0.7009646302250804","6324","4679","0.5334118375337695","0.23329644841662997"
"272","300","0.4","0.3","0.2","0.05","0.3","0.25","300","21456","6286","15170","0.7070283370618942","6286","4713","0.5233529310795378","0.23684443394586352"
"273","300","0.4","0.3","0.2","0.05","0.3","0.25","300","21304","6335","14969","0.702638002253098","6335","4731","0.5229033373732128","0.23332478803734125"
"275","300","0.4","0.3","0.2","0.05","0.3","0.25","300","21811","6328","15483","0.7098711659254504","6328","4760","0.5314725615083025","0.22397994370903504"
"274","300","0.4","0.3","0.2","0.05","0.3","0.25","300","21395","6307","15088","0.7052114980135545","6307","4754","0.5365635697486166","0.23328600425825746"
"276","300","0.4","0.3","0.2","0.05","0.3","0.25","300","21558","6300","15258","0.7077650988032285","6300","4724","0.5281405490492006","0.22988577265209179"
"278","300","0.4","0.3","0.2","0.05","0.3","0.25","300","21512","6321","15191","0.7061640014875419","6321","4734","0.5229395005179229","0.23479217573626546"
"279","300","0.4","0.3","0.2","0.05","0.3","0.25","300","21457","6337","15120","0.7046651442419724","6337","4709","0.5325945315039604","0.23319876298200218"
"281","300","0.4","0.3","0.2","0.05","0.3","0.3","300","18224","6692","11532","0.632791922739245","6692","4709","0.5108023121316247","0.19811119648591985"
"280","300","0.4","0.3","0.2","0.05","0.3","0.25","300","21322","6357","14965","0.701857236656974","6357","4761","0.5311731923384808","0.23089836492097618"
"283","300","0.4","0.3","0.2","0.05","0.3","0.3","300","18162","6714","11448","0.6303270564915758","6714","4709","0.5185202376965775","0.19549190292448426"
"284","300","0.4","0.3","0.2","0.05","0.3","0.3","300","18128","6699","11429","0.6304611650485437","6699","4655","0.5138234317030038","0.19641712172203032"
"282","300","0.4","0.3","0.2","0.05","0.3","0.3","300","18250","6685","11565","0.6336986301369864","6685","4682","0.5101935034337224","0.19387463160096022"
"277","300","0.4","0.3","0.2","0.05","0.3","0.25","300","21628","6315","15313","0.7080173848714629","6315","4711","0.5282335466935982","0.23144706495820244"
"285","300","0.4","0.3","0.2","0.05","0.3","0.3","300","18201","6678","11523","0.6330970825778803","6678","4709","0.5106009232742973","0.20209075694141332"
"287","300","0.4","0.3","0.2","0.05","0.3","0.3","300","18185","6639","11546","0.634918889194391","6639","4657","0.5124157182282569","0.20119244362200234"
"286","300","0.4","0.3","0.2","0.05","0.3","0.3","300","18382","6770","11612","0.6317049287346317","6770","4726","0.5208694696221968","0.18845503667306826"
"288","300","0.4","0.3","0.2","0.05","0.3","0.3","300","18117","6749","11368","0.6274769553458078","6749","4755","0.5204512023650711","0.19469230056147865"
"290","300","0.4","0.3","0.2","0.05","0.3","0.3","300","18207","6678","11529","0.6332179930795848","6678","4656","0.5079667629670981","0.19834087322290947"
"289","300","0.4","0.3","0.2","0.05","0.3","0.3","300","18239","6729","11510","0.6310652996326553","6729","4697","0.5158678814502712","0.19079675004710347"
"291","300","0.4","0.3","0.2","0.05","0.3","0.35","300","15354","6950","8404","0.5473492249576658","6950","4477","0.48423517499615326","0.17124903621296012"
"295","300","0.4","0.3","0.2","0.05","0.3","0.35","300","15413","6940","8473","0.5497307467722052","6940","4527","0.4787349164598071","0.17338993058056063"
"294","300","0.4","0.3","0.2","0.05","0.3","0.35","300","15252","6938","8314","0.5451088381851561","6938","4522","0.48007304969011794","0.16351729957147504"
"296","300","0.4","0.3","0.2","0.05","0.3","0.35","300","15224","6970","8254","0.5421702574881766","6970","4519","0.49047629861572506","0.16061221268287096"
"292","300","0.4","0.3","0.2","0.05","0.3","0.35","300","15237","7051","8186","0.5372448644746342","7051","4469","0.48667751621991473","0.1619621862704917"
"298","300","0.4","0.3","0.2","0.05","0.3","0.35","300","15440","6964","8476","0.5489637305699482","6964","4562","0.48445874465943517","0.16200342217939143"
"297","300","0.4","0.3","0.2","0.05","0.3","0.35","300","15349","6967","8382","0.5460942080917324","6967","4460","0.48316172651666656","0.16997789723082143"
"293","300","0.4","0.3","0.2","0.05","0.3","0.35","300","15507","6962","8545","0.5510414651447734","6962","4483","0.4802838817014096","0.17043263810681406"
"299","300","0.4","0.3","0.2","0.05","0.3","0.35","300","15385","6914","8471","0.5506012349691257","6914","4474","0.49277364993582895","0.15964473520376654"
"300","300","0.4","0.3","0.2","0.05","0.3","0.35","300","15358","6903","8455","0.5505274124234927","6903","4514","0.4918944677268321","0.1658557719855345"
"302","300","0.4","0.3","0.2","0.05","0.3","0.4","300","12809","7026","5783","0.4514794285268171","7026","4249","0.4614492751766366","0.13379250976736004"
"301","300","0.4","0.3","0.2","0.05","0.3","0.4","300","12724","7037","5687","0.44695064445143035","7037","4217","0.46880973855897745","0.1356429086066888"
"304","300","0.4","0.3","0.2","0.05","0.3","0.4","300","12690","7001","5689","0.4483057525610717","7001","4161","0.46561053945554665","0.13144252189413957"
"303","300","0.4","0.3","0.2","0.05","0.3","0.4","300","12793","7023","5770","0.4510279058860314","7023","4196","0.46172594807016554","0.13572262122859632"
"306","300","0.4","0.3","0.2","0.05","0.3","0.4","300","12805","6987","5818","0.4543537680593518","6987","4241","0.4641753420150525","0.14515600564231715"
"305","300","0.4","0.3","0.2","0.05","0.3","0.4","300","12838","6996","5842","0.45505530456457394","6996","4208","0.47035394068213765","0.1323893374897715"
"307","300","0.4","0.3","0.2","0.05","0.3","0.4","300","12843","6992","5851","0.45557891458382","6992","4143","0.4552456926683556","0.13603290205441512"
"308","300","0.4","0.3","0.2","0.05","0.3","0.4","300","12797","7019","5778","0.4515120731421427","7019","4230","0.46067692572654134","0.13779118630398046"
"311","300","0.4","0.3","0.2","0.05","0.3","0.45","300","10870","6914","3956","0.3639374425022999","6914","3813","0.4384730047484634","0.11142250907109727"
"309","300","0.4","0.3","0.2","0.05","0.3","0.4","300","12845","7023","5822","0.45325029194239","7023","4227","0.4621319581360862","0.14470891623060786"
"312","300","0.4","0.3","0.2","0.05","0.3","0.45","300","10827","6948","3879","0.35827098919368244","6948","3781","0.4348562631451165","0.10769720137226745"
"310","300","0.4","0.3","0.2","0.05","0.3","0.4","300","12890","7010","5880","0.4561675717610551","7010","4216","0.4740103716382032","0.1372083320923896"
"313","300","0.4","0.3","0.2","0.05","0.3","0.45","300","10932","6947","3985","0.3645261617270399","6947","3787","0.4308977663499482","0.11230647543689737"
"314","300","0.4","0.3","0.2","0.05","0.3","0.45","300","10884","6944","3940","0.36199926497611173","6944","3830","0.44021789518999915","0.1098944143285447"
"315","300","0.4","0.3","0.2","0.05","0.3","0.45","300","10911","6939","3972","0.3640362936486115","6939","3853","0.4341548050597539","0.11679020020076493"
"316","300","0.4","0.3","0.2","0.05","0.3","0.45","300","10847","6972","3875","0.3572416336314188","6972","3801","0.4337383114186177","0.11125370269515654"
"317","300","0.4","0.3","0.2","0.05","0.3","0.45","300","10829","6973","3856","0.35608089389601993","6973","3816","0.44055577317117617","0.1162218062311879"
"320","300","0.4","0.3","0.2","0.05","0.3","0.45","300","10953","6921","4032","0.36811832374691866","6921","3854","0.4433073982800827","0.12090377700380628"
"323","300","0.4","0.3","0.2","0.05","0.3","0.5","300","9399","6772","2627","0.27949781891690606","6772","3354","0.411026032773328","0.09914025684760164"
"318","300","0.4","0.3","0.2","0.05","0.3","0.45","300","10920","6955","3965","0.3630952380952381","6955","3789","0.43810727767857693","0.11559213041179713"
"321","300","0.4","0.3","0.2","0.05","0.3","0.5","300","9340","6773","2567","0.27483940042826555","6773","3381","0.4093180263728505","0.08953172845248432"
"322","300","0.4","0.3","0.2","0.05","0.3","0.5","300","9393","6768","2625","0.2794634302139891","6768","3308","0.4118741913268629","0.09626364473054831"
"319","300","0.4","0.3","0.2","0.05","0.3","0.45","300","10998","6957","4041","0.367430441898527","6957","3858","0.43334809762721826","0.10773223188746132"
"324","300","0.4","0.3","0.2","0.05","0.3","0.5","300","9343","6738","2605","0.2788183666916408","6738","3432","0.4116950928276601","0.10468527328279897"
"326","300","0.4","0.3","0.2","0.05","0.3","0.5","300","9291","6746","2545","0.2739209988160585","6746","3360","0.4064519821684878","0.10482156043346032"
"328","300","0.4","0.3","0.2","0.05","0.3","0.5","300","9359","6737","2622","0.28015813655305055","6737","3420","0.40876063648238853","0.10516361236466669"
"331","300","0.4","0.3","0.2","0.05","0.3","0.55","300","8232","6507","1725","0.20954810495626822","6507","2819","0.3775442415231968","0.08378434261929363"
"330","300","0.4","0.3","0.2","0.05","0.3","0.5","300","9299","6782","2517","0.2706742660501129","6782","3385","0.41557510654951524","0.10204228937126544"
"325","300","0.4","0.3","0.2","0.05","0.3","0.5","300","9351","6804","2547","0.27237728585178056","6804","3395","0.4067718959403857","0.09242104357487219"
"329","300","0.4","0.3","0.2","0.05","0.3","0.5","300","9358","6789","2569","0.2745244710408207","6789","3402","0.40895172222621007","0.10186303816732267"
"327","300","0.4","0.3","0.2","0.05","0.3","0.5","300","9294","6770","2524","0.2715730578868087","6770","3382","0.4056306130841501","0.0973331779729626"
"333","300","0.4","0.3","0.2","0.05","0.3","0.55","300","8260","6543","1717","0.20786924939467313","6543","2908","0.380609596886708","0.08291223629277275"
"335","300","0.4","0.3","0.2","0.05","0.3","0.55","300","8201","6507","1694","0.2065601755883429","6507","2944","0.3831180926055687","0.0891986823768089"
"336","300","0.4","0.3","0.2","0.05","0.3","0.55","300","8271","6483","1788","0.21617700398984405","6483","2947","0.3862300383102375","0.08229293007844123"
"334","300","0.4","0.3","0.2","0.05","0.3","0.55","300","8258","6511","1747","0.21155243400339066","6511","2964","0.38355522481031123","0.09289132017324295"
"337","300","0.4","0.3","0.2","0.05","0.3","0.55","300","8246","6487","1759","0.21331554693184573","6487","2905","0.38005295232730724","0.08775525104344511"
"332","300","0.4","0.3","0.2","0.05","0.3","0.55","300","8305","6553","1752","0.21095725466586393","6553","2905","0.3766610584374223","0.07952358648304692"
"338","300","0.4","0.3","0.2","0.05","0.3","0.55","300","8237","6539","1698","0.20614301323297318","6539","2860","0.38489225274747724","0.08165629772780869"
"339","300","0.4","0.3","0.2","0.05","0.3","0.55","300","8229","6514","1715","0.2084092842386681","6514","2947","0.3808830032292471","0.08764773056689007"
"340","300","0.4","0.3","0.2","0.05","0.3","0.55","300","8208","6547","1661","0.2023635477582846","6547","2898","0.3806218818613204","0.0934869085867752"
"341","300","0.4","0.3","0.2","0.05","0.3","0.6","300","7411","6277","1134","0.1530157873431386","6277","2441","0.365850496790962","0.07099383165992275"
"342","300","0.4","0.3","0.2","0.05","0.3","0.6","300","7466","6237","1229","0.164612911867131","6237","2476","0.3621079640799564","0.08623463681236623"
"343","300","0.4","0.3","0.2","0.05","0.3","0.6","300","7425","6253","1172","0.15784511784511784","6253","2459","0.35840410184225485","0.0854977281311914"
"344","300","0.4","0.3","0.2","0.05","0.3","0.6","300","7394","6216","1178","0.15931836624289966","6216","2456","0.363800514507266","0.08639994992362404"
"345","300","0.4","0.3","0.2","0.05","0.3","0.6","300","7386","6239","1147","0.1552937990793393","6239","2471","0.35612175455915723","0.07850228252465094"
"348","300","0.4","0.3","0.2","0.05","0.3","0.6","300","7406","6220","1186","0.1601404266810694","6220","2530","0.36387524742923133","0.08231541525670133"
"346","300","0.4","0.3","0.2","0.05","0.3","0.6","300","7368","6220","1148","0.15580890336590664","6220","2541","0.3690512162625413","0.08240349104404164"
"350","300","0.4","0.3","0.2","0.05","0.3","0.6","300","7385","6238","1147","0.15531482735274205","6238","2464","0.36362387957784054","0.07672394969014709"
"347","300","0.4","0.3","0.2","0.05","0.3","0.6","300","7379","6218","1161","0.1573383927361431","6218","2403","0.36125141211898487","0.07468588512155044"
"349","300","0.4","0.3","0.2","0.05","0.3","0.6","300","7441","6255","1186","0.15938717914258838","6255","2539","0.36362479187710617","0.0791431229108529"
"351","300","0.4","0.3","0.2","0.05","0.3","0.65","300","6716","5951","765","0.11390708755211436","5951","2073","0.3479103083652631","0.07702078057909977"
"353","300","0.4","0.3","0.2","0.05","0.3","0.65","300","6811","5999","812","0.11921891058581706","5999","2113","0.3452391112975128","0.07266560077888445"
"352","300","0.4","0.3","0.2","0.05","0.3","0.65","300","6813","5968","845","0.12402759430500514","5968","2089","0.34218067539747615","0.06943770381831783"
"354","300","0.4","0.3","0.2","0.05","0.3","0.65","300","6834","5968","866","0.12671934445419958","5968","2122","0.34888912695906205","0.07003702760414399"
"355","300","0.4","0.3","0.2","0.05","0.3","0.65","300","6779","5978","801","0.11815902050449918","5978","2058","0.3440506344186655","0.0735676340921652"
"357","300","0.4","0.3","0.2","0.05","0.3","0.65","300","6817","5993","824","0.12087428487604518","5993","2155","0.34705345312619085","0.06993815448296566"
"358","300","0.4","0.3","0.2","0.05","0.3","0.65","300","6750","5969","781","0.1157037037037037","5969","2115","0.34574614516504953","0.07679764043796544"
"356","300","0.4","0.3","0.2","0.05","0.3","0.65","300","6740","5949","791","0.11735905044510386","5949","2036","0.3469039867985314","0.06971459775934635"
"360","300","0.4","0.3","0.2","0.05","0.3","0.65","300","6803","5966","837","0.12303395560782007","5966","2061","0.34490670645927585","0.07408027849055522"
"359","300","0.4","0.3","0.2","0.05","0.3","0.65","300","6732","5941","791","0.11749851455733809","5941","2045","0.34601188748874845","0.06793567926367472"
"362","300","0.4","0.3","0.2","0.05","0.3","0.7","300","6266","5721","545","0.08697733801468241","5721","1734","0.3334274075336008","0.0682514715120486"
"363","300","0.4","0.3","0.2","0.05","0.3","0.7","300","6264","5707","557","0.08892081736909323","5707","1737","0.33345528117523227","0.06881954369634165"
"361","300","0.4","0.3","0.2","0.05","0.3","0.7","300","6262","5721","541","0.08639412328329607","5721","1689","0.33470210553209473","0.061191081177908516"
"364","300","0.4","0.3","0.2","0.05","0.3","0.7","300","6306","5753","553","0.08769425943545829","5753","1754","0.331586621277982","0.07080859770048614"
"366","300","0.4","0.3","0.2","0.05","0.3","0.7","300","6317","5717","600","0.09498179515592844","5717","1691","0.3302370554632526","0.06670953546571264"
"367","300","0.4","0.3","0.2","0.05","0.3","0.7","300","6315","5743","572","0.09057798891528107","5743","1760","0.33295523637607455","0.05950032746528342"
"365","300","0.4","0.3","0.2","0.05","0.3","0.7","300","6281","5726","555","0.08836172583983443","5726","1726","0.333472476304113","0.059312038400007636"
"368","300","0.4","0.3","0.2","0.05","0.3","0.7","300","6264","5722","542","0.08652618135376756","5722","1696","0.33331385809404296","0.05647428108247987"
"369","300","0.4","0.3","0.2","0.05","0.3","0.7","300","6290","5715","575","0.09141494435612083","5715","1699","0.3341412470235094","0.06779238257409931"
"370","300","0.4","0.3","0.2","0.05","0.3","0.7","300","6259","5712","547","0.08739415242051446","5712","1725","0.32911441377675277","0.07689619049441361"
"372","300","0.4","0.3","0.2","0.05","0.3","0.75","300","5851","5476","375","0.06409160827209025","5476","1376","0.32178727649896666","0.056882402247916866"
"374","300","0.4","0.3","0.2","0.05","0.3","0.75","300","5883","5507","376","0.06391296957334693","5507","1367","0.32285800730963854","0.06033919956732715"
"375","300","0.4","0.3","0.2","0.05","0.3","0.75","300","5894","5484","410","0.06956226671191042","5484","1395","0.32223512108351215","0.06045205147009349"
"376","300","0.4","0.3","0.2","0.05","0.3","0.75","300","5893","5480","413","0.07008314949940607","5480","1393","0.3215207630995844","0.05963306443059801"
"379","300","0.4","0.3","0.2","0.05","0.3","0.75","300","5886","5468","418","0.07101597009853891","5468","1341","0.3212987823767593","0.06326267436249414"
"378","300","0.4","0.3","0.2","0.05","0.3","0.75","300","5892","5464","428","0.0726408689748812","5464","1408","0.323169697570749","0.06448964392084809"
"377","300","0.4","0.3","0.2","0.05","0.3","0.75","300","5841","5454","387","0.0662557781201849","5454","1384","0.32189178035502675","0.06785908040878148"
"373","300","0.4","0.3","0.2","0.05","0.3","0.75","300","5908","5481","427","0.07227488151658767","5481","1399","0.3195283033924052","0.06935315924876577"
"371","300","0.4","0.3","0.2","0.05","0.3","0.75","300","5861","5465","396","0.06756526190069954","5465","1347","0.31918841495817973","0.05928936714500693"
"380","300","0.4","0.3","0.2","0.05","0.3","0.75","300","5888","5490","398","0.06759510869565218","5490","1387","0.3206119519797869","0.05303853711297675"
"381","300","0.4","0.3","0.2","0.05","0.3","0.8","300","5500","5228","272","0.04945454545454545","5228","1050","0.31271484788627946","0.06671825780234557"
"383","300","0.4","0.3","0.2","0.05","0.3","0.8","300","5520","5248","272","0.04927536231884058","5248","1053","0.312119215253805","0.06549563139139715"
"382","300","0.4","0.3","0.2","0.05","0.3","0.8","300","5541","5263","278","0.05017144919689587","5263","1042","0.31341316664037694","0.057325119515905264"
"384","300","0.4","0.3","0.2","0.05","0.3","0.8","300","5577","5272","305","0.054688900842746996","5272","1071","0.31272006133070673","0.05406216145418824"
"385","300","0.4","0.3","0.2","0.05","0.3","0.8","300","5534","5264","270","0.04878930249367546","5264","1055","0.3114900386620284","0.05711838973988057"
"386","300","0.4","0.3","0.2","0.05","0.3","0.8","300","5571","5277","294","0.05277329025309639","5277","1041","0.31271955209325175","0.054419243859235564"
"389","300","0.4","0.3","0.2","0.05","0.3","0.8","300","5576","5290","286","0.051291248206599714","5290","1073","0.3134793830795117","0.05742864130988253"
"388","300","0.4","0.3","0.2","0.05","0.3","0.8","300","5579","5281","298","0.05341459042839219","5281","1063","0.3112578076143048","0.05867032041849168"
"390","300","0.4","0.3","0.2","0.05","0.3","0.8","300","5543","5259","284","0.05123579289193578","5259","1038","0.3125116066708943","0.05105727198577073"
"387","300","0.4","0.3","0.2","0.05","0.3","0.8","300","5558","5269","289","0.05199712126664268","5269","957","0.31098566493403057","0.054882178392078464"
"391","300","0.4","0.3","0.2","0.05","0.35","0.2","300","23273","5449","17824","0.7658660250075194","5449","4351","0.5426892756208859","0.2534012666278531"
"392","300","0.4","0.3","0.2","0.05","0.35","0.2","300","23470","5476","17994","0.7666808691947167","5476","4379","0.5471491299502174","0.25645160531878836"
"393","300","0.4","0.3","0.2","0.05","0.35","0.2","300","23341","5502","17839","0.7642774516944433","5502","4378","0.5492468442717819","0.25580296515369305"
"394","300","0.4","0.3","0.2","0.05","0.35","0.2","300","23373","5475","17898","0.7657553587472725","5475","4377","0.5412917760965968","0.255568803107426"
"396","300","0.4","0.3","0.2","0.05","0.35","0.2","300","23393","5453","17940","0.7668960800239388","5453","4374","0.5551251138639617","0.2558929977410976"
"395","300","0.4","0.3","0.2","0.05","0.35","0.2","300","23519","5465","18054","0.7676346783451677","5465","4374","0.5423175709804297","0.25650097593055665"
"397","300","0.4","0.3","0.2","0.05","0.35","0.2","300","23502","5446","18056","0.7682750404220917","5446","4355","0.5470122442745939","0.2584609467194174"
"400","300","0.4","0.3","0.2","0.05","0.35","0.2","300","23427","5452","17975","0.7672770734622444","5452","4356","0.5544476754077485","0.25308970412638904"
"398","300","0.4","0.3","0.2","0.05","0.35","0.2","300","23339","5406","17933","0.7683705385834869","5406","4341","0.543381697763533","0.2565310331600914"
"399","300","0.4","0.3","0.2","0.05","0.35","0.2","300","23480","5477","18003","0.7667376490630323","5477","4399","0.5436475748172883","0.2546889294903254"
"401","300","0.4","0.3","0.2","0.05","0.35","0.25","300","19926","5833","14093","0.7072668874836896","5833","4334","0.5247363745362797","0.2175839109897857"
"402","300","0.4","0.3","0.2","0.05","0.35","0.25","300","19901","5801","14100","0.7085071101954675","5801","4341","0.5245647635032056","0.21893785666533663"
"403","300","0.4","0.3","0.2","0.05","0.35","0.25","300","19959","5854","14105","0.7066987324014229","5854","4415","0.5276034061611122","0.21541087199839504"
"404","300","0.4","0.3","0.2","0.05","0.35","0.25","300","20037","5810","14227","0.7100364325996906","5810","4379","0.5187654501267176","0.2229014455524841"
"405","300","0.4","0.3","0.2","0.05","0.35","0.25","300","20141","5810","14331","0.7115336875031031","5810","4349","0.5266365928802764","0.2180605326918884"
"406","300","0.4","0.3","0.2","0.05","0.35","0.25","300","19903","5871","14032","0.705019343817515","5871","4413","0.534222139515563","0.20922032288200076"
"407","300","0.4","0.3","0.2","0.05","0.35","0.25","300","20046","5828","14218","0.709268682031328","5828","4359","0.532005645895297","0.21171277913850672"
"409","300","0.4","0.3","0.2","0.05","0.35","0.25","300","19876","5901","13975","0.7031092775206279","5901","4438","0.5313581807062817","0.2146837053854181"
"408","300","0.4","0.3","0.2","0.05","0.35","0.25","300","19889","5910","13979","0.7028508220624465","5910","4451","0.538995953596574","0.21023710906290302"
"411","300","0.4","0.3","0.2","0.05","0.35","0.3","300","16518","6199","10319","0.6247124349194818","6199","4351","0.5181538662027072","0.18095138143187753"
"410","300","0.4","0.3","0.2","0.05","0.35","0.25","300","19939","5872","14067","0.7055017804303124","5872","4399","0.529674327942838","0.21712484713011226"
"413","300","0.4","0.3","0.2","0.05","0.35","0.3","300","16743","6133","10610","0.6336976646956938","6133","4253","0.5035820798198117","0.17786326120183588"
"412","300","0.4","0.3","0.2","0.05","0.35","0.3","300","16785","6116","10669","0.6356270479594877","6116","4321","0.49649966521627137","0.18841953921912627"
"417","300","0.4","0.3","0.2","0.05","0.35","0.3","300","16834","6079","10755","0.6388855886895568","6079","4347","0.5126667294797327","0.1788429766359433"
"415","300","0.4","0.3","0.2","0.05","0.35","0.3","300","16517","6229","10288","0.6228734031603802","6229","4300","0.5121173766561685","0.18035247549906402"
"414","300","0.4","0.3","0.2","0.05","0.35","0.3","300","16704","6153","10551","0.6316451149425287","6153","4284","0.5161047717593003","0.17560440694434373"
"416","300","0.4","0.3","0.2","0.05","0.35","0.3","300","16628","6133","10495","0.6311643011787347","6133","4336","0.5018889975017492","0.18164409107958032"
"418","300","0.4","0.3","0.2","0.05","0.35","0.3","300","16791","6114","10677","0.6358763623369662","6114","4281","0.506110091387421","0.1857280203473174"
"421","300","0.4","0.3","0.2","0.05","0.35","0.35","300","13714","6304","7410","0.5403237567449322","6304","4119","0.4851621405232577","0.15012324714772207"
"420","300","0.4","0.3","0.2","0.05","0.35","0.3","300","16736","6130","10606","0.6337237093690249","6130","4338","0.5099227635773314","0.1821203350691839"
"422","300","0.4","0.3","0.2","0.05","0.35","0.35","300","13765","6284","7481","0.5434798401743552","6284","4128","0.4790638314252455","0.14765706498426806"
"423","300","0.4","0.3","0.2","0.05","0.35","0.35","300","13657","6287","7370","0.5396499963388738","6287","4085","0.4980673898720889","0.14520493070479498"
"424","300","0.4","0.3","0.2","0.05","0.35","0.35","300","13842","6281","7561","0.5462360930501373","6281","4125","0.47662075390440006","0.14955334602754566"
"419","300","0.4","0.3","0.2","0.05","0.35","0.3","300","16628","6151","10477","0.6300817897522252","6151","4267","0.5111399095659761","0.18242382490331124"
"425","300","0.4","0.3","0.2","0.05","0.35","0.35","300","13754","6262","7492","0.5447142649411081","6262","4080","0.4793189227650489","0.1472759188512402"
"428","300","0.4","0.3","0.2","0.05","0.35","0.35","300","13775","6271","7504","0.5447549909255899","6271","4100","0.4933824351901287","0.1458515290897822"
"430","300","0.4","0.3","0.2","0.05","0.35","0.35","300","13704","6319","7385","0.5388937536485697","6319","4095","0.4783155858049697","0.14828027057300397"
"429","300","0.4","0.3","0.2","0.05","0.35","0.35","300","13723","6291","7432","0.5415725424469868","6291","4024","0.48134194050773904","0.14963700369546779"
"427","300","0.4","0.3","0.2","0.05","0.35","0.35","300","13640","6321","7319","0.53658357771261","6321","4111","0.48483129827887267","0.14688174283678732"
"426","300","0.4","0.3","0.2","0.05","0.35","0.35","300","13888","6272","7616","0.5483870967741935","6272","4120","0.48430565306395","0.14219495666730103"
"431","300","0.4","0.3","0.2","0.05","0.35","0.4","300","11414","6281","5133","0.44971088137375154","6281","3743","0.4506681460817267","0.12033311286331146"
"432","300","0.4","0.3","0.2","0.05","0.35","0.4","300","11526","6319","5207","0.45176123546763836","6319","3832","0.46139418434316004","0.12317545673259654"
"433","300","0.4","0.3","0.2","0.05","0.35","0.4","300","11366","6245","5121","0.45055428470878056","6245","3760","0.46445729081374293","0.12085546247198849"
"434","300","0.4","0.3","0.2","0.05","0.35","0.4","300","11351","6287","5064","0.4461280944410184","6287","3776","0.4528697740935377","0.1212685010565022"
"435","300","0.4","0.3","0.2","0.05","0.35","0.4","300","11406","6307","5099","0.4470454146940207","6307","3820","0.4613340325678342","0.11373091159931875"
"436","300","0.4","0.3","0.2","0.05","0.35","0.4","300","11422","6355","5067","0.44361758010856245","6355","3762","0.4533091531758032","0.11451348395399544"
"437","300","0.4","0.3","0.2","0.05","0.35","0.4","300","11411","6301","5110","0.44781351327666286","6301","3778","0.4633853701497088","0.11703350039230673"
"438","300","0.4","0.3","0.2","0.05","0.35","0.4","300","11479","6266","5213","0.45413363533408835","6266","3811","0.462823903807018","0.12768645688670616"
"439","300","0.4","0.3","0.2","0.05","0.35","0.4","300","11538","6280","5258","0.4557115617958052","6280","3829","0.4553085655278248","0.11981758988059149"
"441","300","0.4","0.3","0.2","0.05","0.35","0.45","300","9518","6188","3330","0.34986341668417736","6188","3487","0.43456226430564887","0.0938861911541498"
"445","300","0.4","0.3","0.2","0.05","0.35","0.45","300","9466","6125","3341","0.3529473906613142","6125","3348","0.4221507151095701","0.1135424300538438"
"443","300","0.4","0.3","0.2","0.05","0.35","0.45","300","9462","6147","3315","0.3503487634749524","6147","3313","0.4210837835289565","0.1019894585281018"
"444","300","0.4","0.3","0.2","0.05","0.35","0.45","300","9491","6144","3347","0.35264987883257826","6144","3406","0.42516542431975024","0.10649745966856869"
"442","300","0.4","0.3","0.2","0.05","0.35","0.45","300","9484","6125","3359","0.3541754533951919","6125","3317","0.41868206517181855","0.10152251397507606"
"447","300","0.4","0.3","0.2","0.05","0.35","0.45","300","9522","6165","3357","0.35255198487712663","6165","3431","0.42949304699990914","0.10191954607117985"
"440","300","0.4","0.3","0.2","0.05","0.35","0.4","300","11304","6313","4991","0.4415251238499646","6313","3779","0.4582197759161603","0.12354286680505003"
"446","300","0.4","0.3","0.2","0.05","0.35","0.45","300","9587","6148","3439","0.3587149264629185","6148","3404","0.43006923479343695","0.10331372483579776"
"449","300","0.4","0.3","0.2","0.05","0.35","0.45","300","9513","6168","3345","0.35162409334594763","6168","3268","0.42405373595478396","0.10125240977527449"
"448","300","0.4","0.3","0.2","0.05","0.35","0.45","300","9351","6146","3205","0.34274409154101165","6146","3326","0.4305651502407029","0.09842756080302577"
"450","300","0.4","0.3","0.2","0.05","0.35","0.45","300","9543","6142","3401","0.3563868804359216","6142","3342","0.42502203779139913","0.10392664205990355"
"451","300","0.4","0.3","0.2","0.05","0.35","0.5","300","8138","5957","2181","0.2680019660850332","5957","2944","0.39991499879720355","0.08878294138016406"
"452","300","0.4","0.3","0.2","0.05","0.35","0.5","300","8139","5969","2170","0.26661752057992383","5969","2928","0.4015676293403949","0.08302937227363753"
"458","300","0.4","0.3","0.2","0.05","0.35","0.5","300","8088","5964","2124","0.2626112759643917","5964","2917","0.40286120047568535","0.0855230506286565"
"455","300","0.4","0.3","0.2","0.05","0.35","0.5","300","8219","5951","2268","0.2759459788295413","5951","2948","0.3950600834105761","0.08949930364037188"
"456","300","0.4","0.3","0.2","0.05","0.35","0.5","300","8148","5947","2201","0.2701276386843397","5947","2916","0.3960762002966614","0.08019917673959773"
"457","300","0.4","0.3","0.2","0.05","0.35","0.5","300","8048","5969","2079","0.25832504970178927","5969","2986","0.3940663980649012","0.0899303466989354"
"453","300","0.4","0.3","0.2","0.05","0.35","0.5","300","8197","5937","2260","0.27571062583872147","5937","2983","0.40352201686583994","0.08244694226119476"
"454","300","0.4","0.3","0.2","0.05","0.35","0.5","300","8144","5947","2197","0.26976915520628686","5947","2928","0.40022358749116516","0.08565484581338283"
"459","300","0.4","0.3","0.2","0.05","0.35","0.5","300","8136","5977","2159","0.26536381514257623","5977","2960","0.4007469958473111","0.08723231967205365"
"460","300","0.4","0.3","0.2","0.05","0.35","0.5","300","8209","5961","2248","0.2738457790230235","5961","2935","0.39989575265575206","0.0750078368143461"
"461","300","0.4","0.3","0.2","0.05","0.35","0.55","300","7163","5704","1459","0.20368560658941784","5704","2545","0.37722205040413137","0.07953293396711938"
"462","300","0.4","0.3","0.2","0.05","0.35","0.55","300","7139","5707","1432","0.20058831769155344","5707","2534","0.3764903267860461","0.08112237115168017"
"463","300","0.4","0.3","0.2","0.05","0.35","0.55","300","7182","5688","1494","0.20802005012531327","5688","2534","0.37847901971380665","0.07725738838236051"
"465","300","0.4","0.3","0.2","0.05","0.35","0.55","300","7151","5707","1444","0.20192980002796812","5707","2584","0.37754359885449595","0.08252171812314671"
"474","300","0.4","0.3","0.2","0.05","0.35","0.6","300","6507","5476","1031","0.15844475180574766","5476","2188","0.3612884408188362","0.07081507134468157"
"464","300","0.4","0.3","0.2","0.05","0.35","0.55","300","7168","5702","1466","0.20452008928571427","5702","2603","0.3754966094909013","0.08440880637316485"
"469","300","0.4","0.3","0.2","0.05","0.35","0.55","300","7160","5684","1476","0.20614525139664805","5684","2550","0.3781995377886126","0.07599228831645082"
"466","300","0.4","0.3","0.2","0.05","0.35","0.55","300","7166","5712","1454","0.20290259559028748","5712","2516","0.3725713618551478","0.08082924977588102"
"472","300","0.4","0.3","0.2","0.05","0.35","0.6","300","6405","5463","942","0.14707259953161592","5463","2170","0.3630161352292757","0.06721534626633074"
"468","300","0.4","0.3","0.2","0.05","0.35","0.55","300","7188","5663","1525","0.21215915414579856","5663","2591","0.3765519361186689","0.08045246561140357"
"475","300","0.4","0.3","0.2","0.05","0.35","0.6","300","6453","5451","1002","0.15527661552766156","5451","2166","0.35728337560977846","0.07245154124506135"
"471","300","0.4","0.3","0.2","0.05","0.35","0.6","300","6426","5436","990","0.15406162464985995","5436","2172","0.3653178693045062","0.0655959404785721"
"467","300","0.4","0.3","0.2","0.05","0.35","0.55","300","7198","5717","1481","0.20575159766601833","5717","2550","0.37792078709451193","0.072562185348246"
"473","300","0.4","0.3","0.2","0.05","0.35","0.6","300","6415","5447","968","0.150896336710834","5447","2183","0.3569705774045201","0.07562211487511267"
"477","300","0.4","0.3","0.2","0.05","0.35","0.6","300","6485","5485","1000","0.15420200462606015","5485","2233","0.364695034795205","0.064975213331577"
"470","300","0.4","0.3","0.2","0.05","0.35","0.55","300","7182","5722","1460","0.20328599275967696","5722","2525","0.3704028745844528","0.09072452264518859"
"476","300","0.4","0.3","0.2","0.05","0.35","0.6","300","6464","5478","986","0.15253712871287128","5478","2161","0.35872341706193117","0.05426565884546413"
"479","300","0.4","0.3","0.2","0.05","0.35","0.6","300","6410","5448","962","0.15007800312012481","5448","2167","0.359812287590151","0.07204235638671379"
"480","300","0.4","0.3","0.2","0.05","0.35","0.6","300","6423","5458","965","0.1502413202553324","5458","2159","0.35166270037144987","0.0636299959568585"
"478","300","0.4","0.3","0.2","0.05","0.35","0.6","300","6419","5448","971","0.15126966817261256","5448","2132","0.3629123548771103","0.06736441665242615"
"484","300","0.4","0.3","0.2","0.05","0.35","0.65","300","5870","5218","652","0.1110732538330494","5218","1847","0.34443408331939535","0.058634083751254035"
"483","300","0.4","0.3","0.2","0.05","0.35","0.65","300","5927","5219","708","0.11945334908047917","5219","1886","0.34439568363067097","0.060536288243962746"
"486","300","0.4","0.3","0.2","0.05","0.35","0.65","300","5904","5273","631","0.10687669376693767","5273","1836","0.34713966884480935","0.05228530632906714"
"485","300","0.4","0.3","0.2","0.05","0.35","0.65","300","5914","5199","715","0.12089956036523504","5199","1822","0.34558512982632045","0.06114974436695525"
"489","300","0.4","0.3","0.2","0.05","0.35","0.65","300","5915","5224","691","0.11682163989856298","5224","1769","0.34359425804010824","0.060717878295281975"
"481","300","0.4","0.3","0.2","0.05","0.35","0.65","300","5921","5206","715","0.12075662894781287","5206","1785","0.34032102895596567","0.06033679743236597"
"487","300","0.4","0.3","0.2","0.05","0.35","0.65","300","5926","5230","696","0.11744853189335133","5230","1846","0.3412641439485102","0.062350752048100117"
"488","300","0.4","0.3","0.2","0.05","0.35","0.65","300","5872","5236","636","0.10831062670299728","5236","1869","0.3462403510261455","0.06375308119925505"
"482","300","0.4","0.3","0.2","0.05","0.35","0.65","300","5904","5174","730","0.1236449864498645","5174","1865","0.3434592872671963","0.06705850319119333"
"495","300","0.4","0.3","0.2","0.05","0.35","0.7","300","5461","5009","452","0.08276872367698224","5009","1487","0.3297563295415897","0.05522111205115825"
"491","300","0.4","0.3","0.2","0.05","0.35","0.7","300","5468","4984","484","0.08851499634235552","4984","1484","0.33081141660748076","0.05677374317322519"
"492","300","0.4","0.3","0.2","0.05","0.35","0.7","300","5496","4976","520","0.09461426491994178","4976","1511","0.33251848137549417","0.05817401343178957"
"499","300","0.4","0.3","0.2","0.05","0.35","0.7","300","5521","4999","522","0.09454808911429088","4999","1493","0.3297454139608649","0.05507662344914113"
"493","300","0.4","0.3","0.2","0.05","0.35","0.7","300","5473","4995","478","0.08733784030696144","4995","1498","0.33106242274147707","0.059252033928257015"
"490","300","0.4","0.3","0.2","0.05","0.35","0.65","300","5893","5202","691","0.11725776344815883","5202","1911","0.344255424604953","0.05748026297192597"
"497","300","0.4","0.3","0.2","0.05","0.35","0.7","300","5465","4993","472","0.08636779505946936","4993","1493","0.3262153545085183","0.06986209540493697"
"496","300","0.4","0.3","0.2","0.05","0.35","0.7","300","5481","5027","454","0.08283160007297938","5027","1508","0.3314025112992493","0.06681339140441629"
"494","300","0.4","0.3","0.2","0.05","0.35","0.7","300","5493","5025","468","0.085199344620426","5025","1528","0.32901610265840464","0.05950844015967712"
"498","300","0.4","0.3","0.2","0.05","0.35","0.7","300","5447","4980","467","0.08573526711951533","4980","1495","0.3309795704187676","0.05458450360101433"
"501","300","0.4","0.3","0.2","0.05","0.35","0.75","300","5133","4808","325","0.06331579972725501","4808","1231","0.31982914816225394","0.0519894846663186"
"502","300","0.4","0.3","0.2","0.05","0.35","0.75","300","5145","4817","328","0.06375121477162293","4817","1255","0.3212186883947389","0.05090221252715674"
"503","300","0.4","0.3","0.2","0.05","0.35","0.75","300","5186","4828","358","0.06903200925568839","4828","1257","0.3219090419832109","0.054475832381887274"
"504","300","0.4","0.3","0.2","0.05","0.35","0.75","300","5144","4783","361","0.07017884914463453","4783","1147","0.3171632493744774","0.053105200421613846"
"500","300","0.4","0.3","0.2","0.05","0.35","0.7","300","5491","5015","476","0.08668730650154799","5015","1534","0.33055032462182316","0.05695225120247255"
"506","300","0.4","0.3","0.2","0.05","0.35","0.75","300","5176","4796","380","0.07341576506955177","4796","1181","0.319966453968683","0.05263637436482786"
"505","300","0.4","0.3","0.2","0.05","0.35","0.75","300","5091","4771","320","0.06285602042820664","4771","1235","0.32065009768564556","0.06861947851972486"
"507","300","0.4","0.3","0.2","0.05","0.35","0.75","300","5145","4810","335","0.06511175898931001","4810","1162","0.31984296816442365","0.05197376807622693"
"508","300","0.4","0.3","0.2","0.05","0.35","0.75","300","5196","4832","364","0.07005388760585066","4832","1198","0.3223595472436848","0.05169562392295271"
"509","300","0.4","0.3","0.2","0.05","0.35","0.75","300","5171","4834","337","0.0651711467801199","4834","1201","0.31974153768039393","0.04482893538700039"
"514","300","0.4","0.3","0.2","0.05","0.35","0.8","300","4883","4632","251","0.05140282613147655","4632","908","0.312380171687126","0.05757385633036724"
"511","300","0.4","0.3","0.2","0.05","0.35","0.8","300","4871","4628","243","0.0498870868404845","4628","929","0.3138588611309007","0.056426907245019704"
"517","300","0.4","0.3","0.2","0.05","0.35","0.8","300","4911","4643","268","0.05457137039299532","4643","966","0.3127029680488913","0.048988157602291346"
"516","300","0.4","0.3","0.2","0.05","0.35","0.8","300","4881","4634","247","0.05060438434746978","4634","922","0.3135363993612158","0.056006575067751606"
"512","300","0.4","0.3","0.2","0.05","0.35","0.8","300","4885","4630","255","0.052200614124872056","4630","954","0.3124795790889846","0.053447758075688"
"519","300","0.4","0.3","0.2","0.05","0.35","0.8","300","4898","4647","251","0.051245406288280934","4647","898","0.3109654826556161","0.052859145009604626"
"515","300","0.4","0.3","0.2","0.05","0.35","0.8","300","4879","4599","280","0.05738880918220947","4599","956","0.31306074914215076","0.0614718816905275"
"520","300","0.4","0.3","0.2","0.05","0.35","0.8","300","4867","4633","234","0.04807889870556811","4633","914","0.31197091195503335","0.05939255832146916"
"518","300","0.4","0.3","0.2","0.05","0.35","0.8","300","4915","4652","263","0.05350966429298067","4652","928","0.31299071879911533","0.04904537133927956"
"521","300","0.4","0.3","0.2","0.05","0.4","0.2","300","22134","5135","16999","0.7680039757838619","5135","4097","0.548087981587435","0.2453690745241155"
"524","300","0.4","0.3","0.2","0.05","0.4","0.2","300","22095","5152","16943","0.7668250735460511","5152","4087","0.5407957653771666","0.24350220265584174"
"510","300","0.4","0.3","0.2","0.05","0.35","0.75","300","5183","4840","343","0.06617788925332818","4840","1224","0.31953459636177356","0.05761640609710313"
"522","300","0.4","0.3","0.2","0.05","0.4","0.2","300","22282","5131","17151","0.7697244412530293","5131","4090","0.5510921986944177","0.2418231723301697"
"523","300","0.4","0.3","0.2","0.05","0.4","0.2","300","22355","5100","17255","0.7718631178707225","5100","4082","0.5443181986499043","0.24251087605151805"
"513","300","0.4","0.3","0.2","0.05","0.35","0.8","300","4898","4652","246","0.05022458146182115","4652","879","0.31110771074146","0.05035813073772949"
"525","300","0.4","0.3","0.2","0.05","0.4","0.2","300","22097","5130","16967","0.7678417884780739","5130","4092","0.5492492827657423","0.24048154205082606"
"529","300","0.4","0.3","0.2","0.05","0.4","0.2","300","22515","5105","17410","0.7732622695980458","5105","4140","0.5472704561509455","0.2411145516721319"
"531","300","0.4","0.3","0.2","0.05","0.4","0.25","300","18636","5409","13227","0.7097553122987765","5409","4107","0.5330499372516183","0.20062261893597308"
"526","300","0.4","0.3","0.2","0.05","0.4","0.2","300","22171","5150","17021","0.7677145821117676","5150","4131","0.5563507692990007","0.23932502519282542"
"527","300","0.4","0.3","0.2","0.05","0.4","0.2","300","22148","5153","16995","0.7673379086147734","5153","4150","0.5675363802778343","0.23357004226380876"
"533","300","0.4","0.3","0.2","0.05","0.4","0.25","300","18618","5453","13165","0.707111397572242","5453","4081","0.5337929858269526","0.20539160644061913"
"530","300","0.4","0.3","0.2","0.05","0.4","0.2","300","22194","5115","17079","0.7695323060286564","5115","4120","0.5458999227705046","0.24254007937095834"
"534","300","0.4","0.3","0.2","0.05","0.4","0.25","300","18683","5421","13262","0.709843172937965","5421","4043","0.5231662315670433","0.20553789617255924"
"532","300","0.4","0.3","0.2","0.05","0.4","0.25","300","18453","5459","12994","0.704167344063296","5459","4099","0.5285807275242652","0.1991877973211451"
"536","300","0.4","0.3","0.2","0.05","0.4","0.25","300","18521","5514","13007","0.7022838939582096","5514","4094","0.5273693524917669","0.20549627993919445"
"535","300","0.4","0.3","0.2","0.05","0.4","0.25","300","18741","5459","13282","0.7087135158209273","5459","4138","0.5421980264495727","0.1960431134732483"
"537","300","0.4","0.3","0.2","0.05","0.4","0.25","300","18636","5524","13112","0.703584460184589","5524","4183","0.5519015367383479","0.1944993132813111"
"538","300","0.4","0.3","0.2","0.05","0.4","0.25","300","18624","5477","13147","0.7059170962199313","5477","4079","0.5360529861449729","0.19602361454705852"
"528","300","0.4","0.3","0.2","0.05","0.4","0.2","300","22209","5103","17106","0.7702282858300689","5103","4119","0.5464477134431908","0.2492988427265022"
"539","300","0.4","0.3","0.2","0.05","0.4","0.25","300","18475","5463","13012","0.7043031123139377","5463","4095","0.5350660258586134","0.19914995948992154"
"540","300","0.4","0.3","0.2","0.05","0.4","0.25","300","18601","5487","13114","0.7050158593623999","5487","4112","0.5228735069727104","0.20030800934129012"
"544","300","0.4","0.3","0.2","0.05","0.4","0.3","300","15196","5632","9564","0.6293761516188471","5632","3942","0.4988145165860622","0.17253616338736766"
"543","300","0.4","0.3","0.2","0.05","0.4","0.3","300","15198","5677","9521","0.6264640084221608","5677","3970","0.5131602736052351","0.1674969578134193"
"541","300","0.4","0.3","0.2","0.05","0.4","0.3","300","15206","5678","9528","0.6265947652242536","5678","3981","0.5101596823232749","0.1615865147848129"
"547","300","0.4","0.3","0.2","0.05","0.4","0.3","300","15239","5649","9590","0.6293063849333945","5649","3932","0.5115801043419624","0.164734728478633"
"542","300","0.4","0.3","0.2","0.05","0.4","0.3","300","15197","5678","9519","0.6263736263736264","5678","3997","0.5165778229670722","0.15873882207899281"
"546","300","0.4","0.3","0.2","0.05","0.4","0.3","300","15342","5626","9716","0.633294225003259","5626","3939","0.5031850780319986","0.17086415318416007"
"551","300","0.4","0.3","0.2","0.05","0.4","0.35","300","12500","5727","6773","0.54184","5727","3761","0.5020880199705544","0.13150802890911506"
"550","300","0.4","0.3","0.2","0.05","0.4","0.3","300","15521","5676","9845","0.6343019135364989","5676","3999","0.5144598939629857","0.16492569174336677"
"549","300","0.4","0.3","0.2","0.05","0.4","0.3","300","15364","5643","9721","0.6327128351991669","5643","3919","0.4981419287207735","0.1647614324996678"
"554","300","0.4","0.3","0.2","0.05","0.4","0.35","300","12401","5684","6717","0.541649866946214","5684","3719","0.48077015802692047","0.13373456582785279"
"556","300","0.4","0.3","0.2","0.05","0.4","0.35","300","12389","5739","6650","0.5367664863992251","5739","3772","0.48651380238121855","0.12801484940188054"
"558","300","0.4","0.3","0.2","0.05","0.4","0.35","300","12374","5724","6650","0.5374171650234363","5724","3741","0.49330332998705057","0.13318036083218113"
"545","300","0.4","0.3","0.2","0.05","0.4","0.3","300","15326","5670","9656","0.6300404541302362","5670","3953","0.5118944587705349","0.1554670932210045"
"552","300","0.4","0.3","0.2","0.05","0.4","0.35","300","12337","5751","6586","0.5338412904271703","5751","3722","0.48673493591543027","0.13278014967298232"
"553","300","0.4","0.3","0.2","0.05","0.4","0.35","300","12473","5739","6734","0.5398861540928406","5739","3711","0.4874892313372154","0.1324748293594806"
"557","300","0.4","0.3","0.2","0.05","0.4","0.35","300","12386","5709","6677","0.5390763765541741","5709","3694","0.4845415506658314","0.13550528788758584"
"555","300","0.4","0.3","0.2","0.05","0.4","0.35","300","12546","5706","6840","0.5451936872309899","5706","3748","0.4755161967735604","0.13234289994148443"
"548","300","0.4","0.3","0.2","0.05","0.4","0.3","300","15364","5654","9710","0.6319968758135902","5654","3950","0.5134745426602858","0.17072307751299662"
"559","300","0.4","0.3","0.2","0.05","0.4","0.35","300","12435","5760","6675","0.5367913148371531","5760","3747","0.47684067055599666","0.13315419343543525"
"561","300","0.4","0.3","0.2","0.05","0.4","0.4","300","10136","5668","4468","0.44080505130228886","5668","3439","0.45268107367685967","0.10874053354624726"
"560","300","0.4","0.3","0.2","0.05","0.4","0.35","300","12243","5793","6450","0.5268316589071306","5793","3745","0.4846363447216415","0.12647520106752913"
"563","300","0.4","0.3","0.2","0.05","0.4","0.4","300","10091","5686","4405","0.43652759885046083","5686","3445","0.45153740518172136","0.11005942199440513"
"565","300","0.4","0.3","0.2","0.05","0.4","0.4","300","10222","5671","4551","0.44521620035218157","5671","3354","0.44570805359325855","0.11383632238548709"
"564","300","0.4","0.3","0.2","0.05","0.4","0.4","300","10082","5665","4417","0.4381075183495338","5665","3401","0.4544593798567711","0.10028180361446865"
"566","300","0.4","0.3","0.2","0.05","0.4","0.4","300","10120","5645","4475","0.44219367588932806","5645","3395","0.4481506697042794","0.11042640924112349"
"567","300","0.4","0.3","0.2","0.05","0.4","0.4","300","10147","5694","4453","0.43884892086330934","5694","3425","0.4584390965502441","0.10542221390104077"
"568","300","0.4","0.3","0.2","0.05","0.4","0.4","300","10069","5662","4407","0.43768000794517825","5662","3446","0.456944756293232","0.10942059532363989"
"569","300","0.4","0.3","0.2","0.05","0.4","0.4","300","10167","5664","4503","0.4429035113602833","5664","3360","0.44953086570292344","0.11259360597156347"
"570","300","0.4","0.3","0.2","0.05","0.4","0.4","300","10052","5661","4391","0.4368284918424194","5661","3319","0.4494256153522683","0.10266878666972268"
"562","300","0.4","0.3","0.2","0.05","0.4","0.4","300","10150","5658","4492","0.4425615763546798","5658","3422","0.45930833304131774","0.10618034270694157"
"571","300","0.4","0.3","0.2","0.05","0.4","0.45","300","8405","5509","2896","0.34455681142177275","5509","3005","0.4210102288100683","0.10684394058027276"
"572","300","0.4","0.3","0.2","0.05","0.4","0.45","300","8371","5464","2907","0.34727033807191493","5464","2977","0.42017387122227906","0.09495525252509071"
"574","300","0.4","0.3","0.2","0.05","0.4","0.45","300","8477","5477","3000","0.35389878494750504","5477","3044","0.42243738588865404","0.09415016207380149"
"575","300","0.4","0.3","0.2","0.05","0.4","0.45","300","8305","5522","2783","0.3350993377483444","5522","2974","0.41934230839752823","0.09551413395891185"
"576","300","0.4","0.3","0.2","0.05","0.4","0.45","300","8389","5480","2909","0.3467636190249136","5480","3010","0.43177355547364255","0.0808466570596005"
"573","300","0.4","0.3","0.2","0.05","0.4","0.45","300","8436","5528","2908","0.34471313418681837","5528","3017","0.4280644253880401","0.08331662836587451"
"580","300","0.4","0.3","0.2","0.05","0.4","0.45","300","8512","5483","3029","0.35585056390977443","5483","3098","0.4248623788434563","0.09543212780439206"
"578","300","0.4","0.3","0.2","0.05","0.4","0.45","300","8304","5488","2816","0.33911368015414256","5488","3064","0.42254117759744975","0.09302890373879566"
"581","300","0.4","0.3","0.2","0.05","0.4","0.5","300","7227","5237","1990","0.27535630275356304","5237","2637","0.4025259448399195","0.08294283666445897"
"579","300","0.4","0.3","0.2","0.05","0.4","0.45","300","8402","5513","2889","0.34384670316591287","5513","3020","0.4194872960341948","0.08395093100969218"
"583","300","0.4","0.3","0.2","0.05","0.4","0.5","300","7258","5299","1959","0.26990906585836316","5299","2680","0.39766715239494727","0.07645392535970254"
"584","300","0.4","0.3","0.2","0.05","0.4","0.5","300","7301","5282","2019","0.2765374606218326","5282","2689","0.39768864392003644","0.08121593853982703"
"577","300","0.4","0.3","0.2","0.05","0.4","0.45","300","8397","5483","2914","0.3470287007264499","5483","3051","0.427573769598547","0.09105907202878176"
"582","300","0.4","0.3","0.2","0.05","0.4","0.5","300","7161","5263","1898","0.26504678117581343","5263","2604","0.39633574945582617","0.08082242105911394"
"586","300","0.4","0.3","0.2","0.05","0.4","0.5","300","7235","5288","1947","0.2691085003455425","5288","2650","0.3954752083631927","0.07631183550421425"
"585","300","0.4","0.3","0.2","0.05","0.4","0.5","300","7202","5280","1922","0.26687031380172177","5280","2680","0.40004771614612217","0.07697761930079716"
"587","300","0.4","0.3","0.2","0.05","0.4","0.5","300","7188","5268","1920","0.2671118530884808","5268","2578","0.3942668624365505","0.07654879466752064"
"588","300","0.4","0.3","0.2","0.05","0.4","0.5","300","7203","5269","1934","0.2684992364292656","5269","2671","0.39761548802684166","0.07522718904804336"
"589","300","0.4","0.3","0.2","0.05","0.4","0.5","300","7273","5332","1941","0.2668774920940465","5332","2673","0.4077048988902854","0.0687081362980202"
"590","300","0.4","0.3","0.2","0.05","0.4","0.5","300","7219","5343","1876","0.259869788059288","5343","2672","0.395434011709976","0.07089865477924337"
"592","300","0.4","0.3","0.2","0.05","0.4","0.55","300","6310","5054","1256","0.19904912836767036","5054","2245","0.3721079710516657","0.07545288886009849"
"593","300","0.4","0.3","0.2","0.05","0.4","0.55","300","6324","5046","1278","0.20208728652751423","5046","2272","0.37984816287519685","0.06289013339502775"
"591","300","0.4","0.3","0.2","0.05","0.4","0.55","300","6366","5041","1325","0.20813697769399936","5041","2263","0.3759992693001279","0.06692077556428036"
"595","300","0.4","0.3","0.2","0.05","0.4","0.55","300","6409","5094","1315","0.20518021532220315","5094","2290","0.37481999033798025","0.06566932857324558"
"597","300","0.4","0.3","0.2","0.05","0.4","0.55","300","6341","5081","1260","0.19870682857593439","5081","2254","0.38145357277820563","0.07161181778811777"
"596","300","0.4","0.3","0.2","0.05","0.4","0.55","300","6379","5055","1324","0.20755604326696975","5055","2277","0.3723279930328044","0.06015867457124064"
"598","300","0.4","0.3","0.2","0.05","0.4","0.55","300","6373","5067","1306","0.20492703593284167","5067","2362","0.38012159288286396","0.0678422385337613"
"599","300","0.4","0.3","0.2","0.05","0.4","0.55","300","6337","5073","1264","0.1994634685182263","5073","2295","0.3828639793386745","0.06458382279112243"
"600","300","0.4","0.3","0.2","0.05","0.4","0.55","300","6371","5048","1323","0.20765970805211112","5048","2297","0.38016343941248515","0.05610172087660627"
"594","300","0.4","0.3","0.2","0.05","0.4","0.55","300","6326","5100","1226","0.19380335124881443","5100","2249","0.3714017217363995","0.07530665784558434"
"601","300","0.4","0.3","0.2","0.05","0.4","0.6","300","5750","4848","902","0.15686956521739132","4848","1967","0.3574793197660626","0.0518482736654852"
"604","300","0.4","0.3","0.2","0.05","0.4","0.6","300","5749","4855","894","0.15550530527048181","4855","1882","0.3576857351043103","0.05569763367995229"
"602","300","0.4","0.3","0.2","0.05","0.4","0.6","300","5736","4856","880","0.15341701534170155","4856","1961","0.364177848865862","0.06033474238645804"
"603","300","0.4","0.3","0.2","0.05","0.4","0.6","300","5746","4870","876","0.15245388096066828","4870","1937","0.3618748424931996","0.05651871749309125"
"605","300","0.4","0.3","0.2","0.05","0.4","0.6","300","5707","4851","856","0.14999123882950763","4851","1921","0.3527705444432929","0.0627726218993991"
"606","300","0.4","0.3","0.2","0.05","0.4","0.6","300","5747","4830","917","0.15956151035322777","4830","1905","0.3572076395553169","0.057590060583271804"
"611","300","0.4","0.3","0.2","0.05","0.4","0.65","300","5264","4655","609","0.11569148936170212","4655","1610","0.3378613417044825","0.056168107475951023"
"609","300","0.4","0.3","0.2","0.05","0.4","0.6","300","5709","4857","852","0.14923804519180242","4857","1961","0.3544284328242486","0.06264118737523885"
"610","300","0.4","0.3","0.2","0.05","0.4","0.6","300","5740","4856","884","0.154006968641115","4856","1901","0.35590746282042185","0.053553683353680874"
"612","300","0.4","0.3","0.2","0.05","0.4","0.65","300","5261","4618","643","0.12222011024520053","4618","1632","0.33978558203241876","0.05005656400581358"
"607","300","0.4","0.3","0.2","0.05","0.4","0.6","300","5719","4800","919","0.1606924287462843","4800","1907","0.3548053557083918","0.06615246833978689"
"613","300","0.4","0.3","0.2","0.05","0.4","0.65","300","5273","4635","638","0.12099374170301536","4635","1609","0.34454090370538265","0.06492825051163326"
"608","300","0.4","0.3","0.2","0.05","0.4","0.6","300","5773","4845","928","0.16074831110341245","4845","1908","0.35544757858478454","0.06249221384141197"
"614","300","0.4","0.3","0.2","0.05","0.4","0.65","300","5267","4668","599","0.11372697930510728","4668","1654","0.3378654806512801","0.06235751084155326"
"615","300","0.4","0.3","0.2","0.05","0.4","0.65","300","5311","4674","637","0.1199397476934664","4674","1669","0.33993724187266305","0.056277384736390414"
"617","300","0.4","0.3","0.2","0.05","0.4","0.65","300","5250","4660","590","0.11238095238095239","4660","1630","0.3393111738798045","0.054292058686309236"
"616","300","0.4","0.3","0.2","0.05","0.4","0.65","300","5252","4647","605","0.1151942117288652","4647","1658","0.33656843018365523","0.06181001832859866"
"618","300","0.4","0.3","0.2","0.05","0.4","0.65","300","5239","4658","581","0.11089902653178088","4658","1638","0.3398102151615271","0.059141050723859605"
"619","300","0.4","0.3","0.2","0.05","0.4","0.65","300","5235","4652","583","0.1113658070678128","4652","1608","0.3423504871768575","0.05356620208001812"
"622","300","0.4","0.3","0.2","0.05","0.4","0.7","300","4923","4482","441","0.08957952468007313","4482","1401","0.3334995989818374","0.04080041453742279"
"621","300","0.4","0.3","0.2","0.05","0.4","0.7","300","4870","4463","407","0.08357289527720739","4463","1293","0.3267990531504436","0.05542720613948346"
"620","300","0.4","0.3","0.2","0.05","0.4","0.65","300","5271","4657","614","0.11648643521153482","4657","1583","0.33934031017874083","0.05138607715130314"
"623","300","0.4","0.3","0.2","0.05","0.4","0.7","300","4846","4449","397","0.08192323565827486","4449","1289","0.32889223798118794","0.055881106512448965"
"625","300","0.4","0.3","0.2","0.05","0.4","0.7","300","4892","4460","432","0.08830744071954211","4460","1358","0.33135552354959996","0.059250586151477595"
"624","300","0.4","0.3","0.2","0.05","0.4","0.7","300","4924","4486","438","0.08895207148659626","4486","1324","0.32925998348427526","0.044520344196464876"
"626","300","0.4","0.3","0.2","0.05","0.4","0.7","300","4914","4467","447","0.09096459096459096","4467","1371","0.3319663987275192","0.04738379125732195"
"627","300","0.4","0.3","0.2","0.05","0.4","0.7","300","4933","4507","426","0.08635718629637137","4507","1336","0.32949785873224396","0.04744905257405036"
"628","300","0.4","0.3","0.2","0.05","0.4","0.7","300","4879","4472","407","0.08341873334699734","4472","1385","0.3298993288352451","0.05627852140594115"
"629","300","0.4","0.3","0.2","0.05","0.4","0.7","300","4918","4501","417","0.08479056527043513","4501","1343","0.33075057084664833","0.04264178254901664"
"630","300","0.4","0.3","0.2","0.05","0.4","0.7","300","4930","4468","462","0.09371196754563894","4468","1304","0.32275047582084493","0.05769053489403082"
"631","300","0.4","0.3","0.2","0.05","0.4","0.75","300","4584","4271","313","0.06828097731239093","4271","1082","0.32072883097529137","0.04509711083275279"
"634","300","0.4","0.3","0.2","0.05","0.4","0.75","300","4599","4292","307","0.06675364209610785","4292","1030","0.3174346871369564","0.04586972582811591"
"633","300","0.4","0.3","0.2","0.05","0.4","0.75","300","4575","4295","280","0.06120218579234973","4295","1069","0.3178028575994998","0.05009670190603067"
"632","300","0.4","0.3","0.2","0.05","0.4","0.75","300","4689","4390","299","0.0637662614629985","4390","1117","0.32028781835047065","0.045296280150277195"
"636","300","0.4","0.3","0.2","0.05","0.4","0.75","300","4618","4326","292","0.06323083585967952","4326","1077","0.3179316635203447","0.04924095624682082"
"638","300","0.4","0.3","0.2","0.05","0.4","0.75","300","4610","4305","305","0.06616052060737528","4305","1085","0.32027097656642595","0.04510460187210499"
"644","300","0.4","0.3","0.2","0.05","0.4","0.8","300","4385","4187","198","0.0451539338654504","4187","795","0.3114561985667824","0.0423817012916315"
"642","300","0.4","0.3","0.2","0.05","0.4","0.8","300","4410","4179","231","0.05238095238095238","4179","784","0.3112117905456117","0.04128193747487338"
"639","300","0.4","0.3","0.2","0.05","0.4","0.75","300","4619","4319","300","0.06494912318683697","4319","1008","0.31548014385401624","0.061913817906641855"
"640","300","0.4","0.3","0.2","0.05","0.4","0.75","300","4569","4291","278","0.060844823812650474","4291","1061","0.31830800372649104","0.04481280412935653"
"641","300","0.4","0.3","0.2","0.05","0.4","0.8","300","4384","4161","223","0.05086678832116788","4161","824","0.3119526387391093","0.043712776487865874"
"643","300","0.4","0.3","0.2","0.05","0.4","0.8","300","4392","4176","216","0.04918032786885246","4176","876","0.3134846244854498","0.057751365139963914"
"645","300","0.4","0.3","0.2","0.05","0.4","0.8","300","4411","4178","233","0.05282248923146679","4178","850","0.31358684534863596","0.03971456975824648"
"646","300","0.4","0.3","0.2","0.05","0.4","0.8","300","4408","4174","234","0.05308529945553539","4174","847","0.31346711761521395","0.046776101192500974"
"635","300","0.4","0.3","0.2","0.05","0.4","0.75","300","4619","4311","308","0.06668109980515263","4311","1080","0.32000529476638073","0.06058341111344863"
"647","300","0.4","0.3","0.2","0.05","0.4","0.8","300","4358","4167","191","0.04382744378155117","4167","812","0.31002577356360456","0.042577760815492846"
"637","300","0.4","0.3","0.2","0.05","0.4","0.75","300","4615","4312","303","0.06565547128927411","4312","1068","0.320029143777378","0.05067073226207644"
"648","300","0.4","0.3","0.2","0.05","0.4","0.8","300","4400","4165","235","0.053409090909090906","4165","818","0.3123668084362096","0.04323660793764428"
"650","300","0.4","0.3","0.2","0.05","0.4","0.8","300","4401","4167","234","0.053169734151329244","4167","838","0.31207414750411033","0.04905383632119731"
"649","300","0.4","0.3","0.2","0.05","0.4","0.8","300","4402","4187","215","0.04884143571104044","4187","790","0.3116827814531842","0.04457100190433388"
"651","300","0.4","0.3","0.2","0.05","0.45","0.2","300","21126","4834","16292","0.7711824292341191","4834","3825","0.5522970723027025","0.22780058023302938"
"652","300","0.4","0.3","0.2","0.05","0.45","0.2","300","21282","4793","16489","0.7747862043041067","4793","3808","0.5436589705237008","0.22936069448189633"
"654","300","0.4","0.3","0.2","0.05","0.45","0.2","300","21229","4797","16432","0.7740355174525413","4797","3873","0.5365428679937922","0.23664674829264915"
"653","300","0.4","0.3","0.2","0.05","0.45","0.2","300","21218","4877","16341","0.770147987557734","4877","3918","0.5694898022933031","0.2240185553881967"
"655","300","0.4","0.3","0.2","0.05","0.45","0.2","300","20873","4860","16013","0.767163321036746","4860","3883","0.5558739947297247","0.2273181415585576"
"656","300","0.4","0.3","0.2","0.05","0.45","0.2","300","21215","4845","16370","0.7716238510487863","4845","3947","0.5602542150449987","0.22579404536944192"
"657","300","0.4","0.3","0.2","0.05","0.45","0.2","300","21177","4789","16388","0.7738584313169948","4789","3846","0.5505259667859022","0.22981174774122345"
"661","300","0.4","0.3","0.2","0.05","0.45","0.25","300","17443","5071","12372","0.7092816602648627","5071","3801","0.5186360420400558","0.19363793693679185"
"658","300","0.4","0.3","0.2","0.05","0.45","0.2","300","21060","4750","16310","0.7744539411206078","4750","3826","0.5508403733414479","0.2363781867201943"
"662","300","0.4","0.3","0.2","0.05","0.45","0.25","300","17336","5076","12260","0.7071988924780803","5076","3842","0.5243017367261953","0.1887184864279755"
"659","300","0.4","0.3","0.2","0.05","0.45","0.2","300","21051","4886","16165","0.7678970120184314","4886","3857","0.544125856422756","0.22515901185753132"
"660","300","0.4","0.3","0.2","0.05","0.45","0.2","300","21297","4824","16473","0.7734892238343428","4824","3900","0.5575126784841166","0.22735438239119693"
"667","300","0.4","0.3","0.2","0.05","0.45","0.25","300","17484","5087","12397","0.7090482727064745","5087","3862","0.5343002591624726","0.19017943849156713"
"666","300","0.4","0.3","0.2","0.05","0.45","0.25","300","17640","5059","12581","0.7132086167800453","5059","3825","0.5338351432730378","0.18993764507408178"
"664","300","0.4","0.3","0.2","0.05","0.45","0.25","300","17323","5112","12211","0.7049009986722854","5112","3777","0.5288919563918835","0.18096207161200595"
"663","300","0.4","0.3","0.2","0.05","0.45","0.25","300","17344","5083","12261","0.7069303505535055","5083","3797","0.5302519747574458","0.1894236141551249"
"665","300","0.4","0.3","0.2","0.05","0.45","0.25","300","17337","5089","12248","0.7064659398973294","5089","3779","0.5247406063296134","0.18962707817796812"
"668","300","0.4","0.3","0.2","0.05","0.45","0.25","300","17382","5109","12273","0.7060752502588885","5109","3798","0.5277043782110439","0.18362583354431702"
"670","300","0.4","0.3","0.2","0.05","0.45","0.25","300","17220","5058","12162","0.7062717770034843","5058","3790","0.5273407094633232","0.19425519496887864"
"669","300","0.4","0.3","0.2","0.05","0.45","0.25","300","17487","5113","12374","0.7076113684451306","5113","3828","0.539404033260761","0.1855180506157168"
"672","300","0.4","0.3","0.2","0.05","0.45","0.3","300","13915","5221","8694","0.6247933884297521","5221","3693","0.5040448812040673","0.15297172909572568"
"671","300","0.4","0.3","0.2","0.05","0.45","0.3","300","14186","5179","9007","0.6349217538418159","5179","3580","0.49870676880953974","0.15353524446186073"
"673","300","0.4","0.3","0.2","0.05","0.45","0.3","300","13924","5297","8627","0.6195777075553002","5297","3698","0.5116289007040589","0.1533983654190852"
"676","300","0.4","0.3","0.2","0.05","0.45","0.3","300","14062","5220","8842","0.628786801308491","5220","3662","0.5129595136944923","0.15031893099638646"
"675","300","0.4","0.3","0.2","0.05","0.45","0.3","300","13809","5244","8565","0.620247664566587","5244","3691","0.5007839412167019","0.15112254599128985"
"677","300","0.4","0.3","0.2","0.05","0.45","0.3","300","14102","5226","8876","0.6294142674797901","5226","3670","0.5088539191432149","0.14784595454783056"
"679","300","0.4","0.3","0.2","0.05","0.45","0.3","300","14112","5196","8916","0.6318027210884354","5196","3630","0.5117480353441144","0.14994786265774815"
"678","300","0.4","0.3","0.2","0.05","0.45","0.3","300","14029","5244","8785","0.6262028654929076","5244","3683","0.5027647966669856","0.15027039216183943"
"682","300","0.4","0.3","0.2","0.05","0.45","0.35","300","11212","5275","5937","0.5295219407777382","5275","3376","0.47583420433134505","0.11296421116125346"
"680","300","0.4","0.3","0.2","0.05","0.45","0.3","300","13968","5251","8717","0.6240693012600229","5251","3638","0.49742809769687474","0.14950406051298734"
"681","300","0.4","0.3","0.2","0.05","0.45","0.35","300","11103","5209","5894","0.5308475186886427","5209","3321","0.4773179844908276","0.11816216369149422"
"684","300","0.4","0.3","0.2","0.05","0.45","0.35","300","11182","5220","5962","0.5331783223037023","5220","3401","0.48724581054023075","0.11882714450512104"
"674","300","0.4","0.3","0.2","0.05","0.45","0.3","300","13973","5277","8696","0.6223430902454734","5277","3707","0.5088566900309226","0.14845299123762787"
"683","300","0.4","0.3","0.2","0.05","0.45","0.35","300","11147","5263","5884","0.5278550282587243","5263","3414","0.47710474700539823","0.11603794135527813"
"687","300","0.4","0.3","0.2","0.05","0.45","0.35","300","11172","5234","5938","0.5315073397780165","5234","3406","0.47931908014433666","0.12143142146521377"
"686","300","0.4","0.3","0.2","0.05","0.45","0.35","300","11230","5219","6011","0.5352626892252894","5219","3423","0.48199397535619","0.12528307797965815"
"688","300","0.4","0.3","0.2","0.05","0.45","0.35","300","11303","5229","6074","0.5373794567813854","5229","3403","0.483074630818235","0.1328047730290479"
"685","300","0.4","0.3","0.2","0.05","0.45","0.35","300","11143","5245","5898","0.5293009063986359","5245","3349","0.47827363383061555","0.12178841595477237"
"690","300","0.4","0.3","0.2","0.05","0.45","0.35","300","11262","5234","6028","0.535251287515539","5234","3421","0.48535440797695456","0.120940660784406"
"691","300","0.4","0.3","0.2","0.05","0.45","0.4","300","9161","5083","4078","0.4451479096168541","5083","3090","0.44869643981669505","0.10373968777205218"
"689","300","0.4","0.3","0.2","0.05","0.45","0.35","300","11208","5244","5964","0.5321199143468951","5244","3390","0.48502316897688397","0.12332975494538499"
"692","300","0.4","0.3","0.2","0.05","0.45","0.4","300","9090","5120","3970","0.4367436743674367","5120","3021","0.45076719507463187","0.09347972884807985"
"693","300","0.4","0.3","0.2","0.05","0.45","0.4","300","9035","5169","3866","0.42789153292750415","5169","3062","0.4516196886865499","0.09339992654702281"
"695","300","0.4","0.3","0.2","0.05","0.45","0.4","300","9111","5128","3983","0.437163867852047","5128","3077","0.45871344665725966","0.08780213438878363"
"694","300","0.4","0.3","0.2","0.05","0.45","0.4","300","9146","5108","4038","0.4415044828340258","5108","3038","0.45214802089191647","0.09341605641843193"
"697","300","0.4","0.3","0.2","0.05","0.45","0.4","300","9019","5121","3898","0.4321986916509591","5121","3077","0.44076238137645146","0.10023775249105944"
"698","300","0.4","0.3","0.2","0.05","0.45","0.4","300","9040","5119","3921","0.4337389380530973","5119","3070","0.4515961565273116","0.09701040855778151"
"701","300","0.4","0.3","0.2","0.05","0.45","0.45","300","7588","4952","2636","0.3473906167633105","4952","2693","0.42570736629514655","0.0806366028124458"
"703","300","0.4","0.3","0.2","0.05","0.45","0.45","300","7483","4958","2525","0.3374315114258987","4958","2689","0.4188825339384379","0.07402789194857248"
"696","300","0.4","0.3","0.2","0.05","0.45","0.4","300","9080","5132","3948","0.43480176211453747","5132","3078","0.45281623231119367","0.10070439686059098"
"700","300","0.4","0.3","0.2","0.05","0.45","0.4","300","9174","5114","4060","0.44255504687159364","5114","3059","0.4425150539140286","0.09713706448704558"
"702","300","0.4","0.3","0.2","0.05","0.45","0.45","300","7617","4949","2668","0.35026913482998556","4949","2732","0.42001023728846254","0.07785380296621858"
"699","300","0.4","0.3","0.2","0.05","0.45","0.4","300","9119","5146","3973","0.43568373725189163","5146","3133","0.4542970786676319","0.08933026219479731"
"704","300","0.4","0.3","0.2","0.05","0.45","0.45","300","7488","4952","2536","0.3386752136752137","4952","2751","0.4207210272652217","0.07842978056970348"
"705","300","0.4","0.3","0.2","0.05","0.45","0.45","300","7536","4969","2567","0.3406316348195329","4969","2703","0.4122466938929672","0.0864714531399115"
"711","300","0.4","0.3","0.2","0.05","0.45","0.5","300","6450","4733","1717","0.2662015503875969","4733","2330","0.3880150638524201","0.07471312416692273"
"706","300","0.4","0.3","0.2","0.05","0.45","0.45","300","7468","4945","2523","0.3378414568826995","4945","2786","0.4307487196921906","0.0735118396977026"
"709","300","0.4","0.3","0.2","0.05","0.45","0.45","300","7558","4966","2592","0.3429478698068272","4966","2808","0.4184590731044891","0.0821098545639834"
"712","300","0.4","0.3","0.2","0.05","0.45","0.5","300","6521","4740","1781","0.27311761999693296","4740","2389","0.38887793246620284","0.07478428315327992"
"710","300","0.4","0.3","0.2","0.05","0.45","0.45","300","7492","4983","2509","0.33489054991991457","4983","2728","0.4131805042541851","0.08006143635383137"
"708","300","0.4","0.3","0.2","0.05","0.45","0.45","300","7522","4975","2547","0.3386067535229992","4975","2723","0.41694743683861274","0.08303889012569954"
"713","300","0.4","0.3","0.2","0.05","0.45","0.5","300","6481","4782","1699","0.26215090263848173","4782","2364","0.3956560054305285","0.06392414408154688"
"714","300","0.4","0.3","0.2","0.05","0.45","0.5","300","6429","4779","1650","0.25664955669622025","4779","2333","0.3919867685010337","0.06037324016880958"
"715","300","0.4","0.3","0.2","0.05","0.45","0.5","300","6457","4777","1680","0.26018274740591607","4777","2451","0.39488634990186544","0.06780780639859595"
"716","300","0.4","0.3","0.2","0.05","0.45","0.5","300","6451","4754","1697","0.2630599906991164","4754","2408","0.39630979066831723","0.06523393480138201"
"707","300","0.4","0.3","0.2","0.05","0.45","0.45","300","7553","4950","2603","0.3446312723421157","4950","2729","0.41872375327753536","0.082905630502884"
"717","300","0.4","0.3","0.2","0.05","0.45","0.5","300","6456","4772","1684","0.26084262701363076","4772","2385","0.3973503401660262","0.06630186839550488"
"718","300","0.4","0.3","0.2","0.05","0.45","0.5","300","6453","4773","1680","0.2603440260344026","4773","2355","0.3900284610121068","0.06653439851762259"
"723","300","0.4","0.3","0.2","0.05","0.45","0.55","300","5705","4570","1135","0.19894829097283084","4570","2008","0.37261756904791876","0.06195029375714903"
"722","300","0.4","0.3","0.2","0.05","0.45","0.55","300","5671","4539","1132","0.19961206136483867","4539","2015","0.3685316265420958","0.06661705213082075"
"721","300","0.4","0.3","0.2","0.05","0.45","0.55","300","5671","4550","1121","0.19767236818903192","4550","2104","0.37564442434716044","0.06205724378804002"
"720","300","0.4","0.3","0.2","0.05","0.45","0.5","300","6399","4787","1612","0.251914361619003","4787","2407","0.3991390691911234","0.07718526011290539"
"725","300","0.4","0.3","0.2","0.05","0.45","0.55","300","5735","4543","1192","0.207846556233653","4543","2029","0.36980497079282687","0.058670241989826254"
"730","300","0.4","0.3","0.2","0.05","0.45","0.55","300","5785","4594","1191","0.20587726879861712","4594","2076","0.36902008571944894","0.05993129014681184"
"732","300","0.4","0.3","0.2","0.05","0.45","0.6","300","5117","4360","757","0.14793824506546804","4360","1725","0.35396247157108757","0.05310841419055178"
"726","300","0.4","0.3","0.2","0.05","0.45","0.55","300","5716","4582","1134","0.19839048285514346","4582","2017","0.3683114597353583","0.06145763104250195"
"731","300","0.4","0.3","0.2","0.05","0.45","0.6","300","5168","4371","797","0.15421826625386997","4371","1753","0.3539302793675133","0.061049133117087775"
"728","300","0.4","0.3","0.2","0.05","0.45","0.55","300","5764","4580","1184","0.20541290770298404","4580","2039","0.37517619230605975","0.06345493697790132"
"727","300","0.4","0.3","0.2","0.05","0.45","0.55","300","5681","4542","1139","0.20049287097342017","4542","1996","0.3727769151501544","0.06502501084296024"
"719","300","0.4","0.3","0.2","0.05","0.45","0.5","300","6458","4773","1685","0.2609166924744503","4773","2443","0.3970060690916515","0.0694765419270478"
"734","300","0.4","0.3","0.2","0.05","0.45","0.6","300","5184","4373","811","0.1564429012345679","4373","1739","0.3546618768558542","0.049420519932486556"
"735","300","0.4","0.3","0.2","0.05","0.45","0.6","300","5184","4366","818","0.15779320987654322","4366","1780","0.3564125722607015","0.056929139344590984"
"729","300","0.4","0.3","0.2","0.05","0.45","0.55","300","5703","4573","1130","0.19814132912502191","4573","2068","0.37449377782002136","0.056520943250950494"
"736","300","0.4","0.3","0.2","0.05","0.45","0.6","300","5155","4346","809","0.15693501454898157","4346","1770","0.3569794203405807","0.04957668582000721"
"737","300","0.4","0.3","0.2","0.05","0.45","0.6","300","5170","4387","783","0.15145067698259188","4387","1683","0.3537340835404884","0.05958010268090729"
"733","300","0.4","0.3","0.2","0.05","0.45","0.6","300","5216","4403","813","0.15586656441717792","4403","1785","0.3549993488990872","0.05897950733504295"
"739","300","0.4","0.3","0.2","0.05","0.45","0.6","300","5163","4355","808","0.15649815998450514","4355","1728","0.3608268172547246","0.046705535270446116"
"724","300","0.4","0.3","0.2","0.05","0.45","0.55","300","5726","4550","1176","0.20537897310513448","4550","2067","0.3747818702026118","0.0625399424959313"
"738","300","0.4","0.3","0.2","0.05","0.45","0.6","300","5150","4382","768","0.14912621359223302","4382","1735","0.35332040080205235","0.05970316586652552"
"741","300","0.4","0.3","0.2","0.05","0.45","0.65","300","4705","4202","503","0.10690754516471838","4202","1482","0.34159861543817993","0.04800031808098007"
"740","300","0.4","0.3","0.2","0.05","0.45","0.6","300","5153","4369","784","0.15214438191344848","4369","1776","0.3604035378202586","0.042501544734243606"
"742","300","0.4","0.3","0.2","0.05","0.45","0.65","300","4760","4198","562","0.1180672268907563","4198","1477","0.3385618890770931","0.04980745387948224"
"743","300","0.4","0.3","0.2","0.05","0.45","0.65","300","4746","4210","536","0.11293721028234302","4210","1487","0.33777095990866474","0.05294685720068114"
"744","300","0.4","0.3","0.2","0.05","0.45","0.65","300","4769","4248","521","0.10924722163975677","4248","1467","0.34421715189991414","0.04474853487242846"
"745","300","0.4","0.3","0.2","0.05","0.45","0.65","300","4722","4204","518","0.10969927996611606","4204","1442","0.3377831395931257","0.05015737688330398"
"748","300","0.4","0.3","0.2","0.05","0.45","0.65","300","4752","4217","535","0.11258417508417508","4217","1474","0.3402494751907215","0.044851543611521466"
"749","300","0.4","0.3","0.2","0.05","0.45","0.65","300","4759","4223","536","0.11262870350914057","4223","1423","0.33683032262815515","0.04832115956209529"
"747","300","0.4","0.3","0.2","0.05","0.45","0.65","300","4796","4223","573","0.1194745621351126","4223","1496","0.3370397881312122","0.055012054344197266"
"751","300","0.4","0.3","0.2","0.05","0.45","0.7","300","4431","4049","382","0.08621078763258858","4049","1216","0.32923677521126216","0.05653927816637361"
"746","300","0.4","0.3","0.2","0.05","0.45","0.65","300","4800","4212","588","0.1225","4212","1411","0.3417362455925493","0.047719283215617116"
"750","300","0.4","0.3","0.2","0.05","0.45","0.65","300","4761","4212","549","0.11531190926275993","4212","1465","0.33989986238732506","0.05155834305206724"
"752","300","0.4","0.3","0.2","0.05","0.45","0.7","300","4473","4039","434","0.09702660406885759","4039","1190","0.32987029470709683","0.041834349056164497"
"761","300","0.4","0.3","0.2","0.05","0.45","0.75","300","4242","3931","311","0.07331447430457332","3931","978","0.31896559056630247","0.037661378814735386"
"756","300","0.4","0.3","0.2","0.05","0.45","0.7","300","4449","4051","398","0.08945830523713194","4051","1214","0.32934126696158794","0.052601739330944565"
"760","300","0.4","0.3","0.2","0.05","0.45","0.7","300","4478","4106","372","0.08307280035730237","4106","1211","0.3307972917686648","0.042285664499221005"
"755","300","0.4","0.3","0.2","0.05","0.45","0.7","300","4524","4112","412","0.09106984969053934","4112","1196","0.328708880250506","0.04008120356673531"
"753","300","0.4","0.3","0.2","0.05","0.45","0.7","300","4515","4122","393","0.08704318936877077","4122","1243","0.32940306902366556","0.05006939468618732"
"759","300","0.4","0.3","0.2","0.05","0.45","0.7","300","4428","4042","386","0.08717253839205058","4042","1181","0.3247839362614754","0.05174953725382177"
"757","300","0.4","0.3","0.2","0.05","0.45","0.7","300","4448","4038","410","0.09217625899280575","4038","1238","0.328735251143821","0.0443076420311391"
"763","300","0.4","0.3","0.2","0.05","0.45","0.75","300","4211","3957","254","0.0603182142009024","3957","1026","0.3225230623575259","0.039060497869602265"
"758","300","0.4","0.3","0.2","0.05","0.45","0.7","300","4450","4060","390","0.08764044943820225","4060","1217","0.3312854418606957","0.045146518822667375"
"754","300","0.4","0.3","0.2","0.05","0.45","0.7","300","4522","4104","418","0.09243697478991597","4104","1227","0.3294249518154452","0.04853339839740182"
"764","300","0.4","0.3","0.2","0.05","0.45","0.75","300","4208","3947","261","0.06202471482889734","3947","963","0.3200242190149457","0.037888868105428436"
"762","300","0.4","0.3","0.2","0.05","0.45","0.75","300","4185","3944","241","0.057586618876941456","3944","1003","0.3200918042505461","0.042012015126122376"
"767","300","0.4","0.3","0.2","0.05","0.45","0.75","300","4208","3930","278","0.06606463878326996","3930","966","0.32161848865640136","0.040593616844190356"
"766","300","0.4","0.3","0.2","0.05","0.45","0.75","300","4246","3968","278","0.06547338671691004","3968","1014","0.3181122042275212","0.04958499443871925"
"768","300","0.4","0.3","0.2","0.05","0.45","0.75","300","4232","3954","278","0.06568998109640832","3954","986","0.3223909206461103","0.04411473786667799"
"770","300","0.4","0.3","0.2","0.05","0.45","0.75","300","4256","3937","319","0.074953007518797","3937","977","0.3176346726891967","0.042795103940781155"
"771","300","0.4","0.3","0.2","0.05","0.45","0.8","300","4027","3809","218","0.05413459150732555","3809","774","0.3116036667392983","0.046446619263286235"
"765","300","0.4","0.3","0.2","0.05","0.45","0.75","300","4256","3938","318","0.07471804511278196","3938","1037","0.319714995300565","0.03599473382835353"
"773","300","0.4","0.3","0.2","0.05","0.45","0.8","300","4043","3822","221","0.05466237942122187","3822","762","0.311232003398176","0.041773157859225876"
"769","300","0.4","0.3","0.2","0.05","0.45","0.75","300","4257","3958","299","0.07023725628376791","3958","977","0.31907643767836874","0.04290073766551883"
"775","300","0.4","0.3","0.2","0.05","0.45","0.8","300","3980","3790","190","0.04773869346733668","3790","763","0.31179021639184906","0.03888555499992648"
"772","300","0.4","0.3","0.2","0.05","0.45","0.8","300","4032","3836","196","0.04861111111111111","3836","764","0.3134799424396263","0.04883757310875865"
"776","300","0.4","0.3","0.2","0.05","0.45","0.8","300","4002","3816","186","0.046476761619190406","3816","770","0.31147704286319694","0.047418850232585005"
"774","300","0.4","0.3","0.2","0.05","0.45","0.8","300","4080","3890","190","0.04656862745098039","3890","755","0.3128131150638955","0.04053646883498348"
"777","300","0.4","0.3","0.2","0.05","0.45","0.8","300","4074","3860","214","0.052528227785959745","3860","760","0.3116290196319696","0.039949922642893605"
"779","300","0.4","0.3","0.2","0.05","0.45","0.8","300","4020","3805","215","0.053482587064676616","3805","758","0.31154819524767546","0.037550743127088906"
"778","300","0.4","0.3","0.2","0.05","0.45","0.8","300","4023","3817","206","0.051205567984091475","3817","759","0.3137209521451695","0.037728667526841446"
"780","300","0.4","0.3","0.2","0.05","0.45","0.8","300","4049","3830","219","0.05408742899481354","3830","810","0.3123561572927031","0.04174172652610275"
"782","300","0.4","0.3","0.2","0.05","0.5","0.2","300","20189","4586","15603","0.7728465996334638","4586","3610","0.5533014788010852","0.2182833732656004"
"784","300","0.4","0.3","0.2","0.05","0.5","0.2","300","20293","4539","15754","0.7763268122012517","4539","3649","0.5488830980759382","0.21701944941911028"
"783","300","0.4","0.3","0.2","0.05","0.5","0.2","300","20010","4572","15438","0.7715142428785607","4572","3634","0.5607659725202813","0.21512130502222415"
"785","300","0.4","0.3","0.2","0.05","0.5","0.2","300","19919","4625","15294","0.7678096289974397","4625","3659","0.557767266974777","0.21401648842125898"
"781","300","0.4","0.3","0.2","0.05","0.5","0.2","300","20059","4570","15489","0.7721720923276335","4570","3671","0.5516635716478102","0.21582612331682655"
"787","300","0.4","0.3","0.2","0.05","0.5","0.2","300","20027","4577","15450","0.7714585309831727","4577","3656","0.5526796102670378","0.22011173854328125"
"789","300","0.4","0.3","0.2","0.05","0.5","0.2","300","20142","4565","15577","0.7733591500347533","4565","3705","0.5556048440628266","0.22295215957788816"
"790","300","0.4","0.3","0.2","0.05","0.5","0.2","300","20107","4557","15550","0.7733625105684587","4557","3659","0.5521030526780082","0.21585846735661382"
"786","300","0.4","0.3","0.2","0.05","0.5","0.2","300","20000","4601","15399","0.76995","4601","3676","0.5610057960123584","0.2115304678993894"
"792","300","0.4","0.3","0.2","0.05","0.5","0.25","300","16391","4764","11627","0.7093526935513391","4764","3585","0.5327550147834605","0.16921693346545366"
"791","300","0.4","0.3","0.2","0.05","0.5","0.25","300","16111","4775","11336","0.703618645645832","4775","3537","0.5275825568841936","0.17308591399862053"
"793","300","0.4","0.3","0.2","0.05","0.5","0.25","300","16338","4772","11566","0.7079201860692863","4772","3621","0.5357183877004955","0.1677639613367949"
"788","300","0.4","0.3","0.2","0.05","0.5","0.2","300","20129","4605","15524","0.7712255949128124","4605","3674","0.5399525947956675","0.22010114240065093"
"795","300","0.4","0.3","0.2","0.05","0.5","0.25","300","16215","4779","11436","0.70527289546716","4779","3607","0.5336599714988449","0.17945361162728743"
"796","300","0.4","0.3","0.2","0.05","0.5","0.25","300","16171","4829","11342","0.701379011811267","4829","3616","0.5383307964119084","0.17358030631501162"
"797","300","0.4","0.3","0.2","0.05","0.5","0.25","300","16346","4748","11598","0.709531383824789","4748","3549","0.5391116451799602","0.16749204126856587"
"801","300","0.4","0.3","0.2","0.05","0.5","0.3","300","13018","4847","8171","0.6276693808572745","4847","3444","0.5125451678022299","0.13340625952556612"
"799","300","0.4","0.3","0.2","0.05","0.5","0.25","300","16088","4791","11297","0.7022003978120338","4791","3568","0.5367759972479139","0.1713733516203949"
"798","300","0.4","0.3","0.2","0.05","0.5","0.25","300","16165","4807","11358","0.7026291370244355","4807","3593","0.528916220447969","0.17072794152462875"
"800","300","0.4","0.3","0.2","0.05","0.5","0.25","300","16229","4720","11509","0.7091626101423378","4720","3600","0.5403064235951143","0.17932763945061023"
"802","300","0.4","0.3","0.2","0.05","0.5","0.3","300","12939","4847","8092","0.6253960893422985","4847","3482","0.5084496229441156","0.13915447365661834"
"804","300","0.4","0.3","0.2","0.05","0.5","0.3","300","12855","4864","7991","0.6216258265266433","4864","3377","0.5089237487475665","0.13698233498634596"
"803","300","0.4","0.3","0.2","0.05","0.5","0.3","300","12928","4867","8061","0.6235303217821783","4867","3399","0.5000898039357354","0.14034163516595818"
"794","300","0.4","0.3","0.2","0.05","0.5","0.25","300","16361","4789","11572","0.7072917303343317","4789","3587","0.5391512411781346","0.17474538647869578"
"805","300","0.4","0.3","0.2","0.05","0.5","0.3","300","12819","4864","7955","0.6205632264607224","4864","3380","0.5095310288401651","0.13549172483955332"
"808","300","0.4","0.3","0.2","0.05","0.5","0.3","300","13059","4864","8195","0.6275365648211961","4864","3399","0.50895099621857","0.1283693879537302"
"806","300","0.4","0.3","0.2","0.05","0.5","0.3","300","12660","4882","7778","0.6143759873617693","4882","3374","0.503115135201353","0.14472840034926557"
"811","300","0.4","0.3","0.2","0.05","0.5","0.35","300","10266","4813","5453","0.5311708552503409","4813","3085","0.4562381282706615","0.11779274226796269"
"807","300","0.4","0.3","0.2","0.05","0.5","0.3","300","12936","4865","8071","0.6239177489177489","4865","3392","0.5068543949127624","0.13538092011444058"
"809","300","0.4","0.3","0.2","0.05","0.5","0.3","300","12700","4887","7813","0.6151968503937008","4887","3396","0.4947992450862221","0.14403334776380067"
"810","300","0.4","0.3","0.2","0.05","0.5","0.3","300","12887","4896","7991","0.6200822534336928","4896","3410","0.5171544074458716","0.12980409241220883"
"814","300","0.4","0.3","0.2","0.05","0.5","0.35","300","10317","4795","5522","0.5352331104003102","4795","3113","0.46692606688251875","0.11221639232823148"
"816","300","0.4","0.3","0.2","0.05","0.5","0.35","300","10109","4830","5279","0.5222079335245821","4830","3145","0.48189953863868035","0.10770332035777244"
"812","300","0.4","0.3","0.2","0.05","0.5","0.35","300","10370","4809","5561","0.5362584378013501","4809","3182","0.4754145979531313","0.11505180656228904"
"815","300","0.4","0.3","0.2","0.05","0.5","0.35","300","10249","4807","5442","0.5309786320616645","4807","3098","0.4778651954563486","0.11320921312393012"
"818","300","0.4","0.3","0.2","0.05","0.5","0.35","300","10287","4797","5490","0.5336832895888014","4797","3138","0.4732491574109285","0.1095005190443455"
"822","300","0.4","0.3","0.2","0.05","0.5","0.4","300","8120","4652","3468","0.4270935960591133","4652","2794","0.4412277321431686","0.09153846677234168"
"821","300","0.4","0.3","0.2","0.05","0.5","0.4","300","8262","4644","3618","0.43790849673202614","4644","2786","0.43875779354774236","0.08660040376974523"
"820","300","0.4","0.3","0.2","0.05","0.5","0.35","300","10287","4824","5463","0.531058617672791","4824","3166","0.46979325738976796","0.11255340009486832"
"813","300","0.4","0.3","0.2","0.05","0.5","0.35","300","10188","4823","5365","0.5265999214762466","4823","3168","0.4810360774664279","0.1038805540974047"
"823","300","0.4","0.3","0.2","0.05","0.5","0.4","300","8250","4678","3572","0.43296969696969695","4678","2814","0.4473523432291772","0.08564131077007393"
"819","300","0.4","0.3","0.2","0.05","0.5","0.35","300","10245","4837","5408","0.527867252318204","4837","3081","0.4636415473011528","0.10844029834406023"
"824","300","0.4","0.3","0.2","0.05","0.5","0.4","300","8281","4659","3622","0.43738678903514067","4659","2835","0.447036668792982","0.08256396526067772"
"825","300","0.4","0.3","0.2","0.05","0.5","0.4","300","8345","4665","3680","0.4409826243259437","4665","2803","0.4396192218977899","0.0884473303994968"
"826","300","0.4","0.3","0.2","0.05","0.5","0.4","300","8182","4671","3511","0.42911268638474703","4671","2807","0.44669149506344646","0.09123183236939902"
"817","300","0.4","0.3","0.2","0.05","0.5","0.35","300","10223","4823","5400","0.528220678861391","4823","3102","0.4735099233529479","0.1101287489171307"
"827","300","0.4","0.3","0.2","0.05","0.5","0.4","300","8172","4688","3484","0.42633382280959375","4688","2820","0.4474297451211744","0.08725006484076019"
"832","300","0.4","0.3","0.2","0.05","0.5","0.45","300","6794","4498","2296","0.33794524580512214","4498","2468","0.4175249644472737","0.0715440003648573"
"830","300","0.4","0.3","0.2","0.05","0.5","0.4","300","8208","4655","3553","0.43287037037037035","4655","2827","0.4459140830637845","0.09872629252954447"
"829","300","0.4","0.3","0.2","0.05","0.5","0.4","300","8169","4686","3483","0.4263679764965112","4686","2772","0.4433278601506295","0.09311816534694622"
"831","300","0.4","0.3","0.2","0.05","0.5","0.45","300","6849","4499","2350","0.343115783326033","4499","2504","0.42350629226403774","0.0638903515910481"
"833","300","0.4","0.3","0.2","0.05","0.5","0.45","300","6834","4507","2327","0.3405033655253146","4507","2498","0.40973060842525577","0.08096821973662804"
"835","300","0.4","0.3","0.2","0.05","0.5","0.45","300","6814","4539","2275","0.3338714411505723","4539","2504","0.41541938815808777","0.06843874416623957"
"834","300","0.4","0.3","0.2","0.05","0.5","0.45","300","6814","4483","2331","0.3420898150865864","4483","2440","0.4224488503916126","0.07365456234495672"
"828","300","0.4","0.3","0.2","0.05","0.5","0.4","300","8196","4687","3509","0.42813567593948265","4687","2796","0.4435941637407954","0.08611575045627727"
"836","300","0.4","0.3","0.2","0.05","0.5","0.45","300","6817","4522","2295","0.33665835411471323","4522","2505","0.41197481308887784","0.0719820463974425"
"837","300","0.4","0.3","0.2","0.05","0.5","0.45","300","6910","4500","2410","0.34876989869753977","4500","2484","0.4193634006116012","0.06449657303267431"
"839","300","0.4","0.3","0.2","0.05","0.5","0.45","300","6833","4498","2335","0.34172398653592856","4498","2444","0.42551802674889927","0.07130995572268088"
"838","300","0.4","0.3","0.2","0.05","0.5","0.45","300","6789","4514","2275","0.3351008985122993","4514","2460","0.41704276223314635","0.0651382354230757"
"840","300","0.4","0.3","0.2","0.05","0.5","0.45","300","6710","4537","2173","0.3238450074515648","4537","2456","0.41543459645035025","0.06987346022538403"
"841","300","0.4","0.3","0.2","0.05","0.5","0.5","300","5842","4322","1520","0.26018486819582337","4322","2176","0.3948688735563456","0.06051909414272028"
"842","300","0.4","0.3","0.2","0.05","0.5","0.5","300","5919","4324","1595","0.2694711944585234","4324","2190","0.3928815905925315","0.062437012737289806"
"843","300","0.4","0.3","0.2","0.05","0.5","0.5","300","5850","4312","1538","0.2629059829059829","4312","2166","0.39209931757372907","0.05586128495456741"
"845","300","0.4","0.3","0.2","0.05","0.5","0.5","300","5869","4300","1569","0.2673368546600784","4300","2132","0.38703230482793266","0.06568512610955377"
"846","300","0.4","0.3","0.2","0.05","0.5","0.5","300","5839","4345","1494","0.25586573043329336","4345","2154","0.39551881771945535","0.06519625018438184"
"852","300","0.4","0.3","0.2","0.05","0.5","0.55","300","5177","4172","1005","0.1941278732856867","4172","1902","0.368544634791514","0.05566753199066818"
"849","300","0.4","0.3","0.2","0.05","0.5","0.5","300","5891","4352","1539","0.2612459684264132","4352","2191","0.39751341088488945","0.057689572468473976"
"848","300","0.4","0.3","0.2","0.05","0.5","0.5","300","5874","4312","1562","0.26591760299625467","4312","2199","0.38730009499214046","0.06694679920263492"
"847","300","0.4","0.3","0.2","0.05","0.5","0.5","300","5833","4310","1523","0.26110063432196123","4310","2128","0.38681657297521804","0.06641796441104389"
"851","300","0.4","0.3","0.2","0.05","0.5","0.55","300","5190","4182","1008","0.19421965317919074","4182","1874","0.3754798405595744","0.05559167738269142"
"844","300","0.4","0.3","0.2","0.05","0.5","0.5","300","5870","4347","1523","0.25945485519591144","4347","2157","0.38942668719547935","0.057513217397018375"
"853","300","0.4","0.3","0.2","0.05","0.5","0.55","300","5217","4175","1042","0.19973164654015718","4175","1871","0.3660832457910971","0.04996521200547029"
"854","300","0.4","0.3","0.2","0.05","0.5","0.55","300","5199","4160","1039","0.19984612425466436","4160","1876","0.36730910802371025","0.05752635778744957"
"855","300","0.4","0.3","0.2","0.05","0.5","0.55","300","5200","4172","1028","0.1976923076923077","4172","1897","0.37378906605938717","0.05337126556239589"
"856","300","0.4","0.3","0.2","0.05","0.5","0.55","300","5200","4161","1039","0.1998076923076923","4161","1888","0.3768692304969895","0.05234934562870159"
"850","300","0.4","0.3","0.2","0.05","0.5","0.5","300","5853","4308","1545","0.2639671963095848","4308","2162","0.3936352748418704","0.06970868409861478"
"860","300","0.4","0.3","0.2","0.05","0.5","0.55","300","5213","4157","1056","0.202570496834836","4157","1901","0.3645739153623548","0.05431922278729722"
"861","300","0.4","0.3","0.2","0.05","0.5","0.6","300","4700","4027","673","0.14319148936170212","4027","1618","0.3582115347277784","0.05233053426710204"
"857","300","0.4","0.3","0.2","0.05","0.5","0.55","300","5198","4175","1023","0.19680646402462484","4175","1816","0.3697015601325942","0.055502965266717615"
"858","300","0.4","0.3","0.2","0.05","0.5","0.55","300","5216","4153","1063","0.20379601226993865","4153","1842","0.3662389679905886","0.06211421370374282"
"862","300","0.4","0.3","0.2","0.05","0.5","0.6","300","4710","4000","710","0.15074309978768577","4000","1589","0.3546801571709293","0.05238910739680278"
"863","300","0.4","0.3","0.2","0.05","0.5","0.6","300","4770","4019","751","0.15744234800838575","4019","1609","0.3574122056135657","0.044490524086907804"
"864","300","0.4","0.3","0.2","0.05","0.5","0.6","300","4733","4036","697","0.14726389182336785","4036","1605","0.3506840778394712","0.05049223355636502"
"859","300","0.4","0.3","0.2","0.05","0.5","0.55","300","5230","4166","1064","0.20344168260038242","4166","1866","0.3679998499102973","0.05611023709398395"
"866","300","0.4","0.3","0.2","0.05","0.5","0.6","300","4703","3991","712","0.15139272804592813","3991","1623","0.352889390256332","0.0556356587765317"
"867","300","0.4","0.3","0.2","0.05","0.5","0.6","300","4762","4000","762","0.16001679966400673","4000","1641","0.3509501543349918","0.054705926233600245"
"865","300","0.4","0.3","0.2","0.05","0.5","0.6","300","4765","4041","724","0.15194123819517313","4041","1614","0.3539474201955736","0.046938210454992094"
"870","300","0.4","0.3","0.2","0.05","0.5","0.6","300","4735","4024","711","0.1501583949313622","4024","1619","0.3547258972386186","0.05165364786517682"
"868","300","0.4","0.3","0.2","0.05","0.5","0.6","300","4708","4025","683","0.14507221750212404","4025","1565","0.35890496651122544","0.05397161537052799"
"872","300","0.4","0.3","0.2","0.05","0.5","0.65","300","4336","3833","503","0.11600553505535055","3833","1353","0.342412450257671","0.050076351634506286"
"869","300","0.4","0.3","0.2","0.05","0.5","0.6","300","4742","3990","752","0.15858287642345","3990","1538","0.35216818534307476","0.051224626123605246"
"874","300","0.4","0.3","0.2","0.05","0.5","0.65","300","4373","3855","518","0.11845415046878573","3855","1375","0.3440088437498599","0.040928823298679175"
"871","300","0.4","0.3","0.2","0.05","0.5","0.65","300","4400","3879","521","0.11840909090909091","3879","1381","0.34169996525442786","0.047719197739369314"
"873","300","0.4","0.3","0.2","0.05","0.5","0.65","300","4384","3905","479","0.10926094890510948","3905","1366","0.3377564152789777","0.043303950227434725"
"881","300","0.4","0.3","0.2","0.05","0.5","0.7","300","4096","3744","352","0.0859375","3744","1152","0.3319434280479272","0.0507296654833121"
"882","300","0.4","0.3","0.2","0.05","0.5","0.7","300","4071","3727","344","0.08450012281994596","3727","1064","0.3280218020146593","0.04024796350544859"
"877","300","0.4","0.3","0.2","0.05","0.5","0.65","300","4383","3850","533","0.1216062057951175","3850","1359","0.33883865735971364","0.0534303823584442"
"876","300","0.4","0.3","0.2","0.05","0.5","0.65","300","4331","3856","475","0.10967444008312167","3856","1331","0.34060197357110455","0.045151292203648545"
"878","300","0.4","0.3","0.2","0.05","0.5","0.65","300","4372","3860","512","0.1171088746569076","3860","1377","0.3403854524424654","0.04671616107734795"
"875","300","0.4","0.3","0.2","0.05","0.5","0.65","300","4391","3881","510","0.11614666363015258","3881","1401","0.34234689857789","0.04653731357631299"
"883","300","0.4","0.3","0.2","0.05","0.5","0.7","300","4165","3802","363","0.08715486194477791","3802","1138","0.3290581066609638","0.03817399933720349"
"879","300","0.4","0.3","0.2","0.05","0.5","0.65","300","4387","3857","530","0.12081148848871666","3857","1393","0.3410473741832174","0.044055138855393826"
"885","300","0.4","0.3","0.2","0.05","0.5","0.7","300","4108","3722","386","0.09396299902629017","3722","1124","0.3305464093515988","0.047423641877234426"
"880","300","0.4","0.3","0.2","0.05","0.5","0.65","300","4349","3870","479","0.1101402621292251","3870","1351","0.34343260574815315","0.04347916711024823"
"884","300","0.4","0.3","0.2","0.05","0.5","0.7","300","4170","3798","372","0.08920863309352518","3798","1141","0.33099001750697304","0.03742727990410426"
"886","300","0.4","0.3","0.2","0.05","0.5","0.7","300","4075","3736","339","0.08319018404907975","3736","1108","0.3317340081917566","0.04624735782513975"
"887","300","0.4","0.3","0.2","0.05","0.5","0.7","300","4068","3729","339","0.08333333333333333","3729","1100","0.32559168458631205","0.04508288388664258"
"889","300","0.4","0.3","0.2","0.05","0.5","0.7","300","4125","3749","376","0.09115151515151515","3749","1095","0.32588832876079893","0.04090557791819731"
"891","300","0.4","0.3","0.2","0.05","0.5","0.75","300","3928","3673","255","0.06491853360488799","3673","958","0.3175940866887225","0.042950487425436584"
"892","300","0.4","0.3","0.2","0.05","0.5","0.75","300","3943","3682","261","0.06619325386761349","3682","919","0.3173520882608141","0.04262232754186751"
"890","300","0.4","0.3","0.2","0.05","0.5","0.7","300","4058","3744","314","0.07737801872843765","3744","1123","0.33139128147935787","0.04416985190946261"
"888","300","0.4","0.3","0.2","0.05","0.5","0.7","300","4069","3736","333","0.08183828950602114","3736","1138","0.3265745013447739","0.040879020981061"
"894","300","0.4","0.3","0.2","0.05","0.5","0.75","300","3887","3641","246","0.063287882685876","3641","917","0.3178271746664596","0.03968987626406681"
"897","300","0.4","0.3","0.2","0.05","0.5","0.75","300","3891","3652","239","0.06142379850938062","3652","887","0.31887940485721517","0.0469776095396901"
"893","300","0.4","0.3","0.2","0.05","0.5","0.75","300","3899","3655","244","0.0625801487560913","3655","979","0.3217855016733044","0.040030292496280546"
"895","300","0.4","0.3","0.2","0.05","0.5","0.75","300","3888","3627","261","0.06712962962962964","3627","902","0.3202345365148554","0.04134037898857228"
"896","300","0.4","0.3","0.2","0.05","0.5","0.75","300","3888","3637","251","0.06455761316872428","3637","934","0.3187569133627627","0.04033590637077141"
"898","300","0.4","0.3","0.2","0.05","0.5","0.75","300","3888","3613","275","0.07073045267489712","3613","933","0.3205070212207638","0.03469677298255092"
"899","300","0.4","0.3","0.2","0.05","0.5","0.75","300","3911","3662","249","0.06366658143697264","3662","901","0.31920867555912014","0.037406610547425695"
"900","300","0.4","0.3","0.2","0.05","0.5","0.75","300","3919","3660","259","0.06608828782852769","3660","893","0.32074748251356433","0.03560123304838785"
"902","300","0.4","0.3","0.2","0.05","0.5","0.8","300","3724","3531","193","0.05182599355531686","3531","671","0.31082165055507927","0.0387755746216163"
"901","300","0.4","0.3","0.2","0.05","0.5","0.8","300","3719","3519","200","0.05377789728421619","3519","675","0.31161216841497513","0.044944893819824416"
"905","300","0.4","0.3","0.2","0.05","0.5","0.8","300","3729","3566","163","0.04371145079109681","3566","713","0.3091729859826379","0.04092055967010887"
"904","300","0.4","0.3","0.2","0.05","0.5","0.8","300","3755","3551","204","0.05432756324900133","3551","719","0.3144188836094068","0.039638480879712015"
"903","300","0.4","0.3","0.2","0.05","0.5","0.8","300","3707","3522","185","0.04990558403021311","3522","701","0.310730443680121","0.044550631871341236"
"906","300","0.4","0.3","0.2","0.05","0.5","0.8","300","3753","3551","202","0.05382360778044231","3551","681","0.3133090977639854","0.03549352345710025"
"908","300","0.4","0.3","0.2","0.05","0.5","0.8","300","3726","3523","203","0.05448201825013419","3523","679","0.311450434902669","0.04598306949167546"
"907","300","0.4","0.3","0.2","0.05","0.5","0.8","300","3739","3547","192","0.05135062851029687","3547","705","0.31200109405377524","0.0436047185582087"
"909","300","0.4","0.3","0.2","0.05","0.5","0.8","300","3793","3581","212","0.055892433430002636","3581","724","0.3128713084933118","0.030807061068941335"
"910","300","0.4","0.3","0.2","0.05","0.5","0.8","300","3718","3527","191","0.05137170521785906","3527","717","0.3119187118512541","0.03306865054357718"
"911","300","0.4","0.3","0.2","0.05","0.55","0.2","300","19175","4302","14873","0.775645371577575","4302","3460","0.5513612149675707","0.20858761854355937"
"914","300","0.4","0.3","0.2","0.05","0.55","0.2","300","19061","4332","14729","0.7727296574156655","4332","3465","0.5621920428324685","0.20082596651082493"
"913","300","0.4","0.3","0.2","0.05","0.55","0.2","300","18893","4321","14572","0.7712909543217065","4321","3462","0.5481384888699242","0.21366824135792584"
"912","300","0.4","0.3","0.2","0.05","0.55","0.2","300","18930","4322","14608","0.7716851558372952","4322","3441","0.5679888939367341","0.19981591079866431"
"915","300","0.4","0.3","0.2","0.05","0.55","0.2","300","19262","4328","14934","0.7753088983490811","4328","3480","0.5658001604338315","0.20107827851835153"
"917","300","0.4","0.3","0.2","0.05","0.55","0.2","300","19111","4345","14766","0.772644027000157","4345","3486","0.5497897204042421","0.20956537477354845"
"919","300","0.4","0.3","0.2","0.05","0.55","0.2","300","19013","4341","14672","0.7716825330037342","4341","3484","0.5515181677238176","0.20698081199092222"
"918","300","0.4","0.3","0.2","0.05","0.55","0.2","300","19125","4294","14831","0.7754771241830065","4294","3387","0.5540168893332312","0.20895423330933974"
"916","300","0.4","0.3","0.2","0.05","0.55","0.2","300","19040","4352","14688","0.7714285714285715","4352","3501","0.5537536728292397","0.2053213276129025"
"922","300","0.4","0.3","0.2","0.05","0.55","0.25","300","15275","4450","10825","0.7086743044189853","4450","3339","0.5225775740539198","0.16603378541452246"
"923","300","0.4","0.3","0.2","0.05","0.55","0.25","300","15195","4489","10706","0.7045738729845343","4489","3364","0.5406800223855103","0.15611525471725493"
"924","300","0.4","0.3","0.2","0.05","0.55","0.25","300","15260","4477","10783","0.7066186107470511","4477","3332","0.535462137909875","0.16278403175916636"
"925","300","0.4","0.3","0.2","0.05","0.55","0.25","300","15255","4517","10738","0.7039003605375287","4517","3357","0.5390019487649751","0.15736359784259957"
"921","300","0.4","0.3","0.2","0.05","0.55","0.25","300","15075","4504","10571","0.7012271973466003","4504","3372","0.5219492379527335","0.1666189085151194"
"920","300","0.4","0.3","0.2","0.05","0.55","0.2","300","19160","4297","14863","0.7757306889352819","4297","3459","0.5514072944332953","0.21072939307220068"
"927","300","0.4","0.3","0.2","0.05","0.55","0.25","300","15197","4455","10742","0.7068500361913536","4455","3294","0.5226797266259282","0.1665766598435072"
"928","300","0.4","0.3","0.2","0.05","0.55","0.25","300","15065","4526","10539","0.6995685363425158","4526","3384","0.5380622529388696","0.1521926150401895"
"930","300","0.4","0.3","0.2","0.05","0.55","0.25","300","15224","4473","10751","0.706187598528639","4473","3376","0.5297116010219695","0.16394939954470902"
"926","300","0.4","0.3","0.2","0.05","0.55","0.25","300","15228","4440","10788","0.7084318360914106","4440","3302","0.5219790278757582","0.1753072985585953"
"931","300","0.4","0.3","0.2","0.05","0.55","0.3","300","11984","4525","7459","0.622413217623498","4525","3130","0.5084798885681275","0.11705869950415938"
"933","300","0.4","0.3","0.2","0.05","0.55","0.3","300","12051","4489","7562","0.6274997925483362","4489","3180","0.5065704403047823","0.1323475639305923"
"932","300","0.4","0.3","0.2","0.05","0.55","0.3","300","11842","4485","7357","0.6212633001182233","4485","3189","0.49397790292333676","0.13826057228353675"
"929","300","0.4","0.3","0.2","0.05","0.55","0.25","300","15224","4514","10710","0.7034944823962165","4514","3362","0.5303931900584103","0.15895569023282238"
"934","300","0.4","0.3","0.2","0.05","0.55","0.3","300","11972","4516","7456","0.6227865018376211","4516","3223","0.512829050795467","0.12599420995259675"
"936","300","0.4","0.3","0.2","0.05","0.55","0.3","300","11791","4543","7248","0.6147061317954372","4543","3141","0.5053646629786596","0.11680710288365745"
"935","300","0.4","0.3","0.2","0.05","0.55","0.3","300","11863","4481","7382","0.6222709264098457","4481","3136","0.4986024631110325","0.1269118006345697"
"937","300","0.4","0.3","0.2","0.05","0.55","0.3","300","11954","4503","7451","0.6233060063577045","4503","3114","0.5003022994743369","0.12783696653960752"
"938","300","0.4","0.3","0.2","0.05","0.55","0.3","300","11835","4491","7344","0.620532319391635","4491","3166","0.501533644087125","0.1286960818774939"
"939","300","0.4","0.3","0.2","0.05","0.55","0.3","300","11964","4552","7412","0.6195252423938482","4552","3178","0.5068979124170563","0.1261730992953137"
"941","300","0.4","0.3","0.2","0.05","0.55","0.35","300","9273","4430","4843","0.522268952873935","4430","2889","0.4725551266938794","0.1104234449581494"
"945","300","0.4","0.3","0.2","0.05","0.55","0.35","300","9262","4453","4809","0.5192183113798315","4453","2908","0.4665192629810963","0.08891509719578004"
"940","300","0.4","0.3","0.2","0.05","0.55","0.3","300","11883","4499","7384","0.6213919044012455","4499","3129","0.4966152587215","0.1342208838564279"
"942","300","0.4","0.3","0.2","0.05","0.55","0.35","300","9341","4425","4916","0.5262819826571031","4425","2845","0.46213268249554373","0.09282141126953374"
"946","300","0.4","0.3","0.2","0.05","0.55","0.35","300","9390","4432","4958","0.5280085197018104","4432","2835","0.4651034562953777","0.09675223642572488"
"944","300","0.4","0.3","0.2","0.05","0.55","0.35","300","9308","4450","4858","0.5219166308551784","4450","2897","0.466718853337061","0.10144472066691232"
"947","300","0.4","0.3","0.2","0.05","0.55","0.35","300","9232","4475","4757","0.5152729636048526","4475","2855","0.46908457716411267","0.0903580562842832"
"943","300","0.4","0.3","0.2","0.05","0.55","0.35","300","9371","4443","4928","0.525877707822004","4443","2896","0.4695148453209638","0.09266572538967581"
"948","300","0.4","0.3","0.2","0.05","0.55","0.35","300","9302","4455","4847","0.5210707374758117","4455","2890","0.4724718787955316","0.10596775063144773"
"949","300","0.4","0.3","0.2","0.05","0.55","0.35","300","9361","4434","4927","0.5263326567674393","4434","2940","0.47504303470747816","0.10227398795322074"
"950","300","0.4","0.3","0.2","0.05","0.55","0.35","300","9364","4435","4929","0.5263776164032464","4435","2934","0.4716362668872909","0.10406310166689095"
"951","300","0.4","0.3","0.2","0.05","0.55","0.4","300","7482","4257","3225","0.43103448275862066","4257","2546","0.43215938769634465","0.09423926826257845"
"952","300","0.4","0.3","0.2","0.05","0.55","0.4","300","7491","4298","3193","0.4262448271258844","4298","2583","0.4452307790317445","0.07860748715126933"
"955","300","0.4","0.3","0.2","0.05","0.55","0.4","300","7403","4287","3116","0.4209104417128191","4287","2571","0.43381344638310976","0.08242025169475044"
"956","300","0.4","0.3","0.2","0.05","0.55","0.4","300","7459","4333","3126","0.41909103096929884","4333","2530","0.4380212153513798","0.0766355737881721"
"954","300","0.4","0.3","0.2","0.05","0.55","0.4","300","7448","4289","3159","0.424140708915145","4289","2552","0.44535259747800326","0.08259668810280975"
"953","300","0.4","0.3","0.2","0.05","0.55","0.4","300","7538","4280","3258","0.432210135314407","4280","2627","0.44450149546859574","0.09056601033494034"
"957","300","0.4","0.3","0.2","0.05","0.55","0.4","300","7399","4312","3087","0.41721854304635764","4312","2588","0.4444333104992873","0.0786560633781391"
"959","300","0.4","0.3","0.2","0.05","0.55","0.4","300","7379","4316","3063","0.41509689659845506","4316","2578","0.4388930594498779","0.0836036564031378"
"961","300","0.4","0.3","0.2","0.05","0.55","0.45","300","6163","4119","2044","0.3316566607171832","4119","2298","0.4206417637389748","0.06293056925795036"
"960","300","0.4","0.3","0.2","0.05","0.55","0.4","300","7557","4262","3295","0.4360195844912002","4262","2611","0.4398036422481425","0.08146281515668004"
"958","300","0.4","0.3","0.2","0.05","0.55","0.4","300","7449","4300","3149","0.4227413075580615","4300","2618","0.4461441968534508","0.07285440838628178"
"962","300","0.4","0.3","0.2","0.05","0.55","0.45","300","6156","4111","2045","0.33219623131903836","4111","2218","0.4090185562154105","0.07282397752948722"
"963","300","0.4","0.3","0.2","0.05","0.55","0.45","300","6216","4119","2097","0.3373552123552124","4119","2249","0.4085132211600045","0.07130672276225383"
"965","300","0.4","0.3","0.2","0.05","0.55","0.45","300","6236","4144","2092","0.3354714560615779","4144","2301","0.4173079539032703","0.06110501347509896"
"964","300","0.4","0.3","0.2","0.05","0.55","0.45","300","6221","4166","2055","0.33033274393184375","4166","2272","0.4144300233609589","0.06240947507290226"
"968","300","0.4","0.3","0.2","0.05","0.55","0.45","300","6271","4134","2137","0.340774996013395","4134","2340","0.41631375639576895","0.06552951234236318"
"966","300","0.4","0.3","0.2","0.05","0.55","0.45","300","6186","4134","2052","0.3317167798254122","4134","2255","0.41446208243073135","0.06416938514908621"
"967","300","0.4","0.3","0.2","0.05","0.55","0.45","300","6274","4127","2147","0.3422059292317501","4127","2228","0.41022832643376844","0.06463496228956742"
"969","300","0.4","0.3","0.2","0.05","0.55","0.45","300","6299","4128","2171","0.3446578822035244","4128","2291","0.41315499507961423","0.07564779969948593"
"970","300","0.4","0.3","0.2","0.05","0.55","0.45","300","6219","4124","2095","0.3368708795626306","4124","2286","0.4103191118411022","0.06688671703802418"
"971","300","0.4","0.3","0.2","0.05","0.55","0.5","300","5448","3956","1492","0.27386196769456683","3956","2007","0.39434254595773954","0.05091422102426869"
"974","300","0.4","0.3","0.2","0.05","0.55","0.5","300","5368","3971","1397","0.26024590163934425","3971","1999","0.3916890746475756","0.05768446938065185"
"976","300","0.4","0.3","0.2","0.05","0.55","0.5","300","5331","3992","1339","0.25117238791971486","3992","2014","0.38314649959348296","0.058411666748930065"
"978","300","0.4","0.3","0.2","0.05","0.55","0.5","300","5404","3972","1432","0.26498889711324947","3972","1984","0.3837523248225966","0.05810924529556375"
"975","300","0.4","0.3","0.2","0.05","0.55","0.5","300","5377","3983","1394","0.2592523712107123","3983","1979","0.39590803670265073","0.05384181988287959"
"977","300","0.4","0.3","0.2","0.05","0.55","0.5","300","5418","3989","1429","0.26375046142488","3989","1998","0.4004098586142735","0.05333692600366273"
"972","300","0.4","0.3","0.2","0.05","0.55","0.5","300","5338","3968","1370","0.2566504308729861","3968","1933","0.39545217586104386","0.05325527645428135"
"973","300","0.4","0.3","0.2","0.05","0.55","0.5","300","5400","4014","1386","0.25666666666666665","4014","1998","0.3959338082816635","0.05138672932557548"
"979","300","0.4","0.3","0.2","0.05","0.55","0.5","300","5364","3987","1377","0.25671140939597314","3987","1991","0.39051204988655824","0.0556024689554451"
"982","300","0.4","0.3","0.2","0.05","0.55","0.55","300","4875","3852","1023","0.20984615384615385","3852","1761","0.3751651331235992","0.03803748785536681"
"980","300","0.4","0.3","0.2","0.05","0.55","0.5","300","5385","3978","1407","0.26128133704735373","3978","1969","0.3892484802713762","0.05520253597848236"
"984","300","0.4","0.3","0.2","0.05","0.55","0.55","300","4767","3823","944","0.19802810992238304","3823","1704","0.3706370518150973","0.04766108459321499"
"981","300","0.4","0.3","0.2","0.05","0.55","0.55","300","4828","3849","979","0.20277547638773818","3849","1788","0.3803831425578007","0.04531756309983013"
"983","300","0.4","0.3","0.2","0.05","0.55","0.55","300","4828","3857","971","0.20111847555923779","3857","1737","0.366128683063423","0.056735206834491854"
"986","300","0.4","0.3","0.2","0.05","0.55","0.55","300","4815","3860","955","0.19833852544132918","3860","1696","0.3782797385799265","0.04632147364596718"
"988","300","0.4","0.3","0.2","0.05","0.55","0.55","300","4833","3836","997","0.2062900889716532","3836","1749","0.37025072388650326","0.050565690466694416"
"987","300","0.4","0.3","0.2","0.05","0.55","0.55","300","4800","3822","978","0.20375","3822","1793","0.3709126787789991","0.04413307344796185"
"990","300","0.4","0.3","0.2","0.05","0.55","0.55","300","4769","3851","918","0.19249318515412037","3851","1714","0.36364845930792666","0.057276312964623946"
"985","300","0.4","0.3","0.2","0.05","0.55","0.55","300","4822","3832","990","0.20530900041476566","3832","1734","0.36993020051302183","0.04619653134954816"
"989","300","0.4","0.3","0.2","0.05","0.55","0.55","300","4805","3846","959","0.1995837669094693","3846","1690","0.3683979042106385","0.04586899595071111"
"991","300","0.4","0.3","0.2","0.05","0.55","0.6","300","4408","3718","690","0.15653357531760437","3718","1497","0.3511480136018113","0.0447315644350079"
"992","300","0.4","0.3","0.2","0.05","0.55","0.6","300","4389","3743","646","0.1471861471861472","3743","1482","0.3519716309919003","0.04738393438046864"
"993","300","0.4","0.3","0.2","0.05","0.55","0.6","300","4411","3739","672","0.15234640671049648","3739","1504","0.36061226490290177","0.049655750036951454"
"994","300","0.4","0.3","0.2","0.05","0.55","0.6","300","4385","3753","632","0.14412770809578107","3753","1502","0.3480831616839984","0.038645394274838894"
"996","300","0.4","0.3","0.2","0.05","0.55","0.6","300","4397","3723","674","0.15328633158972027","3723","1465","0.3555853348218139","0.046426659245453285"
"997","300","0.4","0.3","0.2","0.05","0.55","0.6","300","4383","3706","677","0.15446041524070273","3706","1466","0.3512741616103566","0.0397191891283655"
"995","300","0.4","0.3","0.2","0.05","0.55","0.6","300","4364","3717","647","0.14825847846012832","3717","1436","0.35120811306239685","0.0478703836725575"
"1000","300","0.4","0.3","0.2","0.05","0.55","0.6","300","4361","3703","658","0.1508828250401284","3703","1493","0.35314231477120084","0.04811310675322484"
"998","300","0.4","0.3","0.2","0.05","0.55","0.6","300","4352","3712","640","0.14705882352941177","3712","1456","0.3481752834377264","0.050296509365695526"
"999","300","0.4","0.3","0.2","0.05","0.55","0.6","300","4407","3711","696","0.15793056501021102","3711","1462","0.3509015760924454","0.040966478875231305"
"1004","300","0.4","0.3","0.2","0.05","0.55","0.65","300","4091","3618","473","0.1156196528966023","3618","1289","0.3403326889425542","0.038956159102783994"
"1003","300","0.4","0.3","0.2","0.05","0.55","0.65","300","4067","3628","439","0.10794197196951069","3628","1265","0.34059590263406736","0.03591268773189676"
"1001","300","0.4","0.3","0.2","0.05","0.55","0.65","300","4059","3596","463","0.11406750431140675","3596","1276","0.3359450370000691","0.04438606448827577"
"1002","300","0.4","0.3","0.2","0.05","0.55","0.65","300","4075","3619","456","0.11190184049079754","3619","1243","0.3379883512573521","0.03882395350259838"
"1006","300","0.4","0.3","0.2","0.05","0.55","0.65","300","4041","3584","457","0.11309081910418213","3584","1218","0.3381059658034103","0.046665328208748226"
"1008","300","0.4","0.3","0.2","0.05","0.55","0.65","300","4078","3641","437","0.10716037273173123","3641","1277","0.3409026262336802","0.03169050167324561"
"1005","300","0.4","0.3","0.2","0.05","0.55","0.65","300","4114","3652","462","0.11229946524064172","3652","1201","0.33797079232131455","0.039899553942960825"
"1009","300","0.4","0.3","0.2","0.05","0.55","0.65","300","4089","3617","472","0.11543164587918807","3617","1226","0.34257056645900635","0.03499913039897053"
"1010","300","0.4","0.3","0.2","0.05","0.55","0.65","300","4071","3621","450","0.1105379513633014","3621","1247","0.33341701547242203","0.040155910825736656"
"1007","300","0.4","0.3","0.2","0.05","0.55","0.65","300","4139","3639","500","0.12080212611741967","3639","1261","0.3356530607530859","0.04192438938748014"
"1012","300","0.4","0.3","0.2","0.05","0.55","0.7","300","3839","3535","304","0.0791872883563428","3535","1084","0.32853961509756735","0.04724896710358957"
"1011","300","0.4","0.3","0.2","0.05","0.55","0.7","300","3854","3504","350","0.0908147379346134","3504","1050","0.3275241664612574","0.04032303250435351"
"1014","300","0.4","0.3","0.2","0.05","0.55","0.7","300","3858","3484","374","0.09694142042509073","3484","1070","0.32707976987703347","0.042498938834554106"
"1013","300","0.4","0.3","0.2","0.05","0.55","0.7","300","3857","3518","339","0.08789214415348717","3518","1053","0.326608394856286","0.04297800285983031"
"1015","300","0.4","0.3","0.2","0.05","0.55","0.7","300","3840","3507","333","0.08671875","3507","1037","0.32879307949275766","0.03881208077454149"
"1016","300","0.4","0.3","0.2","0.05","0.55","0.7","300","3825","3509","316","0.08261437908496733","3509","1006","0.3255476568819109","0.043517492340106365"
"1017","300","0.4","0.3","0.2","0.05","0.55","0.7","300","3840","3504","336","0.0875","3504","1046","0.33189798832285805","0.04202781785445922"
"1018","300","0.4","0.3","0.2","0.05","0.55","0.7","300","3842","3523","319","0.08302967204580948","3523","1082","0.33063181497594163","0.042421963489899156"
"1019","300","0.4","0.3","0.2","0.05","0.55","0.7","300","3784","3471","313","0.08271670190274842","3471","1046","0.3314280424571987","0.03065528121399201"
"1020","300","0.4","0.3","0.2","0.05","0.55","0.7","300","3840","3503","337","0.08776041666666666","3503","1096","0.3340022278443397","0.03733565170536671"
"1022","300","0.4","0.3","0.2","0.05","0.55","0.75","300","3644","3398","246","0.06750823271130625","3398","862","0.322117439894691","0.03516319323462577"
"1025","300","0.4","0.3","0.2","0.05","0.55","0.75","300","3599","3362","237","0.06585162545151431","3362","876","0.318469470466599","0.048659049980924206"
"1023","300","0.4","0.3","0.2","0.05","0.55","0.75","300","3692","3416","276","0.07475622968580715","3416","842","0.3216656897519081","0.03816470485506737"
"1021","300","0.4","0.3","0.2","0.05","0.55","0.75","300","3652","3421","231","0.06325301204819277","3421","827","0.3173545312299122","0.028072310075994845"
"1024","300","0.4","0.3","0.2","0.05","0.55","0.75","300","3669","3403","266","0.07249931861542655","3403","880","0.3211039578169735","0.04641879476595189"
"1026","300","0.4","0.3","0.2","0.05","0.55","0.75","300","3652","3397","255","0.06982475355969332","3397","842","0.31604002635560025","0.03517940932198994"
"1027","300","0.4","0.3","0.2","0.05","0.55","0.75","300","3652","3404","248","0.06790799561883899","3404","817","0.3183578964959766","0.03352474211056477"
"1028","300","0.4","0.3","0.2","0.05","0.55","0.75","300","3596","3354","242","0.06729699666295884","3354","794","0.32160763951110527","0.03321946569785869"
"1029","300","0.4","0.3","0.2","0.05","0.55","0.75","300","3631","3401","230","0.0633434315615533","3401","843","0.3191065943999268","0.0404533356072828"
"1030","300","0.4","0.3","0.2","0.05","0.55","0.75","300","3678","3399","279","0.07585644371941272","3399","874","0.3189512675489034","0.044872423363692786"
"1033","300","0.4","0.3","0.2","0.05","0.55","0.8","300","3523","3346","177","0.050241271643485665","3346","676","0.3116571647899302","0.03225334330878473"
"1032","300","0.4","0.3","0.2","0.05","0.55","0.8","300","3515","3333","182","0.051778093883357044","3333","638","0.3111125433401698","0.041457653939941504"
"1031","300","0.4","0.3","0.2","0.05","0.55","0.8","300","3535","3327","208","0.05884016973125884","3327","654","0.3117110108259109","0.03430314759503027"
"1035","300","0.4","0.3","0.2","0.05","0.55","0.8","300","3530","3329","201","0.05694050991501416","3329","687","0.3104158239904539","0.03659978154171172"
"1036","300","0.4","0.3","0.2","0.05","0.55","0.8","300","3499","3320","179","0.05115747356387539","3320","663","0.3120762629017776","0.035318006397064505"
"1034","300","0.4","0.3","0.2","0.05","0.55","0.8","300","3531","3330","201","0.05692438402718777","3330","690","0.3106971145823983","0.03785582470890988"
"1037","300","0.4","0.3","0.2","0.05","0.55","0.8","300","3495","3319","176","0.050357653791130184","3319","690","0.3108231772790007","0.040763611299012695"
"1040","300","0.4","0.3","0.2","0.05","0.55","0.8","300","3529","3338","191","0.05412298101445168","3338","672","0.31116779817432627","0.034566788586356714"
"1039","300","0.4","0.3","0.2","0.05","0.55","0.8","300","3541","3349","192","0.054221971194577806","3349","651","0.31122513208335223","0.0332501468204931"
"1038","300","0.4","0.3","0.2","0.05","0.55","0.8","300","3484","3313","171","0.049081515499425944","3313","699","0.31141489460540583","0.03215735859248828"
"1041","300","0.4","0.3","0.2","0.05","0.6","0.2","300","18140","4112","14028","0.7733186328555678","4112","3289","0.5656980537002053","0.19086064947214748"
"1042","300","0.4","0.3","0.2","0.05","0.6","0.2","300","18164","4077","14087","0.7755450341334508","4077","3292","0.554628248098111","0.19829647974507789"
"1043","300","0.4","0.3","0.2","0.05","0.6","0.2","300","17946","4138","13808","0.7694193692187674","4138","3293","0.5639385151193956","0.18895922738919882"
"1044","300","0.4","0.3","0.2","0.05","0.6","0.2","300","18188","4077","14111","0.7758412139872444","4077","3284","0.5619860716230977","0.19408925059977986"
"1046","300","0.4","0.3","0.2","0.05","0.6","0.2","300","18219","4098","14121","0.775069981887041","4098","3211","0.5492429240376014","0.19462601347642242"
"1045","300","0.4","0.3","0.2","0.05","0.6","0.2","300","18225","4090","14135","0.7755829903978052","4090","3249","0.5554002127810848","0.1971825176139743"
"1047","300","0.4","0.3","0.2","0.05","0.6","0.2","300","18032","4128","13904","0.7710736468500443","4128","3316","0.5580685531331273","0.19424480305938174"
"1049","300","0.4","0.3","0.2","0.05","0.6","0.2","300","18212","4060","14152","0.7770700636942676","4060","3249","0.5617578041233725","0.195448777920042"
"1048","300","0.4","0.3","0.2","0.05","0.6","0.2","300","18156","4117","14039","0.7732430050671955","4117","3338","0.5663775438513946","0.192472213743581"
"1050","300","0.4","0.3","0.2","0.05","0.6","0.2","300","18144","4111","14033","0.7734237213403881","4111","3273","0.5466458365149938","0.19972687344667664"
"1051","300","0.4","0.3","0.2","0.05","0.6","0.25","300","14263","4235","10028","0.7030778938512234","4235","3155","0.5221420186128907","0.158604500640488"
"1053","300","0.4","0.3","0.2","0.05","0.6","0.25","300","14303","4190","10113","0.7070544640984409","4190","3157","0.5329389944763483","0.15827955940682087"
"1054","300","0.4","0.3","0.2","0.05","0.6","0.25","300","14215","4242","9973","0.7015828350334155","4242","3145","0.5330307973951443","0.15079079042619623"
"1055","300","0.4","0.3","0.2","0.05","0.6","0.25","300","14544","4181","10363","0.712527502750275","4181","3157","0.530337824282141","0.15155638244873695"
"1052","300","0.4","0.3","0.2","0.05","0.6","0.25","300","14423","4175","10248","0.7105317895028773","4175","3134","0.5309456772636307","0.15793824867714898"
"1058","300","0.4","0.3","0.2","0.05","0.6","0.25","300","14231","4223","10008","0.7032534607546904","4223","3147","0.5165476710586054","0.1563613718762522"
"1056","300","0.4","0.3","0.2","0.05","0.6","0.25","300","14110","4187","9923","0.7032600992204111","4187","3107","0.5258459301060542","0.15885544783375324"
"1061","300","0.4","0.3","0.2","0.05","0.6","0.3","300","10952","4253","6699","0.6116691015339664","4253","2959","0.5026750299944963","0.11201793981942455"
"1059","300","0.4","0.3","0.2","0.05","0.6","0.25","300","14242","4221","10021","0.7036230866451341","4221","3170","0.5386165605453858","0.14944289875100425"
"1062","300","0.4","0.3","0.2","0.05","0.6","0.3","300","10866","4222","6644","0.6114485551260813","4222","2925","0.5022480387392034","0.11629630249763134"
"1063","300","0.4","0.3","0.2","0.05","0.6","0.3","300","11013","4183","6830","0.6201761554526469","4183","2995","0.5020257280057074","0.12526011974423854"
"1057","300","0.4","0.3","0.2","0.05","0.6","0.25","300","14200","4223","9977","0.7026056338028169","4223","3142","0.5271947633151515","0.15404082500374527"
"1060","300","0.4","0.3","0.2","0.05","0.6","0.25","300","14194","4191","10003","0.7047343948147105","4191","3103","0.5302693547434117","0.15634428778472514"
"1064","300","0.4","0.3","0.2","0.05","0.6","0.3","300","10983","4217","6766","0.6160429755076027","4217","2904","0.5005857087033493","0.1145219662612485"
"1065","300","0.4","0.3","0.2","0.05","0.6","0.3","300","11012","4191","6821","0.6194151834362513","4191","2969","0.5043076587760473","0.11311907209023664"
"1066","300","0.4","0.3","0.2","0.05","0.6","0.3","300","11172","4200","6972","0.6240601503759399","4200","2964","0.5075234008353143","0.11174304229283176"
"1069","300","0.4","0.3","0.2","0.05","0.6","0.3","300","10942","4209","6733","0.6153354048619997","4209","2930","0.5029855434278688","0.12142373479569654"
"1068","300","0.4","0.3","0.2","0.05","0.6","0.3","300","11122","4208","6914","0.6216507822334113","4208","2961","0.5119228512780635","0.10438144770257142"
"1067","300","0.4","0.3","0.2","0.05","0.6","0.3","300","11057","4192","6865","0.6208736546983811","4192","2936","0.5008795814561865","0.11569720144799822"
"1070","300","0.4","0.3","0.2","0.05","0.6","0.3","300","11026","4207","6819","0.6184473063667695","4207","2957","0.5052040037543375","0.10911019043427399"
"1071","300","0.4","0.3","0.2","0.05","0.6","0.35","300","8532","4124","4408","0.516643225503985","4124","2691","0.46593013411401385","0.09115835532956655"
"1072","300","0.4","0.3","0.2","0.05","0.6","0.35","300","8632","4102","4530","0.5247914735866543","4102","2650","0.4667859881122785","0.08827050967960211"
"1073","300","0.4","0.3","0.2","0.05","0.6","0.35","300","8549","4086","4463","0.5220493624985378","4086","2650","0.46469993347043725","0.09655279179295034"
"1074","300","0.4","0.3","0.2","0.05","0.6","0.35","300","8475","4134","4341","0.5122123893805309","4134","2618","0.4583475224955366","0.10314381481417122"
"1077","300","0.4","0.3","0.2","0.05","0.6","0.35","300","8500","4107","4393","0.5168235294117647","4107","2704","0.4739844403839236","0.09235574149028293"
"1078","300","0.4","0.3","0.2","0.05","0.6","0.35","300","8486","4120","4366","0.5144944614659439","4120","2688","0.46407408482667106","0.08826728462297098"
"1076","300","0.4","0.3","0.2","0.05","0.6","0.35","300","8661","4111","4550","0.5253434938228841","4111","2697","0.4681333817088511","0.0999944056962031"
"1080","300","0.4","0.3","0.2","0.05","0.6","0.35","300","8576","4097","4479","0.5222714552238806","4097","2651","0.4825793897756297","0.08808263705420163"
"1075","300","0.4","0.3","0.2","0.05","0.6","0.35","300","8387","4134","4253","0.5070943126266841","4134","2648","0.46814741172573765","0.08098671346900724"
"1081","300","0.4","0.3","0.2","0.05","0.6","0.4","300","6921","3945","2976","0.42999566536627654","3945","2330","0.4427893114152527","0.07749926666989879"
"1082","300","0.4","0.3","0.2","0.05","0.6","0.4","300","6843","3989","2854","0.4170685371912904","3989","2361","0.4244490264292983","0.07951128184405427"
"1085","300","0.4","0.3","0.2","0.05","0.6","0.4","300","6750","3997","2753","0.40785185185185185","3997","2367","0.437576375188463","0.07480213206048586"
"1079","300","0.4","0.3","0.2","0.05","0.6","0.35","300","8469","4111","4358","0.5145825953477388","4111","2627","0.45918770043615686","0.09725799311038807"
"1084","300","0.4","0.3","0.2","0.05","0.6","0.4","300","6848","3982","2866","0.4185163551401869","3982","2414","0.4394618633045161","0.07195966710587748"
"1083","300","0.4","0.3","0.2","0.05","0.6","0.4","300","6866","3951","2915","0.4245557821147684","3951","2382","0.4451969104584213","0.07306727980826158"
"1086","300","0.4","0.3","0.2","0.05","0.6","0.4","300","6810","3972","2838","0.4167400881057269","3972","2377","0.4389305012521611","0.06724343076680771"
"1087","300","0.4","0.3","0.2","0.05","0.6","0.4","300","6795","3975","2820","0.41501103752759383","3975","2360","0.4387501217985861","0.07666361168309803"
"1088","300","0.4","0.3","0.2","0.05","0.6","0.4","300","6897","3961","2936","0.4256923299985501","3961","2389","0.4391681058026489","0.07238700381651214"
"1091","300","0.4","0.3","0.2","0.05","0.6","0.45","300","5728","3842","1886","0.32925977653631283","3842","2098","0.41613006453398993","0.04795934963332318"
"1090","300","0.4","0.3","0.2","0.05","0.6","0.4","300","6899","3971","2928","0.4244093346861864","3971","2407","0.43749190812456845","0.07904544445324618"
"1089","300","0.4","0.3","0.2","0.05","0.6","0.4","300","6962","3951","3011","0.4324906636024131","3951","2388","0.4313390692653338","0.07019986230366694"
"1092","300","0.4","0.3","0.2","0.05","0.6","0.45","300","5687","3818","1869","0.32864427641990507","3818","2138","0.4125227215139293","0.064222359622257"
"1093","300","0.4","0.3","0.2","0.05","0.6","0.45","300","5729","3866","1863","0.3251876418223076","3866","2125","0.4157658780292649","0.06374715720451721"
"1094","300","0.4","0.3","0.2","0.05","0.6","0.45","300","5774","3829","1945","0.33685486664357467","3829","2201","0.4136428253366296","0.07303758006921617"
"1095","300","0.4","0.3","0.2","0.05","0.6","0.45","300","5777","3807","1970","0.3410074433096763","3807","2131","0.4086101333128636","0.06807942273330095"
"1096","300","0.4","0.3","0.2","0.05","0.6","0.45","300","5770","3828","1942","0.3365684575389948","3828","2105","0.4112550554742684","0.05331006613018497"
"1100","300","0.4","0.3","0.2","0.05","0.6","0.45","300","5749","3794","1955","0.3400591407201252","3794","2117","0.4089801755184715","0.07259922482671773"
"1102","300","0.4","0.3","0.2","0.05","0.6","0.5","300","5014","3733","1281","0.2554846429996011","3733","1887","0.38687291346337416","0.05778294663676189"
"1097","300","0.4","0.3","0.2","0.05","0.6","0.45","300","5700","3849","1851","0.32473684210526316","3849","2110","0.4068742596542098","0.05160368178110361"
"1099","300","0.4","0.3","0.2","0.05","0.6","0.45","300","5743","3842","1901","0.3310116663764583","3842","2100","0.4069514037333495","0.06452660989587776"
"1098","300","0.4","0.3","0.2","0.05","0.6","0.45","300","5758","3833","1925","0.33431747134421674","3833","2056","0.4057855648435769","0.05300910589001025"
"1101","300","0.4","0.3","0.2","0.05","0.6","0.5","300","5045","3674","1371","0.2717542120911794","3674","1813","0.3836291630410526","0.04142862272291772"
"1104","300","0.4","0.3","0.2","0.05","0.6","0.5","300","4937","3673","1264","0.2560259266761191","3673","1839","0.3920750501547815","0.044535705366020535"
"1105","300","0.4","0.3","0.2","0.05","0.6","0.5","300","5017","3720","1297","0.2585210285030895","3720","1876","0.38856924892022593","0.04923044747510139"
"1106","300","0.4","0.3","0.2","0.05","0.6","0.5","300","4927","3684","1243","0.2522833367160544","3684","1833","0.38414875577559615","0.04219028823518921"
"1107","300","0.4","0.3","0.2","0.05","0.6","0.5","300","4985","3707","1278","0.2563691073219659","3707","1876","0.39292518336408655","0.04485274305836834"
"1103","300","0.4","0.3","0.2","0.05","0.6","0.5","300","4929","3707","1222","0.24792047068370865","3707","1847","0.3874138155674618","0.057221310734206776"
"1109","300","0.4","0.3","0.2","0.05","0.6","0.5","300","5017","3678","1339","0.2668925652780546","3678","1807","0.38606368361426263","0.050418643599278626"
"1108","300","0.4","0.3","0.2","0.05","0.6","0.5","300","4955","3681","1274","0.2571140262361251","3681","1793","0.3810569738385225","0.05542757732786344"
"1110","300","0.4","0.3","0.2","0.05","0.6","0.5","300","4983","3698","1285","0.257876781055589","3698","1814","0.3942213478224241","0.04749041110997666"
"1113","300","0.4","0.3","0.2","0.05","0.6","0.55","300","4479","3597","882","0.19691895512391158","3597","1572","0.3679663262513601","0.043529635425655376"
"1111","300","0.4","0.3","0.2","0.05","0.6","0.55","300","4480","3574","906","0.20223214285714286","3574","1657","0.3682093959078286","0.050393842379551475"
"1112","300","0.4","0.3","0.2","0.05","0.6","0.55","300","4537","3580","957","0.2109323341415032","3580","1580","0.3691110469507127","0.047471898666856076"
"1114","300","0.4","0.3","0.2","0.05","0.6","0.55","300","4419","3568","851","0.19257750622312741","3568","1602","0.3697086960471818","0.039488756915757574"
"1115","300","0.4","0.3","0.2","0.05","0.6","0.55","300","4532","3588","944","0.2082965578111209","3588","1588","0.372305096638878","0.05243471082725786"
"1116","300","0.4","0.3","0.2","0.05","0.6","0.55","300","4484","3587","897","0.20004460303300625","3587","1606","0.37146245014406615","0.04346222194786431"
"1117","300","0.4","0.3","0.2","0.05","0.6","0.55","300","4514","3611","903","0.20004430660168365","3611","1621","0.3677494659226834","0.04946791925370057"
"1118","300","0.4","0.3","0.2","0.05","0.6","0.55","300","4458","3589","869","0.1949304620906236","3589","1626","0.3698332121332147","0.04263381562409937"
"1119","300","0.4","0.3","0.2","0.05","0.6","0.55","300","4472","3608","864","0.19320214669051877","3608","1648","0.3726839568713425","0.05152361384704129"
"1122","300","0.4","0.3","0.2","0.05","0.6","0.6","300","4143","3473","670","0.16171856142891625","3473","1299","0.351438831334792","0.04184309620605188"
"1121","300","0.4","0.3","0.2","0.05","0.6","0.6","300","4121","3504","617","0.14972094151904877","3504","1358","0.353085060163197","0.04294075283737366"
"1120","300","0.4","0.3","0.2","0.05","0.6","0.55","300","4456","3559","897","0.2013016157989228","3559","1564","0.3585520522437066","0.05819711341341645"
"1124","300","0.4","0.3","0.2","0.05","0.6","0.6","300","4110","3506","604","0.14695863746958637","3506","1407","0.3565227818761619","0.04652688289604494"
"1126","300","0.4","0.3","0.2","0.05","0.6","0.6","300","4071","3491","580","0.1424711373126996","3491","1366","0.34906395684482827","0.040353861337844146"
"1125","300","0.4","0.3","0.2","0.05","0.6","0.6","300","4053","3458","595","0.14680483592400692","3458","1370","0.3515394517009786","0.04602318629879381"
"1127","300","0.4","0.3","0.2","0.05","0.6","0.6","300","4122","3494","628","0.15235322658903444","3494","1333","0.3448094456685975","0.038396073329179624"
"1123","300","0.4","0.3","0.2","0.05","0.6","0.6","300","4123","3489","634","0.15377152558816395","3489","1356","0.35599133363769414","0.039609471178849484"
"1129","300","0.4","0.3","0.2","0.05","0.6","0.6","300","4086","3452","634","0.15516397454723446","3452","1336","0.35158490193007935","0.04512489724138017"
"1128","300","0.4","0.3","0.2","0.05","0.6","0.6","300","4165","3526","639","0.15342136854741897","3526","1371","0.35398823585286154","0.04200535511035348"
"1130","300","0.4","0.3","0.2","0.05","0.6","0.6","300","4158","3525","633","0.15223665223665223","3525","1441","0.36644034896467675","0.04042077702533636"
"1132","300","0.4","0.3","0.2","0.05","0.6","0.65","300","3811","3362","449","0.11781684597218578","3362","1145","0.3345436815676221","0.05230118944086615"
"1131","300","0.4","0.3","0.2","0.05","0.6","0.65","300","3808","3374","434","0.11397058823529412","3374","1177","0.342845574281322","0.03751130297813597"
"1133","300","0.4","0.3","0.2","0.05","0.6","0.65","300","3833","3405","428","0.11166188364205583","3405","1172","0.3321446433219111","0.04255762262580603"
"1135","300","0.4","0.3","0.2","0.05","0.6","0.65","300","3813","3390","423","0.1109362706530291","3390","1204","0.3377522420255216","0.03292302989460095"
"1134","300","0.4","0.3","0.2","0.05","0.6","0.65","300","3841","3394","447","0.11637594376464462","3394","1165","0.3357425686526379","0.040460484688830636"
"1138","300","0.4","0.3","0.2","0.05","0.6","0.65","300","3834","3418","416","0.10850286906624934","3418","1217","0.3384422153287109","0.0452929133262664"
"1136","300","0.4","0.3","0.2","0.05","0.6","0.65","300","3839","3405","434","0.11305027350872623","3405","1195","0.33974895339808553","0.04255342092456294"
"1139","300","0.4","0.3","0.2","0.05","0.6","0.65","300","3830","3392","438","0.11436031331592689","3392","1128","0.33948740560520324","0.035014116651980794"
"1141","300","0.4","0.3","0.2","0.05","0.6","0.7","300","3603","3286","317","0.08798223702470163","3286","1034","0.33055355959524024","0.04200702055445549"
"1140","300","0.4","0.3","0.2","0.05","0.6","0.65","300","3827","3387","440","0.11497256336556048","3387","1165","0.3366433626767669","0.03418437759819498"
"1137","300","0.4","0.3","0.2","0.05","0.6","0.65","300","3827","3374","453","0.11836948001045206","3374","1156","0.34305409538521947","0.031558225166509794"
"1142","300","0.4","0.3","0.2","0.05","0.6","0.7","300","3620","3306","314","0.0867403314917127","3306","1021","0.3286501470600504","0.04030678522867294"
"1144","300","0.4","0.3","0.2","0.05","0.6","0.7","300","3639","3299","340","0.09343226161033251","3299","1006","0.32935674490933414","0.041032152749081036"
"1145","300","0.4","0.3","0.2","0.05","0.6","0.7","300","3605","3278","327","0.09070735090152567","3278","1015","0.3328553855021308","0.03685650289965818"
"1143","300","0.4","0.3","0.2","0.05","0.6","0.7","300","3627","3281","346","0.09539564378274056","3281","971","0.3293005899208739","0.037378551319917165"
"1148","300","0.4","0.3","0.2","0.05","0.6","0.7","300","3598","3256","342","0.09505280711506392","3256","989","0.33034493269637255","0.045626197912914106"
"1146","300","0.4","0.3","0.2","0.05","0.6","0.7","300","3602","3288","314","0.08717379233759023","3288","911","0.32715388316851063","0.04104540900435658"
"1147","300","0.4","0.3","0.2","0.05","0.6","0.7","300","3640","3341","299","0.08214285714285714","3341","957","0.32447714234327035","0.035757415231746546"
"1149","300","0.4","0.3","0.2","0.05","0.6","0.7","300","3587","3273","314","0.0875383328686925","3273","965","0.33050230777045203","0.03556428527358277"
"1150","300","0.4","0.3","0.2","0.05","0.6","0.7","300","3672","3347","325","0.08850762527233115","3347","987","0.32863461470843913","0.04121288871809765"
"1152","300","0.4","0.3","0.2","0.05","0.6","0.75","300","3448","3205","243","0.07047563805104408","3205","789","0.31662316987789","0.038539672230761615"
"1153","300","0.4","0.3","0.2","0.05","0.6","0.75","300","3444","3220","224","0.06504065040650407","3220","797","0.31903859712551497","0.033667763088673586"
"1151","300","0.4","0.3","0.2","0.05","0.6","0.75","300","3470","3237","233","0.06714697406340057","3237","816","0.3182690710693122","0.0366767659845901"
"1154","300","0.4","0.3","0.2","0.05","0.6","0.75","300","3488","3257","231","0.06622706422018348","3257","803","0.3196157414132154","0.03556654677388767"
"1155","300","0.4","0.3","0.2","0.05","0.6","0.75","300","3508","3281","227","0.06470923603192702","3281","850","0.3192899895637697","0.03226769939057114"
"1158","300","0.4","0.3","0.2","0.05","0.6","0.75","300","3425","3190","235","0.06861313868613139","3190","823","0.32141671291102947","0.0429588571183494"
"1156","300","0.4","0.3","0.2","0.05","0.6","0.75","300","3430","3232","198","0.05772594752186589","3232","769","0.31537022920343394","0.036156487459342204"
"1157","300","0.4","0.3","0.2","0.05","0.6","0.75","300","3463","3233","230","0.06641640196361537","3233","821","0.31878726099370347","0.03346765896839531"
"1160","300","0.4","0.3","0.2","0.05","0.6","0.75","300","3489","3254","235","0.06735454284895386","3254","839","0.31898656336280073","0.03602028489999341"
"1163","300","0.4","0.3","0.2","0.05","0.6","0.8","300","3366","3185","181","0.05377302436125966","3185","630","0.3115618419043548","0.032121170463978124"
"1159","300","0.4","0.3","0.2","0.05","0.6","0.75","300","3506","3255","251","0.07159155733029093","3255","805","0.3211556736104237","0.0352070394708942"
"1162","300","0.4","0.3","0.2","0.05","0.6","0.8","300","3368","3185","183","0.05433491686460808","3185","621","0.31192264396911035","0.03344554927798321"
"1164","300","0.4","0.3","0.2","0.05","0.6","0.8","300","3366","3197","169","0.05020796197266786","3197","611","0.3131345859509711","0.031591988535385085"
"1161","300","0.4","0.3","0.2","0.05","0.6","0.8","300","3327","3181","146","0.043883378418996095","3181","631","0.3138607605536614","0.02905138712776882"
"1166","300","0.4","0.3","0.2","0.05","0.6","0.8","300","3346","3180","166","0.049611476389719064","3180","686","0.3137273836291755","0.034513499540436816"
"1165","300","0.4","0.3","0.2","0.05","0.6","0.8","300","3371","3188","183","0.054286561851082764","3188","676","0.3135441458530003","0.03171051673408304"
"1167","300","0.4","0.3","0.2","0.05","0.6","0.8","300","3386","3204","182","0.05375073833431778","3204","610","0.31179574599634097","0.03335694104067343"
"1168","300","0.4","0.3","0.2","0.05","0.6","0.8","300","3381","3218","163","0.04821058858325939","3218","632","0.30962722186345787","0.03154880300480519"
"1169","300","0.4","0.3","0.2","0.05","0.6","0.8","300","3365","3179","186","0.05527488855869242","3179","625","0.3131305627812149","0.03241496320925484"
"1170","300","0.4","0.3","0.2","0.05","0.6","0.8","300","3354","3186","168","0.05008944543828265","3186","586","0.31161567617975794","0.036425584874377186"
"1172","300","0.4","0.3","0.2","0.05","0.65","0.2","300","17214","3904","13310","0.7732078540722668","3904","3103","0.5630131273449617","0.17589410716257242"
"1171","300","0.4","0.3","0.2","0.05","0.65","0.2","300","17208","3862","13346","0.7755695025569502","3862","3081","0.5606526725465069","0.18755745113522956"
"1173","300","0.4","0.3","0.2","0.05","0.65","0.2","300","17295","3876","13419","0.7758889852558543","3876","3122","0.5487723736489313","0.19577455912224417"
"1176","300","0.4","0.3","0.2","0.05","0.65","0.2","300","17179","3880","13299","0.7741428488270563","3880","3134","0.5649333954408211","0.19149256280668367"
"1174","300","0.4","0.3","0.2","0.05","0.65","0.2","300","17363","3920","13443","0.7742325634970915","3920","3136","0.5548801175059167","0.1854798210309197"
"1175","300","0.4","0.3","0.2","0.05","0.65","0.2","300","17515","3877","13638","0.7786468741079076","3877","3100","0.5593323652413634","0.18675812985028922"
"1178","300","0.4","0.3","0.2","0.05","0.65","0.2","300","17325","3915","13410","0.7740259740259741","3915","3110","0.5579833437753279","0.17952466890182103"
"1179","300","0.4","0.3","0.2","0.05","0.65","0.2","300","17271","3894","13377","0.7745353482716693","3894","3067","0.548359533964375","0.18740303413606707"
"1180","300","0.4","0.3","0.2","0.05","0.65","0.2","300","17294","3883","13411","0.7754712617092633","3883","3109","0.5543529684192052","0.1927991618047244"
"1177","300","0.4","0.3","0.2","0.05","0.65","0.2","300","17523","3898","13625","0.7775495063630656","3898","3133","0.5604890002893945","0.18388165861115224"
"1181","300","0.4","0.3","0.2","0.05","0.65","0.25","300","13412","3948","9464","0.7056367432150313","3948","2984","0.5219032730062657","0.15464390036298756"
"1182","300","0.4","0.3","0.2","0.05","0.65","0.25","300","13318","3960","9358","0.70265805676528","3960","2974","0.5122798544220419","0.15203030616679272"
"1183","300","0.4","0.3","0.2","0.05","0.65","0.25","300","13315","3988","9327","0.7004881712354487","3988","2993","0.5468044816996066","0.13372648948139568"
"1184","300","0.4","0.3","0.2","0.05","0.65","0.25","300","13460","3970","9490","0.7050520059435365","3970","2993","0.52361668724597","0.14488707690733374"
"1187","300","0.4","0.3","0.2","0.05","0.65","0.25","300","13416","3960","9456","0.7048300536672629","3960","2985","0.533173716214611","0.14225176085722938"
"1186","300","0.4","0.3","0.2","0.05","0.65","0.25","300","13410","3949","9461","0.7055182699478002","3949","2998","0.5335422160763783","0.1405095310932074"
"1189","300","0.4","0.3","0.2","0.05","0.65","0.25","300","13465","3945","9520","0.7070181953212031","3945","2934","0.5303347459432511","0.1400842177113568"
"1185","300","0.4","0.3","0.2","0.05","0.65","0.25","300","13404","3942","9462","0.7059086839749329","3942","2940","0.5249809091213552","0.14717827229447292"
"1191","300","0.4","0.3","0.2","0.05","0.65","0.3","300","10406","3885","6521","0.6266576974822218","3885","2740","0.4904450988761185","0.1060325070216941"
"1188","300","0.4","0.3","0.2","0.05","0.65","0.25","300","13419","3971","9448","0.7040763097101125","3971","2999","0.52913970645537","0.14497964881700295"
"1192","300","0.4","0.3","0.2","0.05","0.65","0.3","300","10008","3967","6041","0.603617106314948","3967","2781","0.5114614864021394","0.10013606543988295"
"1193","300","0.4","0.3","0.2","0.05","0.65","0.3","300","10147","3974","6173","0.6083571498965211","3974","2749","0.49714575723026866","0.10483997161712202"
"1194","300","0.4","0.3","0.2","0.05","0.65","0.3","300","10107","3935","6172","0.6106658751360443","3935","2739","0.5005152523518293","0.11235831605263151"
"1190","300","0.4","0.3","0.2","0.05","0.65","0.25","300","13418","3927","9491","0.7073334327023402","3927","3016","0.5304883894462046","0.15658751316245412"
"1195","300","0.4","0.3","0.2","0.05","0.65","0.3","300","10214","3950","6264","0.613275895829254","3950","2791","0.5056369432829126","0.10186472532813001"
"1200","300","0.4","0.3","0.2","0.05","0.65","0.3","300","10225","3916","6309","0.6170171149144255","3916","2763","0.484825735737971","0.11863120999652885"
"1196","300","0.4","0.3","0.2","0.05","0.65","0.3","300","10231","3896","6335","0.6191965594761021","3896","2761","0.49379974084263534","0.11394208636035658"
"1201","300","0.4","0.3","0.2","0.05","0.65","0.35","300","7975","3797","4178","0.5238871473354232","3797","2481","0.47347378129625506","0.07735901277292889"
"1198","300","0.4","0.3","0.2","0.05","0.65","0.3","300","10117","3930","6187","0.611544924384699","3930","2753","0.48085705478128243","0.12105948846894297"
"1199","300","0.4","0.3","0.2","0.05","0.65","0.3","300","10187","3924","6263","0.6148031805241975","3924","2742","0.49714627487763074","0.11274545154799583"
"1203","300","0.4","0.3","0.2","0.05","0.65","0.35","300","7941","3824","4117","0.5184485581161062","3824","2510","0.4682200962320558","0.08027204912646574"
"1197","300","0.4","0.3","0.2","0.05","0.65","0.3","300","10249","3907","6342","0.6187920772758317","3907","2747","0.4991881931159267","0.11905990219278155"
"1202","300","0.4","0.3","0.2","0.05","0.65","0.35","300","7936","3816","4120","0.5191532258064516","3816","2455","0.46585041545415945","0.07876539738867529"
"1204","300","0.4","0.3","0.2","0.05","0.65","0.35","300","7878","3817","4061","0.5154861640010154","3817","2480","0.4644764885866269","0.08093272576217098"
"1207","300","0.4","0.3","0.2","0.05","0.65","0.35","300","7929","3812","4117","0.5192331946020936","3812","2468","0.46953711025440137","0.07945265365531945"
"1208","300","0.4","0.3","0.2","0.05","0.65","0.35","300","7850","3844","4006","0.5103184713375796","3844","2475","0.46352769491322987","0.08122717018652366"
"1210","300","0.4","0.3","0.2","0.05","0.65","0.35","300","7901","3808","4093","0.5180356916845968","3808","2436","0.45022693721523194","0.08481916322651269"
"1209","300","0.4","0.3","0.2","0.05","0.65","0.35","300","7806","3837","3969","0.5084550345887778","3837","2470","0.4628874905959437","0.08495885775123072"
"1213","300","0.4","0.3","0.2","0.05","0.65","0.4","300","6304","3700","2604","0.4130710659898477","3700","2255","0.446612561332173","0.06732742703422202"
"1211","300","0.4","0.3","0.2","0.05","0.65","0.4","300","6382","3665","2717","0.4257286117204638","3665","2192","0.4307988620540782","0.07761355267214022"
"1205","300","0.4","0.3","0.2","0.05","0.65","0.35","300","7820","3828","3992","0.5104859335038363","3828","2503","0.4760223962347839","0.08190662442237298"
"1206","300","0.4","0.3","0.2","0.05","0.65","0.35","300","7870","3829","4041","0.5134688691232528","3829","2478","0.4684953212814091","0.07100944437487675"
"1215","300","0.4","0.3","0.2","0.05","0.65","0.4","300","6388","3684","2704","0.4232936756418284","3684","2232","0.4429384642170003","0.06127973853788358"
"1212","300","0.4","0.3","0.2","0.05","0.65","0.4","300","6432","3678","2754","0.4281716417910448","3678","2201","0.43710884648511494","0.0719393801856969"
"1216","300","0.4","0.3","0.2","0.05","0.65","0.4","300","6228","3707","2521","0.4047848426461143","3707","2166","0.4331032034418978","0.07379069792573151"
"1217","300","0.4","0.3","0.2","0.05","0.65","0.4","300","6315","3676","2639","0.41789390340459226","3676","2224","0.4406722822122265","0.06005694996670992"
"1214","300","0.4","0.3","0.2","0.05","0.65","0.4","300","6308","3688","2620","0.4153455928979074","3688","2238","0.44854694901255165","0.05592849844903898"
"1218","300","0.4","0.3","0.2","0.05","0.65","0.4","300","6355","3687","2668","0.4198269079464988","3687","2251","0.42630373512411723","0.06746753124102843"
"1219","300","0.4","0.3","0.2","0.05","0.65","0.4","300","6366","3678","2688","0.4222431668237512","3678","2200","0.44607384407553335","0.06831825191572549"
"1222","300","0.4","0.3","0.2","0.05","0.65","0.45","300","5332","3541","1791","0.33589647411852963","3541","1982","0.4107079085490902","0.04760004332005792"
"1225","300","0.4","0.3","0.2","0.05","0.65","0.45","300","5297","3581","1716","0.32395695676798186","3581","1921","0.40685390595207577","0.05789797042905587"
"1223","300","0.4","0.3","0.2","0.05","0.65","0.45","300","5354","3569","1785","0.33339559208068736","3569","1959","0.4160285584306051","0.049549873500400125"
"1220","300","0.4","0.3","0.2","0.05","0.65","0.4","300","6361","3698","2663","0.4186448671592517","3698","2229","0.43417707504065484","0.06783892790603066"
"1224","300","0.4","0.3","0.2","0.05","0.65","0.45","300","5325","3551","1774","0.3331455399061033","3551","1964","0.4117772975016315","0.04996207273891366"
"1221","300","0.4","0.3","0.2","0.05","0.65","0.45","300","5327","3559","1768","0.3318941242725737","3559","1923","0.40944176892582834","0.05920843786259751"
"1226","300","0.4","0.3","0.2","0.05","0.65","0.45","300","5333","3586","1747","0.327582973935871","3586","1966","0.40923623769107415","0.059079863243427524"
"1227","300","0.4","0.3","0.2","0.05","0.65","0.45","300","5344","3566","1778","0.33270958083832336","3566","1980","0.4122840748526969","0.047247000049880784"
"1229","300","0.4","0.3","0.2","0.05","0.65","0.45","300","5393","3555","1838","0.3408121639161876","3555","1946","0.412884797311604","0.06124756889877272"
"1228","300","0.4","0.3","0.2","0.05","0.65","0.45","300","5284","3569","1715","0.3245647236941711","3569","2025","0.4178664695975991","0.0592319740627354"
"1230","300","0.4","0.3","0.2","0.05","0.65","0.45","300","5314","3563","1751","0.32950696273993224","3563","1952","0.40642287986006487","0.07061646796758395"
"1232","300","0.4","0.3","0.2","0.05","0.65","0.5","300","4693","3478","1215","0.2588962284253143","3478","1768","0.3861546401053536","0.04904079701005913"
"1231","300","0.4","0.3","0.2","0.05","0.65","0.5","300","4660","3449","1211","0.2598712446351931","3449","1748","0.3875805774879134","0.057566633698508056"
"1233","300","0.4","0.3","0.2","0.05","0.65","0.5","300","4677","3453","1224","0.2617062219371392","3453","1742","0.39194689436549573","0.042067154796164095"
"1234","300","0.4","0.3","0.2","0.05","0.65","0.5","300","4680","3490","1190","0.25427350427350426","3490","1733","0.39884535018576184","0.0446743776017018"
"1237","300","0.4","0.3","0.2","0.05","0.65","0.5","300","4727","3483","1244","0.2631690289824413","3483","1719","0.401120953481536","0.03785792771145134"
"1236","300","0.4","0.3","0.2","0.05","0.65","0.5","300","4650","3423","1227","0.26387096774193547","3423","1688","0.38680179086040073","0.05385110178734007"
"1235","300","0.4","0.3","0.2","0.05","0.65","0.5","300","4633","3473","1160","0.2503777250161882","3473","1738","0.39198249888586567","0.04426339140039688"
"1239","300","0.4","0.3","0.2","0.05","0.65","0.5","300","4731","3496","1235","0.26104417670682734","3496","1704","0.39130616761095266","0.051010093108688176"
"1240","300","0.4","0.3","0.2","0.05","0.65","0.5","300","4690","3443","1247","0.2658848614072495","3443","1721","0.38861130592918963","0.04494241991584971"
"1238","300","0.4","0.3","0.2","0.05","0.65","0.5","300","4607","3438","1169","0.25374430214890387","3438","1682","0.37979873885317517","0.04955582469847141"
"1241","300","0.4","0.3","0.2","0.05","0.65","0.55","300","4181","3379","802","0.1918201387227936","3379","1534","0.3797993985782337","0.0403870641476856"
"1242","300","0.4","0.3","0.2","0.05","0.65","0.55","300","4193","3401","792","0.18888623896971143","3401","1494","0.3687564921453754","0.05394780869771676"
"1243","300","0.4","0.3","0.2","0.05","0.65","0.55","300","4174","3381","793","0.18998562529947294","3381","1531","0.377705907948636","0.04071380043687139"
"1245","300","0.4","0.3","0.2","0.05","0.65","0.55","300","4223","3337","886","0.20980345725787355","3337","1525","0.3721873918674241","0.04541019480898653"
"1244","300","0.4","0.3","0.2","0.05","0.65","0.55","300","4164","3385","779","0.18707973102785783","3385","1550","0.37166391146084876","0.04841076114289404"
"1246","300","0.4","0.3","0.2","0.05","0.65","0.55","300","4158","3321","837","0.2012987012987013","3321","1488","0.37077021578912034","0.04256687644027951"
"1247","300","0.4","0.3","0.2","0.05","0.65","0.55","300","4150","3365","785","0.1891566265060241","3365","1528","0.3696498125297965","0.053383163155410876"
"1249","300","0.4","0.3","0.2","0.05","0.65","0.55","300","4219","3348","871","0.20644702536146006","3348","1542","0.37445531725393155","0.044300725825748594"
"1248","300","0.4","0.3","0.2","0.05","0.65","0.55","300","4184","3350","834","0.19933078393881454","3350","1546","0.36670658813379975","0.0506288482431747"
"1251","300","0.4","0.3","0.2","0.05","0.65","0.6","300","3853","3261","592","0.1536465092135998","3261","1267","0.34436351476785815","0.05121608753417214"
"1250","300","0.4","0.3","0.2","0.05","0.65","0.55","300","4199","3369","830","0.1976661109788045","3369","1518","0.3662595229737291","0.053732085195738966"
"1252","300","0.4","0.3","0.2","0.05","0.65","0.6","300","3843","3251","592","0.15404631798074422","3251","1270","0.35065332406495353","0.03598583168034146"
"1255","300","0.4","0.3","0.2","0.05","0.65","0.6","300","3831","3265","566","0.14774210388932393","3265","1283","0.35025082007728475","0.04019923238464383"
"1254","300","0.4","0.3","0.2","0.05","0.65","0.6","300","3842","3281","561","0.14601769911504425","3281","1280","0.34803810530527074","0.04000292491570226"
"1257","300","0.4","0.3","0.2","0.05","0.65","0.6","300","3881","3270","611","0.15743365112084515","3270","1319","0.34752996286369175","0.05153915358784"
"1256","300","0.4","0.3","0.2","0.05","0.65","0.6","300","3826","3252","574","0.15002613695765812","3252","1291","0.35091844230666913","0.03714793976343878"
"1253","300","0.4","0.3","0.2","0.05","0.65","0.6","300","3861","3268","593","0.15358715358715358","3268","1267","0.349362137952051","0.046697864512062454"
"1258","300","0.4","0.3","0.2","0.05","0.65","0.6","300","3831","3273","558","0.1456538762725137","3273","1277","0.35093348624197174","0.049663498869173095"
"1259","300","0.4","0.3","0.2","0.05","0.65","0.6","300","3881","3252","629","0.16207163102293223","3252","1292","0.3538220540004557","0.03497412161540073"
"1260","300","0.4","0.3","0.2","0.05","0.65","0.6","300","3845","3264","581","0.15110533159947984","3264","1298","0.35541032002663114","0.04372735040205652"
"1261","300","0.4","0.3","0.2","0.05","0.65","0.65","300","3676","3244","432","0.117519042437432","3244","1146","0.3458357021242807","0.036195866631793666"
"1262","300","0.4","0.3","0.2","0.05","0.65","0.65","300","3673","3243","430","0.11707051456575007","3243","1144","0.3417800184491113","0.036460828363614785"
"1263","300","0.4","0.3","0.2","0.05","0.65","0.65","300","3626","3224","402","0.11086596800882516","3224","1092","0.3379220947143644","0.03999918095183945"
"1264","300","0.4","0.3","0.2","0.05","0.65","0.65","300","3602","3193","409","0.11354802887284841","3193","1100","0.3379941176706563","0.039609501866942995"
"1265","300","0.4","0.3","0.2","0.05","0.65","0.65","300","3657","3236","421","0.11512168444079847","3236","1177","0.34140379263029774","0.0360624053840869"
"1268","300","0.4","0.3","0.2","0.05","0.65","0.65","300","3626","3229","397","0.10948703805846663","3229","1110","0.33681781845228803","0.03550280917939469"
"1267","300","0.4","0.3","0.2","0.05","0.65","0.65","300","3653","3205","448","0.12263892690938955","3205","1143","0.3369618787166307","0.031152865490786996"
"1269","300","0.4","0.3","0.2","0.05","0.65","0.65","300","3623","3196","427","0.11785812862268838","3196","1109","0.33789993586192246","0.04447735327599517"
"1266","300","0.4","0.3","0.2","0.05","0.65","0.65","300","3632","3211","421","0.11591409691629956","3211","1131","0.34529217693129555","0.027937382742406917"
"1270","300","0.4","0.3","0.2","0.05","0.65","0.65","300","3632","3221","411","0.11316079295154186","3221","1140","0.3419328408704857","0.030434380046732344"
"1271","300","0.4","0.3","0.2","0.05","0.65","0.7","300","3468","3157","311","0.08967704728950404","3157","975","0.3318555477511821","0.041916925560345875"
"1273","300","0.4","0.3","0.2","0.05","0.65","0.7","300","3511","3210","301","0.0857305610937055","3210","975","0.33268939471793374","0.038391139458707445"
"1272","300","0.4","0.3","0.2","0.05","0.65","0.7","300","3509","3200","309","0.08805927614705045","3200","1012","0.327159874026453","0.04171876566147274"
"1274","300","0.4","0.3","0.2","0.05","0.65","0.7","300","3493","3191","302","0.0864586315488119","3191","955","0.3282698490536537","0.028936228350754777"
"1275","300","0.4","0.3","0.2","0.05","0.65","0.7","300","3396","3106","290","0.08539458186101295","3106","926","0.33033335491860333","0.03280610501555358"
"1279","300","0.4","0.3","0.2","0.05","0.65","0.7","300","3451","3143","308","0.08924949290060852","3143","945","0.3269941099043868","0.037384753378954506"
"1278","300","0.4","0.3","0.2","0.05","0.65","0.7","300","3506","3193","313","0.08927552766685681","3193","922","0.3292883280756124","0.03822266748414281"
"1277","300","0.4","0.3","0.2","0.05","0.65","0.7","300","3476","3170","306","0.08803222094361335","3170","911","0.32696087478933633","0.033546583205141305"
"1276","300","0.4","0.3","0.2","0.05","0.65","0.7","300","3506","3195","311","0.08870507701083856","3195","946","0.3280853395107908","0.038984803322685224"
"1280","300","0.4","0.3","0.2","0.05","0.65","0.7","300","3433","3150","283","0.08243518788231867","3150","928","0.3274119360204156","0.02598534821604016"
"1282","300","0.4","0.3","0.2","0.05","0.65","0.75","300","3356","3133","223","0.0664481525625745","3133","773","0.31945264980834653","0.03593497612643823"
"1283","300","0.4","0.3","0.2","0.05","0.65","0.75","300","3392","3164","228","0.06721698113207547","3164","806","0.31830926040852403","0.03188643064499136"
"1281","300","0.4","0.3","0.2","0.05","0.65","0.75","300","3334","3123","211","0.0632873425314937","3123","767","0.3217487988303657","0.037286059372841275"
"1286","300","0.4","0.3","0.2","0.05","0.65","0.75","300","3382","3159","223","0.06593731519810762","3159","809","0.3187606858330281","0.030141927140235662"
"1284","300","0.4","0.3","0.2","0.05","0.65","0.75","300","3344","3121","223","0.06668660287081339","3121","770","0.31902073220826493","0.03113747167530081"
"1285","300","0.4","0.3","0.2","0.05","0.65","0.75","300","3330","3120","210","0.06306306306306306","3120","794","0.318243994387672","0.037375325043800596"
"1287","300","0.4","0.3","0.2","0.05","0.65","0.75","300","3346","3113","233","0.06963538553496712","3113","793","0.3168835354336479","0.030139240772193036"
"1290","300","0.4","0.3","0.2","0.05","0.65","0.75","300","3342","3129","213","0.06373429084380611","3129","759","0.3188040473970635","0.028830964477721023"
"1288","300","0.4","0.3","0.2","0.05","0.65","0.75","300","3375","3128","247","0.07318518518518519","3128","795","0.32150696423906583","0.038885713888604095"
"1291","300","0.4","0.3","0.2","0.05","0.65","0.8","300","3295","3103","192","0.0582701062215478","3103","626","0.31106783769482027","0.027063891280593597"
"1289","300","0.4","0.3","0.2","0.05","0.65","0.75","300","3364","3131","233","0.06926278240190249","3131","820","0.3219314153588842","0.02948127749050835"
"1294","300","0.4","0.3","0.2","0.05","0.65","0.8","300","3280","3097","183","0.05579268292682927","3097","632","0.3119625341315164","0.03573972729267741"
"1292","300","0.4","0.3","0.2","0.05","0.65","0.8","300","3243","3068","175","0.05396238051187172","3068","644","0.3151635926258996","0.03979454225610771"
"1295","300","0.4","0.3","0.2","0.05","0.65","0.8","300","3212","3058","154","0.04794520547945205","3058","631","0.31228690211184174","0.03797049183303556"
"1293","300","0.4","0.3","0.2","0.05","0.65","0.8","300","3237","3068","169","0.05220883534136546","3068","622","0.3129325147177493","0.03634210478516233"
"1296","300","0.4","0.3","0.2","0.05","0.65","0.8","300","3223","3044","179","0.05553831833695315","3044","575","0.31051709164135555","0.040227777934558694"
"1297","300","0.4","0.3","0.2","0.05","0.65","0.8","300","3250","3064","186","0.05723076923076923","3064","632","0.31199753025927157","0.029300809172081454"
"1298","300","0.4","0.3","0.2","0.05","0.65","0.8","300","3264","3071","193","0.05912990196078431","3071","625","0.31407549853318834","0.029776939235866027"
"1299","300","0.4","0.3","0.2","0.05","0.65","0.8","300","3245","3086","159","0.048998459167950696","3086","619","0.31172603409238164","0.034939598018087124"
"1300","300","0.4","0.3","0.2","0.05","0.65","0.8","300","3290","3129","161","0.04893617021276596","3129","610","0.3118249609160552","0.030483923309744552"
"1302","300","0.4","0.3","0.2","0.05","0.7","0.2","300","16616","3669","12947","0.7791887337506018","3669","2962","0.5540443111718185","0.18018877174252446"
"1301","300","0.4","0.3","0.2","0.05","0.7","0.2","300","16709","3674","13035","0.7801184990125082","3674","2942","0.5567136943817399","0.1790746758147071"
"1303","300","0.4","0.3","0.2","0.05","0.7","0.2","300","16511","3660","12851","0.7783295984495185","3660","2936","0.553951001902894","0.1799319537297122"
"1304","300","0.4","0.3","0.2","0.05","0.7","0.2","300","16364","3693","12671","0.7743216817404057","3693","2966","0.5572569317713268","0.18203702033192218"
"1305","300","0.4","0.3","0.2","0.05","0.7","0.2","300","16516","3697","12819","0.7761564543472996","3697","2960","0.5592798212500928","0.18111848529077965"
"1306","300","0.4","0.3","0.2","0.05","0.7","0.2","300","16460","3735","12725","0.773086269744836","3735","3005","0.5711659897871634","0.17851985641993132"
"1307","300","0.4","0.3","0.2","0.05","0.7","0.2","300","16614","3699","12915","0.7773564463705309","3699","2984","0.5822983025775952","0.16082609426401961"
"1312","300","0.4","0.3","0.2","0.05","0.7","0.25","300","12472","3755","8717","0.6989255933290571","3755","2839","0.5415421904775906","0.12559511696113987"
"1308","300","0.4","0.3","0.2","0.05","0.7","0.2","300","16527","3735","12792","0.7740061717190052","3735","2996","0.5527176225563667","0.18403334627756524"
"1311","300","0.4","0.3","0.2","0.05","0.7","0.25","300","12387","3735","8652","0.6984742068297408","3735","2805","0.5281169791453559","0.14426254797531496"
"1309","300","0.4","0.3","0.2","0.05","0.7","0.2","300","16477","3727","12750","0.7738059112702556","3727","3003","0.5658768863195982","0.18169129081156238"
"1310","300","0.4","0.3","0.2","0.05","0.7","0.2","300","16458","3685","12773","0.7760967310730343","3685","2948","0.5493803975633136","0.190073260864412"
"1314","300","0.4","0.3","0.2","0.05","0.7","0.25","300","12521","3741","8780","0.7012219471288236","3741","2822","0.5374094783882003","0.13925808004732632"
"1316","300","0.4","0.3","0.2","0.05","0.7","0.25","300","12503","3745","8758","0.7004718867471806","3745","2862","0.5344994881105982","0.13921571468487456"
"1317","300","0.4","0.3","0.2","0.05","0.7","0.25","300","12573","3736","8837","0.702855324902569","3736","2799","0.516192157070043","0.14323551499201692"
"1313","300","0.4","0.3","0.2","0.05","0.7","0.25","300","12524","3743","8781","0.7011338230597254","3743","2823","0.5333442699593427","0.13256898889762347"
"1315","300","0.4","0.3","0.2","0.05","0.7","0.25","300","12512","3734","8778","0.7015664961636828","3734","2819","0.5314875535480031","0.13581482036210218"
"1318","300","0.4","0.3","0.2","0.05","0.7","0.25","300","12559","3719","8840","0.7038776972688908","3719","2789","0.525632299562385","0.1407066486215523"
"1320","300","0.4","0.3","0.2","0.05","0.7","0.25","300","12517","3781","8736","0.6979308140928338","3781","2836","0.5396925052439046","0.13121179664306926"
"1321","300","0.4","0.3","0.2","0.05","0.7","0.3","300","9642","3674","5968","0.6189587222567932","3674","2534","0.48586127741958035","0.0990549449918938"
"1322","300","0.4","0.3","0.2","0.05","0.7","0.3","300","9398","3709","5689","0.6053415620344754","3709","2567","0.49675388437116813","0.09558665707023299"
"1319","300","0.4","0.3","0.2","0.05","0.7","0.25","300","12559","3730","8829","0.7030018313559997","3730","2837","0.5226926292623395","0.13061567957214315"
"1323","300","0.4","0.3","0.2","0.05","0.7","0.3","300","9520","3691","5829","0.6122899159663866","3691","2617","0.5042846124852131","0.09598878818106389"
"1324","300","0.4","0.3","0.2","0.05","0.7","0.3","300","9466","3709","5757","0.6081766321571942","3709","2571","0.49893089113853134","0.09939958669865141"
"1325","300","0.4","0.3","0.2","0.05","0.7","0.3","300","9401","3696","5705","0.6068503350707372","3696","2627","0.5008870224351579","0.10301751590003451"
"1327","300","0.4","0.3","0.2","0.05","0.7","0.3","300","9366","3712","5654","0.6036728592782404","3712","2570","0.5007175262111293","0.09617982466868101"
"1326","300","0.4","0.3","0.2","0.05","0.7","0.3","300","9253","3691","5562","0.6011023451853453","3691","2543","0.48499242793788777","0.10928288456369031"
"1328","300","0.4","0.3","0.2","0.05","0.7","0.3","300","9343","3700","5643","0.6039815904955582","3700","2565","0.492300032480366","0.09863677908216138"
"1330","300","0.4","0.3","0.2","0.05","0.7","0.3","300","9451","3676","5775","0.6110464501110994","3676","2551","0.4974472733406874","0.10382860042557733"
"1329","300","0.4","0.3","0.2","0.05","0.7","0.3","300","9475","3666","5809","0.6130870712401055","3666","2550","0.4853410587097708","0.10664024687651483"
"1332","300","0.4","0.3","0.2","0.05","0.7","0.35","300","7329","3577","3752","0.5119388729703916","3577","2308","0.45504689161119727","0.07787826629772467"
"1333","300","0.4","0.3","0.2","0.05","0.7","0.35","300","7290","3588","3702","0.5078189300411523","3588","2320","0.4648814152656072","0.07858858129316051"
"1331","300","0.4","0.3","0.2","0.05","0.7","0.35","300","7330","3594","3736","0.5096862210095497","3594","2315","0.4626395079528906","0.08084718612819684"
"1334","300","0.4","0.3","0.2","0.05","0.7","0.35","300","7283","3589","3694","0.5072085678978443","3589","2295","0.46248416415624805","0.07706842509067803"
"1337","300","0.4","0.3","0.2","0.05","0.7","0.35","300","7490","3543","3947","0.5269692923898531","3543","2280","0.4590499240650789","0.086146605786266"
"1338","300","0.4","0.3","0.2","0.05","0.7","0.35","300","7353","3562","3791","0.5155718754249966","3562","2290","0.4683207248216459","0.07722374363812684"
"1335","300","0.4","0.3","0.2","0.05","0.7","0.35","300","7364","3561","3803","0.5164312873438349","3561","2318","0.44609733672745033","0.08465590509530056"
"1339","300","0.4","0.3","0.2","0.05","0.7","0.35","300","7304","3584","3720","0.5093099671412924","3584","2297","0.4614497993802284","0.07541335923382164"
"1336","300","0.4","0.3","0.2","0.05","0.7","0.35","300","7301","3553","3748","0.5133543350225996","3553","2327","0.46470377971615257","0.07849171403721894"
"1342","300","0.4","0.3","0.2","0.05","0.7","0.4","300","5892","3472","2420","0.4107264086897488","3472","2082","0.4362355427014151","0.058019449790063786"
"1343","300","0.4","0.3","0.2","0.05","0.7","0.4","300","5845","3467","2378","0.40684345594525234","3467","2053","0.4371680321238126","0.05635662181811741"
"1341","300","0.4","0.3","0.2","0.05","0.7","0.4","300","5848","3445","2403","0.4109097127222982","3445","2080","0.42534047312846257","0.05272730259272906"
"1340","300","0.4","0.3","0.2","0.05","0.7","0.35","300","7374","3576","3798","0.515052888527258","3576","2320","0.4637755140015157","0.07892536141524403"
"1344","300","0.4","0.3","0.2","0.05","0.7","0.4","300","5919","3452","2467","0.41679337725967225","3452","2023","0.42920452626646255","0.0648063865075281"
"1345","300","0.4","0.3","0.2","0.05","0.7","0.4","300","5865","3461","2404","0.4098891730605286","3461","2100","0.43538779049101417","0.0649673941859185"
"1348","300","0.4","0.3","0.2","0.05","0.7","0.4","300","5928","3441","2487","0.41953441295546556","3441","2063","0.4331404713814758","0.07142183336293062"
"1346","300","0.4","0.3","0.2","0.05","0.7","0.4","300","5938","3447","2491","0.419501515661839","3447","2096","0.4357266664388975","0.07058142864069948"
"1347","300","0.4","0.3","0.2","0.05","0.7","0.4","300","5878","3482","2396","0.40762164001361006","3482","2058","0.4282705404271734","0.06809651717903431"
"1349","300","0.4","0.3","0.2","0.05","0.7","0.4","300","5916","3435","2481","0.4193711967545639","3435","2107","0.4344051524325334","0.0695954787922083"
"1351","300","0.4","0.3","0.2","0.05","0.7","0.45","300","4965","3380","1585","0.3192346424974824","3380","1834","0.4084184457219977","0.04244663318775707"
"1352","300","0.4","0.3","0.2","0.05","0.7","0.45","300","4936","3356","1580","0.320097244732577","3356","1866","0.4152097898114432","0.04814407690440524"
"1353","300","0.4","0.3","0.2","0.05","0.7","0.45","300","5033","3344","1689","0.3355851380886151","3344","1906","0.41378075832526917","0.04693174948542943"
"1350","300","0.4","0.3","0.2","0.05","0.7","0.4","300","5893","3447","2446","0.415068725606652","3447","2077","0.4384724174500976","0.06054067919232433"
"1354","300","0.4","0.3","0.2","0.05","0.7","0.45","300","4934","3318","1616","0.32752330766112686","3318","1785","0.40525732440976514","0.057616786481937216"
"1355","300","0.4","0.3","0.2","0.05","0.7","0.45","300","5035","3347","1688","0.335253227408143","3347","1843","0.40143529126358646","0.044976252061323344"
"1356","300","0.4","0.3","0.2","0.05","0.7","0.45","300","4972","3348","1624","0.3266291230893001","3348","1822","0.4093443109348572","0.05068524055152569"
"1358","300","0.4","0.3","0.2","0.05","0.7","0.45","300","5063","3346","1717","0.3391269998024886","3346","1804","0.398169808448658","0.05441221837480981"
"1360","300","0.4","0.3","0.2","0.05","0.7","0.45","300","5013","3351","1662","0.3315380011968881","3351","1838","0.4082798586018727","0.07250109795675815"
"1359","300","0.4","0.3","0.2","0.05","0.7","0.45","300","4980","3337","1643","0.32991967871485944","3337","1861","0.40614331533990466","0.054925023521071224"
"1362","300","0.4","0.3","0.2","0.05","0.7","0.5","300","4417","3267","1150","0.2603577088521621","3267","1647","0.3866454535326128","0.05088099320507471"
"1357","300","0.4","0.3","0.2","0.05","0.7","0.45","300","5002","3362","1640","0.32786885245901637","3362","1845","0.4068911449647204","0.05243687985703891"
"1361","300","0.4","0.3","0.2","0.05","0.7","0.5","300","4420","3237","1183","0.2676470588235294","3237","1640","0.3783358079223577","0.05356817745924686"
"1364","300","0.4","0.3","0.2","0.05","0.7","0.5","300","4415","3310","1105","0.25028312570781425","3310","1630","0.39457188416675837","0.04059290323917873"
"1363","300","0.4","0.3","0.2","0.05","0.7","0.5","300","4343","3267","1076","0.24775500805894543","3267","1663","0.38886498268060876","0.037927975883207864"
"1365","300","0.4","0.3","0.2","0.05","0.7","0.5","300","4313","3250","1063","0.24646417806631116","3250","1680","0.3938119678684961","0.0482600824241811"
"1368","300","0.4","0.3","0.2","0.05","0.7","0.5","300","4419","3253","1166","0.26386060194614164","3253","1620","0.38516839127080893","0.045039019005516746"
"1366","300","0.4","0.3","0.2","0.05","0.7","0.5","300","4416","3241","1175","0.2660778985507246","3241","1635","0.3873416208634994","0.04491476834146746"
"1367","300","0.4","0.3","0.2","0.05","0.7","0.5","300","4386","3261","1125","0.25649794801641584","3261","1581","0.37758135351170957","0.04798857320709939"
"1369","300","0.4","0.3","0.2","0.05","0.7","0.5","300","4406","3257","1149","0.2607807535179301","3257","1605","0.3812155305974416","0.05519477184473864"
"1370","300","0.4","0.3","0.2","0.05","0.7","0.5","300","4463","3271","1192","0.26708492045709165","3271","1625","0.3824080138063591","0.04520373544758871"
"1372","300","0.4","0.3","0.2","0.05","0.7","0.55","300","3916","3124","792","0.20224719101123595","3124","1409","0.3672351315660682","0.04468861983517427"
"1371","300","0.4","0.3","0.2","0.05","0.7","0.55","300","4018","3179","839","0.20881035340965654","3179","1434","0.37690964441090236","0.04311861927528323"
"1373","300","0.4","0.3","0.2","0.05","0.7","0.55","300","3955","3139","816","0.2063211125158028","3139","1442","0.3633901527802642","0.03658530831630272"
"1376","300","0.4","0.3","0.2","0.05","0.7","0.55","300","3951","3189","762","0.19286256643887623","3189","1379","0.36686414520632943","0.03777398807170642"
"1374","300","0.4","0.3","0.2","0.05","0.7","0.55","300","3975","3172","803","0.2020125786163522","3172","1388","0.36562568858568395","0.047276114764986804"
"1375","300","0.4","0.3","0.2","0.05","0.7","0.55","300","3989","3200","789","0.1977939333166207","3200","1493","0.36990608370232503","0.04568213085709222"
"1377","300","0.4","0.3","0.2","0.05","0.7","0.55","300","3951","3187","764","0.19336876740065806","3187","1467","0.37244876536548993","0.03807345462283988"
"1378","300","0.4","0.3","0.2","0.05","0.7","0.55","300","4003","3201","802","0.20034973769672745","3201","1419","0.3700341450022247","0.043104672418928146"
"1379","300","0.4","0.3","0.2","0.05","0.7","0.55","300","3945","3157","788","0.19974651457541193","3157","1445","0.36474571383753446","0.04696802095716585"
"1381","300","0.4","0.3","0.2","0.05","0.7","0.6","300","3675","3092","583","0.15863945578231292","3092","1269","0.3566897855519783","0.0423070699043966"
"1382","300","0.4","0.3","0.2","0.05","0.7","0.6","300","3671","3122","549","0.14955053119041134","3122","1237","0.3496544336988894","0.041797399716202124"
"1380","300","0.4","0.3","0.2","0.05","0.7","0.55","300","3981","3191","790","0.19844260236121578","3191","1442","0.3709717384105766","0.036169291358538004"
"1383","300","0.4","0.3","0.2","0.05","0.7","0.6","300","3670","3146","524","0.1427792915531335","3146","1277","0.35595288991709595","0.03990140705666568"
"1384","300","0.4","0.3","0.2","0.05","0.7","0.6","300","3603","3087","516","0.14321398834304747","3087","1207","0.3478382620019039","0.042031355587816364"
"1385","300","0.4","0.3","0.2","0.05","0.7","0.6","300","3646","3140","506","0.1387822270981898","3140","1304","0.3478897719902794","0.04241096717576848"
"1387","300","0.4","0.3","0.2","0.05","0.7","0.6","300","3717","3167","550","0.14796879203658864","3167","1260","0.3514575192732131","0.03830819596364535"
"1386","300","0.4","0.3","0.2","0.05","0.7","0.6","300","3667","3105","562","0.15325879465503137","3105","1259","0.3608431332504779","0.04368382022269293"
"1389","300","0.4","0.3","0.2","0.05","0.7","0.6","300","3776","3192","584","0.15466101694915255","3192","1310","0.3572626102620768","0.04182709704559731"
"1388","300","0.4","0.3","0.2","0.05","0.7","0.6","300","3680","3084","596","0.16195652173913044","3084","1248","0.3517373832629483","0.03852952148801312"
"1390","300","0.4","0.3","0.2","0.05","0.7","0.6","300","3717","3160","557","0.14985203120796342","3160","1282","0.35783070923881344","0.042735393467232624"
"1394","300","0.4","0.3","0.2","0.05","0.7","0.65","300","3487","3071","416","0.11930025810151994","3071","1093","0.34157117501431755","0.04027308551165568"
"1393","300","0.4","0.3","0.2","0.05","0.7","0.65","300","3525","3101","424","0.12028368794326241","3101","1076","0.34068107333162634","0.03965292118626626"
"1392","300","0.4","0.3","0.2","0.05","0.7","0.65","300","3493","3086","407","0.11651875178929287","3086","1108","0.3447408503063673","0.039201688919146355"
"1391","300","0.4","0.3","0.2","0.05","0.7","0.65","300","3493","3118","375","0.10735757228743201","3118","1104","0.3463837602215531","0.035490512061862725"
"1395","300","0.4","0.3","0.2","0.05","0.7","0.65","300","3504","3118","386","0.11015981735159817","3118","1103","0.34506087888325465","0.03316803476056546"
"1396","300","0.4","0.3","0.2","0.05","0.7","0.65","300","3535","3136","399","0.11287128712871287","3136","1056","0.34670971939586237","0.02805761233212058"
"1397","300","0.4","0.3","0.2","0.05","0.7","0.65","300","3461","3072","389","0.11239526148511991","3072","1077","0.3403631290738698","0.03408995890599165"
"1398","300","0.4","0.3","0.2","0.05","0.7","0.65","300","3452","3060","392","0.11355735805330243","3060","1071","0.3408003286126964","0.035820276829802475"
"1399","300","0.4","0.3","0.2","0.05","0.7","0.65","300","3483","3070","413","0.11857594028136664","3070","1065","0.34277200357246757","0.0521206519606267"
"1403","300","0.4","0.3","0.2","0.05","0.7","0.7","300","3381","3073","308","0.09109730848861283","3073","964","0.33195633067968167","0.033142517050702515"
"1400","300","0.4","0.3","0.2","0.05","0.7","0.65","300","3440","3025","415","0.12063953488372094","3025","1043","0.34013012559675254","0.035981110822772916"
"1401","300","0.4","0.3","0.2","0.05","0.7","0.7","300","3349","3050","299","0.08928038220364287","3050","904","0.3294218703272975","0.036647225276673794"
"1402","300","0.4","0.3","0.2","0.05","0.7","0.7","300","3325","3046","279","0.08390977443609023","3046","901","0.3294522937560401","0.03772090184218515"
"1404","300","0.4","0.3","0.2","0.05","0.7","0.7","300","3313","3014","299","0.09025052822215515","3014","910","0.330432619621033","0.03502097248792885"
"1405","300","0.4","0.3","0.2","0.05","0.7","0.7","300","3355","3045","310","0.09239940387481371","3045","933","0.32518742487654817","0.03141656959595516"
"1406","300","0.4","0.3","0.2","0.05","0.7","0.7","300","3366","3041","325","0.09655377302436126","3041","925","0.3290076031825895","0.03333547564657183"
"1407","300","0.4","0.3","0.2","0.05","0.7","0.7","300","3350","3069","281","0.08388059701492537","3069","912","0.327344223139564","0.04157736727620034"
"1408","300","0.4","0.3","0.2","0.05","0.7","0.7","300","3372","3050","322","0.09549228944246738","3050","899","0.3241439014008492","0.046010510825902046"
"1410","300","0.4","0.3","0.2","0.05","0.7","0.7","300","3285","2997","288","0.08767123287671233","2997","896","0.3271167803839027","0.0340582620793393"
"1415","300","0.4","0.3","0.2","0.05","0.7","0.75","300","3224","3018","206","0.06389578163771713","3018","765","0.318370324207172","0.03941234007653152"
"1412","300","0.4","0.3","0.2","0.05","0.7","0.75","300","3233","3010","223","0.068976183111661","3010","734","0.31990683282282995","0.03548452932786366"
"1409","300","0.4","0.3","0.2","0.05","0.7","0.7","300","3346","3055","291","0.08696951583980873","3055","924","0.3283334526848224","0.035974476679156306"
"1416","300","0.4","0.3","0.2","0.05","0.7","0.75","300","3187","2969","218","0.06840288672732978","2969","723","0.31998000566318885","0.036718122812990674"
"1414","300","0.4","0.3","0.2","0.05","0.7","0.75","300","3215","3022","193","0.060031104199066876","3022","763","0.31816336665763223","0.03427951136621479"
"1411","300","0.4","0.3","0.2","0.05","0.7","0.75","300","3187","2970","217","0.06808911201757138","2970","750","0.3211911584483307","0.030032480309095236"
"1413","300","0.4","0.3","0.2","0.05","0.7","0.75","300","3242","3038","204","0.06292412091301666","3038","730","0.31811748289909453","0.030401832361974097"
"1422","300","0.4","0.3","0.2","0.05","0.7","0.8","300","3203","3007","196","0.061192631907586635","3007","616","0.31515008860121974","0.034016364543650465"
"1417","300","0.4","0.3","0.2","0.05","0.7","0.75","300","3250","3026","224","0.06892307692307692","3026","772","0.3160720251030882","0.03894251345867049"
"1418","300","0.4","0.3","0.2","0.05","0.7","0.75","300","3195","3013","182","0.05696400625978091","3013","704","0.3192262310919375","0.032798129969483426"
"1421","300","0.4","0.3","0.2","0.05","0.7","0.8","300","3219","3051","168","0.0521901211556384","3051","638","0.3155221222237289","0.033530296380323794"
"1424","300","0.4","0.3","0.2","0.05","0.7","0.8","300","3191","3053","138","0.04324663115010968","3053","629","0.3133286236771424","0.03618029058547081"
"1419","300","0.4","0.3","0.2","0.05","0.7","0.75","300","3217","3010","207","0.0643456636617967","3010","740","0.3221498153921343","0.03347612756390571"
"1423","300","0.4","0.3","0.2","0.05","0.7","0.8","300","3139","2976","163","0.051927365402994585","2976","585","0.3116135390784689","0.03664497981925631"
"1427","300","0.4","0.3","0.2","0.05","0.7","0.8","300","3104","2955","149","0.04800257731958763","2955","577","0.31068353569960566","0.0335137862257367"
"1425","300","0.4","0.3","0.2","0.05","0.7","0.8","300","3159","2995","164","0.051915163026274136","2995","597","0.3142388408963545","0.03721495872335689"
"1426","300","0.4","0.3","0.2","0.05","0.7","0.8","300","3172","2995","177","0.05580075662042875","2995","579","0.3143317665359859","0.036047201796283186"
"1420","300","0.4","0.3","0.2","0.05","0.7","0.75","300","3212","2989","223","0.06942714819427148","2989","739","0.3211977948672014","0.03671388722078985"
"1428","300","0.4","0.3","0.2","0.05","0.7","0.8","300","3133","2972","161","0.051388445579316946","2972","629","0.3137582390678086","0.042077831619927786"
"1430","300","0.4","0.3","0.2","0.05","0.7","0.8","300","3140","2995","145","0.04617834394904458","2995","607","0.31261080547451325","0.02831518122214059"
"1429","300","0.4","0.3","0.2","0.05","0.7","0.8","300","3128","2969","159","0.050831202046035806","2969","598","0.3121809248215434","0.042254281582833245"
"1431","300","0.4","0.3","0.2","0.05","0.75","0.2","300","15434","3577","11857","0.7682389529609952","3577","2826","0.5605995855235784","0.1636655970409754"
"1433","300","0.4","0.3","0.2","0.05","0.75","0.2","300","15573","3565","12008","0.7710781480767996","3565","2825","0.5476424278102272","0.17267727833504332"
"1434","300","0.4","0.3","0.2","0.05","0.75","0.2","300","15693","3556","12137","0.7734021538265469","3556","2842","0.5443237239175244","0.17249515964702586"
"1432","300","0.4","0.3","0.2","0.05","0.75","0.2","300","15666","3557","12109","0.7729477850121281","3557","2828","0.561287492892617","0.17480026532026335"
"1435","300","0.4","0.3","0.2","0.05","0.75","0.2","300","15610","3560","12050","0.7719410634208841","3560","2872","0.558386114554007","0.17437104543729642"
"1437","300","0.4","0.3","0.2","0.05","0.75","0.2","300","15710","3547","12163","0.7742202418841502","3547","2862","0.55983751222233","0.17105992167115128"
"1436","300","0.4","0.3","0.2","0.05","0.75","0.2","300","15598","3570","12028","0.7711245031414284","3570","2844","0.5664076596737021","0.1637229743004192"
"1438","300","0.4","0.3","0.2","0.05","0.75","0.2","300","15606","3552","12054","0.772395232602845","3552","2814","0.5561408317066618","0.16617211322278508"
"1441","300","0.4","0.3","0.2","0.05","0.75","0.25","300","11826","3530","8296","0.7015051581261627","3530","2691","0.529119368019198","0.12332598413489296"
"1445","300","0.4","0.3","0.2","0.05","0.75","0.25","300","11847","3563","8284","0.6992487549590614","3563","2693","0.5300479295178032","0.11803583896077129"
"1439","300","0.4","0.3","0.2","0.05","0.75","0.2","300","15760","3535","12225","0.7756979695431472","3535","2842","0.5657824936659048","0.15972694002111387"
"1444","300","0.4","0.3","0.2","0.05","0.75","0.25","300","11745","3575","8170","0.6956151553852703","3575","2661","0.5210007077264783","0.1312662267688926"
"1440","300","0.4","0.3","0.2","0.05","0.75","0.2","300","15679","3568","12111","0.7724344664838318","3568","2820","0.5648940209438161","0.15389608584555906"
"1442","300","0.4","0.3","0.2","0.05","0.75","0.25","300","11716","3549","8167","0.6970809149880506","3549","2678","0.5294988905955353","0.12329027114709068"
"1446","300","0.4","0.3","0.2","0.05","0.75","0.25","300","11688","3552","8136","0.6960985626283368","3552","2680","0.5258633833201887","0.12855998386231568"
"1443","300","0.4","0.3","0.2","0.05","0.75","0.25","300","11594","3559","8035","0.6930308780403657","3559","2650","0.5199931120741258","0.12011758211904502"
"1448","300","0.4","0.3","0.2","0.05","0.75","0.25","300","11759","3515","8244","0.7010800238115485","3515","2654","0.5244405803835985","0.1329419313249548"
"1449","300","0.4","0.3","0.2","0.05","0.75","0.25","300","11698","3552","8146","0.6963583518550179","3552","2658","0.5232706174073222","0.13188211707785247"
"1447","300","0.4","0.3","0.2","0.05","0.75","0.25","300","11932","3521","8411","0.7049111632584646","3521","2693","0.5367355182161027","0.12424565251578135"
"1450","300","0.4","0.3","0.2","0.05","0.75","0.25","300","11735","3545","8190","0.697912228376651","3545","2679","0.5079506131021287","0.13826275495692122"
"1451","300","0.4","0.3","0.2","0.05","0.75","0.3","300","8779","3481","5298","0.6034855906139651","3481","2408","0.4888838419327075","0.09465091474445565"
"1452","300","0.4","0.3","0.2","0.05","0.75","0.3","300","8841","3452","5389","0.609546431399163","3452","2434","0.4863172528266177","0.0922255968074984"
"1454","300","0.4","0.3","0.2","0.05","0.75","0.3","300","8802","3476","5326","0.6050897523290162","3476","2456","0.4945503819463923","0.09470322360964797"
"1453","300","0.4","0.3","0.2","0.05","0.75","0.3","300","8765","3440","5325","0.607529948659441","3440","2409","0.47821830173843305","0.09917109197040255"
"1456","300","0.4","0.3","0.2","0.05","0.75","0.3","300","8716","3474","5242","0.601422670949977","3474","2436","0.4904314775752571","0.09721350106685545"
"1457","300","0.4","0.3","0.2","0.05","0.75","0.3","300","8889","3462","5427","0.6105298683766452","3462","2431","0.495579937271172","0.088832129288398"
"1455","300","0.4","0.3","0.2","0.05","0.75","0.3","300","8821","3448","5373","0.6091146128556852","3448","2423","0.48898607306699915","0.09666194728073167"
"1458","300","0.4","0.3","0.2","0.05","0.75","0.3","300","8624","3503","5121","0.5938079777365491","3503","2373","0.4879516143303179","0.0980193485428099"
"1461","300","0.4","0.3","0.2","0.05","0.75","0.35","300","6874","3337","3537","0.5145475705557172","3337","2177","0.45642046854296825","0.07316860672540391"
"1459","300","0.4","0.3","0.2","0.05","0.75","0.3","300","8717","3466","5251","0.6023861420213377","3466","2454","0.4947659593977693","0.08853882579648316"
"1464","300","0.4","0.3","0.2","0.05","0.75","0.35","300","6916","3339","3577","0.5172064777327935","3339","2189","0.4533404467349774","0.06960697625673919"
"1463","300","0.4","0.3","0.2","0.05","0.75","0.35","300","6834","3345","3489","0.5105355575065847","3345","2170","0.4461809931573335","0.08300534944136087"
"1462","300","0.4","0.3","0.2","0.05","0.75","0.35","300","6886","3373","3513","0.5101655532965437","3373","2179","0.46060672125625907","0.06071378305013519"
"1460","300","0.4","0.3","0.2","0.05","0.75","0.3","300","8890","3483","5407","0.6082114735658043","3483","2447","0.49085774418194567","0.08637716315995268"
"1466","300","0.4","0.3","0.2","0.05","0.75","0.35","300","6834","3348","3486","0.5100965759438104","3348","2144","0.4461344878001009","0.0704444297177252"
"1465","300","0.4","0.3","0.2","0.05","0.75","0.35","300","6764","3356","3408","0.5038438793613247","3356","2140","0.46395645829831617","0.08045696466346532"
"1471","300","0.4","0.3","0.2","0.05","0.75","0.4","300","5539","3270","2269","0.40964072937353313","3270","1963","0.4317659849103624","0.05363393801893959"
"1473","300","0.4","0.3","0.2","0.05","0.75","0.4","300","5562","3249","2313","0.41585760517799353","3249","1989","0.4315647323037219","0.06313707757289787"
"1468","300","0.4","0.3","0.2","0.05","0.75","0.35","300","6746","3370","3376","0.5004447079750963","3370","2102","0.45060381830832424","0.0679458553699963"
"1472","300","0.4","0.3","0.2","0.05","0.75","0.4","300","5433","3241","2192","0.40346033498987666","3241","1922","0.4304437895306284","0.05743876588484586"
"1470","300","0.4","0.3","0.2","0.05","0.75","0.35","300","6878","3356","3522","0.512067461471358","3356","2212","0.4715089075782561","0.05995926617025675"
"1467","300","0.4","0.3","0.2","0.05","0.75","0.35","300","6786","3398","3388","0.49926318891836136","3398","2207","0.4620122825896008","0.05982333715119565"
"1474","300","0.4","0.3","0.2","0.05","0.75","0.4","300","5437","3244","2193","0.4033474342468273","3244","1916","0.4323614414796763","0.057393461773652336"
"1476","300","0.4","0.3","0.2","0.05","0.75","0.4","300","5579","3218","2361","0.42319412081018104","3218","1951","0.4357302699493722","0.06656623042935748"
"1469","300","0.4","0.3","0.2","0.05","0.75","0.35","300","6910","3349","3561","0.5153400868306802","3349","2192","0.46183556646700946","0.07564403750904415"
"1475","300","0.4","0.3","0.2","0.05","0.75","0.4","300","5466","3231","2235","0.4088913282107574","3231","1886","0.42893484882325994","0.05463936499928823"
"1478","300","0.4","0.3","0.2","0.05","0.75","0.4","300","5513","3246","2267","0.4112098675857065","3246","1944","0.43012295447712356","0.05539521287799417"
"1477","300","0.4","0.3","0.2","0.05","0.75","0.4","300","5548","3245","2303","0.4151045421773612","3245","1978","0.43548162877534885","0.05327409268586133"
"1480","300","0.4","0.3","0.2","0.05","0.75","0.4","300","5472","3226","2246","0.410453216374269","3226","1924","0.42098829830189693","0.056274271286338905"
"1479","300","0.4","0.3","0.2","0.05","0.75","0.4","300","5553","3243","2310","0.4159913560237709","3243","1941","0.421091857958401","0.061833197519483026"
"1481","300","0.4","0.3","0.2","0.05","0.75","0.45","300","4772","3158","1614","0.3382229673093043","3158","1748","0.4051540493854274","0.05455985397464695"
"1482","300","0.4","0.3","0.2","0.05","0.75","0.45","300","4722","3174","1548","0.3278271918678526","3174","1743","0.40453949293919045","0.04423241516667538"
"1483","300","0.4","0.3","0.2","0.05","0.75","0.45","300","4747","3171","1576","0.33199915736254476","3171","1729","0.40902652889462576","0.043014752002163946"
"1484","300","0.4","0.3","0.2","0.05","0.75","0.45","300","4692","3160","1532","0.32651321398124467","3160","1706","0.42044114131403243","0.050440500009140535"
"1486","300","0.4","0.3","0.2","0.05","0.75","0.45","300","4656","3167","1489","0.31980240549828176","3167","1751","0.40882455060662487","0.059944440219292475"
"1485","300","0.4","0.3","0.2","0.05","0.75","0.45","300","4651","3178","1473","0.31670608471296496","3178","1716","0.39919798107284094","0.055442754033641864"
"1489","300","0.4","0.3","0.2","0.05","0.75","0.45","300","4751","3174","1577","0.33193011997474214","3174","1694","0.4121698871708347","0.046776320106264514"
"1490","300","0.4","0.3","0.2","0.05","0.75","0.45","300","4675","3166","1509","0.3227807486631016","3166","1747","0.4113386198431956","0.054439573573139735"
"1492","300","0.4","0.3","0.2","0.05","0.75","0.5","300","4160","3067","1093","0.2627403846153846","3067","1517","0.38419692832733027","0.03763473428936447"
"1491","300","0.4","0.3","0.2","0.05","0.75","0.5","300","4142","3073","1069","0.2580878802510864","3073","1512","0.3807966367206283","0.04148650552548158"
"1493","300","0.4","0.3","0.2","0.05","0.75","0.5","300","4144","3059","1085","0.26182432432432434","3059","1517","0.3865226188525134","0.04410618398323055"
"1496","300","0.4","0.3","0.2","0.05","0.75","0.5","300","4140","3088","1052","0.2541062801932367","3088","1506","0.39079325789257674","0.03334225356711404"
"1497","300","0.4","0.3","0.2","0.05","0.75","0.5","300","4147","3091","1056","0.2546419098143236","3091","1499","0.3846678072478841","0.04644697036654105"
"1495","300","0.4","0.3","0.2","0.05","0.75","0.5","300","4145","3071","1074","0.25910735826296744","3071","1520","0.3901447886630025","0.0431631896434988"
"1494","300","0.4","0.3","0.2","0.05","0.75","0.5","300","4116","3041","1075","0.26117589893100096","3041","1523","0.39268345760572704","0.04309893651098599"
"1498","300","0.4","0.3","0.2","0.05","0.75","0.5","300","4148","3096","1052","0.2536162005785921","3096","1535","0.39006889414879364","0.046298889994959375"
"1488","300","0.4","0.3","0.2","0.05","0.75","0.45","300","4718","3166","1552","0.32895294616362863","3166","1700","0.41070263824949116","0.06057404015178627"
"1501","300","0.4","0.3","0.2","0.05","0.75","0.55","300","3765","3038","727","0.19309428950863214","3038","1341","0.3498199452366935","0.04673651508796324"
"1487","300","0.4","0.3","0.2","0.05","0.75","0.45","300","4764","3185","1579","0.33144416456759024","3185","1751","0.41609276523308336","0.04751859335541878"
"1500","300","0.4","0.3","0.2","0.05","0.75","0.5","300","4170","3081","1089","0.26115107913669067","3081","1527","0.38910146884886787","0.04361021630160109"
"1502","300","0.4","0.3","0.2","0.05","0.75","0.55","300","3797","3043","754","0.19857782459836712","3043","1309","0.36103525388494334","0.041020112804492165"
"1503","300","0.4","0.3","0.2","0.05","0.75","0.55","300","3797","3081","716","0.18856992362391362","3081","1395","0.368702744307463","0.03880987600626265"
"1504","300","0.4","0.3","0.2","0.05","0.75","0.55","300","3803","3045","758","0.1993163292137786","3045","1342","0.36528825321700914","0.04446135923976449"
"1508","300","0.4","0.3","0.2","0.05","0.75","0.55","300","3805","3036","769","0.2021024967148489","3036","1348","0.3612930308428762","0.043604049206821975"
"1510","300","0.4","0.3","0.2","0.05","0.75","0.55","300","3850","3081","769","0.19974025974025975","3081","1381","0.3728371411576992","0.029684577539411332"
"1505","300","0.4","0.3","0.2","0.05","0.75","0.55","300","3760","3068","692","0.18404255319148935","3068","1358","0.36869625752982405","0.041464734900644055"
"1509","300","0.4","0.3","0.2","0.05","0.75","0.55","300","3750","3044","706","0.18826666666666667","3044","1376","0.3691571074653554","0.041150812094990705"
"1507","300","0.4","0.3","0.2","0.05","0.75","0.55","300","3798","3009","789","0.20774091627172195","3009","1340","0.36561891490013676","0.04294887941611813"
"1506","300","0.4","0.3","0.2","0.05","0.75","0.55","300","3742","3044","698","0.18653126670229825","3044","1421","0.3726336375022255","0.030941553215073022"
"1499","300","0.4","0.3","0.2","0.05","0.75","0.5","300","4173","3096","1077","0.2580877066858375","3096","1510","0.3874602236449001","0.042122441474773654"
"1511","300","0.4","0.3","0.2","0.05","0.75","0.6","300","3546","2988","558","0.15736040609137056","2988","1184","0.35424890008513366","0.041660669740076886"
"1512","300","0.4","0.3","0.2","0.05","0.75","0.6","300","3562","3010","552","0.15496911847276812","3010","1234","0.3562003363094066","0.04368140538967673"
"1513","300","0.4","0.3","0.2","0.05","0.75","0.6","300","3537","3037","500","0.1413627367825841","3037","1186","0.3500576602691815","0.033839469674212905"
"1514","300","0.4","0.3","0.2","0.05","0.75","0.6","300","3520","3008","512","0.14545454545454545","3008","1209","0.3555304214257169","0.03707696460162458"
"1517","300","0.4","0.3","0.2","0.05","0.75","0.6","300","3510","2992","518","0.1475783475783476","2992","1173","0.3508652565793624","0.0371631176027419"
"1520","300","0.4","0.3","0.2","0.05","0.75","0.6","300","3602","3028","574","0.15935591338145474","3028","1226","0.36031564295031376","0.04001743773091655"
"1516","300","0.4","0.3","0.2","0.05","0.75","0.6","300","3561","3045","516","0.14490311710193765","3045","1258","0.35927208518076414","0.02916896292297493"
"1518","300","0.4","0.3","0.2","0.05","0.75","0.6","300","3563","2993","570","0.15997754701094583","2993","1157","0.352714147166485","0.03762836033045199"
"1515","300","0.4","0.3","0.2","0.05","0.75","0.6","300","3577","3001","576","0.1610287950796757","3001","1207","0.3535207381393676","0.03854881938853749"
"1519","300","0.4","0.3","0.2","0.05","0.75","0.6","300","3582","3047","535","0.14935790061418203","3047","1238","0.3609399180942832","0.037595151943019586"
"1522","300","0.4","0.3","0.2","0.05","0.75","0.65","300","3347","2962","385","0.11502838362712878","2962","1080","0.3393501917818839","0.040076110362800295"
"1526","300","0.4","0.3","0.2","0.05","0.75","0.65","300","3401","2991","410","0.12055277859453102","2991","1016","0.33798309243519714","0.03979195462690958"
"1524","300","0.4","0.3","0.2","0.05","0.75","0.65","300","3303","2937","366","0.11080835603996367","2937","1024","0.3408027719835182","0.03188132085876962"
"1525","300","0.4","0.3","0.2","0.05","0.75","0.65","300","3375","2997","378","0.112","2997","1088","0.3449220113853998","0.04173654876092691"
"1527","300","0.4","0.3","0.2","0.05","0.75","0.65","300","3342","2958","384","0.11490125673249552","2958","1037","0.3405174136632995","0.03708790188347809"
"1529","300","0.4","0.3","0.2","0.05","0.75","0.65","300","3360","3008","352","0.10476190476190476","3008","1077","0.34683864037109235","0.03155132666409697"
"1521","300","0.4","0.3","0.2","0.05","0.75","0.65","300","3362","2965","397","0.1180844735276621","2965","985","0.34223491061734296","0.034682786808184554"
"1531","300","0.4","0.3","0.2","0.05","0.75","0.7","300","3293","2986","307","0.09322805952019435","2986","874","0.3288050734730295","0.03774629948685613"
"1528","300","0.4","0.3","0.2","0.05","0.75","0.65","300","3412","2996","416","0.12192262602579132","2996","1062","0.3377213789827548","0.04123361487906186"
"1532","300","0.4","0.3","0.2","0.05","0.75","0.7","300","3190","2951","239","0.07492163009404389","2951","895","0.3287700636169959","0.028095331688361067"
"1530","300","0.4","0.3","0.2","0.05","0.75","0.65","300","3391","2984","407","0.12002359186080802","2984","997","0.340724726673527","0.032767017017918176"
"1533","300","0.4","0.3","0.2","0.05","0.75","0.7","300","3234","2974","260","0.08039579468150897","2974","892","0.3300000803519274","0.03706327168863192"
"1523","300","0.4","0.3","0.2","0.05","0.75","0.65","300","3456","3034","422","0.12210648148148148","3034","1042","0.34134194359075354","0.03296766225903846"
"1535","300","0.4","0.3","0.2","0.05","0.75","0.7","300","3271","2947","324","0.09905227759095078","2947","853","0.32988371905396213","0.02753581467889228"
"1540","300","0.4","0.3","0.2","0.05","0.75","0.7","300","3259","2950","309","0.09481436023320036","2950","941","0.3341145952330139","0.037064130879111916"
"1539","300","0.4","0.3","0.2","0.05","0.75","0.7","300","3286","3000","286","0.08703590992087644","3000","913","0.33114116597852034","0.02780084541850099"
"1536","300","0.4","0.3","0.2","0.05","0.75","0.7","300","3293","2991","302","0.09170968721530519","2991","895","0.32994186610809856","0.03234198330289999"
"1537","300","0.4","0.3","0.2","0.05","0.75","0.7","300","3218","2931","287","0.0891858297078931","2931","844","0.3287988732065381","0.035135796126514275"
"1534","300","0.4","0.3","0.2","0.05","0.75","0.7","300","3276","3002","274","0.08363858363858363","3002","913","0.32711481365053285","0.03751615374132358"
"1546","300","0.4","0.3","0.2","0.05","0.75","0.75","300","3094","2901","193","0.06237879767291532","2901","689","0.31587021864966197","0.028721679182947144"
"1545","300","0.4","0.3","0.2","0.05","0.75","0.75","300","3183","2986","197","0.06189129751806472","2986","717","0.3213095359123445","0.030302630724202237"
"1541","300","0.4","0.3","0.2","0.05","0.75","0.75","300","3167","2959","208","0.06567729712661825","2959","711","0.32070916995515275","0.03238419800045493"
"1543","300","0.4","0.3","0.2","0.05","0.75","0.75","300","3097","2892","205","0.06619309008718115","2892","756","0.32175457251755657","0.027026738326734877"
"1538","300","0.4","0.3","0.2","0.05","0.75","0.7","300","3223","2932","291","0.09028855103940428","2932","904","0.32329343889267187","0.03627082664144549"
"1542","300","0.4","0.3","0.2","0.05","0.75","0.75","300","3131","2917","214","0.06834877036090706","2917","690","0.32147651901521346","0.03157105088019323"
"1544","300","0.4","0.3","0.2","0.05","0.75","0.75","300","3109","2928","181","0.05821807655194596","2928","733","0.3214656385909255","0.0307920853101286"
"1548","300","0.4","0.3","0.2","0.05","0.75","0.75","300","3107","2901","206","0.0663018989378822","2901","724","0.3205906919391366","0.03141612627986434"
"1550","300","0.4","0.3","0.2","0.05","0.75","0.75","300","3163","2962","201","0.06354726525450521","2962","706","0.31996695236924605","0.03208224905824394"
"1549","300","0.4","0.3","0.2","0.05","0.75","0.75","300","3104","2921","183","0.05895618556701031","2921","691","0.3210444484301023","0.02495809851903404"
"1547","300","0.4","0.3","0.2","0.05","0.75","0.75","300","3202","2987","215","0.06714553404122424","2987","745","0.3240144713230032","0.03251904431573085"
"1552","300","0.4","0.3","0.2","0.05","0.75","0.8","300","3096","2937","159","0.05135658914728682","2937","601","0.3116690394310115","0.03420929557587938"
"1553","300","0.4","0.3","0.2","0.05","0.75","0.8","300","3044","2878","166","0.054533508541392904","2878","584","0.3155619161409283","0.03182462048201093"
"1554","300","0.4","0.3","0.2","0.05","0.75","0.8","300","3084","2900","184","0.05966277561608301","2900","589","0.3146820266210098","0.037698210777218286"
"1555","300","0.4","0.3","0.2","0.05","0.75","0.8","300","3088","2920","168","0.054404145077720206","2920","581","0.3145392861176114","0.03364856945684811"
"1556","300","0.4","0.3","0.2","0.05","0.75","0.8","300","3101","2939","162","0.05224121251209287","2939","584","0.31224302065066833","0.029067225766142832"
"1551","300","0.4","0.3","0.2","0.05","0.75","0.8","300","3075","2930","145","0.04715447154471545","2930","576","0.3147279261577821","0.032732533253293006"
"1558","300","0.4","0.3","0.2","0.05","0.75","0.8","300","3079","2934","145","0.047093212081844756","2934","579","0.31217769343081636","0.03958744875116548"
"1560","300","0.4","0.3","0.2","0.05","0.75","0.8","300","3097","2936","161","0.051985792702615434","2936","612","0.3152817146012213","0.03297250663674483"
"1559","300","0.4","0.3","0.2","0.05","0.75","0.8","300","3105","2955","150","0.04830917874396135","2955","577","0.31185180881532076","0.037399263984272374"
"1557","300","0.4","0.3","0.2","0.05","0.75","0.8","300","3086","2937","149","0.04828256642903435","2937","579","0.31398891757347475","0.03426373953745304"
"1564","300","0.4","0.3","0.2","0.05","0.8","0.2","300","15017","3367","11650","0.7757874409003129","3367","2666","0.5555812956190339","0.15920695154582767"
"1562","300","0.4","0.3","0.2","0.05","0.8","0.2","300","15001","3372","11629","0.7752149856676221","3372","2716","0.5585921616254875","0.15763391691961992"
"1561","300","0.4","0.3","0.2","0.05","0.8","0.2","300","14862","3370","11492","0.773247207643655","3370","2716","0.5445236928652842","0.17055155861984633"
"1565","300","0.4","0.3","0.2","0.05","0.8","0.2","300","14783","3387","11396","0.7708854765609146","3387","2700","0.5571257556416432","0.1555951192954112"
"1567","300","0.4","0.3","0.2","0.05","0.8","0.2","300","14972","3376","11596","0.7745124231899546","3376","2705","0.55757836070697","0.1640578375744018"
"1566","300","0.4","0.3","0.2","0.05","0.8","0.2","300","15097","3354","11743","0.777836656289329","3354","2689","0.5597233345812772","0.15676191283404145"
"1569","300","0.4","0.3","0.2","0.05","0.8","0.2","300","14915","3380","11535","0.7733825008380825","3380","2715","0.5646623157768696","0.1555561363191188"
"1572","300","0.4","0.3","0.2","0.05","0.8","0.25","300","11072","3341","7731","0.6982478323699421","3341","2553","0.5266700498941261","0.11634840882428679"
"1575","300","0.4","0.3","0.2","0.05","0.8","0.25","300","11364","3321","8043","0.7077613516367476","3321","2526","0.530180741575123","0.1193240686262338"
"1568","300","0.4","0.3","0.2","0.05","0.8","0.2","300","15176","3347","11829","0.779454401686874","3347","2702","0.5551851624858078","0.1611868469680057"
"1570","300","0.4","0.3","0.2","0.05","0.8","0.2","300","14763","3366","11397","0.7719975614712457","3366","2684","0.5646847360194485","0.15370124994631507"
"1573","300","0.4","0.3","0.2","0.05","0.8","0.25","300","11027","3368","7659","0.6945678788428403","3368","2475","0.5195470406821044","0.11667092135882558"
"1571","300","0.4","0.3","0.2","0.05","0.8","0.25","300","11159","3355","7804","0.699345819517878","3355","2473","0.5269954952916281","0.1174590478791127"
"1574","300","0.4","0.3","0.2","0.05","0.8","0.25","300","11039","3388","7651","0.6930881420418517","3388","2525","0.5250732161156363","0.10510200461620706"
"1576","300","0.4","0.3","0.2","0.05","0.8","0.25","300","11277","3370","7907","0.701161656468919","3370","2514","0.527050399780149","0.11176329046567272"
"1577","300","0.4","0.3","0.2","0.05","0.8","0.25","300","11012","3383","7629","0.6927896839811115","3383","2511","0.52742588991967","0.12191061644536984"
"1563","300","0.4","0.3","0.2","0.05","0.8","0.2","300","15107","3362","11745","0.777454160323029","3362","2698","0.5513765726221154","0.16193149006129262"
"1579","300","0.4","0.3","0.2","0.05","0.8","0.25","300","11077","3352","7725","0.6973909903403449","3352","2543","0.5309432996348884","0.11035246917437053"
"1578","300","0.4","0.3","0.2","0.05","0.8","0.25","300","11142","3353","7789","0.6990665948662718","3353","2537","0.5317484977449317","0.11560729754394375"
"1581","300","0.4","0.3","0.2","0.05","0.8","0.3","300","8295","3264","5031","0.606509945750452","3264","2276","0.48076437425117896","0.08879506205824499"
"1583","300","0.4","0.3","0.2","0.05","0.8","0.3","300","8219","3275","4944","0.6015330332157197","3275","2300","0.48809735830765744","0.10110295333146047"
"1582","300","0.4","0.3","0.2","0.05","0.8","0.3","300","8244","3261","4983","0.6044395924308588","3261","2257","0.48009254025307313","0.09579750794642877"
"1585","300","0.4","0.3","0.2","0.05","0.8","0.3","300","8269","3262","5007","0.6055145724996976","3262","2231","0.48719505670063595","0.08545101238220414"
"1580","300","0.4","0.3","0.2","0.05","0.8","0.25","300","11268","3350","7918","0.7026979055733049","3350","2528","0.526301100857542","0.11859057433105079"
"1586","300","0.4","0.3","0.2","0.05","0.8","0.3","300","8226","3251","4975","0.6047896912229516","3251","2289","0.49487862732292","0.09867746007036214"
"1592","300","0.4","0.3","0.2","0.05","0.8","0.35","300","6490","3124","3366","0.5186440677966102","3124","2070","0.4610418772171342","0.06608506875798953"
"1588","300","0.4","0.3","0.2","0.05","0.8","0.3","300","8361","3249","5112","0.6114101184068891","3249","2254","0.4770116099459118","0.08972505514026259"
"1587","300","0.4","0.3","0.2","0.05","0.8","0.3","300","8218","3283","4935","0.600511073253833","3283","2291","0.48756865082762885","0.08456773588541863"
"1589","300","0.4","0.3","0.2","0.05","0.8","0.3","300","8265","3261","5004","0.6054446460980036","3261","2234","0.494528987368206","0.08691896011610431"
"1593","300","0.4","0.3","0.2","0.05","0.8","0.35","300","6405","3172","3233","0.5047619047619047","3172","2066","0.46089184895418206","0.05469251783020617"
"1591","300","0.4","0.3","0.2","0.05","0.8","0.35","300","6375","3160","3215","0.504313725490196","3160","2016","0.4645402043035987","0.06304780870597773"
"1590","300","0.4","0.3","0.2","0.05","0.8","0.3","300","8322","3248","5074","0.6097092045181447","3248","2338","0.49465538523917396","0.09235630476639485"
"1584","300","0.4","0.3","0.2","0.05","0.8","0.3","300","8116","3291","4825","0.5945046821094135","3291","2287","0.4972058644763584","0.07829405721238186"
"1596","300","0.4","0.3","0.2","0.05","0.8","0.35","300","6468","3148","3320","0.5132962275819418","3148","2048","0.4543222684704817","0.07092147700053068"
"1594","300","0.4","0.3","0.2","0.05","0.8","0.35","300","6337","3174","3163","0.49913208142654253","3174","2044","0.4511740954445799","0.06179674425035252"
"1597","300","0.4","0.3","0.2","0.05","0.8","0.35","300","6355","3139","3216","0.5060582218725413","3139","2027","0.4632180745761054","0.07172024725294694"
"1595","300","0.4","0.3","0.2","0.05","0.8","0.35","300","6379","3151","3228","0.5060354287505878","3151","2064","0.46031808848061606","0.06229857503473842"
"1599","300","0.4","0.3","0.2","0.05","0.8","0.35","300","6413","3156","3257","0.5078746296585062","3156","2022","0.45344062062295865","0.06258234192614458"
"1598","300","0.4","0.3","0.2","0.05","0.8","0.35","300","6494","3170","3324","0.5118570988604866","3170","2059","0.4529003581817605","0.06792279725904417"
"1600","300","0.4","0.3","0.2","0.05","0.8","0.35","300","6351","3140","3211","0.5055896709179657","3140","2024","0.457311087375577","0.06517096331533592"
"1603","300","0.4","0.3","0.2","0.05","0.8","0.4","300","5181","3072","2109","0.4070642733063115","3072","1878","0.425702201105711","0.054701873570597415"
"1602","300","0.4","0.3","0.2","0.05","0.8","0.4","300","5228","3081","2147","0.4106732976281561","3081","1858","0.44041778325286884","0.04493887796443316"
"1604","300","0.4","0.3","0.2","0.05","0.8","0.4","300","5286","3053","2233","0.42243662504729473","3053","1832","0.42788280839504617","0.060054567025577835"
"1605","300","0.4","0.3","0.2","0.05","0.8","0.4","300","5192","3038","2154","0.41486902927580893","3038","1797","0.4309240544508492","0.05137204136911021"
"1607","300","0.4","0.3","0.2","0.05","0.8","0.4","300","5275","3081","2194","0.41592417061611375","3081","1888","0.4340926981814959","0.04943906176462342"
"1601","300","0.4","0.3","0.2","0.05","0.8","0.4","300","5292","3075","2217","0.4189342403628118","3075","1875","0.4286293459829294","0.05518360968286105"
"1606","300","0.4","0.3","0.2","0.05","0.8","0.4","300","5148","3078","2070","0.4020979020979021","3078","1803","0.43155456161546946","0.05458125308710601"
"1610","300","0.4","0.3","0.2","0.05","0.8","0.4","300","5211","3050","2161","0.41469967376703126","3050","1833","0.43159213761532944","0.06025061936852678"
"1614","300","0.4","0.3","0.2","0.05","0.8","0.45","300","4443","3039","1404","0.31600270087778526","3039","1640","0.41317026291357295","0.04456036426707826"
"1611","300","0.4","0.3","0.2","0.05","0.8","0.45","300","4428","2961","1467","0.3313008130081301","2961","1656","0.3946543557844937","0.04937570882893295"
"1609","300","0.4","0.3","0.2","0.05","0.8","0.4","300","5330","3050","2280","0.4277673545966229","3050","1825","0.4173932550504681","0.05203902703174043"
"1613","300","0.4","0.3","0.2","0.05","0.8","0.45","300","4410","3022","1388","0.31473922902494333","3022","1626","0.4076610507346005","0.04330122360181922"
"1615","300","0.4","0.3","0.2","0.05","0.8","0.45","300","4450","3000","1450","0.3258426966292135","3000","1676","0.400749485567455","0.055320003691929985"
"1612","300","0.4","0.3","0.2","0.05","0.8","0.45","300","4451","3017","1434","0.3221747921815322","3017","1695","0.4236198215025315","0.04675848169254814"
"1618","300","0.4","0.3","0.2","0.05","0.8","0.45","300","4470","2987","1483","0.33176733780760626","2987","1606","0.4017206785832644","0.04802264404288997"
"1616","300","0.4","0.3","0.2","0.05","0.8","0.45","300","4434","2987","1447","0.32634190347316194","2987","1701","0.40863774149906823","0.05423536644913043"
"1620","300","0.4","0.3","0.2","0.05","0.8","0.45","300","4488","2975","1513","0.3371212121212121","2975","1626","0.39581726086368646","0.053255275904739864"
"1621","300","0.4","0.3","0.2","0.05","0.8","0.5","300","4049","2959","1090","0.2692022721659669","2959","1510","0.38763267656167727","0.04294934401594453"
"1619","300","0.4","0.3","0.2","0.05","0.8","0.45","300","4430","2975","1455","0.32844243792325056","2975","1658","0.40919854332104827","0.048614568574944034"
"1608","300","0.4","0.3","0.2","0.05","0.8","0.4","300","5254","3049","2205","0.4196802436239056","3049","1840","0.43530870030568136","0.06123930235796857"
"1622","300","0.4","0.3","0.2","0.05","0.8","0.5","300","3921","2980","941","0.2399897985207855","2980","1458","0.37535997181698844","0.04133118266770588"
"1623","300","0.4","0.3","0.2","0.05","0.8","0.5","300","3961","2957","1004","0.253471345619793","2957","1515","0.3968974325004973","0.039446836912935775"
"1624","300","0.4","0.3","0.2","0.05","0.8","0.5","300","4009","2954","1055","0.2631578947368421","2954","1512","0.38653251215203016","0.03730000720745295"
"1617","300","0.4","0.3","0.2","0.05","0.8","0.45","300","4446","3007","1439","0.3236617183985605","3007","1653","0.4049661269444732","0.05020957082160754"
"1625","300","0.4","0.3","0.2","0.05","0.8","0.5","300","3905","2938","967","0.2476312419974392","2938","1470","0.3853592600538576","0.046193117386716616"
"1626","300","0.4","0.3","0.2","0.05","0.8","0.5","300","3945","2936","1009","0.25576679340937897","2936","1459","0.38732044469645616","0.04979248150792811"
"1627","300","0.4","0.3","0.2","0.05","0.8","0.5","300","3985","3009","976","0.24491844416562109","3009","1444","0.3816997601014135","0.05070142167276869"
"1629","300","0.4","0.3","0.2","0.05","0.8","0.5","300","3932","2905","1027","0.26119023397761953","2905","1472","0.3855418947983097","0.04351284028153708"
"1628","300","0.4","0.3","0.2","0.05","0.8","0.5","300","3967","2931","1036","0.26115452482984625","2931","1479","0.38005961680214984","0.05131211148346912"
"1631","300","0.4","0.3","0.2","0.05","0.8","0.55","300","3632","2932","700","0.19273127753303965","2932","1340","0.37325195527272403","0.037199270054481086"
"1632","300","0.4","0.3","0.2","0.05","0.8","0.55","300","3657","2920","737","0.2015313098167897","2920","1287","0.37269285860025775","0.03889006595302417"
"1633","300","0.4","0.3","0.2","0.05","0.8","0.55","300","3640","2953","687","0.18873626373626373","2953","1313","0.37286075327719914","0.03830256528056683"
"1635","300","0.4","0.3","0.2","0.05","0.8","0.55","300","3682","2921","761","0.2066811515480717","2921","1333","0.3736316433654936","0.03396630062113588"
"1634","300","0.4","0.3","0.2","0.05","0.8","0.55","300","3668","2929","739","0.20147219193020718","2929","1318","0.3757115911588539","0.035198265410398506"
"1630","300","0.4","0.3","0.2","0.05","0.8","0.5","300","3973","2967","1006","0.25320916184243647","2967","1494","0.38857905885902505","0.03828656423643132"
"1638","300","0.4","0.3","0.2","0.05","0.8","0.55","300","3664","2917","747","0.2038755458515284","2917","1293","0.36632847850405575","0.041883159293736795"
"1636","300","0.4","0.3","0.2","0.05","0.8","0.55","300","3671","2891","780","0.21247616453282483","2891","1267","0.36522097186193336","0.04876693570081847"
"1637","300","0.4","0.3","0.2","0.05","0.8","0.55","300","3638","2908","730","0.20065970313358988","2908","1315","0.3685961449425355","0.035246240572290484"
"1641","300","0.4","0.3","0.2","0.05","0.8","0.6","300","3447","2926","521","0.15114592399187698","2926","1192","0.35718785367468003","0.03523095680989784"
"1639","300","0.4","0.3","0.2","0.05","0.8","0.55","300","3698","2953","745","0.20146024878312602","2953","1332","0.36471635615698816","0.03985495390119698"
"1640","300","0.4","0.3","0.2","0.05","0.8","0.55","300","3677","2952","725","0.19717160728855046","2952","1333","0.3675735488758571","0.042946662776737664"
"1642","300","0.4","0.3","0.2","0.05","0.8","0.6","300","3425","2907","518","0.15124087591240876","2907","1175","0.35676129583521404","0.040680081691984664"
"1645","300","0.4","0.3","0.2","0.05","0.8","0.6","300","3434","2941","493","0.14356435643564355","2941","1186","0.3472733523105676","0.03332981494836762"
"1643","300","0.4","0.3","0.2","0.05","0.8","0.6","300","3489","2948","541","0.15505875609057038","2948","1206","0.3578583599735213","0.029845269196512494"
"1646","300","0.4","0.3","0.2","0.05","0.8","0.6","300","3429","2896","533","0.15543890347039954","2896","1137","0.35274698147736067","0.04194680760499859"
"1647","300","0.4","0.3","0.2","0.05","0.8","0.6","300","3427","2908","519","0.15144441202217684","2908","1171","0.35443536871400616","0.030595011747710874"
"1649","300","0.4","0.3","0.2","0.05","0.8","0.6","300","3437","2914","523","0.15216758801280186","2914","1189","0.3593080273587639","0.027663429492898153"
"1650","300","0.4","0.3","0.2","0.05","0.8","0.6","300","3447","2927","520","0.1508558166521613","2927","1169","0.3561195875236913","0.03964902632723469"
"1652","300","0.4","0.3","0.2","0.05","0.8","0.65","300","3269","2893","376","0.11501988375650046","2893","1024","0.33931268290894656","0.03795324133742316"
"1644","300","0.4","0.3","0.2","0.05","0.8","0.6","300","3480","2929","551","0.15833333333333333","2929","1221","0.35677198750346006","0.037247539338220455"
"1648","300","0.4","0.3","0.2","0.05","0.8","0.6","300","3428","2933","495","0.1443990665110852","2933","1191","0.35886430652889606","0.03296062302131648"
"1655","300","0.4","0.3","0.2","0.05","0.8","0.65","300","3257","2872","385","0.11820693890082898","2872","1045","0.34331613185334897","0.029007026774467787"
"1653","300","0.4","0.3","0.2","0.05","0.8","0.65","300","3255","2898","357","0.10967741935483871","2898","1023","0.3428213688900297","0.036318567986678756"
"1651","300","0.4","0.3","0.2","0.05","0.8","0.65","300","3272","2889","383","0.11705378973105135","2889","1033","0.34291775957912546","0.034680714823992084"
"1654","300","0.4","0.3","0.2","0.05","0.8","0.65","300","3284","2895","389","0.11845310596833131","2895","1024","0.3415067737643052","0.036136526163159786"
"1656","300","0.4","0.3","0.2","0.05","0.8","0.65","300","3292","2879","413","0.12545565006075335","2879","1034","0.340178862764114","0.03713420670074174"
"1658","300","0.4","0.3","0.2","0.05","0.8","0.65","300","3286","2903","383","0.1165550821667681","2903","980","0.3406255501345636","0.03500104796157087"
"1657","300","0.4","0.3","0.2","0.05","0.8","0.65","300","3282","2869","413","0.12583790371724557","2869","1039","0.34596944759345055","0.046318638282487556"
"1661","300","0.4","0.3","0.2","0.05","0.8","0.7","300","3164","2889","275","0.08691529709228825","2889","841","0.32973266677531865","0.04702235063702368"
"1664","300","0.4","0.3","0.2","0.05","0.8","0.7","300","3149","2871","278","0.08828199428389966","2871","890","0.3301692146864248","0.032236895759938315"
"1660","300","0.4","0.3","0.2","0.05","0.8","0.65","300","3288","2924","364","0.11070559610705596","2924","1031","0.34192930751312817","0.0428935050408104"
"1662","300","0.4","0.3","0.2","0.05","0.8","0.7","300","3183","2894","289","0.09079484762802388","2894","848","0.32989498982217347","0.03482457095735698"
"1663","300","0.4","0.3","0.2","0.05","0.8","0.7","300","3198","2897","301","0.0941213258286429","2897","917","0.3308965809083641","0.03321245189509671"
"1665","300","0.4","0.3","0.2","0.05","0.8","0.7","300","3142","2870","272","0.08656906429026098","2870","808","0.3340164948428799","0.02952061298379021"
"1666","300","0.4","0.3","0.2","0.05","0.8","0.7","300","3155","2881","274","0.08684627575277337","2881","888","0.32752295137718473","0.035830983714930514"
"1667","300","0.4","0.3","0.2","0.05","0.8","0.7","300","3135","2882","253","0.08070175438596491","2882","843","0.32972400239983357","0.03507533760170439"
"1659","300","0.4","0.3","0.2","0.05","0.8","0.65","300","3268","2918","350","0.10709914320685435","2918","980","0.3397698145220653","0.03381387805371728"
"1668","300","0.4","0.3","0.2","0.05","0.8","0.7","300","3198","2914","284","0.08880550343964978","2914","881","0.3297711832123062","0.03935557334215962"
"1669","300","0.4","0.3","0.2","0.05","0.8","0.7","300","3179","2908","271","0.08524693299779805","2908","881","0.3340718901361019","0.03220318087951379"
"1670","300","0.4","0.3","0.2","0.05","0.8","0.7","300","3187","2866","321","0.1007216818324443","2866","892","0.3258345158039438","0.03818698278064321"
"1671","300","0.4","0.3","0.2","0.05","0.8","0.75","300","3072","2864","208","0.06770833333333333","2864","697","0.32454792614813094","0.033365966018209306"
"1672","300","0.4","0.3","0.2","0.05","0.8","0.75","300","3138","2936","202","0.06437221159974506","2936","731","0.32329589724854096","0.04228790957406278"
"1673","300","0.4","0.3","0.2","0.05","0.8","0.75","300","3084","2869","215","0.06971465629053178","2869","733","0.3192757876223922","0.03764590319270398"
"1677","300","0.4","0.3","0.2","0.05","0.8","0.75","300","3059","2864","195","0.06374632232755803","2864","768","0.3201288426740478","0.03907330344779568"
"1676","300","0.4","0.3","0.2","0.05","0.8","0.75","300","3066","2872","194","0.06327462491846053","2872","712","0.3186501413930264","0.03981063143532112"
"1678","300","0.4","0.3","0.2","0.05","0.8","0.75","300","3064","2853","211","0.06886422976501305","2853","739","0.3240491988020611","0.03516240066877686"
"1675","300","0.4","0.3","0.2","0.05","0.8","0.75","300","3037","2849","188","0.06190319394138953","2849","723","0.32201861834249196","0.040319825057709216"
"1674","300","0.4","0.3","0.2","0.05","0.8","0.75","300","3108","2918","190","0.06113256113256113","2918","729","0.3220059894740869","0.028988614197239547"
"1680","300","0.4","0.3","0.2","0.05","0.8","0.75","300","3067","2860","207","0.06749266384088685","2860","674","0.31954720710316664","0.037310314830742916"
"1679","300","0.4","0.3","0.2","0.05","0.8","0.75","300","3125","2920","205","0.0656","2920","736","0.32308320453933137","0.03626249522998281"
"1681","300","0.4","0.3","0.2","0.05","0.8","0.8","300","3060","2895","165","0.05392156862745098","2895","602","0.3135090903206793","0.03786027240335921"
"1682","300","0.4","0.3","0.2","0.05","0.8","0.8","300","2989","2834","155","0.05185680829708933","2834","584","0.315428421136585","0.03635484692251871"
"1683","300","0.4","0.3","0.2","0.05","0.8","0.8","300","3052","2880","172","0.0563564875491481","2880","569","0.31406244320267707","0.033400764703840874"
"1686","300","0.4","0.3","0.2","0.05","0.8","0.8","300","3005","2857","148","0.049251247920133114","2857","581","0.3150622501166433","0.03285435186092505"
"1685","300","0.4","0.3","0.2","0.05","0.8","0.8","300","3038","2896","142","0.0467412771560237","2896","582","0.3145603801247977","0.035158499760660114"
"1684","300","0.4","0.3","0.2","0.05","0.8","0.8","300","2931","2778","153","0.052200614124872056","2778","593","0.31131669431172215","0.0376201351166922"
"1688","300","0.4","0.3","0.2","0.05","0.8","0.8","300","2958","2811","147","0.04969574036511156","2811","562","0.31163622466094854","0.03701539646085207"
"1687","300","0.4","0.3","0.2","0.05","0.8","0.8","300","3021","2857","164","0.05428666004634227","2857","545","0.3134948273066928","0.029520107823850145"
"1689","300","0.4","0.3","0.2","0.05","0.8","0.8","300","3040","2889","151","0.04967105263157895","2889","563","0.31148325642422814","0.031925628920691916"
"1690","300","0.4","0.3","0.2","0.05","0.8","0.8","300","2974","2829","145","0.04875588433086752","2829","526","0.311860363830498","0.03366214772009524"
