"BehaviorSpace results (NetLogo 7.0.3)","Table version 2.0"
"Experiments-04-05-ABM.nlogox"
"exp1_policy_grid"
"05/05/2026 00:18:33:888 +0200"
"min-pxcor","max-pxcor","min-pycor","max-pycor"
"-16","16","-16","16"
"[run number]","number-employees","initial-misconduct-propensity","initial-fear","response-strength","drift-speed","punishment-value","reporter-protection","[step]","true-misconduct-total","sanctioned-misconduct-total","hidden-misconduct-total","hidden-misconduct-rate","reported-events-total","retaliation-events-total","mean [fear] of employees","mean [misconduct-propensity] of employees"
"5","300","0.4","0.3","0.2","0.05","0.2","0.2","300","88217","11244","76973","0.8725415736195972","11244","8900","0.7058230597109644","1"
"7","300","0.4","0.3","0.2","0.05","0.2","0.2","300","87888","11095","76793","0.8737597851811396","11095","8922","0.6995586518283042","1"
"18","300","0.4","0.3","0.2","0.05","0.2","0.25","300","86314","12789","73525","0.8518316843154066","12789","9653","0.7070406831834349","1"
"1","300","0.4","0.3","0.2","0.05","0.2","0.2","300","88036","11155","76881","0.8732904720796038","11155","8939","0.7069483524908142","1"
"20","300","0.4","0.3","0.2","0.05","0.2","0.25","300","86318","12794","73524","0.851780625130332","12794","9638","0.7083467394008157","1"
"19","300","0.4","0.3","0.2","0.05","0.2","0.25","300","86743","12889","73854","0.8514116412851758","12889","9662","0.7131000353173466","1"
"16","300","0.4","0.3","0.2","0.05","0.2","0.25","300","86657","12896","73761","0.8511834012255213","12896","9677","0.7141903528453682","1"
"6","300","0.4","0.3","0.2","0.05","0.2","0.2","300","87883","11158","76725","0.8730357407007043","11158","8887","0.709386504777241","1"
"15","300","0.4","0.3","0.2","0.05","0.2","0.25","300","86791","12929","73862","0.851032941203581","12929","9695","0.7124232925375652","1"
"17","300","0.4","0.3","0.2","0.05","0.2","0.25","300","86603","12887","73716","0.8511945313672736","12887","9689","0.7139733677797534","1"
"8","300","0.4","0.3","0.2","0.05","0.2","0.2","300","87933","11101","76832","0.8737561552545688","11101","8895","0.6902218969139604","1"
"4","300","0.4","0.3","0.2","0.05","0.2","0.2","300","88064","11108","76956","0.8738644622093024","11108","8890","0.6923659884389406","1"
"21","300","0.4","0.3","0.2","0.05","0.2","0.3","300","73119","14081","59038","0.8074235150918366","14081","9913","0.7167980038513061","1"
"2","300","0.4","0.3","0.2","0.05","0.2","0.2","300","87912","11089","76823","0.8738624988624989","11089","8887","0.6923360857804233","1"
"24","300","0.4","0.3","0.2","0.05","0.2","0.3","300","73798","14194","59604","0.807664164340497","14194","9904","0.7196524163594235","1"
"10","300","0.4","0.3","0.2","0.05","0.2","0.2","300","87947","11103","76844","0.8737535106370883","11103","8940","0.7107259058979758","1"
"13","300","0.4","0.3","0.2","0.05","0.2","0.25","300","86345","12801","73544","0.8517459030632926","12801","9646","0.7120456236102375","1"
"3","300","0.4","0.3","0.2","0.05","0.2","0.2","300","87979","11116","76863","0.8736516668750497","11116","8867","0.6996424157331547","1"
"22","300","0.4","0.3","0.2","0.05","0.2","0.3","300","74351","14226","60125","0.8086643084827373","14226","9942","0.7201677638385751","1"
"11","300","0.4","0.3","0.2","0.05","0.2","0.25","300","86405","12792","73613","0.8519530119784735","12792","9614","0.7147064100700198","1"
"12","300","0.4","0.3","0.2","0.05","0.2","0.25","300","86816","12876","73940","0.8516863251013638","12876","9620","0.7136550089108437","1"
"23","300","0.4","0.3","0.2","0.05","0.2","0.3","300","72144","13946","58198","0.8066921712131293","13946","9797","0.725462717389323","0.998178590862276"
"14","300","0.4","0.3","0.2","0.05","0.2","0.25","300","86640","12971","73669","0.8502885503231764","12971","9705","0.7270233313069565","1"
"9","300","0.4","0.3","0.2","0.05","0.2","0.2","300","87960","11142","76818","0.8733287858117326","11142","8885","0.6864913000774474","1"
"31","300","0.4","0.3","0.2","0.05","0.2","0.35","300","29594","11055","18539","0.6264445495708589","11055","7225","0.563893394375176","0.3228649613703008"
"33","300","0.4","0.3","0.2","0.05","0.2","0.35","300","29406","11170","18236","0.6201455485275114","11170","7225","0.5677699729148596","0.32104724480072583"
"34","300","0.4","0.3","0.2","0.05","0.2","0.35","300","29279","11024","18255","0.623484408620513","11024","7193","0.5646214006913012","0.3225029107307908"
"25","300","0.4","0.3","0.2","0.05","0.2","0.3","300","73182","14158","59024","0.8065371266158345","14158","9907","0.7217913842924418","1"
"26","300","0.4","0.3","0.2","0.05","0.2","0.3","300","73751","14192","59559","0.8075687109327331","14192","9926","0.734637236200358","0.999980276044296"
"29","300","0.4","0.3","0.2","0.05","0.2","0.3","300","73131","14013","59118","0.808384953029495","14013","9863","0.7120880794206702","0.9993271305872844"
"32","300","0.4","0.3","0.2","0.05","0.2","0.35","300","29476","11136","18340","0.6222011127697109","11136","7253","0.5543899581106593","0.3238011654385342"
"30","300","0.4","0.3","0.2","0.05","0.2","0.3","300","72635","13996","58639","0.8073105252288841","13996","9871","0.7196942384914704","1"
"27","300","0.4","0.3","0.2","0.05","0.2","0.3","300","73334","14125","59209","0.8073881146535031","14125","9916","0.7149385220893607","0.9999423092658875"
"37","300","0.4","0.3","0.2","0.05","0.2","0.35","300","29512","11057","18455","0.6253388452155055","11057","7156","0.5527297504153275","0.3247053319497076"
"36","300","0.4","0.3","0.2","0.05","0.2","0.35","300","29708","10997","18711","0.6298303487276155","10997","7229","0.5530020951164356","0.3235814346822814"
"38","300","0.4","0.3","0.2","0.05","0.2","0.35","300","29538","11023","18515","0.6268196898909879","11023","7154","0.5474569065189595","0.3247310252042137"
"35","300","0.4","0.3","0.2","0.05","0.2","0.35","300","29725","11109","18616","0.6262741799831791","11109","7194","0.5560267850489959","0.3227019767262995"
"28","300","0.4","0.3","0.2","0.05","0.2","0.3","300","72565","14012","58553","0.8069041548956108","14012","9801","0.7362284800114637","1"
"39","300","0.4","0.3","0.2","0.05","0.2","0.35","300","29389","11004","18385","0.6255741944264861","11004","7133","0.549679771873555","0.3228442862450429"
"42","300","0.4","0.3","0.2","0.05","0.2","0.4","300","17589","9296","8293","0.47148786173176416","9296","5580","0.4867384170344675","0.18768318153728972"
"41","300","0.4","0.3","0.2","0.05","0.2","0.4","300","17531","9239","8292","0.4729907021847014","9239","5538","0.47782193057067635","0.187066049879097"
"44","300","0.4","0.3","0.2","0.05","0.2","0.4","300","17616","9322","8294","0.47082198001816533","9322","5588","0.47690303099030595","0.19058627249378463"
"45","300","0.4","0.3","0.2","0.05","0.2","0.4","300","17603","9286","8317","0.4724762824518548","9286","5589","0.4847759947705536","0.18806595850065813"
"43","300","0.4","0.3","0.2","0.05","0.2","0.4","300","17721","9349","8372","0.4724338355623272","9349","5601","0.4795233416795445","0.1863648946104248"
"46","300","0.4","0.3","0.2","0.05","0.2","0.4","300","17597","9349","8248","0.4687162584531454","9349","5649","0.4835709703719626","0.19012265385133037"
"49","300","0.4","0.3","0.2","0.05","0.2","0.4","300","17670","9261","8409","0.47589134125636673","9261","5582","0.4743985301451616","0.19202064116908596"
"54","300","0.4","0.3","0.2","0.05","0.2","0.45","300","11634","7588","4046","0.34777376654632974","7588","4206","0.4184490693530771","0.1264965137947282"
"51","300","0.4","0.3","0.2","0.05","0.2","0.45","300","11548","7636","3912","0.3387599584343609","7636","4152","0.41921843226309263","0.1183786217540481"
"53","300","0.4","0.3","0.2","0.05","0.2","0.45","300","11668","7585","4083","0.34993143640726776","7585","4165","0.415180969173624","0.12644236608925857"
"47","300","0.4","0.3","0.2","0.05","0.2","0.4","300","17617","9254","8363","0.4747119259805869","9254","5591","0.4849520798179402","0.18728871841335937"
"50","300","0.4","0.3","0.2","0.05","0.2","0.4","300","17757","9294","8463","0.4766007771583038","9294","5614","0.4796677042576985","0.1895059481736821"
"52","300","0.4","0.3","0.2","0.05","0.2","0.45","300","11665","7580","4085","0.35019288469781396","7580","4186","0.42203318610200385","0.12232323107286269"
"55","300","0.4","0.3","0.2","0.05","0.2","0.45","300","11588","7555","4033","0.34803244735933725","7555","4260","0.42866077048371065","0.1244260707851465"
"56","300","0.4","0.3","0.2","0.05","0.2","0.45","300","11720","7564","4156","0.35460750853242323","7564","4178","0.4219005662490534","0.12853596717509672"
"57","300","0.4","0.3","0.2","0.05","0.2","0.45","300","11541","7595","3946","0.341911446148514","7595","4161","0.41667981891449857","0.12636567581527772"
"40","300","0.4","0.3","0.2","0.05","0.2","0.35","300","29806","11101","18705","0.6275582097564248","11101","7220","0.5657980481550864","0.3215729065561336"
"59","300","0.4","0.3","0.2","0.05","0.2","0.45","300","11657","7563","4094","0.351205284378485","7563","4073","0.40975125272822766","0.1309924175556473"
"62","300","0.4","0.3","0.2","0.05","0.2","0.5","300","8441","6347","2094","0.24807487264542116","6347","3194","0.38148949851503944","0.08664199125522382"
"48","300","0.4","0.3","0.2","0.05","0.2","0.4","300","17723","9281","8442","0.47633019240534896","9281","5577","0.4713703147668798","0.18766132925690818"
"60","300","0.4","0.3","0.2","0.05","0.2","0.45","300","11594","7610","3984","0.34362601345523547","7610","4088","0.41683341437600857","0.12641870775175873"
"58","300","0.4","0.3","0.2","0.05","0.2","0.45","300","11694","7602","4092","0.34992303745510517","7602","4236","0.4233385283279986","0.12063499823010178"
"61","300","0.4","0.3","0.2","0.05","0.2","0.5","300","8432","6277","2155","0.2555740037950664","6277","3147","0.3856675265614809","0.08840521175923284"
"63","300","0.4","0.3","0.2","0.05","0.2","0.5","300","8376","6275","2101","0.2508357211079274","6275","3146","0.3810171818021638","0.08804766450587302"
"64","300","0.4","0.3","0.2","0.05","0.2","0.5","300","8448","6301","2147","0.25414299242424243","6301","3078","0.38166196282575265","0.08351634101038136"
"65","300","0.4","0.3","0.2","0.05","0.2","0.5","300","8397","6265","2132","0.2539002024532571","6265","3182","0.38678608592795477","0.08562608599684433"
"71","300","0.4","0.3","0.2","0.05","0.2","0.55","300","6556","5355","1201","0.1831909701037218","5355","2399","0.35587825671363","0.06869276474598733"
"70","300","0.4","0.3","0.2","0.05","0.2","0.5","300","8491","6355","2136","0.25156047579790364","6355","3134","0.3853796150603031","0.0795854660620527"
"66","300","0.4","0.3","0.2","0.05","0.2","0.5","300","8383","6340","2043","0.24370750328044852","6340","3233","0.38802011003429826","0.08313798417256824"
"73","300","0.4","0.3","0.2","0.05","0.2","0.55","300","6642","5374","1268","0.19090635350797952","5374","2381","0.3578306532623577","0.07061311547162355"
"75","300","0.4","0.3","0.2","0.05","0.2","0.55","300","6543","5339","1204","0.18401344948800244","5339","2363","0.3552149091079254","0.07281041759135608"
"72","300","0.4","0.3","0.2","0.05","0.2","0.55","300","6595","5338","1257","0.19059893858984078","5338","2423","0.3576392048000361","0.06784416313544582"
"77","300","0.4","0.3","0.2","0.05","0.2","0.55","300","6624","5361","1263","0.19067028985507245","5361","2424","0.3565631994759902","0.06138263697052531"
"76","300","0.4","0.3","0.2","0.05","0.2","0.55","300","6539","5389","1150","0.17586786970484783","5389","2394","0.35336066499115676","0.0780450125997528"
"78","300","0.4","0.3","0.2","0.05","0.2","0.55","300","6597","5350","1247","0.1890253145369107","5350","2397","0.3527676350844956","0.07397835062970952"
"79","300","0.4","0.3","0.2","0.05","0.2","0.55","300","6666","5355","1311","0.19666966696669666","5355","2448","0.3554128966450533","0.06594928524187768"
"67","300","0.4","0.3","0.2","0.05","0.2","0.5","300","8426","6309","2117","0.2512461428910515","6309","3166","0.3860401263832954","0.08010059854906709"
"81","300","0.4","0.3","0.2","0.05","0.2","0.6","300","5544","4738","806","0.1453823953823954","4738","1897","0.3364229302562254","0.05449158211141313"
"74","300","0.4","0.3","0.2","0.05","0.2","0.55","300","6640","5395","1245","0.1875","5395","2438","0.35794636061092683","0.06782810861859606"
"82","300","0.4","0.3","0.2","0.05","0.2","0.6","300","5458","4672","786","0.1440087944301942","4672","1800","0.33133468731834","0.06948107815043371"
"68","300","0.4","0.3","0.2","0.05","0.2","0.5","300","8356","6275","2081","0.2490426041168023","6275","3093","0.3787191810120544","0.09481189266623953"
"69","300","0.4","0.3","0.2","0.05","0.2","0.5","300","8379","6289","2090","0.2494331065759637","6289","3068","0.3807767340957143","0.08994272835127436"
"80","300","0.4","0.3","0.2","0.05","0.2","0.55","300","6621","5372","1249","0.18864219906358556","5372","2437","0.35645090479964564","0.07032790666021262"
"84","300","0.4","0.3","0.2","0.05","0.2","0.6","300","5461","4687","774","0.14173228346456693","4687","1840","0.3373828162615444","0.06554847391910015"
"85","300","0.4","0.3","0.2","0.05","0.2","0.6","300","5475","4717","758","0.1384474885844749","4717","1879","0.3363277595525273","0.05428716634453729"
"83","300","0.4","0.3","0.2","0.05","0.2","0.6","300","5472","4724","748","0.13669590643274854","4724","1849","0.3396129846828157","0.060985705419907874"
"86","300","0.4","0.3","0.2","0.05","0.2","0.6","300","5475","4713","762","0.13917808219178082","4713","1847","0.33772664126581947","0.059238032151023565"
"88","300","0.4","0.3","0.2","0.05","0.2","0.6","300","5497","4731","766","0.139348735674004","4731","1910","0.3373915515761357","0.06312747352296932"
"87","300","0.4","0.3","0.2","0.05","0.2","0.6","300","5507","4698","809","0.14690394043944072","4698","1888","0.338122124320855","0.05834334063922435"
"91","300","0.4","0.3","0.2","0.05","0.2","0.65","300","4814","4237","577","0.11985874532613211","4237","1442","0.3295533593506121","0.044609747956808964"
"90","300","0.4","0.3","0.2","0.05","0.2","0.6","300","5507","4713","794","0.14418013437443253","4713","2000","0.34392917123632344","0.049264529202968636"
"93","300","0.4","0.3","0.2","0.05","0.2","0.65","300","4790","4272","518","0.1081419624217119","4272","1484","0.3255143500445579","0.04922693312237929"
"94","300","0.4","0.3","0.2","0.05","0.2","0.65","300","4771","4260","511","0.10710542863131418","4260","1532","0.3248092868207444","0.055058686689781006"
"89","300","0.4","0.3","0.2","0.05","0.2","0.6","300","5467","4748","719","0.13151637095299068","4748","1834","0.3382147083697224","0.05816354135963557"
"95","300","0.4","0.3","0.2","0.05","0.2","0.65","300","4736","4254","482","0.10177364864864864","4254","1443","0.3238203204776106","0.045814739741980845"
"96","300","0.4","0.3","0.2","0.05","0.2","0.65","300","4793","4267","526","0.10974337575631128","4267","1477","0.3268986317227354","0.04941265733442855"
"101","300","0.4","0.3","0.2","0.05","0.2","0.7","300","4272","3917","355","0.08309925093632958","3917","1160","0.31796511324186344","0.03735346649313116"
"97","300","0.4","0.3","0.2","0.05","0.2","0.65","300","4772","4261","511","0.10708298407376363","4261","1481","0.3249806277128502","0.051662648845208145"
"92","300","0.4","0.3","0.2","0.05","0.2","0.65","300","4785","4276","509","0.1063740856844305","4276","1470","0.3265760324146756","0.052384182337177614"
"98","300","0.4","0.3","0.2","0.05","0.2","0.65","300","4721","4227","494","0.1046388477017581","4227","1476","0.3271155121434685","0.0554153897824845"
"99","300","0.4","0.3","0.2","0.05","0.2","0.65","300","4771","4290","481","0.1008174386920981","4290","1526","0.3290506513191974","0.04958918130526692"
"103","300","0.4","0.3","0.2","0.05","0.2","0.7","300","4321","3951","370","0.08562832677620921","3951","1213","0.318344252465334","0.04181624362986809"
"100","300","0.4","0.3","0.2","0.05","0.2","0.65","300","4751","4244","507","0.10671437592085876","4244","1498","0.3244806158278008","0.05259432438758229"
"102","300","0.4","0.3","0.2","0.05","0.2","0.7","300","4325","3961","364","0.08416184971098266","3961","1187","0.3166963459448406","0.039999019879530945"
"107","300","0.4","0.3","0.2","0.05","0.2","0.7","300","4301","3948","353","0.08207393629388514","3948","1171","0.3162661289349413","0.03987713333768251"
"111","300","0.4","0.3","0.2","0.05","0.2","0.75","300","3935","3694","241","0.06124523506988564","3694","930","0.3120021872114394","0.033297024660569566"
"106","300","0.4","0.3","0.2","0.05","0.2","0.7","300","4310","3973","337","0.07819025522041763","3973","1183","0.3164544171687305","0.0386328079779674"
"104","300","0.4","0.3","0.2","0.05","0.2","0.7","300","4269","3902","367","0.08596861091590537","3902","1160","0.3182953195253819","0.04826494950736786"
"109","300","0.4","0.3","0.2","0.05","0.2","0.7","300","4311","3952","359","0.08327534214799351","3952","1203","0.3176032210856655","0.046524567275591136"
"110","300","0.4","0.3","0.2","0.05","0.2","0.7","300","4264","3905","359","0.08419324577861163","3905","1191","0.31879650764047573","0.03794874897201435"
"105","300","0.4","0.3","0.2","0.05","0.2","0.7","300","4336","3967","369","0.08510147601476015","3967","1203","0.31652624995980766","0.03911303860030971"
"108","300","0.4","0.3","0.2","0.05","0.2","0.7","300","4278","3949","329","0.07690509583917718","3949","1192","0.31782281101453064","0.038457098040302264"
"116","300","0.4","0.3","0.2","0.05","0.2","0.75","300","4014","3742","272","0.06776283009466866","3742","920","0.3119656149032303","0.04237804051687058"
"115","300","0.4","0.3","0.2","0.05","0.2","0.75","300","3974","3714","260","0.06542526421741318","3714","955","0.313845374082514","0.038936148509450014"
"114","300","0.4","0.3","0.2","0.05","0.2","0.75","300","3894","3643","251","0.06445814072932717","3643","942","0.3107840342292131","0.050533896521390884"
"113","300","0.4","0.3","0.2","0.05","0.2","0.75","300","3935","3696","239","0.06073697585768742","3696","907","0.31021438938207085","0.05153100348576069"
"112","300","0.4","0.3","0.2","0.05","0.2","0.75","300","3971","3704","267","0.06723747166960463","3704","930","0.3147700102483553","0.0431168060913661"
"118","300","0.4","0.3","0.2","0.05","0.2","0.75","300","3911","3662","249","0.06366658143697264","3662","886","0.3129238592606383","0.04709478965784256"
"120","300","0.4","0.3","0.2","0.05","0.2","0.75","300","3956","3714","242","0.06117290192113246","3714","900","0.310956844462599","0.03796137295514704"
"119","300","0.4","0.3","0.2","0.05","0.2","0.75","300","3935","3695","240","0.060991105463786534","3695","931","0.31176534229067143","0.0390682280987467"
"117","300","0.4","0.3","0.2","0.05","0.2","0.75","300","3980","3716","264","0.06633165829145729","3716","930","0.31176482356436364","0.037927228409475704"
"121","300","0.4","0.3","0.2","0.05","0.2","0.8","300","3713","3518","195","0.05251817936978185","3518","721","0.3071975523997698","0.03380212081828351"
"122","300","0.4","0.3","0.2","0.05","0.2","0.8","300","3682","3497","185","0.050244432373709944","3497","725","0.30660542274386654","0.03980481752636486"
"123","300","0.4","0.3","0.2","0.05","0.2","0.8","300","3689","3494","195","0.0528598536188669","3494","727","0.30724776435485823","0.03130255000293313"
"124","300","0.4","0.3","0.2","0.05","0.2","0.8","300","3696","3487","209","0.05654761904761905","3487","687","0.30721704514366416","0.029392626142422735"
"125","300","0.4","0.3","0.2","0.05","0.2","0.8","300","3640","3443","197","0.05412087912087912","3443","717","0.3078998045377382","0.03866879672965372"
"126","300","0.4","0.3","0.2","0.05","0.2","0.8","300","3655","3481","174","0.047606019151846785","3481","695","0.3066790828556437","0.037858318494700234"
"127","300","0.4","0.3","0.2","0.05","0.2","0.8","300","3691","3481","210","0.056895150365754536","3481","682","0.30719721510812537","0.03425575941673076"
"128","300","0.4","0.3","0.2","0.05","0.2","0.8","300","3707","3512","195","0.052603183166981385","3512","743","0.306475632618547","0.03575108736134375"
"129","300","0.4","0.3","0.2","0.05","0.2","0.8","300","3680","3498","182","0.049456521739130434","3498","697","0.3068536094666869","0.04527113438060734"
"130","300","0.4","0.3","0.2","0.05","0.2","0.8","300","3630","3475","155","0.04269972451790634","3475","707","0.3077691832065003","0.034939948968841505"
"136","300","0.4","0.3","0.2","0.05","0.25","0.2","300","87822","10444","77378","0.8810776343057548","10444","8328","0.7030504273815469","1"
"138","300","0.4","0.3","0.2","0.05","0.25","0.2","300","87898","10411","77487","0.8815558943320667","10411","8342","0.7076348651183116","1"
"139","300","0.4","0.3","0.2","0.05","0.25","0.2","300","88163","10411","77752","0.8819119131608498","10411","8334","0.6947831374304265","1"
"143","300","0.4","0.3","0.2","0.05","0.25","0.25","300","86605","12162","74443","0.859569308931355","12162","9179","0.7330754238205754","1"
"135","300","0.4","0.3","0.2","0.05","0.25","0.2","300","88044","10468","77576","0.8811049020944074","10468","8402","0.7233106274760308","1"
"137","300","0.4","0.3","0.2","0.05","0.25","0.2","300","88091","10466","77625","0.8811910410825169","10466","8320","0.7068872567072286","1"
"140","300","0.4","0.3","0.2","0.05","0.25","0.2","300","88107","10471","77636","0.8811558672977176","10471","8431","0.7129430196037868","1"
"141","300","0.4","0.3","0.2","0.05","0.25","0.25","300","86691","12058","74633","0.8609082834434947","12058","9058","0.7210785643681713","1"
"131","300","0.4","0.3","0.2","0.05","0.25","0.2","300","88192","10499","77693","0.8809529208998549","10499","8432","0.7139083173433644","1"
"142","300","0.4","0.3","0.2","0.05","0.25","0.25","300","86749","12212","74537","0.8592260429515037","12212","9103","0.7326251869107185","1"
"144","300","0.4","0.3","0.2","0.05","0.25","0.25","300","86899","12225","74674","0.8593194398094339","12225","9102","0.7220478355778858","1"
"133","300","0.4","0.3","0.2","0.05","0.25","0.2","300","87991","10482","77509","0.8808741803138957","10482","8323","0.708466050529355","1"
"147","300","0.4","0.3","0.2","0.05","0.25","0.25","300","86684","12049","74635","0.8610008767477274","12049","9102","0.7218558542409362","1"
"145","300","0.4","0.3","0.2","0.05","0.25","0.25","300","86705","12132","74573","0.8600772735136382","12132","9115","0.7219946461199334","1"
"148","300","0.4","0.3","0.2","0.05","0.25","0.25","300","86658","12122","74536","0.8601167809088601","12122","9108","0.7166064082145546","1"
"152","300","0.4","0.3","0.2","0.05","0.25","0.3","300","73963","13418","60545","0.8185849681597556","13418","9382","0.7480506699182377","0.9999576672887728"
"132","300","0.4","0.3","0.2","0.05","0.25","0.2","300","87958","10393","77565","0.8818413333636508","10393","8388","0.7242835899108773","1"
"149","300","0.4","0.3","0.2","0.05","0.25","0.25","300","86806","12088","74718","0.8607469529756008","12088","9119","0.7219154074072031","1"
"146","300","0.4","0.3","0.2","0.05","0.25","0.25","300","86735","12147","74588","0.8599527295786015","12147","9093","0.7189586761190281","1"
"151","300","0.4","0.3","0.2","0.05","0.25","0.3","300","74212","13497","60715","0.8181291435347383","13497","9397","0.747477559780159","0.9997495697544495"
"134","300","0.4","0.3","0.2","0.05","0.25","0.2","300","88038","10552","77486","0.8801426656670983","10552","8417","0.7088405303054968","1"
"150","300","0.4","0.3","0.2","0.05","0.25","0.25","300","86664","12120","74544","0.8601495430628635","12120","9090","0.7170026260227973","1"
"153","300","0.4","0.3","0.2","0.05","0.25","0.3","300","75295","13433","61862","0.8215950594328972","13433","9499","0.7381458333516185","1"
"154","300","0.4","0.3","0.2","0.05","0.25","0.3","300","74150","13334","60816","0.8201753202966959","13334","9333","0.7461965386954625","1"
"161","300","0.4","0.3","0.2","0.05","0.25","0.35","300","29424","10556","18868","0.6412452419793366","10556","6865","0.5713752088313306","0.3205965677057445"
"162","300","0.4","0.3","0.2","0.05","0.25","0.35","300","29363","10627","18736","0.6380819398562817","10627","6824","0.5730743511890409","0.32077552526424097"
"155","300","0.4","0.3","0.2","0.05","0.25","0.3","300","74540","13491","61049","0.8190099275556748","13491","9372","0.7461877883578568","1"
"164","300","0.4","0.3","0.2","0.05","0.25","0.35","300","29305","10468","18837","0.6427913325371097","10468","6838","0.5673438859482455","0.32189921669285065"
"165","300","0.4","0.3","0.2","0.05","0.25","0.35","300","29517","10624","18893","0.6400718230172443","10624","6855","0.5652471546837335","0.32145876770259707"
"167","300","0.4","0.3","0.2","0.05","0.25","0.35","300","29475","10535","18940","0.6425784563189143","10535","6906","0.5868983238539883","0.3190476201635651"
"163","300","0.4","0.3","0.2","0.05","0.25","0.35","300","29382","10504","18878","0.6425022122387857","10504","6933","0.5656146228443817","0.3256913319803212"
"157","300","0.4","0.3","0.2","0.05","0.25","0.3","300","73896","13345","60551","0.8194083576918914","13345","9350","0.7409447170788518","0.9995351303204734"
"156","300","0.4","0.3","0.2","0.05","0.25","0.3","300","74606","13467","61139","0.8194917298876766","13467","9371","0.7288963234471251","1"
"168","300","0.4","0.3","0.2","0.05","0.25","0.35","300","29469","10665","18804","0.6380942685533951","10665","6958","0.5768123031609738","0.31875415082022407"
"158","300","0.4","0.3","0.2","0.05","0.25","0.3","300","74526","13439","61087","0.8196736709336339","13439","9357","0.7396376709166099","1"
"166","300","0.4","0.3","0.2","0.05","0.25","0.35","300","29504","10575","18929","0.6415740238611713","10575","6894","0.5722144574368115","0.3200366185176845"
"169","300","0.4","0.3","0.2","0.05","0.25","0.35","300","29478","10543","18935","0.6423434425673383","10543","6843","0.5783587824855148","0.32112255537708745"
"160","300","0.4","0.3","0.2","0.05","0.25","0.3","300","73954","13212","60742","0.8213484057657463","13212","9299","0.7443882814047226","1"
"170","300","0.4","0.3","0.2","0.05","0.25","0.35","300","29323","10580","18743","0.6391910786754424","10580","6858","0.5592921827110556","0.3223005787437521"
"173","300","0.4","0.3","0.2","0.05","0.25","0.4","300","17262","8843","8419","0.48771868844861543","8843","5346","0.4861136670580633","0.18853142514013949"
"171","300","0.4","0.3","0.2","0.05","0.25","0.4","300","17310","8924","8386","0.48445984979780476","8924","5401","0.4879238631248175","0.1754921132408607"
"159","300","0.4","0.3","0.2","0.05","0.25","0.3","300","74038","13351","60687","0.8196736810826872","13351","9401","0.7372053188646008","0.9999486895421306"
"174","300","0.4","0.3","0.2","0.05","0.25","0.4","300","17264","8904","8360","0.48424467099165897","8904","5343","0.49493339638952205","0.18213173588860124"
"172","300","0.4","0.3","0.2","0.05","0.25","0.4","300","17259","8791","8468","0.4906425633003071","8791","5322","0.48931280200016164","0.18334419347046546"
"175","300","0.4","0.3","0.2","0.05","0.25","0.4","300","17194","8790","8404","0.48877515412353145","8790","5283","0.48836747015907","0.1827834570381736"
"176","300","0.4","0.3","0.2","0.05","0.25","0.4","300","17107","8896","8211","0.47997895598293094","8896","5283","0.48464522254155923","0.18668874458457774"
"177","300","0.4","0.3","0.2","0.05","0.25","0.4","300","17213","8881","8332","0.48405275082786264","8881","5281","0.48554128530847523","0.18236878556756478"
"178","300","0.4","0.3","0.2","0.05","0.25","0.4","300","17103","8821","8282","0.4842425305501959","8821","5251","0.4910120639640031","0.18860996432667534"
"182","300","0.4","0.3","0.2","0.05","0.25","0.45","300","11072","7245","3827","0.34564667630057805","7245","3914","0.4282036236281401","0.11719891805811396"
"181","300","0.4","0.3","0.2","0.05","0.25","0.45","300","11097","7257","3840","0.3460394701270614","7257","3976","0.42811915722774835","0.12154689303446517"
"179","300","0.4","0.3","0.2","0.05","0.25","0.4","300","17178","8752","8426","0.49051111887297705","8752","5226","0.48973774763173167","0.19148833511928226"
"180","300","0.4","0.3","0.2","0.05","0.25","0.4","300","17110","8853","8257","0.482583284628872","8853","5266","0.4970281430279566","0.1855528477898608"
"184","300","0.4","0.3","0.2","0.05","0.25","0.45","300","11223","7245","3978","0.35445068163592625","7245","3930","0.4178372317444667","0.11673069181399351"
"187","300","0.4","0.3","0.2","0.05","0.25","0.45","300","11197","7257","3940","0.3518799678485309","7257","3953","0.4360565221050433","0.11342244791992356"
"183","300","0.4","0.3","0.2","0.05","0.25","0.45","300","11170","7211","3959","0.3544315129811996","7211","3951","0.42495957411777674","0.12099585886348557"
"186","300","0.4","0.3","0.2","0.05","0.25","0.45","300","11116","7229","3887","0.34967614249730117","7229","4009","0.42427940992803415","0.12484449216518359"
"191","300","0.4","0.3","0.2","0.05","0.25","0.5","300","7937","5957","1980","0.24946453319894166","5957","2946","0.38927182997838894","0.08681392239922182"
"192","300","0.4","0.3","0.2","0.05","0.25","0.5","300","7970","5948","2022","0.25370138017565874","5948","2918","0.38382349278506855","0.08993110605914778"
"189","300","0.4","0.3","0.2","0.05","0.25","0.45","300","11197","7260","3937","0.3516120389390015","7260","3973","0.43253097482289654","0.11574135321372343"
"188","300","0.4","0.3","0.2","0.05","0.25","0.45","300","11141","7220","3921","0.3519432725967148","7220","3983","0.43496492424137584","0.11132387570775189"
"185","300","0.4","0.3","0.2","0.05","0.25","0.45","300","11069","7223","3846","0.34745686150510435","7223","3926","0.42476471935979776","0.11206869519134202"
"193","300","0.4","0.3","0.2","0.05","0.25","0.5","300","7990","5930","2060","0.25782227784730916","5930","2944","0.3857258377591142","0.08668524934436601"
"194","300","0.4","0.3","0.2","0.05","0.25","0.5","300","7999","5974","2025","0.2531566445805726","5974","2999","0.3876598725194426","0.08288684576812314"
"196","300","0.4","0.3","0.2","0.05","0.25","0.5","300","7964","6000","1964","0.2466097438473129","6000","2951","0.38444906224646924","0.08130092206692474"
"195","300","0.4","0.3","0.2","0.05","0.25","0.5","300","8025","5947","2078","0.25894080996884733","5947","2970","0.388433028795826","0.0816963874304309"
"190","300","0.4","0.3","0.2","0.05","0.25","0.45","300","11178","7256","3922","0.35086777598854896","7256","3974","0.4252799883186209","0.11488839714293526"
"198","300","0.4","0.3","0.2","0.05","0.25","0.5","300","8019","5950","2069","0.25801222097518395","5950","2935","0.3871116829448094","0.08380393894185832"
"197","300","0.4","0.3","0.2","0.05","0.25","0.5","300","7999","5913","2086","0.26078259782472807","5913","3071","0.3899271078852119","0.07934580558800872"
"199","300","0.4","0.3","0.2","0.05","0.25","0.5","300","7983","5948","2035","0.2549166979832143","5948","3004","0.384095439068676","0.09164122915535786"
"200","300","0.4","0.3","0.2","0.05","0.25","0.5","300","8063","5955","2108","0.26144115093637604","5955","2942","0.382912683498534","0.08318783840108031"
"201","300","0.4","0.3","0.2","0.05","0.25","0.55","300","6305","5074","1231","0.19524187153053132","5074","2259","0.3555494417753805","0.06885176425646208"
"202","300","0.4","0.3","0.2","0.05","0.25","0.55","300","6259","5074","1185","0.1893273685892315","5074","2289","0.35897934408261845","0.06752521428583352"
"203","300","0.4","0.3","0.2","0.05","0.25","0.55","300","6264","5098","1166","0.18614303959131545","5098","2290","0.3607443283130257","0.06305368153122004"
"204","300","0.4","0.3","0.2","0.05","0.25","0.55","300","6259","5067","1192","0.190445758108324","5067","2213","0.3567710714210873","0.06393602597897867"
"206","300","0.4","0.3","0.2","0.05","0.25","0.55","300","6231","5074","1157","0.18568448082169797","5074","2308","0.36203888691501374","0.07247477718079552"
"205","300","0.4","0.3","0.2","0.05","0.25","0.55","300","6305","5074","1231","0.19524187153053132","5074","2284","0.35779901254617985","0.07358052480486578"
"212","300","0.4","0.3","0.2","0.05","0.25","0.6","300","5242","4488","754","0.14383822968332696","4488","1759","0.3388909003423963","0.05537441883029081"
"208","300","0.4","0.3","0.2","0.05","0.25","0.55","300","6285","5079","1206","0.1918854415274463","5079","2325","0.3593133153243352","0.06272962061811668"
"210","300","0.4","0.3","0.2","0.05","0.25","0.55","300","6367","5069","1298","0.2038636720590545","5069","2291","0.35754567923402736","0.068619108360731"
"214","300","0.4","0.3","0.2","0.05","0.25","0.6","300","5254","4466","788","0.14998096688237533","4466","1776","0.3392907459996438","0.057161568647728464"
"211","300","0.4","0.3","0.2","0.05","0.25","0.6","300","5245","4512","733","0.13975214489990467","4512","1822","0.3437161224833312","0.05095974640840368"
"213","300","0.4","0.3","0.2","0.05","0.25","0.6","300","5249","4455","794","0.15126690798247286","4455","1828","0.34030274144240064","0.0541154789747493"
"207","300","0.4","0.3","0.2","0.05","0.25","0.55","300","6298","5051","1247","0.19799936487773898","5051","2337","0.36553384582310905","0.06569529180515057"
"209","300","0.4","0.3","0.2","0.05","0.25","0.55","300","6260","5052","1208","0.19297124600638976","5052","2235","0.3604717476097645","0.06252243475146246"
"216","300","0.4","0.3","0.2","0.05","0.25","0.6","300","5228","4461","767","0.14671002295332825","4461","1794","0.3399347691403241","0.05467356776953962"
"215","300","0.4","0.3","0.2","0.05","0.25","0.6","300","5201","4450","751","0.14439530859450106","4450","1835","0.338611090471747","0.06125321469962422"
"217","300","0.4","0.3","0.2","0.05","0.25","0.6","300","5214","4498","716","0.13732259301879554","4498","1800","0.3389427249402613","0.05153581271690472"
"218","300","0.4","0.3","0.2","0.05","0.25","0.6","300","5180","4462","718","0.13861003861003862","4462","1771","0.3366488616087959","0.06225636704041111"
"219","300","0.4","0.3","0.2","0.05","0.25","0.6","300","5205","4475","730","0.14024975984630164","4475","1765","0.34103624290623347","0.04716948456577298"
"221","300","0.4","0.3","0.2","0.05","0.25","0.65","300","4557","4057","500","0.10972130787798991","4057","1418","0.32637758782213344","0.04567473484695574"
"220","300","0.4","0.3","0.2","0.05","0.25","0.6","300","5240","4479","761","0.1452290076335878","4479","1795","0.3411889962306624","0.05382153781606169"
"222","300","0.4","0.3","0.2","0.05","0.25","0.65","300","4490","4013","477","0.10623608017817372","4013","1351","0.3271414358029095","0.0513244896259264"
"224","300","0.4","0.3","0.2","0.05","0.25","0.65","300","4555","4059","496","0.10889132821075741","4059","1456","0.3269838472471264","0.05414323687059738"
"223","300","0.4","0.3","0.2","0.05","0.25","0.65","300","4571","4072","499","0.10916648435790856","4072","1442","0.33096687077134784","0.04528066719607214"
"225","300","0.4","0.3","0.2","0.05","0.25","0.65","300","4574","4066","508","0.11106252732837779","4066","1429","0.32892374054260753","0.0532410541679132"
"226","300","0.4","0.3","0.2","0.05","0.25","0.65","300","4559","4060","499","0.10945382759377056","4060","1398","0.32642957215554685","0.04520006238897469"
"227","300","0.4","0.3","0.2","0.05","0.25","0.65","300","4505","4022","483","0.1072142064372919","4022","1417","0.3305671107754129","0.047927033615796415"
"231","300","0.4","0.3","0.2","0.05","0.25","0.7","300","4093","3757","336","0.08209137551917908","3757","1136","0.3205090466678305","0.04009336726460729"
"228","300","0.4","0.3","0.2","0.05","0.25","0.65","300","4590","4102","488","0.10631808278867103","4102","1414","0.3275776214450479","0.04915269847459844"
"229","300","0.4","0.3","0.2","0.05","0.25","0.65","300","4567","4064","503","0.11013794613531859","4064","1416","0.32849221215899","0.046206183196775684"
"232","300","0.4","0.3","0.2","0.05","0.25","0.7","300","4165","3822","343","0.08235294117647059","3822","1151","0.31987956308847065","0.0359434375207214"
"236","300","0.4","0.3","0.2","0.05","0.25","0.7","300","4126","3748","378","0.09161415414444983","3748","1163","0.3182400817389274","0.0488011985361358"
"230","300","0.4","0.3","0.2","0.05","0.25","0.65","300","4544","4032","512","0.11267605633802817","4032","1439","0.3285928101897193","0.05341170438724445"
"234","300","0.4","0.3","0.2","0.05","0.25","0.7","300","4151","3813","338","0.08142616237051313","3813","1166","0.3197427685548403","0.04445631962251239"
"233","300","0.4","0.3","0.2","0.05","0.25","0.7","300","4056","3759","297","0.07322485207100592","3759","1125","0.31989365221350846","0.03580451770560144"
"235","300","0.4","0.3","0.2","0.05","0.25","0.7","300","4126","3808","318","0.07707222491517209","3808","1167","0.32089049943022446","0.0303160518819651"
"237","300","0.4","0.3","0.2","0.05","0.25","0.7","300","4134","3770","364","0.0880503144654088","3770","1108","0.3189670287340678","0.04278403182828933"
"238","300","0.4","0.3","0.2","0.05","0.25","0.7","300","4173","3827","346","0.08291397076443806","3827","1216","0.3198156543654449","0.036193299063801254"
"239","300","0.4","0.3","0.2","0.05","0.25","0.7","300","4091","3764","327","0.07993155707650941","3764","1132","0.3168047970751896","0.0629954199597875"
"244","300","0.4","0.3","0.2","0.05","0.25","0.75","300","3760","3502","258","0.06861702127659575","3502","858","0.31291553586845305","0.042194772874707936"
"242","300","0.4","0.3","0.2","0.05","0.25","0.75","300","3771","3559","212","0.0562185096791302","3559","883","0.3126887911708839","0.05041679046390179"
"241","300","0.4","0.3","0.2","0.05","0.25","0.75","300","3810","3557","253","0.06640419947506562","3557","892","0.3104693211434123","0.04082025333576205"
"240","300","0.4","0.3","0.2","0.05","0.25","0.7","300","4130","3769","361","0.087409200968523","3769","1109","0.3206746251640235","0.03742370136500146"
"243","300","0.4","0.3","0.2","0.05","0.25","0.75","300","3770","3557","213","0.05649867374005305","3557","868","0.3120064330455623","0.03325525684365794"
"245","300","0.4","0.3","0.2","0.05","0.25","0.75","300","3793","3538","255","0.06722910624835222","3538","850","0.3117317105434172","0.037836418422457586"
"246","300","0.4","0.3","0.2","0.05","0.25","0.75","300","3805","3562","243","0.06386333771353482","3562","900","0.31209715832085566","0.03801923348244731"
"247","300","0.4","0.3","0.2","0.05","0.25","0.75","300","3838","3598","240","0.06253256904637833","3598","885","0.31200060656344725","0.04574106587317793"
"249","300","0.4","0.3","0.2","0.05","0.25","0.75","300","3830","3582","248","0.06475195822454308","3582","876","0.31209120061000134","0.026026454714422713"
"248","300","0.4","0.3","0.2","0.05","0.25","0.75","300","3767","3536","231","0.06132200690204407","3536","894","0.31083196249950706","0.04529297261837015"
"250","300","0.4","0.3","0.2","0.05","0.25","0.75","300","3781","3537","244","0.06453319227717536","3537","912","0.31350234216239237","0.03775974019322999"
"251","300","0.4","0.3","0.2","0.05","0.25","0.8","300","3573","3400","173","0.0484186957738595","3400","639","0.30753880068111566","0.0390383302418988"
"252","300","0.4","0.3","0.2","0.05","0.25","0.8","300","3566","3373","193","0.05412226584408301","3373","640","0.306957617308382","0.03555048279813762"
"255","300","0.4","0.3","0.2","0.05","0.25","0.8","300","3551","3391","160","0.04505773021684033","3391","661","0.3073144679975589","0.029482007438300897"
"253","300","0.4","0.3","0.2","0.05","0.25","0.8","300","3540","3367","173","0.04887005649717514","3367","678","0.3070761258854056","0.0437876060420873"
"254","300","0.4","0.3","0.2","0.05","0.25","0.8","300","3527","3335","192","0.05443719875248086","3335","585","0.306171781368942","0.041654625877192805"
"256","300","0.4","0.3","0.2","0.05","0.25","0.8","300","3586","3364","222","0.0619074177356386","3364","650","0.307075798641628","0.03939967840829178"
"257","300","0.4","0.3","0.2","0.05","0.25","0.8","300","3534","3366","168","0.04753820033955857","3366","694","0.3079206916736216","0.030771988436372705"
"259","300","0.4","0.3","0.2","0.05","0.25","0.8","300","3551","3364","187","0.05266122219093213","3364","643","0.308594528128261","0.03247360672588514"
"258","300","0.4","0.3","0.2","0.05","0.25","0.8","300","3523","3355","168","0.04768663071246097","3355","710","0.30819660693541356","0.03933400281153165"
"260","300","0.4","0.3","0.2","0.05","0.25","0.8","300","3552","3369","183","0.05152027027027027","3369","677","0.30821172853288903","0.04043649391576221"
"261","300","0.4","0.3","0.2","0.05","0.3","0.2","300","88210","9833","78377","0.8885273778483165","9833","7871","0.7229549987143244","1"
"263","300","0.4","0.3","0.2","0.05","0.3","0.2","300","88107","9934","78173","0.8872507292269627","9934","7915","0.7318498392925757","1"
"262","300","0.4","0.3","0.2","0.05","0.3","0.2","300","88205","9887","78318","0.887908848704722","9887","7837","0.7114545776794954","1"
"265","300","0.4","0.3","0.2","0.05","0.3","0.2","300","88305","9979","78326","0.8869939414529189","9979","7899","0.7233366982618334","1"
"264","300","0.4","0.3","0.2","0.05","0.3","0.2","300","88219","9911","78308","0.8876545868803772","9911","7903","0.718709326553817","1"
"266","300","0.4","0.3","0.2","0.05","0.3","0.2","300","88269","9925","78344","0.8875596188922499","9925","7910","0.734469062280892","1"
"269","300","0.4","0.3","0.2","0.05","0.3","0.2","300","88064","9869","78195","0.8879337754360465","9869","7922","0.7197822562813381","1"
"268","300","0.4","0.3","0.2","0.05","0.3","0.2","300","88233","9898","78335","0.8878197499801661","9898","7923","0.7250191059764487","1"
"267","300","0.4","0.3","0.2","0.05","0.3","0.2","300","88119","10074","78045","0.8856773227113336","10074","8016","0.7314821170832695","1"
"270","300","0.4","0.3","0.2","0.05","0.3","0.2","300","88100","9920","78180","0.8874006810442678","9920","8003","0.725243662675644","1"
"271","300","0.4","0.3","0.2","0.05","0.3","0.25","300","86723","11447","75276","0.8680050275013549","11447","8645","0.7507208525865627","1"
"272","300","0.4","0.3","0.2","0.05","0.3","0.25","300","86844","11589","75255","0.8665538206439132","11589","8622","0.7487217473046563","1"
"273","300","0.4","0.3","0.2","0.05","0.3","0.25","300","86925","11508","75417","0.8676100086281276","11508","8626","0.7460565520795135","1"
"274","300","0.4","0.3","0.2","0.05","0.3","0.25","300","86921","11434","75487","0.8684552639753339","11434","8596","0.7310490409142603","1"
"276","300","0.4","0.3","0.2","0.05","0.3","0.25","300","86981","11471","75510","0.8681206240443315","11471","8628","0.7490518762872271","1"
"275","300","0.4","0.3","0.2","0.05","0.3","0.25","300","86848","11404","75444","0.8686901252763449","11404","8544","0.7519480649552606","1"
"277","300","0.4","0.3","0.2","0.05","0.3","0.25","300","86821","11493","75328","0.8676241923037054","11493","8569","0.7333234970498578","1"
"279","300","0.4","0.3","0.2","0.05","0.3","0.25","300","87053","11485","75568","0.8680688775803246","11485","8674","0.7327804934291924","1"
"280","300","0.4","0.3","0.2","0.05","0.3","0.25","300","86675","11469","75206","0.8676781078742428","11469","8639","0.7520870195606368","1"
"278","300","0.4","0.3","0.2","0.05","0.3","0.25","300","87054","11449","75605","0.8684839295150136","11449","8582","0.747111093861177","1"
"281","300","0.4","0.3","0.2","0.05","0.3","0.3","300","75035","12704","62331","0.8306923435729993","12704","8911","0.7531158827124322","1"
"282","300","0.4","0.3","0.2","0.05","0.3","0.3","300","75470","12836","62634","0.8299191731813966","12836","8949","0.7519400868231978","1"
"283","300","0.4","0.3","0.2","0.05","0.3","0.3","300","74645","12737","61908","0.8293656641436131","12737","8932","0.7598026582863088","1"
"284","300","0.4","0.3","0.2","0.05","0.3","0.3","300","74877","12695","62182","0.8304552799925211","12695","8832","0.7474785619279362","1"
"291","300","0.4","0.3","0.2","0.05","0.3","0.35","300","29155","10094","19061","0.653781512605042","10094","6626","0.5932788663535763","0.3192995952385488"
"292","300","0.4","0.3","0.2","0.05","0.3","0.35","300","29159","10154","19005","0.6517713227476937","10154","6582","0.5798175099022","0.3192025045142001"
"293","300","0.4","0.3","0.2","0.05","0.3","0.35","300","29192","10140","19052","0.6526445601534667","10140","6583","0.5897160831691592","0.316877394576736"
"294","300","0.4","0.3","0.2","0.05","0.3","0.35","300","29265","10070","19195","0.6559029557491884","10070","6465","0.572452879637178","0.32072571922636345"
"301","300","0.4","0.3","0.2","0.05","0.3","0.4","300","16805","8466","8339","0.4962213626896757","8466","5163","0.5195691479412599","0.17013530048120373"
"285","300","0.4","0.3","0.2","0.05","0.3","0.3","300","75703","12613","63090","0.8333883729838976","12613","8967","0.7471982559127377","1"
"295","300","0.4","0.3","0.2","0.05","0.3","0.35","300","29238","10124","19114","0.6537382857924618","10124","6568","0.5910917380157676","0.3182648047446932"
"286","300","0.4","0.3","0.2","0.05","0.3","0.3","300","74776","12713","62063","0.8299855568631647","12713","8866","0.7596359904242377","1"
"296","300","0.4","0.3","0.2","0.05","0.3","0.35","300","29340","9989","19351","0.6595432856169052","9989","6581","0.5847930029597151","0.32116805740318194"
"287","300","0.4","0.3","0.2","0.05","0.3","0.3","300","75133","12668","62465","0.8313923309331452","12668","8878","0.760226055402702","1"
"288","300","0.4","0.3","0.2","0.05","0.3","0.3","300","73759","12588","61171","0.8293360810206212","12588","8810","0.747499570484987","1"
"299","300","0.4","0.3","0.2","0.05","0.3","0.35","300","29208","10010","19198","0.6572856751574911","10010","6526","0.5842232684407948","0.3200671621463797"
"302","300","0.4","0.3","0.2","0.05","0.3","0.4","300","16848","8421","8427","0.5001780626780626","8421","5079","0.4891075390194743","0.18712487308493134"
"298","300","0.4","0.3","0.2","0.05","0.3","0.35","300","29421","10089","19332","0.6570816763536249","10089","6608","0.5938941452347337","0.31711869966807277"
"297","300","0.4","0.3","0.2","0.05","0.3","0.35","300","29112","10146","18966","0.6514839241549877","10146","6523","0.5795240268456713","0.3209285247729989"
"303","300","0.4","0.3","0.2","0.05","0.3","0.4","300","16691","8485","8206","0.4916422023845186","8485","5093","0.4995452923071218","0.1850766898135585"
"290","300","0.4","0.3","0.2","0.05","0.3","0.3","300","75379","12788","62591","0.8303506281590364","12788","8902","0.7456630106051938","1"
"300","300","0.4","0.3","0.2","0.05","0.3","0.35","300","29117","10102","19015","0.653054916371879","10102","6518","0.587004331335221","0.3196169759447469"
"289","300","0.4","0.3","0.2","0.05","0.3","0.3","300","75855","12808","63047","0.8311515391206908","12808","8899","0.7679397507936883","1"
"306","300","0.4","0.3","0.2","0.05","0.3","0.4","300","16926","8425","8501","0.5022450667611958","8425","5089","0.4943093647958058","0.18361412779946773"
"304","300","0.4","0.3","0.2","0.05","0.3","0.4","300","16829","8477","8352","0.49628617267811515","8477","5092","0.5160434250530951","0.17256468063159508"
"305","300","0.4","0.3","0.2","0.05","0.3","0.4","300","16869","8496","8373","0.4963542592921928","8496","5103","0.4942087606524315","0.18094150864161831"
"307","300","0.4","0.3","0.2","0.05","0.3","0.4","300","16804","8456","8348","0.49678647940966436","8456","5046","0.4956233082622886","0.17729005390470798"
"308","300","0.4","0.3","0.2","0.05","0.3","0.4","300","16761","8396","8365","0.49907523417457195","8396","5092","0.5063765174026719","0.17893704552615602"
"313","300","0.4","0.3","0.2","0.05","0.3","0.45","300","10685","6909","3776","0.3533926064576509","6909","3858","0.43598357342585614","0.11231152656205479"
"312","300","0.4","0.3","0.2","0.05","0.3","0.45","300","10789","6881","3908","0.36222078042450645","6881","3829","0.43213932865150023","0.11639981562345748"
"316","300","0.4","0.3","0.2","0.05","0.3","0.45","300","10782","6873","3909","0.3625486922648859","6873","3781","0.4412206768060331","0.10759597154109753"
"311","300","0.4","0.3","0.2","0.05","0.3","0.45","300","10813","6908","3905","0.3611393692777213","6908","3751","0.42435070499706945","0.112893160395627"
"314","300","0.4","0.3","0.2","0.05","0.3","0.45","300","10750","6861","3889","0.3617674418604651","6861","3602","0.42698194404483786","0.11048124802603153"
"321","300","0.4","0.3","0.2","0.05","0.3","0.5","300","7640","5643","1997","0.2613874345549738","5643","2799","0.3889814918227907","0.07736183621868116"
"320","300","0.4","0.3","0.2","0.05","0.3","0.45","300","10715","6859","3856","0.3598693420438637","6859","3727","0.42764921144851326","0.12018399192332484"
"324","300","0.4","0.3","0.2","0.05","0.3","0.5","300","7673","5678","1995","0.26000260654242147","5678","2840","0.3883088196088137","0.07957512629507003"
"315","300","0.4","0.3","0.2","0.05","0.3","0.45","300","10822","6868","3954","0.3653668453150989","6868","3876","0.43758866852028394","0.11334746619155936"
"322","300","0.4","0.3","0.2","0.05","0.3","0.5","300","7695","5684","2011","0.26133853151397013","5684","2849","0.392669416695927","0.07740456972197726"
"326","300","0.4","0.3","0.2","0.05","0.3","0.5","300","7583","5668","1915","0.2525385731240934","5668","2761","0.3858972923669441","0.08860155103258803"
"331","300","0.4","0.3","0.2","0.05","0.3","0.55","300","6042","4844","1198","0.1982787156570672","4844","2124","0.36045136029815517","0.05248128412155892"
"327","300","0.4","0.3","0.2","0.05","0.3","0.5","300","7666","5698","1968","0.25671797547612835","5698","2862","0.3940976567284066","0.07718671821697809"
"325","300","0.4","0.3","0.2","0.05","0.3","0.5","300","7709","5690","2019","0.2619016733687897","5690","2866","0.3946666737185433","0.07139885903657026"
"309","300","0.4","0.3","0.2","0.05","0.3","0.4","300","16880","8394","8486","0.5027251184834123","8394","5108","0.4968445670061351","0.18024996838028787"
"318","300","0.4","0.3","0.2","0.05","0.3","0.45","300","10675","6899","3776","0.35372365339578454","6899","3727","0.4287627520999333","0.11668762203122497"
"310","300","0.4","0.3","0.2","0.05","0.3","0.4","300","16922","8487","8435","0.4984635385888193","8487","5161","0.5037119410189691","0.1845105352400149"
"323","300","0.4","0.3","0.2","0.05","0.3","0.5","300","7618","5661","1957","0.2568915725912313","5661","2782","0.3871448391225308","0.08077836168159275"
"317","300","0.4","0.3","0.2","0.05","0.3","0.45","300","10832","6917","3915","0.3614290989660266","6917","3811","0.4283718172730271","0.11393668661153512"
"319","300","0.4","0.3","0.2","0.05","0.3","0.45","300","10763","6843","3920","0.36421072191768095","6843","3735","0.4341030867753677","0.12232521857772237"
"330","300","0.4","0.3","0.2","0.05","0.3","0.5","300","7639","5626","2013","0.26351616703757036","5626","2802","0.39321612090283015","0.07692644903078452"
"328","300","0.4","0.3","0.2","0.05","0.3","0.5","300","7608","5648","1960","0.2576235541535226","5648","2853","0.3956887617357763","0.07530302074989709"
"329","300","0.4","0.3","0.2","0.05","0.3","0.5","300","7657","5653","2004","0.2617213007705368","5653","2804","0.38435306294896227","0.08231887255806822"
"332","300","0.4","0.3","0.2","0.05","0.3","0.55","300","6003","4827","1176","0.19590204897551225","4827","2163","0.3584460432197463","0.07707168343985966"
"333","300","0.4","0.3","0.2","0.05","0.3","0.55","300","5989","4813","1176","0.19635999332108867","4813","2177","0.36643218315410164","0.06408884154361076"
"342","300","0.4","0.3","0.2","0.05","0.3","0.6","300","5002","4293","709","0.14174330267892843","4293","1727","0.34485117974037993","0.045714980645390334"
"343","300","0.4","0.3","0.2","0.05","0.3","0.6","300","5025","4284","741","0.1474626865671642","4284","1666","0.34435453552502426","0.05100706073004543"
"344","300","0.4","0.3","0.2","0.05","0.3","0.6","300","4990","4279","711","0.14248496993987975","4279","1718","0.3436488092106787","0.05592448579860225"
"341","300","0.4","0.3","0.2","0.05","0.3","0.6","300","5016","4253","763","0.15211323763955342","4253","1713","0.3397733881401579","0.05603381863364954"
"335","300","0.4","0.3","0.2","0.05","0.3","0.55","300","6058","4845","1213","0.2002310993727303","4845","2163","0.3613987320490356","0.05495331247395511"
"339","300","0.4","0.3","0.2","0.05","0.3","0.55","300","5972","4810","1162","0.19457468184862692","4810","2196","0.3597462480243573","0.061523617236462706"
"334","300","0.4","0.3","0.2","0.05","0.3","0.55","300","5960","4822","1138","0.19093959731543625","4822","2159","0.3656539937717629","0.06965890151445822"
"338","300","0.4","0.3","0.2","0.05","0.3","0.55","300","5984","4869","1115","0.18633021390374332","4869","2205","0.35981698661639416","0.05585915028520137"
"337","300","0.4","0.3","0.2","0.05","0.3","0.55","300","6034","4840","1194","0.19787868743785217","4840","2219","0.3645137212919632","0.06628141721742303"
"336","300","0.4","0.3","0.2","0.05","0.3","0.55","300","5963","4836","1127","0.18899882609424787","4836","2235","0.3613495937361945","0.06121972768003781"
"354","300","0.4","0.3","0.2","0.05","0.3","0.65","300","4343","3889","454","0.10453603499884873","3889","1422","0.3298841606272674","0.05043883441177127"
"353","300","0.4","0.3","0.2","0.05","0.3","0.65","300","4345","3895","450","0.10356731875719218","3895","1351","0.3278714538822194","0.036666075286173536"
"346","300","0.4","0.3","0.2","0.05","0.3","0.6","300","4976","4278","698","0.1402733118971061","4278","1660","0.33849753976421465","0.05629015570718301"
"347","300","0.4","0.3","0.2","0.05","0.3","0.6","300","5020","4252","768","0.15298804780876493","4252","1683","0.3443111228187026","0.05513466557120066"
"340","300","0.4","0.3","0.2","0.05","0.3","0.55","300","5993","4856","1137","0.18972134156515935","4856","2159","0.3617023735085051","0.06233136661464319"
"351","300","0.4","0.3","0.2","0.05","0.3","0.65","300","4399","3904","495","0.11252557399408956","3904","1379","0.3317447081707216","0.04690491741492209"
"352","300","0.4","0.3","0.2","0.05","0.3","0.65","300","4353","3880","473","0.10866069377440846","3880","1410","0.3297889346170759","0.05613007407440339"
"345","300","0.4","0.3","0.2","0.05","0.3","0.6","300","5001","4279","722","0.14437112577484504","4279","1761","0.34600804431707277","0.04583367802244503"
"349","300","0.4","0.3","0.2","0.05","0.3","0.6","300","4969","4237","732","0.14731334272489435","4237","1671","0.340576826127306","0.06762546473229046"
"348","300","0.4","0.3","0.2","0.05","0.3","0.6","300","4985","4250","735","0.14744232698094284","4250","1694","0.34229199667713756","0.05122032479412676"
"350","300","0.4","0.3","0.2","0.05","0.3","0.6","300","5015","4251","764","0.15234297108673978","4251","1715","0.3397905883030455","0.05792819315384341"
"355","300","0.4","0.3","0.2","0.05","0.3","0.65","300","4370","3888","482","0.1102974828375286","3888","1366","0.32968540565286103","0.04254360900724984"
"356","300","0.4","0.3","0.2","0.05","0.3","0.65","300","4358","3891","467","0.10715924736117485","3891","1342","0.332846993365373","0.03966305720902938"
"357","300","0.4","0.3","0.2","0.05","0.3","0.65","300","4359","3899","460","0.10552879100711172","3899","1384","0.3303330651753703","0.05090517333877954"
"362","300","0.4","0.3","0.2","0.05","0.3","0.7","300","3937","3609","328","0.08331216662433324","3609","1080","0.32137049934026485","0.05355538828007869"
"371","300","0.4","0.3","0.2","0.05","0.3","0.75","300","3723","3466","257","0.0690303518667741","3466","850","0.31412335699646377","0.037209396720292644"
"359","300","0.4","0.3","0.2","0.05","0.3","0.65","300","4332","3860","472","0.10895660203139428","3860","1286","0.32538871463857894","0.04553554028633905"
"360","300","0.4","0.3","0.2","0.05","0.3","0.65","300","4398","3909","489","0.11118690313778991","3909","1341","0.32844939592790584","0.04336197177189433"
"361","300","0.4","0.3","0.2","0.05","0.3","0.7","300","3959","3653","306","0.07729224551654458","3653","1086","0.321365432933302","0.036366660610265646"
"364","300","0.4","0.3","0.2","0.05","0.3","0.7","300","3943","3603","340","0.08622875982754248","3603","1137","0.31963519611595687","0.0335505568606858"
"367","300","0.4","0.3","0.2","0.05","0.3","0.7","300","3947","3639","308","0.07803394983531796","3639","1066","0.32158543560549685","0.03850699494471202"
"365","300","0.4","0.3","0.2","0.05","0.3","0.7","300","3967","3629","338","0.0852029241240232","3629","1072","0.3177786573490173","0.04441560734754917"
"372","300","0.4","0.3","0.2","0.05","0.3","0.75","300","3664","3397","267","0.0728711790393013","3397","816","0.31291212454049777","0.045600795067598565"
"368","300","0.4","0.3","0.2","0.05","0.3","0.7","300","3998","3655","343","0.08579289644822412","3655","1105","0.3185644989149965","0.04098436532274551"
"373","300","0.4","0.3","0.2","0.05","0.3","0.75","300","3690","3463","227","0.061517615176151765","3463","843","0.312397829500432","0.037474009819523875"
"358","300","0.4","0.3","0.2","0.05","0.3","0.65","300","4405","3916","489","0.11101021566401816","3916","1368","0.3294586241965261","0.040372161066094314"
"375","300","0.4","0.3","0.2","0.05","0.3","0.75","300","3670","3431","239","0.06512261580381472","3431","798","0.31398305173612806","0.0383808513217572"
"363","300","0.4","0.3","0.2","0.05","0.3","0.7","300","3989","3660","329","0.08247681123088493","3660","1099","0.31693397942741675","0.03966598674119338"
"369","300","0.4","0.3","0.2","0.05","0.3","0.7","300","3997","3663","334","0.083562672004003","3663","1056","0.32050619319814816","0.04253712722299737"
"374","300","0.4","0.3","0.2","0.05","0.3","0.75","300","3666","3422","244","0.06655755591925805","3422","842","0.31220810032439716","0.03726041301623913"
"377","300","0.4","0.3","0.2","0.05","0.3","0.75","300","3641","3420","221","0.06069761054655314","3420","863","0.31133573176794466","0.04114118814059289"
"379","300","0.4","0.3","0.2","0.05","0.3","0.75","300","3687","3454","233","0.06319500949281258","3454","853","0.3128568983506217","0.03576181162019954"
"366","300","0.4","0.3","0.2","0.05","0.3","0.7","300","3918","3608","310","0.07912200102092905","3608","1101","0.32021821567971587","0.03167925107051588"
"370","300","0.4","0.3","0.2","0.05","0.3","0.7","300","4014","3666","348","0.08669656203288491","3666","1120","0.3199165351405977","0.041030675378253195"
"380","300","0.4","0.3","0.2","0.05","0.3","0.75","300","3622","3393","229","0.06322473771397018","3393","881","0.3146848086804416","0.04072646925012508"
"376","300","0.4","0.3","0.2","0.05","0.3","0.75","300","3633","3406","227","0.06248279658684283","3406","869","0.31171634075826826","0.0416895140280489"
"378","300","0.4","0.3","0.2","0.05","0.3","0.75","300","3687","3452","235","0.06373745592622729","3452","850","0.3115669043222945","0.03701230454072702"
"381","300","0.4","0.3","0.2","0.05","0.3","0.8","300","3424","3234","190","0.055490654205607476","3234","618","0.3066057106625928","0.029903789940864883"
"383","300","0.4","0.3","0.2","0.05","0.3","0.8","300","3472","3317","155","0.044642857142857144","3317","691","0.30843722121545003","0.03962060932272717"
"384","300","0.4","0.3","0.2","0.05","0.3","0.8","300","3405","3238","167","0.04904552129221733","3238","641","0.3073413793233809","0.03757220369550558"
"382","300","0.4","0.3","0.2","0.05","0.3","0.8","300","3484","3293","191","0.05482204362801378","3293","640","0.3079407251177557","0.03362588966537153"
"386","300","0.4","0.3","0.2","0.05","0.3","0.8","300","3415","3247","168","0.04919472913616398","3247","651","0.30903330721034195","0.032824301829329355"
"385","300","0.4","0.3","0.2","0.05","0.3","0.8","300","3465","3291","174","0.050216450216450215","3291","651","0.308683878545596","0.03585166662226407"
"388","300","0.4","0.3","0.2","0.05","0.3","0.8","300","3428","3254","174","0.050758459743290546","3254","660","0.30865273533953247","0.0414027483790593"
"387","300","0.4","0.3","0.2","0.05","0.3","0.8","300","3460","3275","185","0.05346820809248555","3275","687","0.308504543653554","0.033627694299648646"
"390","300","0.4","0.3","0.2","0.05","0.3","0.8","300","3496","3332","164","0.04691075514874142","3332","671","0.30670054102179517","0.025922681722941265"
"389","300","0.4","0.3","0.2","0.05","0.3","0.8","300","3475","3301","174","0.05007194244604317","3301","676","0.30879898944435896","0.03892808464817229"
"391","300","0.4","0.3","0.2","0.05","0.35","0.2","300","88354","9532","78822","0.8921158068678271","9532","7553","0.7439757017907127","1"
"392","300","0.4","0.3","0.2","0.05","0.35","0.2","300","88288","9390","78898","0.8936435302645886","9390","7526","0.7312230473688701","1"
"397","300","0.4","0.3","0.2","0.05","0.35","0.2","300","88118","9401","78717","0.8933135114278581","9401","7514","0.7339964268223685","1"
"396","300","0.4","0.3","0.2","0.05","0.35","0.2","300","88312","9351","78961","0.8941140501857052","9351","7558","0.7393961885926692","1"
"393","300","0.4","0.3","0.2","0.05","0.35","0.2","300","88255","9438","78817","0.8930598832927313","9438","7522","0.7405703831856378","1"
"398","300","0.4","0.3","0.2","0.05","0.35","0.2","300","88389","9438","78951","0.8932220072633472","9438","7542","0.737562566911013","1"
"395","300","0.4","0.3","0.2","0.05","0.35","0.2","300","88403","9532","78871","0.8921756049002861","9532","7560","0.7543802864259763","1"
"399","300","0.4","0.3","0.2","0.05","0.35","0.2","300","88186","9397","78789","0.8934411357811898","9397","7544","0.7301238601733121","1"
"394","300","0.4","0.3","0.2","0.05","0.35","0.2","300","88256","9497","78759","0.8923925852066715","9497","7577","0.7415674346099821","1"
"400","300","0.4","0.3","0.2","0.05","0.35","0.2","300","88346","9474","78872","0.8927625472573744","9474","7631","0.7593091302109938","1"
"401","300","0.4","0.3","0.2","0.05","0.35","0.25","300","87071","10965","76106","0.8740682890974033","10965","8229","0.7524653077349431","1"
"402","300","0.4","0.3","0.2","0.05","0.35","0.25","300","86897","10957","75940","0.873908190156162","10957","8178","0.7573397829277565","1"
"403","300","0.4","0.3","0.2","0.05","0.35","0.25","300","87003","10841","76162","0.8753951013183453","10841","8212","0.7391699739296768","1"
"404","300","0.4","0.3","0.2","0.05","0.35","0.25","300","86935","10787","76148","0.8759187899005004","10787","8213","0.7537374250411191","1"
"405","300","0.4","0.3","0.2","0.05","0.35","0.25","300","87038","10985","76053","0.8737907580596981","10985","8236","0.7654827661921024","1"
"406","300","0.4","0.3","0.2","0.05","0.35","0.25","300","87075","11012","76063","0.8735343095033018","11012","8220","0.7709682259289502","1"
"407","300","0.4","0.3","0.2","0.05","0.35","0.25","300","86732","10871","75861","0.8746598717889591","10871","8186","0.7485252920134967","1"
"410","300","0.4","0.3","0.2","0.05","0.35","0.25","300","87024","10879","76145","0.8749885089170804","10879","8181","0.7505573087507348","1"
"408","300","0.4","0.3","0.2","0.05","0.35","0.25","300","86778","10918","75860","0.8741847011915462","10918","8210","0.7478415003420672","1"
"411","300","0.4","0.3","0.2","0.05","0.35","0.3","300","76143","12214","63929","0.8395912953258999","12214","8607","0.7644364657274338","1"
"412","300","0.4","0.3","0.2","0.05","0.35","0.3","300","75972","12213","63759","0.8392434054651714","12213","8461","0.7515958139716505","1"
"409","300","0.4","0.3","0.2","0.05","0.35","0.25","300","86905","10836","76069","0.8753121224325413","10836","8139","0.7514357239859072","1"
"414","300","0.4","0.3","0.2","0.05","0.35","0.3","300","75934","12017","63917","0.8417441462322544","12017","8519","0.7671364084426223","1"
"413","300","0.4","0.3","0.2","0.05","0.35","0.3","300","76171","12198","63973","0.8398603142928411","12198","8470","0.7563820987522237","1"
"422","300","0.4","0.3","0.2","0.05","0.35","0.35","300","28907","9742","19165","0.6629882035493133","9742","6301","0.5943261346416271","0.31810951031391366"
"421","300","0.4","0.3","0.2","0.05","0.35","0.35","300","28942","9765","19177","0.6626010641973602","9765","6335","0.607585701808756","0.31662757122733204"
"424","300","0.4","0.3","0.2","0.05","0.35","0.35","300","29124","9675","19449","0.6677997527812114","9675","6313","0.5914525969992199","0.31860299083140176"
"423","300","0.4","0.3","0.2","0.05","0.35","0.35","300","29135","9702","19433","0.6669984554659344","9702","6298","0.5883053728487759","0.3170092756398766"
"426","300","0.4","0.3","0.2","0.05","0.35","0.35","300","29138","9661","19477","0.6684398380122177","9661","6307","0.5936307196544256","0.3194897414863828"
"425","300","0.4","0.3","0.2","0.05","0.35","0.35","300","29040","9747","19293","0.6643595041322314","9747","6325","0.5988103181615498","0.3203107348849868"
"427","300","0.4","0.3","0.2","0.05","0.35","0.35","300","28909","9713","19196","0.6640146667127884","9713","6299","0.5976219929134762","0.317680148261302"
"428","300","0.4","0.3","0.2","0.05","0.35","0.35","300","29219","9669","19550","0.6690851842978883","9669","6315","0.5954124775715693","0.3170856653013348"
"415","300","0.4","0.3","0.2","0.05","0.35","0.3","300","74970","12015","62955","0.8397358943577431","12015","8470","0.7666741476693407","0.999325081833878"
"418","300","0.4","0.3","0.2","0.05","0.35","0.3","300","76542","12203","64339","0.8405711896736432","12203","8592","0.7767472652446057","1"
"416","300","0.4","0.3","0.2","0.05","0.35","0.3","300","76252","12157","64095","0.8405681162461313","12157","8541","0.7703782410137964","1"
"417","300","0.4","0.3","0.2","0.05","0.35","0.3","300","75810","12157","63653","0.8396385701094843","12157","8487","0.7621204221748565","1"
"419","300","0.4","0.3","0.2","0.05","0.35","0.3","300","76310","12242","64068","0.8395754160660464","12242","8484","0.759106614836327","1"
"420","300","0.4","0.3","0.2","0.05","0.35","0.3","300","76001","12206","63795","0.8393968500414468","12206","8509","0.7608902670849512","1"
"429","300","0.4","0.3","0.2","0.05","0.35","0.35","300","28873","9757","19116","0.6620718318151907","9757","6221","0.5971348062771384","0.3194573932692945"
"431","300","0.4","0.3","0.2","0.05","0.35","0.4","300","16480","8099","8381","0.5085558252427185","8099","4951","0.5033139910781682","0.171473797546319"
"432","300","0.4","0.3","0.2","0.05","0.35","0.4","300","16260","8110","8150","0.501230012300123","8110","4854","0.503253576562325","0.18066602714755434"
"433","300","0.4","0.3","0.2","0.05","0.35","0.4","300","16356","8149","8207","0.50177304964539","8149","4926","0.5181785635385824","0.1734114850370817"
"434","300","0.4","0.3","0.2","0.05","0.35","0.4","300","16442","8046","8396","0.5106434740299234","8046","4782","0.5009909064560876","0.18034557554669436"
"435","300","0.4","0.3","0.2","0.05","0.35","0.4","300","16480","8094","8386","0.5088592233009709","8094","4899","0.49758763070068956","0.175848081852029"
"436","300","0.4","0.3","0.2","0.05","0.35","0.4","300","16342","8133","8209","0.5023252967812997","8133","4779","0.5157564106542213","0.17199002151082027"
"438","300","0.4","0.3","0.2","0.05","0.35","0.4","300","16419","8154","8265","0.5033802302210854","8154","4870","0.5024368861796382","0.17217414774237003"
"437","300","0.4","0.3","0.2","0.05","0.35","0.4","300","16345","8098","8247","0.5045579687977975","8098","4828","0.5113072516320927","0.17770106372219413"
"430","300","0.4","0.3","0.2","0.05","0.35","0.35","300","29184","9737","19447","0.6663582785087719","9737","6251","0.5873971751665795","0.3187579568388761"
"442","300","0.4","0.3","0.2","0.05","0.35","0.45","300","10340","6573","3767","0.36431334622823985","6573","3658","0.4317962058765593","0.11169141729064037"
"443","300","0.4","0.3","0.2","0.05","0.35","0.45","300","10242","6612","3630","0.35442296426479203","6612","3637","0.4391010444456172","0.10758261722481166"
"439","300","0.4","0.3","0.2","0.05","0.35","0.4","300","16356","8032","8324","0.5089263878698949","8032","4835","0.5025455802346638","0.17609552904481993"
"441","300","0.4","0.3","0.2","0.05","0.35","0.45","300","10372","6570","3802","0.36656382568453527","6570","3562","0.43369683136352194","0.11216830044609666"
"444","300","0.4","0.3","0.2","0.05","0.35","0.45","300","10348","6539","3809","0.36809045226130654","6539","3623","0.4381923342484008","0.11299208572042856"
"440","300","0.4","0.3","0.2","0.05","0.35","0.4","300","16353","8114","8239","0.5038219286980982","8114","4840","0.5074371732620182","0.17631062952440607"
"445","300","0.4","0.3","0.2","0.05","0.35","0.45","300","10337","6545","3792","0.3668375737641482","6545","3652","0.4468235272889573","0.10908243230521525"
"446","300","0.4","0.3","0.2","0.05","0.35","0.45","300","10327","6567","3760","0.36409412220393145","6567","3599","0.43231933353527496","0.11368674179156005"
"447","300","0.4","0.3","0.2","0.05","0.35","0.45","300","10307","6598","3709","0.3598525274085573","6598","3620","0.4403830524334333","0.10467518934894517"
"451","300","0.4","0.3","0.2","0.05","0.35","0.5","300","7299","5413","1886","0.25839156048773804","5413","2727","0.3970438377275318","0.07083626244056915"
"452","300","0.4","0.3","0.2","0.05","0.35","0.5","300","7324","5396","1928","0.2632441288913162","5396","2739","0.39224160801722885","0.08358075588274179"
"450","300","0.4","0.3","0.2","0.05","0.35","0.45","300","10380","6607","3773","0.36348747591522157","6607","3611","0.44568280138161875","0.10716119103665823"
"449","300","0.4","0.3","0.2","0.05","0.35","0.45","300","10329","6587","3742","0.3622809565301578","6587","3661","0.4344776731257635","0.11272892536143267"
"448","300","0.4","0.3","0.2","0.05","0.35","0.45","300","10253","6601","3652","0.3561884326538574","6601","3550","0.4340164117848757","0.10722650111138904"
"453","300","0.4","0.3","0.2","0.05","0.35","0.5","300","7356","5394","1962","0.266721044045677","5394","2677","0.3935314795330563","0.0779245993095515"
"454","300","0.4","0.3","0.2","0.05","0.35","0.5","300","7209","5377","1832","0.25412678596199195","5377","2745","0.3949846973685482","0.07880859114611681"
"462","300","0.4","0.3","0.2","0.05","0.35","0.55","300","5708","4595","1113","0.194989488437281","4595","2026","0.3670589881148764","0.05615793754331303"
"455","300","0.4","0.3","0.2","0.05","0.35","0.5","300","7318","5403","1915","0.2616835200874556","5403","2697","0.3977142155677947","0.07271238309412274"
"456","300","0.4","0.3","0.2","0.05","0.35","0.5","300","7307","5414","1893","0.2590666484193239","5414","2685","0.3916933574482617","0.08218239477681896"
"457","300","0.4","0.3","0.2","0.05","0.35","0.5","300","7401","5365","2036","0.2750979597351709","5365","2692","0.3891257424237016","0.08681657449337937"
"461","300","0.4","0.3","0.2","0.05","0.35","0.55","300","5747","4592","1155","0.20097442143727162","4592","2126","0.3627976293319635","0.05945356947752406"
"458","300","0.4","0.3","0.2","0.05","0.35","0.5","300","7325","5434","1891","0.25815699658703073","5434","2706","0.39561123406319276","0.07311293341013275"
"460","300","0.4","0.3","0.2","0.05","0.35","0.5","300","7283","5399","1884","0.2586846079912124","5399","2651","0.3888210896800143","0.07987770878909162"
"459","300","0.4","0.3","0.2","0.05","0.35","0.5","300","7345","5386","1959","0.266712049012934","5386","2716","0.3950370598351799","0.07924434120425666"
"463","300","0.4","0.3","0.2","0.05","0.35","0.55","300","5724","4616","1108","0.19357092941998602","4616","2070","0.36275172324875543","0.06923784390233244"
"464","300","0.4","0.3","0.2","0.05","0.35","0.55","300","5750","4650","1100","0.19130434782608696","4650","2076","0.36657131304847584","0.06034743849176873"
"465","300","0.4","0.3","0.2","0.05","0.35","0.55","300","5775","4629","1146","0.19844155844155845","4629","2113","0.3683244384898852","0.05751663919863602"
"471","300","0.4","0.3","0.2","0.05","0.35","0.6","300","4795","4091","704","0.14681960375391032","4091","1626","0.34114551269937154","0.04911180910305964"
"472","300","0.4","0.3","0.2","0.05","0.35","0.6","300","4757","4086","671","0.14105528694555391","4086","1635","0.34262030742870037","0.055605793626378325"
"466","300","0.4","0.3","0.2","0.05","0.35","0.55","300","5722","4606","1116","0.1950367004543866","4606","2079","0.36672358609990985","0.06450895357192188"
"467","300","0.4","0.3","0.2","0.05","0.35","0.55","300","5709","4619","1090","0.19092660711157822","4619","2089","0.37269470404873795","0.05973354735353142"
"468","300","0.4","0.3","0.2","0.05","0.35","0.55","300","5774","4628","1146","0.19847592656737098","4628","2091","0.3607712524846093","0.061442972122299364"
"469","300","0.4","0.3","0.2","0.05","0.35","0.55","300","5657","4614","1043","0.18437334276118084","4614","2019","0.3661987673724743","0.06341144012906129"
"473","300","0.4","0.3","0.2","0.05","0.35","0.6","300","4781","4083","698","0.1459945618071533","4083","1605","0.3444396233829286","0.051087074210690024"
"470","300","0.4","0.3","0.2","0.05","0.35","0.55","300","5684","4598","1086","0.19106263194933146","4598","2055","0.3635243425234875","0.05793826483885462"
"474","300","0.4","0.3","0.2","0.05","0.35","0.6","300","4807","4101","706","0.14686914915747867","4101","1661","0.3388561490397336","0.053844534217628644"
"477","300","0.4","0.3","0.2","0.05","0.35","0.6","300","4776","4104","672","0.1407035175879397","4104","1594","0.3444398689893768","0.04861862805886407"
"475","300","0.4","0.3","0.2","0.05","0.35","0.6","300","4820","4084","736","0.15269709543568466","4084","1639","0.34276707035799014","0.05293072389770583"
"476","300","0.4","0.3","0.2","0.05","0.35","0.6","300","4744","4066","678","0.14291736930860033","4066","1642","0.3428002902823461","0.054369351066357666"
"478","300","0.4","0.3","0.2","0.05","0.35","0.6","300","4781","4100","681","0.1424388203304748","4100","1611","0.34429597011753277","0.053477250217877643"
"479","300","0.4","0.3","0.2","0.05","0.35","0.6","300","4851","4099","752","0.15501958359101217","4099","1583","0.341490247213946","0.05789281134703444"
"481","300","0.4","0.3","0.2","0.05","0.35","0.65","300","4204","3719","485","0.1153663177925785","3719","1281","0.3306831525201519","0.050765330794673075"
"482","300","0.4","0.3","0.2","0.05","0.35","0.65","300","4216","3756","460","0.10910815939278938","3756","1333","0.329339683116309","0.041973754470344606"
"480","300","0.4","0.3","0.2","0.05","0.35","0.6","300","4792","4120","672","0.14023372287145242","4120","1663","0.34483040131397497","0.04974045918573718"
"484","300","0.4","0.3","0.2","0.05","0.35","0.65","300","4160","3753","407","0.09783653846153846","3753","1313","0.33107253845928897","0.04205861261700548"
"483","300","0.4","0.3","0.2","0.05","0.35","0.65","300","4284","3782","502","0.11718020541549953","3782","1298","0.332840367185544","0.03928771899214692"
"485","300","0.4","0.3","0.2","0.05","0.35","0.65","300","4236","3751","485","0.11449480642115203","3751","1353","0.3308787900418464","0.04384512378413933"
"486","300","0.4","0.3","0.2","0.05","0.35","0.65","300","4240","3770","470","0.11084905660377359","3770","1293","0.3273083729630573","0.04918079941317589"
"491","300","0.4","0.3","0.2","0.05","0.35","0.7","300","3835","3510","325","0.0847457627118644","3510","1076","0.32303161415752324","0.038237806793219364"
"488","300","0.4","0.3","0.2","0.05","0.35","0.65","300","4228","3730","498","0.11778618732261116","3730","1247","0.3280854854939979","0.052286999186917475"
"487","300","0.4","0.3","0.2","0.05","0.35","0.65","300","4228","3747","481","0.11376537369914853","3747","1308","0.32772939041411053","0.04820068398044863"
"490","300","0.4","0.3","0.2","0.05","0.35","0.65","300","4226","3740","486","0.11500236630383341","3740","1328","0.3323894555411318","0.04696591891627347"
"489","300","0.4","0.3","0.2","0.05","0.35","0.65","300","4223","3759","464","0.10987449680322046","3759","1329","0.33422109536108385","0.04024484197455582"
"492","300","0.4","0.3","0.2","0.05","0.35","0.7","300","3813","3484","329","0.08628376606346709","3484","1019","0.32203485480947547","0.03387418905654325"
"495","300","0.4","0.3","0.2","0.05","0.35","0.7","300","3809","3478","331","0.0868994486741927","3478","1010","0.3206392592082299","0.04395116033692075"
"493","300","0.4","0.3","0.2","0.05","0.35","0.7","300","3859","3505","354","0.09173360974345686","3505","1044","0.3189104642800957","0.0436395246271994"
"496","300","0.4","0.3","0.2","0.05","0.35","0.7","300","3818","3487","331","0.08669460450497643","3487","1050","0.3221825360191455","0.035216262646376624"
"494","300","0.4","0.3","0.2","0.05","0.35","0.7","300","3842","3495","347","0.0903175429463821","3495","1031","0.32055090604728775","0.0411007472220791"
"497","300","0.4","0.3","0.2","0.05","0.35","0.7","300","3831","3501","330","0.08613938919342208","3501","1080","0.32088868229760786","0.03966687657030985"
"501","300","0.4","0.3","0.2","0.05","0.35","0.75","300","3493","3267","226","0.06470083023189235","3267","829","0.314330926181549","0.02519206901202845"
"502","300","0.4","0.3","0.2","0.05","0.35","0.75","300","3629","3368","261","0.0719206392945715","3368","863","0.3149649564270874","0.03350508929051176"
"499","300","0.4","0.3","0.2","0.05","0.35","0.7","300","3801","3474","327","0.08602999210734018","3474","1095","0.3223144702199995","0.049119513290586204"
"498","300","0.4","0.3","0.2","0.05","0.35","0.7","300","3827","3522","305","0.07969689051476352","3522","1052","0.31951968652590657","0.04230511001511563"
"500","300","0.4","0.3","0.2","0.05","0.35","0.7","300","3800","3468","332","0.08736842105263158","3468","1029","0.32038627575109885","0.0384301040599809"
"503","300","0.4","0.3","0.2","0.05","0.35","0.75","300","3554","3293","261","0.07343837929093978","3293","810","0.31251203906424635","0.04171565086492725"
"504","300","0.4","0.3","0.2","0.05","0.35","0.75","300","3598","3346","252","0.07003891050583658","3346","878","0.31269854790984386","0.03713727721892737"
"505","300","0.4","0.3","0.2","0.05","0.35","0.75","300","3518","3287","231","0.0656623081296191","3287","826","0.31277919943963123","0.04665324345503287"
"506","300","0.4","0.3","0.2","0.05","0.35","0.75","300","3565","3322","243","0.06816269284712483","3322","832","0.3144790940326094","0.030646153253910662"
"508","300","0.4","0.3","0.2","0.05","0.35","0.75","300","3527","3306","221","0.06265948398072016","3306","767","0.31093402102824547","0.04335532562085526"
"507","300","0.4","0.3","0.2","0.05","0.35","0.75","300","3507","3290","217","0.06187624750499002","3290","795","0.31215886663919773","0.036969252122622275"
"509","300","0.4","0.3","0.2","0.05","0.35","0.75","300","3587","3341","246","0.06858098689712852","3341","841","0.31410392565605194","0.03916978111987024"
"510","300","0.4","0.3","0.2","0.05","0.35","0.75","300","3535","3331","204","0.05770862800565771","3331","816","0.31421654145201866","0.03701609722480511"
"511","300","0.4","0.3","0.2","0.05","0.35","0.8","300","3370","3215","155","0.04599406528189911","3215","645","0.3082680832746673","0.040604447916186635"
"512","300","0.4","0.3","0.2","0.05","0.35","0.8","300","3371","3195","176","0.052210026698309105","3195","623","0.31036754753985846","0.029047452779054718"
"514","300","0.4","0.3","0.2","0.05","0.35","0.8","300","3369","3207","162","0.04808548530721282","3207","613","0.3090383037778972","0.03390690100969606"
"513","300","0.4","0.3","0.2","0.05","0.35","0.8","300","3337","3166","171","0.051243632004794724","3166","628","0.30911615815306814","0.039516967914881115"
"515","300","0.4","0.3","0.2","0.05","0.35","0.8","300","3402","3230","172","0.05055849500293945","3230","721","0.30914743059741234","0.03309162277307371"
"516","300","0.4","0.3","0.2","0.05","0.35","0.8","300","3373","3209","164","0.0486214052772013","3209","650","0.30954010200911325","0.03866481011757564"
"519","300","0.4","0.3","0.2","0.05","0.35","0.8","300","3342","3170","172","0.05146618791143028","3170","628","0.30963861959615063","0.044884017684732734"
"518","300","0.4","0.3","0.2","0.05","0.35","0.8","300","3346","3177","169","0.050508069336521216","3177","624","0.3112112772615294","0.03728807109083735"
"517","300","0.4","0.3","0.2","0.05","0.35","0.8","300","3375","3199","176","0.052148148148148145","3199","653","0.30876736794961024","0.03807038028904236"
"520","300","0.4","0.3","0.2","0.05","0.35","0.8","300","3365","3194","171","0.050817236255572065","3194","654","0.30865701713402915","0.034884019919057194"
"529","300","0.4","0.3","0.2","0.05","0.4","0.2","300","88365","8948","79417","0.8987381881966842","8948","7159","0.7287935880807643","1"
"523","300","0.4","0.3","0.2","0.05","0.4","0.2","300","88391","8986","79405","0.8983380660927017","8986","7222","0.7515985527494671","1"
"528","300","0.4","0.3","0.2","0.05","0.4","0.2","300","88312","8933","79379","0.8988472687743455","8933","7142","0.7564536375530637","1"
"521","300","0.4","0.3","0.2","0.05","0.4","0.2","300","88343","9040","79303","0.8976715755634289","9040","7232","0.7569120438956463","1"
"527","300","0.4","0.3","0.2","0.05","0.4","0.2","300","88247","8996","79251","0.8980588575249017","8996","7234","0.7509443029477418","1"
"525","300","0.4","0.3","0.2","0.05","0.4","0.2","300","88171","8924","79247","0.8987875832189722","8924","7189","0.7356156028814386","1"
"524","300","0.4","0.3","0.2","0.05","0.4","0.2","300","88329","8948","79381","0.8986969172072592","8948","7149","0.7445577269560013","1"
"522","300","0.4","0.3","0.2","0.05","0.4","0.2","300","88437","9021","79416","0.8979951830116354","9021","7192","0.751343779656575","1"
"530","300","0.4","0.3","0.2","0.05","0.4","0.2","300","88352","8943","79409","0.8987798804780877","8943","7213","0.7560673454255448","1"
"526","300","0.4","0.3","0.2","0.05","0.4","0.2","300","88312","9045","79267","0.8975790379563366","9045","7231","0.7668752130827445","1"
"531","300","0.4","0.3","0.2","0.05","0.4","0.25","300","87155","10496","76659","0.8795708794676151","10496","7822","0.7656697616490118","1"
"532","300","0.4","0.3","0.2","0.05","0.4","0.25","300","86969","10454","76515","0.8797962492382343","10454","7827","0.7686735899208132","1"
"534","300","0.4","0.3","0.2","0.05","0.4","0.25","300","87252","10402","76850","0.8807821024159904","10402","7819","0.765096568573417","1"
"533","300","0.4","0.3","0.2","0.05","0.4","0.25","300","87095","10513","76582","0.8792927263333142","10513","7852","0.7716657053763094","1"
"535","300","0.4","0.3","0.2","0.05","0.4","0.25","300","87175","10437","76738","0.8802753082879266","10437","7816","0.7613209537700883","1"
"537","300","0.4","0.3","0.2","0.05","0.4","0.25","300","87066","10381","76685","0.8807686123170928","10381","7764","0.7588197109272524","1"
"536","300","0.4","0.3","0.2","0.05","0.4","0.25","300","87349","10432","76917","0.8805710425992284","10432","7813","0.7778793772492165","1"
"540","300","0.4","0.3","0.2","0.05","0.4","0.25","300","87122","10395","76727","0.880684557287482","10395","7817","0.7658158955097711","1"
"539","300","0.4","0.3","0.2","0.05","0.4","0.25","300","87112","10396","76716","0.8806593810267243","10396","7856","0.7712460821418593","1"
"541","300","0.4","0.3","0.2","0.05","0.4","0.3","300","75985","11523","64462","0.8483516483516483","11523","8104","0.7802518197875319","1"
"542","300","0.4","0.3","0.2","0.05","0.4","0.3","300","75735","11491","64244","0.8482735855284875","11491","8048","0.7753109631724755","1"
"543","300","0.4","0.3","0.2","0.05","0.4","0.3","300","76764","11686","65078","0.8477671825334793","11686","8224","0.7767627591865406","1"
"538","300","0.4","0.3","0.2","0.05","0.4","0.25","300","87230","10480","76750","0.8798578470709618","10480","7781","0.756441055712337","1"
"544","300","0.4","0.3","0.2","0.05","0.4","0.3","300","76035","11660","64375","0.8466495692773065","11660","8147","0.782839095900156","1"
"552","300","0.4","0.3","0.2","0.05","0.4","0.35","300","28986","9253","19733","0.6807769267922446","9253","6028","0.6079637346071876","0.3169445894570669"
"551","300","0.4","0.3","0.2","0.05","0.4","0.35","300","28946","9297","19649","0.6788157258343122","9297","6063","0.6124845790993573","0.3159116868708298"
"553","300","0.4","0.3","0.2","0.05","0.4","0.35","300","28991","9312","19679","0.6787968679935152","9312","6043","0.6032526181264433","0.31673052157950743"
"554","300","0.4","0.3","0.2","0.05","0.4","0.35","300","28713","9256","19457","0.6776373071431059","9256","6053","0.6045110236686906","0.3176509199683245"
"555","300","0.4","0.3","0.2","0.05","0.4","0.35","300","28859","9281","19578","0.6784018850272012","9281","6045","0.6011960612193659","0.3167557850720026"
"556","300","0.4","0.3","0.2","0.05","0.4","0.35","300","28996","9325","19671","0.678403917781763","9325","6065","0.5968886151392485","0.3164094777838653"
"557","300","0.4","0.3","0.2","0.05","0.4","0.35","300","28920","9360","19560","0.6763485477178424","9360","6091","0.6053074646696195","0.31809155403710193"
"558","300","0.4","0.3","0.2","0.05","0.4","0.35","300","28962","9310","19652","0.6785442994268351","9310","5986","0.6034561217132661","0.3158245538886682"
"547","300","0.4","0.3","0.2","0.05","0.4","0.3","300","75949","11460","64489","0.8491092706948083","11460","8168","0.7735282354503483","1"
"545","300","0.4","0.3","0.2","0.05","0.4","0.3","300","76007","11537","64470","0.8482113489547015","11537","8129","0.7749343716550097","0.999873792066456"
"549","300","0.4","0.3","0.2","0.05","0.4","0.3","300","76549","11653","64896","0.8477707089576612","11653","8142","0.7724393369162481","1"
"546","300","0.4","0.3","0.2","0.05","0.4","0.3","300","76480","11680","64800","0.8472803347280334","11680","8147","0.7624463280002629","1"
"550","300","0.4","0.3","0.2","0.05","0.4","0.3","300","76575","11618","64957","0.8482794645772119","11618","8160","0.7757205697728361","1"
"548","300","0.4","0.3","0.2","0.05","0.4","0.3","300","76059","11668","64391","0.8465927766602243","11668","8113","0.782548283325586","1"
"561","300","0.4","0.3","0.2","0.05","0.4","0.4","300","16157","7802","8355","0.5171133254935941","7802","4696","0.5131441941514979","0.17181089669187674"
"560","300","0.4","0.3","0.2","0.05","0.4","0.35","300","28883","9285","19598","0.6785306235501852","9285","6011","0.6186079383317333","0.3170507834965443"
"564","300","0.4","0.3","0.2","0.05","0.4","0.4","300","16137","7769","8368","0.518559831443267","7769","4658","0.51530092005083","0.1730706336634681"
"559","300","0.4","0.3","0.2","0.05","0.4","0.35","300","28970","9261","19709","0.6803244735933724","9261","6000","0.601671653252379","0.3191063449507898"
"563","300","0.4","0.3","0.2","0.05","0.4","0.4","300","16126","7774","8352","0.5179213692174128","7774","4690","0.512726782085533","0.1756083473943559"
"565","300","0.4","0.3","0.2","0.05","0.4","0.4","300","15998","7838","8160","0.5100637579697462","7838","4645","0.5069768819813256","0.1676994195952994"
"562","300","0.4","0.3","0.2","0.05","0.4","0.4","300","16161","7862","8299","0.5135202029577378","7862","4660","0.5134544341541986","0.16858010170913684"
"568","300","0.4","0.3","0.2","0.05","0.4","0.4","300","16062","7775","8287","0.5159382393226248","7775","4751","0.528214873596062","0.17169044969432135"
"567","300","0.4","0.3","0.2","0.05","0.4","0.4","300","16053","7798","8255","0.5142340995452563","7798","4737","0.5283638795538765","0.16935720758838524"
"566","300","0.4","0.3","0.2","0.05","0.4","0.4","300","16075","7827","8248","0.513094867807154","7827","4726","0.5263007145370788","0.16621889730089773"
"572","300","0.4","0.3","0.2","0.05","0.4","0.45","300","9981","6284","3697","0.37040376715759943","6284","3517","0.44293090060951074","0.10950756007525475"
"571","300","0.4","0.3","0.2","0.05","0.4","0.45","300","10018","6317","3701","0.36943501696945497","6317","3491","0.44665236851100387","0.10197394527234073"
"570","300","0.4","0.3","0.2","0.05","0.4","0.4","300","16152","7810","8342","0.516468548786528","7810","4635","0.5108243611490817","0.17919444224072406"
"574","300","0.4","0.3","0.2","0.05","0.4","0.45","300","9939","6260","3679","0.3701579635778247","6260","3367","0.4397412671075189","0.1052838884750976"
"573","300","0.4","0.3","0.2","0.05","0.4","0.45","300","9965","6306","3659","0.36718514801806323","6306","3462","0.44367488413797596","0.10195088867543359"
"569","300","0.4","0.3","0.2","0.05","0.4","0.4","300","16234","7827","8407","0.5178637427621042","7827","4682","0.5108532974216179","0.16599222339644384"
"576","300","0.4","0.3","0.2","0.05","0.4","0.45","300","9868","6312","3556","0.36035670855289825","6312","3441","0.43286922156809626","0.10926523580118302"
"581","300","0.4","0.3","0.2","0.05","0.4","0.5","300","7053","5179","1874","0.26570253792712323","5179","2568","0.39574863593421244","0.07901359146009784"
"575","300","0.4","0.3","0.2","0.05","0.4","0.45","300","9936","6290","3646","0.3669484702093398","6290","3455","0.4441494213802837","0.10317343141196919"
"579","300","0.4","0.3","0.2","0.05","0.4","0.45","300","9955","6310","3645","0.3661476644902059","6310","3484","0.44066923057928603","0.10829460750240227"
"577","300","0.4","0.3","0.2","0.05","0.4","0.45","300","9907","6283","3624","0.3658019582113657","6283","3440","0.433452909119922","0.11688130520270007"
"580","300","0.4","0.3","0.2","0.05","0.4","0.45","300","10054","6305","3749","0.3728864133678138","6305","3540","0.4508839478995837","0.10287624142824167"
"578","300","0.4","0.3","0.2","0.05","0.4","0.45","300","9990","6275","3715","0.3718718718718719","6275","3482","0.44672860107180973","0.10684079443546482"
"582","300","0.4","0.3","0.2","0.05","0.4","0.5","300","7047","5186","1861","0.26408400737902654","5186","2563","0.3933480592989354","0.0653149681925126"
"583","300","0.4","0.3","0.2","0.05","0.4","0.5","300","7031","5152","1879","0.2672450576020481","5152","2594","0.4047262034789815","0.0724787698278814"
"584","300","0.4","0.3","0.2","0.05","0.4","0.5","300","7020","5152","1868","0.2660968660968661","5152","2616","0.392648041654036","0.07557347486864595"
"585","300","0.4","0.3","0.2","0.05","0.4","0.5","300","7063","5159","1904","0.26957383548067393","5159","2597","0.3891054737157093","0.08021293161205949"
"586","300","0.4","0.3","0.2","0.05","0.4","0.5","300","7013","5163","1850","0.2637958077855411","5163","2586","0.39466196142271304","0.08234099934626031"
"591","300","0.4","0.3","0.2","0.05","0.4","0.55","300","5484","4423","1061","0.19347191830780452","4423","1944","0.35876041169279804","0.06584185761883961"
"587","300","0.4","0.3","0.2","0.05","0.4","0.5","300","6996","5180","1816","0.259576901086335","5180","2585","0.40337572721624215","0.06776544011506269"
"588","300","0.4","0.3","0.2","0.05","0.4","0.5","300","7036","5175","1861","0.2644968732234224","5175","2627","0.39988399114452977","0.0687484291735634"
"592","300","0.4","0.3","0.2","0.05","0.4","0.55","300","5478","4430","1048","0.19131069733479372","4430","1977","0.3634396060135507","0.06196849658617797"
"589","300","0.4","0.3","0.2","0.05","0.4","0.5","300","7069","5141","1928","0.2727401329749611","5141","2580","0.3890930663645874","0.080877068811773"
"590","300","0.4","0.3","0.2","0.05","0.4","0.5","300","7045","5171","1874","0.2660042583392477","5171","2628","0.3945586619977245","0.0745040024278975"
"593","300","0.4","0.3","0.2","0.05","0.4","0.55","300","5526","4409","1117","0.20213536011581615","4409","2032","0.36173043033377583","0.06189807810627279"
"594","300","0.4","0.3","0.2","0.05","0.4","0.55","300","5505","4443","1062","0.19291553133514985","4443","1990","0.360318738652634","0.06789469585952218"
"595","300","0.4","0.3","0.2","0.05","0.4","0.55","300","5528","4401","1127","0.2038712011577424","4401","1897","0.3657862394725283","0.05041970324454612"
"597","300","0.4","0.3","0.2","0.05","0.4","0.55","300","5466","4393","1073","0.19630442736919138","4393","1951","0.3681050222819959","0.052842123457368384"
"596","300","0.4","0.3","0.2","0.05","0.4","0.55","300","5466","4410","1056","0.19319429198682767","4410","1983","0.36370971867054736","0.05212290555368615"
"602","300","0.4","0.3","0.2","0.05","0.4","0.6","300","4636","3939","697","0.15034512510785158","3939","1580","0.34885677357233535","0.05321861031622434"
"598","300","0.4","0.3","0.2","0.05","0.4","0.55","300","5451","4423","1028","0.188589249678958","4423","1992","0.36067369330800036","0.06460883216286466"
"603","300","0.4","0.3","0.2","0.05","0.4","0.6","300","4618","3952","666","0.14421827631009096","3952","1575","0.35072225526556816","0.0521252643330335"
"601","300","0.4","0.3","0.2","0.05","0.4","0.6","300","4654","3958","696","0.14954877524709928","3958","1571","0.34577189078829895","0.04865503487652726"
"599","300","0.4","0.3","0.2","0.05","0.4","0.55","300","5495","4426","1069","0.19454049135577797","4426","1944","0.3617409830410533","0.06102262700135474"
"600","300","0.4","0.3","0.2","0.05","0.4","0.55","300","5539","4439","1100","0.19859180357465248","4439","2053","0.3667609217785279","0.05940746097365379"
"604","300","0.4","0.3","0.2","0.05","0.4","0.6","300","4628","3930","698","0.1508210890233362","3930","1579","0.34757914059925554","0.046760204066221916"
"605","300","0.4","0.3","0.2","0.05","0.4","0.6","300","4624","3962","662","0.14316608996539792","3962","1606","0.3496602147268132","0.046371365440176025"
"606","300","0.4","0.3","0.2","0.05","0.4","0.6","300","4622","3955","667","0.1443098225876244","3955","1549","0.34426059093623734","0.052977253704845344"
"607","300","0.4","0.3","0.2","0.05","0.4","0.6","300","4608","3946","662","0.14366319444444445","3946","1561","0.3426610072766934","0.05849003833131962"
"608","300","0.4","0.3","0.2","0.05","0.4","0.6","300","4598","3918","680","0.14789038712483688","3918","1583","0.3431888267885541","0.05301474168401744"
"610","300","0.4","0.3","0.2","0.05","0.4","0.6","300","4636","3962","674","0.1453839516824849","3962","1542","0.34513354587133843","0.04413316452554002"
"611","300","0.4","0.3","0.2","0.05","0.4","0.65","300","4087","3664","423","0.10349889894788353","3664","1240","0.33302085628117284","0.045843301410495085"
"612","300","0.4","0.3","0.2","0.05","0.4","0.65","300","4069","3601","468","0.11501597444089456","3601","1278","0.33233540430318426","0.045610329801994295"
"615","300","0.4","0.3","0.2","0.05","0.4","0.65","300","4034","3595","439","0.10882498760535449","3595","1293","0.3328373329387422","0.04525460562151477"
"613","300","0.4","0.3","0.2","0.05","0.4","0.65","300","4077","3639","438","0.10743193524650478","3639","1233","0.3320891809939586","0.03771816700388211"
"614","300","0.4","0.3","0.2","0.05","0.4","0.65","300","4084","3644","440","0.10773751224289912","3644","1284","0.3316191547568888","0.039295267680434606"
"616","300","0.4","0.3","0.2","0.05","0.4","0.65","300","4069","3604","465","0.11427869255345294","3604","1233","0.3332355994041558","0.046712675881009726"
"609","300","0.4","0.3","0.2","0.05","0.4","0.6","300","4600","3935","665","0.14456521739130435","3935","1612","0.34698657857781356","0.04924834382594882"
"618","300","0.4","0.3","0.2","0.05","0.4","0.65","300","4096","3623","473","0.115478515625","3623","1236","0.3297052036697529","0.04254312277921231"
"617","300","0.4","0.3","0.2","0.05","0.4","0.65","300","4066","3635","431","0.10600098376783079","3635","1251","0.3319902406255324","0.04418412578088479"
"619","300","0.4","0.3","0.2","0.05","0.4","0.65","300","4059","3625","434","0.1069228874106923","3625","1308","0.33096111179976806","0.04494290513535252"
"621","300","0.4","0.3","0.2","0.05","0.4","0.7","300","3671","3357","314","0.08553527649141923","3357","1021","0.3220641685196076","0.04014661197838858"
"620","300","0.4","0.3","0.2","0.05","0.4","0.65","300","4086","3605","481","0.11771904062652962","3605","1270","0.332110163224491","0.041807618403674446"
"624","300","0.4","0.3","0.2","0.05","0.4","0.7","300","3719","3390","329","0.08846464103253562","3390","1005","0.32371960713909514","0.0515677098134734"
"622","300","0.4","0.3","0.2","0.05","0.4","0.7","300","3686","3368","318","0.08627238198589257","3368","1049","0.32096344177334396","0.04366369387235031"
"623","300","0.4","0.3","0.2","0.05","0.4","0.7","300","3684","3380","304","0.08251900108577633","3380","1022","0.32356804294986585","0.03973100238362927"
"625","300","0.4","0.3","0.2","0.05","0.4","0.7","300","3654","3368","286","0.07827038861521621","3368","997","0.32236938767517803","0.0367097943932609"
"626","300","0.4","0.3","0.2","0.05","0.4","0.7","300","3689","3334","355","0.0962320412035782","3334","994","0.3206546845927844","0.04304275404460218"
"627","300","0.4","0.3","0.2","0.05","0.4","0.7","300","3743","3433","310","0.08282126636387924","3433","1040","0.3195025756170899","0.04925628043417469"
"628","300","0.4","0.3","0.2","0.05","0.4","0.7","300","3702","3378","324","0.08752025931928688","3378","989","0.3186004355760472","0.03573482829762056"
"629","300","0.4","0.3","0.2","0.05","0.4","0.7","300","3690","3387","303","0.08211382113821138","3387","1038","0.3198055640680438","0.04442184835325496"
"630","300","0.4","0.3","0.2","0.05","0.4","0.7","300","3680","3393","287","0.0779891304347826","3393","1012","0.3199681027275672","0.03984203937692508"
"631","300","0.4","0.3","0.2","0.05","0.4","0.75","300","3492","3282","210","0.06013745704467354","3282","845","0.3163764502878979","0.026772279280116294"
"632","300","0.4","0.3","0.2","0.05","0.4","0.75","300","3437","3230","207","0.06022694210066919","3230","805","0.3139326048484355","0.04446835328157312"
"633","300","0.4","0.3","0.2","0.05","0.4","0.75","300","3479","3244","235","0.06754814601897097","3244","833","0.3154176551252882","0.03439851175295012"
"634","300","0.4","0.3","0.2","0.05","0.4","0.75","300","3492","3245","247","0.07073310423825888","3245","875","0.3168957147775289","0.0366567019708374"
"638","300","0.4","0.3","0.2","0.05","0.4","0.75","300","3461","3233","228","0.06587691418665126","3233","769","0.3156784060279279","0.03465132670083048"
"636","300","0.4","0.3","0.2","0.05","0.4","0.75","300","3489","3262","227","0.0650616222413299","3262","783","0.3143949036821419","0.033942889636434145"
"635","300","0.4","0.3","0.2","0.05","0.4","0.75","300","3487","3270","217","0.062231144250071695","3270","850","0.31677683957525926","0.032200057190427615"
"639","300","0.4","0.3","0.2","0.05","0.4","0.75","300","3435","3201","234","0.06812227074235808","3201","777","0.3129807443839844","0.04523064306570252"
"637","300","0.4","0.3","0.2","0.05","0.4","0.75","300","3454","3208","246","0.07122177185871453","3208","812","0.31578913330853803","0.04076297842373856"
"640","300","0.4","0.3","0.2","0.05","0.4","0.75","300","3415","3226","189","0.05534407027818448","3226","821","0.3168577644774771","0.03339992756498912"
"641","300","0.4","0.3","0.2","0.05","0.4","0.8","300","3259","3110","149","0.04571954587296717","3110","605","0.3092408668133099","0.043711960111541145"
"642","300","0.4","0.3","0.2","0.05","0.4","0.8","300","3354","3184","170","0.05068574836016696","3184","685","0.3095457153267557","0.036417048284714856"
"643","300","0.4","0.3","0.2","0.05","0.4","0.8","300","3281","3128","153","0.046632124352331605","3128","644","0.3111066518277311","0.04341241524759733"
"645","300","0.4","0.3","0.2","0.05","0.4","0.8","300","3311","3166","145","0.04379341588643914","3166","652","0.3090268225506657","0.038779504858062"
"644","300","0.4","0.3","0.2","0.05","0.4","0.8","300","3351","3172","179","0.053416890480453595","3172","631","0.3083749231713527","0.03167635577343941"
"646","300","0.4","0.3","0.2","0.05","0.4","0.8","300","3311","3138","173","0.05225007550588946","3138","623","0.3098289646932747","0.03302208790305176"
"647","300","0.4","0.3","0.2","0.05","0.4","0.8","300","3298","3148","150","0.04548211036992116","3148","637","0.3098603529562359","0.03249001264903085"
"649","300","0.4","0.3","0.2","0.05","0.4","0.8","300","3320","3143","177","0.053313253012048194","3143","614","0.3089093854370218","0.03735891900269391"
"648","300","0.4","0.3","0.2","0.05","0.4","0.8","300","3297","3134","163","0.04943888383378829","3134","615","0.3090756960123106","0.033422105595343796"
"650","300","0.4","0.3","0.2","0.05","0.4","0.8","300","3290","3118","172","0.052279635258358666","3118","638","0.3096257399205371","0.037161078599773315"
"651","300","0.4","0.3","0.2","0.05","0.45","0.2","300","88458","8642","79816","0.9023039182436863","8642","6870","0.7768615049349941","1"
"652","300","0.4","0.3","0.2","0.05","0.45","0.2","300","88425","8630","79795","0.902403166525304","8630","6887","0.7610939282983428","1"
"653","300","0.4","0.3","0.2","0.05","0.45","0.2","300","88393","8576","79817","0.902978742660618","8576","6878","0.7503995850177709","1"
"654","300","0.4","0.3","0.2","0.05","0.45","0.2","300","88477","8652","79825","0.9022118742724098","8652","6877","0.7494644194333591","1"
"656","300","0.4","0.3","0.2","0.05","0.45","0.2","300","88425","8621","79804","0.9025049476957874","8621","6910","0.7653685729109183","1"
"655","300","0.4","0.3","0.2","0.05","0.45","0.2","300","88454","8634","79820","0.9023899427951252","8634","6884","0.7602472119923516","1"
"657","300","0.4","0.3","0.2","0.05","0.45","0.2","300","88394","8599","79795","0.9027196416046338","8599","6901","0.7704551206060574","1"
"659","300","0.4","0.3","0.2","0.05","0.45","0.2","300","88410","8592","79818","0.9028164234815066","8592","6903","0.7693935703022402","1"
"660","300","0.4","0.3","0.2","0.05","0.45","0.2","300","88365","8641","79724","0.902212414417473","8641","6904","0.7738369270451078","1"
"658","300","0.4","0.3","0.2","0.05","0.45","0.2","300","88370","8603","79767","0.9026479574516239","8603","6889","0.7659528550260887","1"
"662","300","0.4","0.3","0.2","0.05","0.45","0.25","300","87247","10013","77234","0.8852338762364322","10013","7497","0.7804144822314169","1"
"664","300","0.4","0.3","0.2","0.05","0.45","0.25","300","87359","10112","77247","0.8842477592463284","10112","7560","0.7837421802018197","1"
"663","300","0.4","0.3","0.2","0.05","0.45","0.25","300","87419","9978","77441","0.8858600533064894","9978","7509","0.7790524452078937","1"
"661","300","0.4","0.3","0.2","0.05","0.45","0.25","300","87278","10083","77195","0.8844726047801279","10083","7441","0.7659739661525758","1"
"665","300","0.4","0.3","0.2","0.05","0.45","0.25","300","87458","10003","77455","0.8856251000480231","10003","7491","0.7732815118178075","1"
"667","300","0.4","0.3","0.2","0.05","0.45","0.25","300","87278","10016","77262","0.8852402667338848","10016","7495","0.7717544626857485","1"
"666","300","0.4","0.3","0.2","0.05","0.45","0.25","300","87353","10087","77266","0.8845260036861928","10087","7543","0.78604040375422","1"
"668","300","0.4","0.3","0.2","0.05","0.45","0.25","300","87299","9968","77331","0.8858177069611336","9968","7451","0.7562119020651139","1"
"669","300","0.4","0.3","0.2","0.05","0.45","0.25","300","87150","9955","77195","0.8857716580608147","9955","7512","0.7861988884516787","1"
"670","300","0.4","0.3","0.2","0.05","0.45","0.25","300","87295","10107","77188","0.8842201729766882","10107","7513","0.7722158965652831","1"
"671","300","0.4","0.3","0.2","0.05","0.45","0.3","300","76993","11157","65836","0.8550907225332173","11157","7842","0.8005851601478614","1"
"673","300","0.4","0.3","0.2","0.05","0.45","0.3","300","76750","11253","65497","0.8533811074918567","11253","7827","0.7985694836240114","1"
"672","300","0.4","0.3","0.2","0.05","0.45","0.3","300","76657","11201","65456","0.853881576372673","11201","7798","0.7793346233021379","1"
"674","300","0.4","0.3","0.2","0.05","0.45","0.3","300","77099","11224","65875","0.854420939311794","11224","7817","0.7733534468997285","1"
"681","300","0.4","0.3","0.2","0.05","0.45","0.35","300","28773","8828","19945","0.6931845827685678","8828","5766","0.6146031850578776","0.317345834451358"
"677","300","0.4","0.3","0.2","0.05","0.45","0.3","300","76190","11063","65127","0.8547972174826093","11063","7752","0.7886350845279462","1"
"676","300","0.4","0.3","0.2","0.05","0.45","0.3","300","77127","11296","65831","0.8535402647581262","11296","7763","0.7749123926553099","1"
"675","300","0.4","0.3","0.2","0.05","0.45","0.3","300","78205","11392","66813","0.8543315644779745","11392","7831","0.7768175043453146","1"
"683","300","0.4","0.3","0.2","0.05","0.45","0.35","300","28883","8907","19976","0.6916179067271405","8907","5808","0.6244941055283255","0.31642072635512136"
"682","300","0.4","0.3","0.2","0.05","0.45","0.35","300","28739","8914","19825","0.6898291520233829","8914","5778","0.6140083795157031","0.31683304740988705"
"684","300","0.4","0.3","0.2","0.05","0.45","0.35","300","28915","8938","19977","0.6908870828289815","8938","5833","0.6204196248101158","0.3135942693617744"
"679","300","0.4","0.3","0.2","0.05","0.45","0.3","300","77276","11198","66078","0.8550908432113463","11198","7767","0.7989684227554336","1"
"686","300","0.4","0.3","0.2","0.05","0.45","0.35","300","28692","8875","19817","0.6906803290115712","8875","5880","0.5992389098179657","0.317672883750831"
"685","300","0.4","0.3","0.2","0.05","0.45","0.35","300","28867","8849","20018","0.6934561956559393","8849","5825","0.6069902872731514","0.3151924114400775"
"687","300","0.4","0.3","0.2","0.05","0.45","0.35","300","28933","8989","19944","0.6893166971969723","8989","5781","0.6111860524600305","0.31680704761185535"
"688","300","0.4","0.3","0.2","0.05","0.45","0.35","300","28568","8964","19604","0.6862223466816018","8964","5812","0.6067806777418542","0.3162113278353103"
"678","300","0.4","0.3","0.2","0.05","0.45","0.3","300","77262","11247","66015","0.8544303797468354","11247","7859","0.7991187641867522","1"
"691","300","0.4","0.3","0.2","0.05","0.45","0.4","300","15763","7518","8245","0.523060331155237","7518","4566","0.527286360053789","0.1633485481261572"
"694","300","0.4","0.3","0.2","0.05","0.45","0.4","300","15701","7473","8228","0.5240430545825107","7473","4497","0.522660507653026","0.16657454485711481"
"680","300","0.4","0.3","0.2","0.05","0.45","0.3","300","76566","11079","65487","0.8553013086748688","11079","7781","0.7704019639979532","1"
"692","300","0.4","0.3","0.2","0.05","0.45","0.4","300","15773","7467","8306","0.5265960819121284","7467","4560","0.5268239427860499","0.16739547390920717"
"695","300","0.4","0.3","0.2","0.05","0.45","0.4","300","15685","7488","8197","0.5226012113484221","7488","4461","0.5102945537736335","0.17733554254520192"
"693","300","0.4","0.3","0.2","0.05","0.45","0.4","300","15762","7500","8262","0.524172059383327","7500","4482","0.5134571406008455","0.16640463509221398"
"689","300","0.4","0.3","0.2","0.05","0.45","0.35","300","28868","8891","19977","0.6920119163087155","8891","5825","0.6152303031051716","0.31467583776802643"
"690","300","0.4","0.3","0.2","0.05","0.45","0.35","300","28780","8951","19829","0.6889854065323141","8951","5865","0.620381166767847","0.31517941864619514"
"697","300","0.4","0.3","0.2","0.05","0.45","0.4","300","15715","7462","8253","0.5251670378619153","7462","4459","0.5143820574367729","0.17045037978946895"
"696","300","0.4","0.3","0.2","0.05","0.45","0.4","300","15842","7465","8377","0.5287842444135842","7465","4487","0.5219570815512119","0.16743546312296306"
"698","300","0.4","0.3","0.2","0.05","0.45","0.4","300","15741","7490","8251","0.5241725430404676","7490","4532","0.5102690247686841","0.17839601485019344"
"701","300","0.4","0.3","0.2","0.05","0.45","0.45","300","9669","6075","3594","0.3717033819422898","6075","3347","0.4450783715474127","0.10112462211144811"
"699","300","0.4","0.3","0.2","0.05","0.45","0.4","300","15829","7397","8432","0.5326931581274875","7397","4553","0.523394060459847","0.1645667283452933"
"702","300","0.4","0.3","0.2","0.05","0.45","0.45","300","9596","6045","3551","0.3700500208420175","6045","3304","0.4473392483961631","0.10414893945085436"
"714","300","0.4","0.3","0.2","0.05","0.45","0.5","300","6723","4933","1790","0.26625018592890076","4933","2429","0.3962875672604742","0.0800182333467487"
"716","300","0.4","0.3","0.2","0.05","0.45","0.5","300","6719","4967","1752","0.26075308825718113","4967","2523","0.4069029072595527","0.06701986939117635"
"703","300","0.4","0.3","0.2","0.05","0.45","0.45","300","9732","6062","3670","0.3771064529387587","6062","3346","0.4469755106768146","0.10666081317417732"
"706","300","0.4","0.3","0.2","0.05","0.45","0.45","300","9677","6066","3611","0.3731528366229203","6066","3322","0.4554571909876595","0.0998191443591478"
"711","300","0.4","0.3","0.2","0.05","0.45","0.5","300","6768","4947","1821","0.26906028368794327","4947","2475","0.40009623872430367","0.06549283502184636"
"705","300","0.4","0.3","0.2","0.05","0.45","0.45","300","9736","6036","3700","0.3800328677074774","6036","3332","0.44867975561471724","0.10473663499714467"
"704","300","0.4","0.3","0.2","0.05","0.45","0.45","300","9670","6049","3621","0.3744570837642192","6049","3260","0.45402385764797626","0.0955790122376696"
"707","300","0.4","0.3","0.2","0.05","0.45","0.45","300","9646","6020","3626","0.37590711175616837","6020","3399","0.44837994709421586","0.10301788986992928"
"715","300","0.4","0.3","0.2","0.05","0.45","0.5","300","6723","4959","1764","0.26238286479250333","4959","2544","0.4054145151192927","0.0699351602353309"
"713","300","0.4","0.3","0.2","0.05","0.45","0.5","300","6804","4951","1853","0.2723398001175779","4951","2532","0.4074386074710028","0.06915746038265634"
"700","300","0.4","0.3","0.2","0.05","0.45","0.4","300","15827","7458","8369","0.5287799330258419","7458","4572","0.5259422878118883","0.17070096025329212"
"717","300","0.4","0.3","0.2","0.05","0.45","0.5","300","6759","4935","1824","0.2698624056813138","4935","2441","0.4010871294948967","0.0716198448219952"
"712","300","0.4","0.3","0.2","0.05","0.45","0.5","300","6814","4961","1853","0.271940123275609","4961","2438","0.4005095914280279","0.06732514913601251"
"708","300","0.4","0.3","0.2","0.05","0.45","0.45","300","9705","6034","3671","0.3782586295723854","6034","3365","0.4470128344389706","0.10615862227619653"
"710","300","0.4","0.3","0.2","0.05","0.45","0.45","300","9704","6024","3680","0.3792250618301731","6024","3298","0.4545316379288039","0.10094435392071179"
"719","300","0.4","0.3","0.2","0.05","0.45","0.5","300","6772","4950","1822","0.2690490253987005","4950","2506","0.4017405644919663","0.07906267182506461"
"718","300","0.4","0.3","0.2","0.05","0.45","0.5","300","6781","4949","1832","0.2701666420881876","4949","2511","0.40406635863640666","0.06716020765249427"
"709","300","0.4","0.3","0.2","0.05","0.45","0.45","300","9549","6065","3484","0.364854958634412","6065","3341","0.4629415958008641","0.09874426204726211"
"722","300","0.4","0.3","0.2","0.05","0.45","0.55","300","5287","4238","1049","0.19841119727633819","4238","1930","0.37049761312315055","0.05292037945726586"
"721","300","0.4","0.3","0.2","0.05","0.45","0.55","300","5245","4253","992","0.18913250714966634","4253","1908","0.3675282902172918","0.055012663562652546"
"720","300","0.4","0.3","0.2","0.05","0.45","0.5","300","6795","4942","1853","0.27270051508462106","4942","2484","0.3980471884656478","0.0678459187385552"
"723","300","0.4","0.3","0.2","0.05","0.45","0.55","300","5298","4262","1036","0.19554548886372217","4262","1930","0.3729741629261596","0.04589769134988993"
"724","300","0.4","0.3","0.2","0.05","0.45","0.55","300","5272","4262","1010","0.19157814871016693","4262","1882","0.36367477252900765","0.05796789176681512"
"727","300","0.4","0.3","0.2","0.05","0.45","0.55","300","5312","4230","1082","0.20368975903614459","4230","1891","0.3713329846242224","0.051406952088180496"
"725","300","0.4","0.3","0.2","0.05","0.45","0.55","300","5264","4259","1005","0.190919452887538","4259","1874","0.3635463477110296","0.06727183194080351"
"736","300","0.4","0.3","0.2","0.05","0.45","0.6","300","4506","3840","666","0.1478029294274301","3840","1522","0.3431309965527074","0.0419055527748245"
"734","300","0.4","0.3","0.2","0.05","0.45","0.6","300","4434","3802","632","0.14253495714930087","3802","1502","0.34778186598720523","0.05087280405128466"
"741","300","0.4","0.3","0.2","0.05","0.45","0.65","300","4021","3537","484","0.12036806764486446","3537","1179","0.33365596121095703","0.03901611285551741"
"729","300","0.4","0.3","0.2","0.05","0.45","0.55","300","5286","4244","1042","0.19712447975785094","4244","1894","0.366709523144087","0.053724803835045"
"742","300","0.4","0.3","0.2","0.05","0.45","0.65","300","3925","3508","417","0.1062420382165605","3508","1233","0.3310867991609952","0.0440356214221425"
"735","300","0.4","0.3","0.2","0.05","0.45","0.6","300","4491","3820","671","0.14940993097305721","3820","1536","0.34836678204623556","0.044265197165679046"
"726","300","0.4","0.3","0.2","0.05","0.45","0.55","300","5259","4233","1026","0.195094124358243","4233","1921","0.36897958632093586","0.0666460649352071"
"731","300","0.4","0.3","0.2","0.05","0.45","0.6","300","4442","3772","670","0.15083295812696984","3772","1496","0.3461949418465245","0.04625012589397135"
"737","300","0.4","0.3","0.2","0.05","0.45","0.6","300","4444","3812","632","0.1422142214221422","3812","1486","0.3424669821433608","0.04124679843218021"
"733","300","0.4","0.3","0.2","0.05","0.45","0.6","300","4483","3828","655","0.14610751728753066","3828","1526","0.35259963839920305","0.041138047658068215"
"738","300","0.4","0.3","0.2","0.05","0.45","0.6","300","4443","3798","645","0.14517218095881163","3798","1479","0.3470516772051645","0.04348402953535639"
"732","300","0.4","0.3","0.2","0.05","0.45","0.6","300","4517","3831","686","0.15187071064866062","3831","1540","0.34591893482800484","0.046798835558837834"
"744","300","0.4","0.3","0.2","0.05","0.45","0.65","300","3923","3525","398","0.10145296966607188","3525","1230","0.3306424948349908","0.051068445270584954"
"728","300","0.4","0.3","0.2","0.05","0.45","0.55","300","5313","4272","1041","0.19593450028232637","4272","1911","0.37412337544514446","0.04752966199820017"
"740","300","0.4","0.3","0.2","0.05","0.45","0.6","300","4482","3825","657","0.1465863453815261","3825","1502","0.34633716815583143","0.04284584504925993"
"739","300","0.4","0.3","0.2","0.05","0.45","0.6","300","4484","3809","675","0.15053523639607494","3809","1568","0.3521929414274346","0.049598985839809435"
"743","300","0.4","0.3","0.2","0.05","0.45","0.65","300","3979","3535","444","0.11158582558431766","3535","1250","0.3298444339336","0.04589926145610271"
"745","300","0.4","0.3","0.2","0.05","0.45","0.65","300","3965","3510","455","0.11475409836065574","3510","1254","0.3327906795355051","0.03652774232702401"
"730","300","0.4","0.3","0.2","0.05","0.45","0.55","300","5269","4257","1012","0.19206680584551147","4257","1923","0.36694793654889163","0.06288582180543487"
"746","300","0.4","0.3","0.2","0.05","0.45","0.65","300","3925","3484","441","0.11235668789808917","3484","1248","0.32899592714593723","0.04172110616199462"
"749","300","0.4","0.3","0.2","0.05","0.45","0.65","300","3953","3504","449","0.11358461927649886","3504","1203","0.33809012571888986","0.0395406056900671"
"753","300","0.4","0.3","0.2","0.05","0.45","0.7","300","3547","3264","283","0.07978573442345645","3264","1019","0.32281841263091254","0.040449398994718215"
"747","300","0.4","0.3","0.2","0.05","0.45","0.65","300","3965","3532","433","0.10920554854981085","3532","1208","0.3334365134314925","0.043596628913781174"
"756","300","0.4","0.3","0.2","0.05","0.45","0.7","300","3605","3287","318","0.08821081830790568","3287","951","0.3250632769155942","0.042401935431000855"
"758","300","0.4","0.3","0.2","0.05","0.45","0.7","300","3575","3268","307","0.08587412587412588","3268","987","0.3255518431201805","0.036736660029615294"
"754","300","0.4","0.3","0.2","0.05","0.45","0.7","300","3614","3313","301","0.08328721638074156","3313","1008","0.31951081039337464","0.04662011809830482"
"759","300","0.4","0.3","0.2","0.05","0.45","0.7","300","3599","3316","283","0.07863295359822173","3316","988","0.3239880112513019","0.03148628682181909"
"750","300","0.4","0.3","0.2","0.05","0.45","0.65","300","3996","3555","441","0.11036036036036036","3555","1229","0.33106387311992935","0.04013031039330264"
"752","300","0.4","0.3","0.2","0.05","0.45","0.7","300","3612","3275","337","0.09330011074197121","3275","1025","0.32173487313274657","0.03739877995373263"
"763","300","0.4","0.3","0.2","0.05","0.45","0.75","300","3425","3199","226","0.06598540145985402","3199","812","0.31569325702801476","0.031306072502434466"
"761","300","0.4","0.3","0.2","0.05","0.45","0.75","300","3370","3161","209","0.06201780415430267","3161","792","0.3164518647280829","0.03492934549008846"
"751","300","0.4","0.3","0.2","0.05","0.45","0.7","300","3615","3341","274","0.07579529737206085","3341","989","0.3204125586809074","0.036667374784640445"
"755","300","0.4","0.3","0.2","0.05","0.45","0.7","300","3594","3280","314","0.08736783528102393","3280","1008","0.32304552012191284","0.037452684124248604"
"760","300","0.4","0.3","0.2","0.05","0.45","0.7","300","3615","3298","317","0.08769017980636237","3298","1000","0.3227731907304065","0.037842122627024695"
"765","300","0.4","0.3","0.2","0.05","0.45","0.75","300","3384","3172","212","0.06264775413711583","3172","808","0.3159649778631308","0.031302129646873685"
"757","300","0.4","0.3","0.2","0.05","0.45","0.7","300","3641","3324","317","0.08706399340840429","3324","993","0.3239226947896983","0.03966255028460537"
"748","300","0.4","0.3","0.2","0.05","0.45","0.65","300","3908","3507","401","0.1026100307062436","3507","1202","0.33041673661373805","0.05005432502566469"
"766","300","0.4","0.3","0.2","0.05","0.45","0.75","300","3382","3164","218","0.06445890005913661","3164","782","0.3153174755100441","0.03877429574895593"
"767","300","0.4","0.3","0.2","0.05","0.45","0.75","300","3417","3204","213","0.06233538191395961","3204","771","0.31414434655060325","0.040475890138102745"
"768","300","0.4","0.3","0.2","0.05","0.45","0.75","300","3423","3199","224","0.065439672801636","3199","801","0.31520029543716654","0.04131161993355578"
"762","300","0.4","0.3","0.2","0.05","0.45","0.75","300","3415","3184","231","0.06764275256222547","3184","830","0.31644653660739924","0.0367680283884553"
"770","300","0.4","0.3","0.2","0.05","0.45","0.75","300","3410","3163","247","0.07243401759530792","3163","745","0.3139035385736452","0.03712983137097232"
"764","300","0.4","0.3","0.2","0.05","0.45","0.75","300","3391","3163","228","0.06723680330286051","3163","836","0.31711005493146033","0.03942171209919459"
"769","300","0.4","0.3","0.2","0.05","0.45","0.75","300","3413","3188","225","0.06592440668033987","3188","781","0.31500955750824405","0.036123606409455306"
"771","300","0.4","0.3","0.2","0.05","0.45","0.8","300","3214","3048","166","0.05164903546981954","3048","605","0.30803681045766407","0.03552882669201198"
"772","300","0.4","0.3","0.2","0.05","0.45","0.8","300","3283","3105","178","0.05421870240633567","3105","625","0.31096312947871696","0.03860093988638635"
"773","300","0.4","0.3","0.2","0.05","0.45","0.8","300","3252","3082","170","0.05227552275522755","3082","567","0.31225566854312803","0.030389447072507163"
"775","300","0.4","0.3","0.2","0.05","0.45","0.8","300","3269","3125","144","0.04405016824717039","3125","637","0.310699757830307","0.04159070729024647"
"776","300","0.4","0.3","0.2","0.05","0.45","0.8","300","3308","3158","150","0.04534461910519952","3158","609","0.3099499676511139","0.028677204082843143"
"777","300","0.4","0.3","0.2","0.05","0.45","0.8","300","3273","3101","172","0.05255117629086465","3101","570","0.3092151970549025","0.031551415184422144"
"778","300","0.4","0.3","0.2","0.05","0.45","0.8","300","3250","3096","154","0.047384615384615386","3096","599","0.31111522225845095","0.03697563130954511"
"774","300","0.4","0.3","0.2","0.05","0.45","0.8","300","3210","3051","159","0.04953271028037383","3051","604","0.3091481683373332","0.030751707446851077"
"780","300","0.4","0.3","0.2","0.05","0.45","0.8","300","3258","3081","177","0.05432780847145488","3081","610","0.31086485533763025","0.02686670617829323"
"779","300","0.4","0.3","0.2","0.05","0.45","0.8","300","3254","3087","167","0.05132145052243393","3087","627","0.3079376107693494","0.03617879368780981"
"782","300","0.4","0.3","0.2","0.05","0.5","0.2","300","88360","8233","80127","0.9068243549117248","8233","6682","0.7604306172567233","1"
"783","300","0.4","0.3","0.2","0.05","0.5","0.2","300","88435","8299","80136","0.9061570645106576","8299","6622","0.7851282375349817","1"
"784","300","0.4","0.3","0.2","0.05","0.5","0.2","300","88494","8324","80170","0.9059371256808372","8324","6634","0.7771598930050944","1"
"781","300","0.4","0.3","0.2","0.05","0.5","0.2","300","88417","8214","80203","0.9070993134804393","8214","6610","0.7671101176221465","1"
"787","300","0.4","0.3","0.2","0.05","0.5","0.2","300","88590","8297","80293","0.906343831132182","8297","6654","0.7712459595430808","1"
"786","300","0.4","0.3","0.2","0.05","0.5","0.2","300","88477","8259","80218","0.906653706613018","8259","6654","0.7912353194965525","1"
"790","300","0.4","0.3","0.2","0.05","0.5","0.2","300","88470","8272","80198","0.9064993783203346","8272","6612","0.7835241580207823","1"
"788","300","0.4","0.3","0.2","0.05","0.5","0.2","300","88312","8244","80068","0.9066491530029894","8244","6548","0.7563224204679164","1"
"785","300","0.4","0.3","0.2","0.05","0.5","0.2","300","88521","8263","80258","0.9066549180420466","8263","6616","0.764288289259909","1"
"789","300","0.4","0.3","0.2","0.05","0.5","0.2","300","88500","8292","80208","0.9063050847457627","8292","6609","0.7668579404400265","1"
"792","300","0.4","0.3","0.2","0.05","0.5","0.25","300","87543","9591","77952","0.8904424111579452","9591","7197","0.7765028273874442","1"
"791","300","0.4","0.3","0.2","0.05","0.5","0.25","300","87368","9539","77829","0.8908181485211977","9539","7150","0.7894569941167493","1"
"794","300","0.4","0.3","0.2","0.05","0.5","0.25","300","87276","9621","77655","0.8897635088684175","9621","7164","0.7891870320710976","1"
"793","300","0.4","0.3","0.2","0.05","0.5","0.25","300","87510","9555","77955","0.8908124785738772","9555","7180","0.7856885335052608","1"
"795","300","0.4","0.3","0.2","0.05","0.5","0.25","300","87311","9547","77764","0.8906552438982488","9547","7212","0.797020881223932","1"
"796","300","0.4","0.3","0.2","0.05","0.5","0.25","300","87358","9587","77771","0.8902561871837725","9587","7184","0.7785533077045487","1"
"797","300","0.4","0.3","0.2","0.05","0.5","0.25","300","87608","9727","77881","0.8889713268194686","9727","7251","0.7888909822711911","1"
"798","300","0.4","0.3","0.2","0.05","0.5","0.25","300","87564","9725","77839","0.8889383765017587","9725","7228","0.7955791906739171","1"
"799","300","0.4","0.3","0.2","0.05","0.5","0.25","300","87295","9486","77809","0.8913339824732229","9486","7221","0.7949930805777253","1"
"800","300","0.4","0.3","0.2","0.05","0.5","0.25","300","87469","9696","77773","0.8891492986086499","9696","7204","0.7896340607741971","1"
"804","300","0.4","0.3","0.2","0.05","0.5","0.3","300","77091","10660","66431","0.8617218611770505","10660","7554","0.8023128106142842","1"
"803","300","0.4","0.3","0.2","0.05","0.5","0.3","300","77409","10707","66702","0.8616827500678216","10707","7546","0.8010733971112478","1"
"801","300","0.4","0.3","0.2","0.05","0.5","0.3","300","77330","10728","66602","0.8612698823225139","10728","7505","0.7921218877222865","1"
"802","300","0.4","0.3","0.2","0.05","0.5","0.3","300","78149","10863","67286","0.8609963019360453","10863","7544","0.7836531297096344","1"
"811","300","0.4","0.3","0.2","0.05","0.5","0.35","300","28622","8601","20021","0.6994968905038083","8601","5647","0.6344408747543209","0.3120944700313122"
"812","300","0.4","0.3","0.2","0.05","0.5","0.35","300","28734","8485","20249","0.7047052272569082","8485","5597","0.6193579556369507","0.3173225111424858"
"813","300","0.4","0.3","0.2","0.05","0.5","0.35","300","28835","8607","20228","0.7015085833188833","8607","5643","0.6318570071179566","0.31102731850354753"
"814","300","0.4","0.3","0.2","0.05","0.5","0.35","300","28494","8605","19889","0.6980065978802555","8605","5686","0.633177233617204","0.31348014549143344"
"815","300","0.4","0.3","0.2","0.05","0.5","0.35","300","28614","8642","19972","0.6979800097854197","8642","5569","0.6228047431105167","0.3153512229285253"
"816","300","0.4","0.3","0.2","0.05","0.5","0.35","300","28840","8658","20182","0.6997919556171983","8658","5638","0.6255995043703878","0.3137222886377747"
"817","300","0.4","0.3","0.2","0.05","0.5","0.35","300","28772","8624","20148","0.7002641456972056","8624","5678","0.6340288611297217","0.313855219619749"
"818","300","0.4","0.3","0.2","0.05","0.5","0.35","300","28709","8585","20124","0.7009648542268975","8585","5612","0.6267099514191439","0.3139504918721619"
"805","300","0.4","0.3","0.2","0.05","0.5","0.3","300","78237","10860","67377","0.8611909965872925","10860","7567","0.8072000529395322","1"
"809","300","0.4","0.3","0.2","0.05","0.5","0.3","300","77925","10844","67081","0.8608405518126404","10844","7563","0.8024922150430926","1"
"806","300","0.4","0.3","0.2","0.05","0.5","0.3","300","77555","10767","66788","0.861169492618142","10767","7552","0.7874628660075991","1"
"808","300","0.4","0.3","0.2","0.05","0.5","0.3","300","77083","10738","66345","0.8606956138188706","10738","7570","0.8093861607872825","1"
"807","300","0.4","0.3","0.2","0.05","0.5","0.3","300","77631","10799","66832","0.8608931998814906","10799","7483","0.7923319970848057","1"
"810","300","0.4","0.3","0.2","0.05","0.5","0.3","300","77646","10746","66900","0.8616026582180666","10746","7500","0.8065615790535726","1"
"821","300","0.4","0.3","0.2","0.05","0.5","0.4","300","15520","7248","8272","0.5329896907216495","7248","4361","0.5261435512243842","0.16530823562462543"
"822","300","0.4","0.3","0.2","0.05","0.5","0.4","300","15279","7211","8068","0.5280450291249428","7211","4307","0.5261392788906204","0.1687213443066211"
"819","300","0.4","0.3","0.2","0.05","0.5","0.35","300","28781","8658","20123","0.699176540078524","8658","5662","0.6315808146722762","0.3116382738703024"
"823","300","0.4","0.3","0.2","0.05","0.5","0.4","300","15573","7239","8334","0.5351570025043344","7239","4306","0.5363138979884534","0.15462726251455947"
"820","300","0.4","0.3","0.2","0.05","0.5","0.35","300","28628","8626","20002","0.6986866005309488","8626","5586","0.6188940965630869","0.31471478655688834"
"824","300","0.4","0.3","0.2","0.05","0.5","0.4","300","15547","7166","8381","0.5390750627130636","7166","4346","0.5206622852338141","0.16428568404948027"
"827","300","0.4","0.3","0.2","0.05","0.5","0.4","300","15442","7283","8159","0.5283642015282994","7283","4284","0.5303667887987035","0.16954706414961015"
"825","300","0.4","0.3","0.2","0.05","0.5","0.4","300","15564","7195","8369","0.5377152402981239","7195","4346","0.5289053345217671","0.16416518787502635"
"826","300","0.4","0.3","0.2","0.05","0.5","0.4","300","15383","7223","8160","0.5304556978482741","7223","4318","0.5266316128289588","0.1715051811947792"
"828","300","0.4","0.3","0.2","0.05","0.5","0.4","300","15463","7241","8222","0.5317208821056716","7241","4365","0.5313419540810437","0.16737715569704287"
"831","300","0.4","0.3","0.2","0.05","0.5","0.45","300","9397","5808","3589","0.38193040332020856","5808","3217","0.4612592153015361","0.09410914611960551"
"832","300","0.4","0.3","0.2","0.05","0.5","0.45","300","9278","5784","3494","0.3765897822806639","5784","3142","0.4570560150826799","0.09353887760933115"
"829","300","0.4","0.3","0.2","0.05","0.5","0.4","300","15540","7195","8345","0.537001287001287","7195","4418","0.5277652146699335","0.1731659321149547"
"833","300","0.4","0.3","0.2","0.05","0.5","0.45","300","9330","5758","3572","0.38285101822079315","5758","3193","0.4507712685408575","0.09511051373767625"
"830","300","0.4","0.3","0.2","0.05","0.5","0.4","300","15409","7286","8123","0.527159452268155","7286","4295","0.5296297804476081","0.16227822473063447"
"834","300","0.4","0.3","0.2","0.05","0.5","0.45","300","9331","5768","3563","0.3818454613653413","5768","3181","0.45146877512781314","0.10411246657859678"
"841","300","0.4","0.3","0.2","0.05","0.5","0.5","300","6529","4758","1771","0.2712513401746056","4758","2367","0.3971746936526507","0.0709984279937887"
"837","300","0.4","0.3","0.2","0.05","0.5","0.45","300","9358","5787","3571","0.3815986321863646","5787","3215","0.4596811808322","0.09587027614039031"
"835","300","0.4","0.3","0.2","0.05","0.5","0.45","300","9324","5819","3505","0.3759116259116259","5819","3176","0.4481531526043265","0.09885722021468114"
"842","300","0.4","0.3","0.2","0.05","0.5","0.5","300","6461","4744","1717","0.2657483361708714","4744","2285","0.3968999143679382","0.07186484353674484"
"838","300","0.4","0.3","0.2","0.05","0.5","0.45","300","9356","5799","3557","0.3801838392475417","5799","3174","0.4464542664499996","0.09862698851479512"
"839","300","0.4","0.3","0.2","0.05","0.5","0.45","300","9303","5802","3501","0.3763302160593357","5802","3181","0.4453104354087188","0.10191552069461567"
"836","300","0.4","0.3","0.2","0.05","0.5","0.45","300","9374","5823","3551","0.37881374013228075","5823","3145","0.4490915476114408","0.09429254573269306"
"840","300","0.4","0.3","0.2","0.05","0.5","0.45","300","9377","5823","3554","0.37901247733816784","5823","3189","0.45438707041491816","0.09591371080298013"
"845","300","0.4","0.3","0.2","0.05","0.5","0.5","300","6573","4757","1816","0.2762817587098737","4757","2368","0.4039615940832566","0.06751248567925885"
"843","300","0.4","0.3","0.2","0.05","0.5","0.5","300","6547","4750","1797","0.27447685963036506","4750","2369","0.3968165003612466","0.06639822439968514"
"844","300","0.4","0.3","0.2","0.05","0.5","0.5","300","6513","4765","1748","0.26838630431444804","4765","2357","0.3955969113390183","0.06750268797821968"
"847","300","0.4","0.3","0.2","0.05","0.5","0.5","300","6460","4739","1721","0.26640866873065017","4739","2323","0.3936273148087903","0.07159168247482607"
"846","300","0.4","0.3","0.2","0.05","0.5","0.5","300","6504","4767","1737","0.26706642066420666","4767","2350","0.40261014550647056","0.06463149636737248"
"848","300","0.4","0.3","0.2","0.05","0.5","0.5","300","6471","4720","1751","0.27059187142636376","4720","2366","0.4018725425448009","0.08349737378881565"
"851","300","0.4","0.3","0.2","0.05","0.5","0.55","300","5144","4131","1013","0.1969284603421462","4131","1799","0.3630680182042607","0.05465660361572607"
"849","300","0.4","0.3","0.2","0.05","0.5","0.5","300","6474","4742","1732","0.2675316651220266","4742","2379","0.4071608206662518","0.07132192598808647"
"850","300","0.4","0.3","0.2","0.05","0.5","0.5","300","6547","4755","1792","0.2737131510615549","4755","2391","0.40355900993216076","0.07151730077950763"
"852","300","0.4","0.3","0.2","0.05","0.5","0.55","300","5080","4115","965","0.18996062992125984","4115","1858","0.37043647543309166","0.049647092559624524"
"853","300","0.4","0.3","0.2","0.05","0.5","0.55","300","5101","4127","974","0.1909429523622819","4127","1832","0.36714744778045977","0.05300353222734609"
"854","300","0.4","0.3","0.2","0.05","0.5","0.55","300","5156","4122","1034","0.2005430566330489","4122","1862","0.36449301236726145","0.05366287880328024"
"855","300","0.4","0.3","0.2","0.05","0.5","0.55","300","5114","4088","1026","0.2006257332811889","4088","1817","0.36633616941169056","0.05364746475386133"
"856","300","0.4","0.3","0.2","0.05","0.5","0.55","300","5146","4116","1030","0.20015546055188496","4116","1845","0.37748220312079234","0.05218347459615489"
"857","300","0.4","0.3","0.2","0.05","0.5","0.55","300","5080","4080","1000","0.1968503937007874","4080","1798","0.36511351319677243","0.061162655191822825"
"863","300","0.4","0.3","0.2","0.05","0.5","0.6","300","4338","3665","673","0.15514061779621946","3665","1450","0.34429887362477707","0.053966444973325804"
"858","300","0.4","0.3","0.2","0.05","0.5","0.55","300","5149","4095","1054","0.20469994173625947","4095","1860","0.37257770822273745","0.05012657321808129"
"859","300","0.4","0.3","0.2","0.05","0.5","0.55","300","5094","4081","1013","0.1988614055751865","4081","1867","0.37040711598146486","0.05114716513887039"
"862","300","0.4","0.3","0.2","0.05","0.5","0.6","300","4288","3661","627","0.14622201492537312","3661","1572","0.3565234716966835","0.044256970945870264"
"861","300","0.4","0.3","0.2","0.05","0.5","0.6","300","4331","3716","615","0.14199953821288386","3716","1486","0.3517884634622217","0.047032796146257064"
"860","300","0.4","0.3","0.2","0.05","0.5","0.55","300","5124","4095","1029","0.20081967213114754","4095","1816","0.3703092281545336","0.05698626718783454"
"864","300","0.4","0.3","0.2","0.05","0.5","0.6","300","4388","3700","688","0.15679124886052873","3700","1509","0.3522391081798787","0.049518459044940545"
"865","300","0.4","0.3","0.2","0.05","0.5","0.6","300","4331","3724","607","0.14015238974832603","3724","1452","0.3489327024130054","0.04376099124147647"
"866","300","0.4","0.3","0.2","0.05","0.5","0.6","300","4321","3717","604","0.1397824577644064","3717","1488","0.3497299610961763","0.04710906653329401"
"867","300","0.4","0.3","0.2","0.05","0.5","0.6","300","4336","3677","659","0.15198339483394835","3677","1460","0.3485965491669229","0.048299219153594045"
"868","300","0.4","0.3","0.2","0.05","0.5","0.6","300","4344","3670","674","0.15515653775322283","3670","1465","0.34585826841235845","0.049936241933703766"
"870","300","0.4","0.3","0.2","0.05","0.5","0.6","300","4334","3665","669","0.1543608675588371","3665","1469","0.3510637092601868","0.05095795005685072"
"869","300","0.4","0.3","0.2","0.05","0.5","0.6","300","4316","3678","638","0.14782205746061167","3678","1475","0.3497023023112466","0.048117320402536336"
"871","300","0.4","0.3","0.2","0.05","0.5","0.65","300","3813","3399","414","0.10857592446892211","3399","1174","0.33310466984539683","0.04807045689717953"
"872","300","0.4","0.3","0.2","0.05","0.5","0.65","300","3816","3397","419","0.10980083857442348","3397","1194","0.3338098128113251","0.03463435757175897"
"873","300","0.4","0.3","0.2","0.05","0.5","0.65","300","3869","3416","453","0.11708451796329801","3416","1181","0.3349752508616509","0.039131094807962875"
"874","300","0.4","0.3","0.2","0.05","0.5","0.65","300","3875","3415","460","0.11870967741935484","3415","1210","0.33193887240998265","0.042590190068361435"
"875","300","0.4","0.3","0.2","0.05","0.5","0.65","300","3877","3427","450","0.11606912561258705","3427","1191","0.3367968546156149","0.04875056118579972"
"876","300","0.4","0.3","0.2","0.05","0.5","0.65","300","3804","3373","431","0.11330178759200842","3373","1141","0.3335770111358452","0.04798297390990276"
"877","300","0.4","0.3","0.2","0.05","0.5","0.65","300","3818","3399","419","0.10974332111052908","3399","1176","0.3341885957128458","0.030983949544429627"
"878","300","0.4","0.3","0.2","0.05","0.5","0.65","300","3832","3408","424","0.11064718162839249","3408","1163","0.3339717473367586","0.04063997950494771"
"879","300","0.4","0.3","0.2","0.05","0.5","0.65","300","3855","3413","442","0.11465629053177691","3413","1204","0.33463608157512625","0.03598537201468238"
"881","300","0.4","0.3","0.2","0.05","0.5","0.7","300","3538","3246","292","0.08253250423968343","3246","952","0.32567249953899724","0.0377760188098298"
"880","300","0.4","0.3","0.2","0.05","0.5","0.65","300","3839","3414","425","0.11070591299817661","3414","1234","0.3344123559840127","0.03296187346014916"
"882","300","0.4","0.3","0.2","0.05","0.5","0.7","300","3529","3233","296","0.08387645225276283","3233","985","0.3256561456634702","0.029678549982707837"
"883","300","0.4","0.3","0.2","0.05","0.5","0.7","300","3532","3227","305","0.08635334088335221","3227","982","0.32460272397500506","0.03760119247263284"
"887","300","0.4","0.3","0.2","0.05","0.5","0.7","300","3512","3214","298","0.08485193621867881","3214","950","0.3217984228356945","0.04575727273373174"
"884","300","0.4","0.3","0.2","0.05","0.5","0.7","300","3508","3218","290","0.08266818700114024","3218","957","0.32255775625333905","0.03355575832201547"
"885","300","0.4","0.3","0.2","0.05","0.5","0.7","300","3547","3256","291","0.08204116154496757","3256","926","0.3220678123149921","0.029900294520427"
"888","300","0.4","0.3","0.2","0.05","0.5","0.7","300","3513","3215","298","0.08482778252206091","3215","962","0.32589170671169804","0.03442945930271629"
"891","300","0.4","0.3","0.2","0.05","0.5","0.75","300","3318","3109","209","0.06298975286317059","3109","775","0.3175653473569727","0.03859961707794555"
"886","300","0.4","0.3","0.2","0.05","0.5","0.7","300","3512","3219","293","0.08342824601366743","3219","943","0.3245628365405094","0.04038954612778196"
"890","300","0.4","0.3","0.2","0.05","0.5","0.7","300","3525","3214","311","0.08822695035460992","3214","981","0.32472226750160216","0.03959495941023442"
"893","300","0.4","0.3","0.2","0.05","0.5","0.75","300","3308","3081","227","0.06862152357920194","3081","797","0.31706822646113575","0.041057103092730876"
"889","300","0.4","0.3","0.2","0.05","0.5","0.7","300","3514","3222","292","0.08309618668184406","3222","974","0.3271527510255062","0.031939572477622"
"892","300","0.4","0.3","0.2","0.05","0.5","0.75","300","3336","3114","222","0.06654676258992806","3114","781","0.3127063158982317","0.04228402568994669"
"894","300","0.4","0.3","0.2","0.05","0.5","0.75","300","3329","3113","216","0.06488434965455092","3113","815","0.31595781672595896","0.039999287744857684"
"895","300","0.4","0.3","0.2","0.05","0.5","0.75","300","3288","3073","215","0.06538929440389295","3073","786","0.3184186140881813","0.040457781117332725"
"896","300","0.4","0.3","0.2","0.05","0.5","0.75","300","3332","3133","199","0.05972388955582233","3133","776","0.3174087392813592","0.03405458740438522"
"897","300","0.4","0.3","0.2","0.05","0.5","0.75","300","3349","3133","216","0.06449686473574201","3133","833","0.31870541945555575","0.02979937252801502"
"899","300","0.4","0.3","0.2","0.05","0.5","0.75","300","3359","3142","217","0.06460256028579935","3142","798","0.3170717589628013","0.033534931603542456"
"898","300","0.4","0.3","0.2","0.05","0.5","0.75","300","3367","3128","239","0.07098307098307098","3128","766","0.3172013980918676","0.03830952339388024"
"900","300","0.4","0.3","0.2","0.05","0.5","0.75","300","3328","3101","227","0.06820913461538461","3101","783","0.3183794908303655","0.03254147054225344"
"901","300","0.4","0.3","0.2","0.05","0.5","0.8","300","3202","3045","157","0.04903185509056839","3045","625","0.31174048607699734","0.03696140824482892"
"902","300","0.4","0.3","0.2","0.05","0.5","0.8","300","3167","2994","173","0.05462582886011999","2994","620","0.31074802234804855","0.04157547987026449"
"903","300","0.4","0.3","0.2","0.05","0.5","0.8","300","3209","3024","185","0.05765035836709255","3024","603","0.3105728626961534","0.034869850562087794"
"905","300","0.4","0.3","0.2","0.05","0.5","0.8","300","3242","3076","166","0.05120296113510179","3076","652","0.3110079982114744","0.02802134729527591"
"904","300","0.4","0.3","0.2","0.05","0.5","0.8","300","3216","3049","167","0.05192786069651741","3049","608","0.3115080986002554","0.035286282936583264"
"906","300","0.4","0.3","0.2","0.05","0.5","0.8","300","3192","3016","176","0.05513784461152882","3016","594","0.31061943043112145","0.03752465249013684"
"910","300","0.4","0.3","0.2","0.05","0.5","0.8","300","3199","3032","167","0.05220381369177868","3032","595","0.3099687255775565","0.03538856473252125"
"907","300","0.4","0.3","0.2","0.05","0.5","0.8","300","3150","3001","149","0.0473015873015873","3001","629","0.3106525031941605","0.026517181696161664"
"909","300","0.4","0.3","0.2","0.05","0.5","0.8","300","3246","3082","164","0.05052372150338879","3082","634","0.3112077106032125","0.03155977420435202"
"908","300","0.4","0.3","0.2","0.05","0.5","0.8","300","3189","3024","165","0.05174035747883349","3024","631","0.31072682580784905","0.0269859867538101"
"912","300","0.4","0.3","0.2","0.05","0.55","0.2","300","88476","7936","80540","0.9103033591030336","7936","6383","0.774748651486857","1"
"911","300","0.4","0.3","0.2","0.05","0.55","0.2","300","88372","7984","80388","0.9096546417417282","7984","6354","0.781526672592475","1"
"915","300","0.4","0.3","0.2","0.05","0.55","0.2","300","88531","7995","80536","0.9096926500321921","7995","6389","0.7743374151749002","1"
"913","300","0.4","0.3","0.2","0.05","0.55","0.2","300","88639","7948","80691","0.9103329234309954","7948","6378","0.7689135679774547","1"
"917","300","0.4","0.3","0.2","0.05","0.55","0.2","300","88556","7928","80628","0.9104747278558201","7928","6322","0.766959284089385","1"
"914","300","0.4","0.3","0.2","0.05","0.55","0.2","300","88356","7942","80414","0.9101136312191589","7942","6376","0.7833343428868638","1"
"918","300","0.4","0.3","0.2","0.05","0.55","0.2","300","88536","7995","80541","0.9096977500677691","7995","6341","0.763558598879211","1"
"919","300","0.4","0.3","0.2","0.05","0.55","0.2","300","88512","8007","80505","0.9095376898047722","8007","6357","0.7868103386801963","1"
"916","300","0.4","0.3","0.2","0.05","0.55","0.2","300","88320","7896","80424","0.9105978260869565","7896","6364","0.7855987639889881","1"
"920","300","0.4","0.3","0.2","0.05","0.55","0.2","300","88631","8006","80625","0.909670431338922","8006","6369","0.7730448604145422","1"
"921","300","0.4","0.3","0.2","0.05","0.55","0.25","300","87323","9198","78125","0.8946669262393642","9198","6920","0.7908483036969988","1"
"922","300","0.4","0.3","0.2","0.05","0.55","0.25","300","87633","9312","78321","0.8937386600938003","9312","6926","0.7937864756413435","1"
"923","300","0.4","0.3","0.2","0.05","0.55","0.25","300","87521","9272","78249","0.8940597113835537","9272","6960","0.7864140442841683","1"
"924","300","0.4","0.3","0.2","0.05","0.55","0.25","300","87466","9264","78202","0.8940845585713306","9264","6981","0.7957220238515639","1"
"925","300","0.4","0.3","0.2","0.05","0.55","0.25","300","87345","9204","78141","0.8946247638674223","9204","6872","0.7873449084555165","1"
"930","300","0.4","0.3","0.2","0.05","0.55","0.25","300","87391","9170","78221","0.8950692863109474","9170","6901","0.7865992987087949","1"
"926","300","0.4","0.3","0.2","0.05","0.55","0.25","300","87307","9299","78008","0.8934907853894877","9299","6986","0.7931767400437358","1"
"928","300","0.4","0.3","0.2","0.05","0.55","0.25","300","87500","9248","78252","0.8943085714285715","9248","6967","0.792840486112157","1"
"927","300","0.4","0.3","0.2","0.05","0.55","0.25","300","87357","9226","78131","0.8943873988346669","9226","6913","0.7939407141692761","1"
"932","300","0.4","0.3","0.2","0.05","0.55","0.3","300","77953","10448","67505","0.8659705206983696","10448","7294","0.8186448658480283","1"
"929","300","0.4","0.3","0.2","0.05","0.55","0.25","300","87673","9286","78387","0.8940836973754748","9286","6911","0.7858501850943092","1"
"931","300","0.4","0.3","0.2","0.05","0.55","0.3","300","78954","10551","68403","0.8663652253210731","10551","7377","0.8023500903576917","1"
"933","300","0.4","0.3","0.2","0.05","0.55","0.3","300","76846","10313","66533","0.8657965281211775","10313","7216","0.8002491334822964","1"
"934","300","0.4","0.3","0.2","0.05","0.55","0.3","300","77276","10257","67019","0.8672679745328433","10257","7243","0.8234394539206283","1"
"941","300","0.4","0.3","0.2","0.05","0.55","0.35","300","28516","8237","20279","0.7111446205638939","8237","5416","0.6323587778814764","0.31171649190224776"
"942","300","0.4","0.3","0.2","0.05","0.55","0.35","300","28593","8355","20238","0.7077956143111951","8355","5404","0.6289039883213092","0.3118928456990929"
"943","300","0.4","0.3","0.2","0.05","0.55","0.35","300","28261","8317","19944","0.7057075121191748","8317","5396","0.6334866601551824","0.3119248132345716"
"944","300","0.4","0.3","0.2","0.05","0.55","0.35","300","28562","8392","20170","0.7061830404033331","8392","5438","0.6256243601905687","0.30916824551527566"
"945","300","0.4","0.3","0.2","0.05","0.55","0.35","300","28307","8324","19983","0.7059384604514785","8324","5365","0.6444652873445798","0.3116209624969478"
"935","300","0.4","0.3","0.2","0.05","0.55","0.3","300","78187","10373","67814","0.8673308862087048","10373","7274","0.8052367426481879","1"
"936","300","0.4","0.3","0.2","0.05","0.55","0.3","300","77711","10292","67419","0.8675605770096897","10292","7278","0.8273687508421323","1"
"946","300","0.4","0.3","0.2","0.05","0.55","0.35","300","28570","8373","20197","0.7069303465173259","8373","5458","0.6318749365565206","0.31226968496192453"
"947","300","0.4","0.3","0.2","0.05","0.55","0.35","300","28661","8401","20260","0.706883918914204","8401","5481","0.6452791509569213","0.31264396619673174"
"937","300","0.4","0.3","0.2","0.05","0.55","0.3","300","78416","10479","67937","0.8663665578453377","10479","7379","0.8126031656894954","1"
"938","300","0.4","0.3","0.2","0.05","0.55","0.3","300","78090","10340","67750","0.8675886797285184","10340","7260","0.8050203187150642","1"
"939","300","0.4","0.3","0.2","0.05","0.55","0.3","300","77963","10409","67554","0.8664879494119005","10409","7222","0.8077175965116442","1"
"940","300","0.4","0.3","0.2","0.05","0.55","0.3","300","78086","10326","67760","0.867761186384243","10326","7312","0.8177143738609853","1"
"952","300","0.4","0.3","0.2","0.05","0.55","0.4","300","15081","7024","8057","0.5342483920164446","7024","4176","0.531261996982753","0.16473248121780978"
"948","300","0.4","0.3","0.2","0.05","0.55","0.35","300","28514","8328","20186","0.707932945219892","8328","5410","0.632285605391106","0.31318383813476786"
"953","300","0.4","0.3","0.2","0.05","0.55","0.4","300","15246","6996","8250","0.5411255411255411","6996","4163","0.5330916398083596","0.1637425467656283"
"951","300","0.4","0.3","0.2","0.05","0.55","0.4","300","15314","6948","8366","0.5462975055504767","6948","4234","0.5418923382364702","0.16087277030817235"
"954","300","0.4","0.3","0.2","0.05","0.55","0.4","300","15162","7015","8147","0.5373301675240734","7015","4227","0.5415984287215875","0.1660746616675087"
"955","300","0.4","0.3","0.2","0.05","0.55","0.4","300","15214","7008","8206","0.5393716313921388","7008","4167","0.531987701254979","0.16471649838050897"
"956","300","0.4","0.3","0.2","0.05","0.55","0.4","300","15402","6981","8421","0.5467471756914687","6981","4240","0.5336360699405484","0.16132677055462324"
"957","300","0.4","0.3","0.2","0.05","0.55","0.4","300","15239","6964","8275","0.5430146335061355","6964","4220","0.5355213964270458","0.1673916512162012"
"950","300","0.4","0.3","0.2","0.05","0.55","0.35","300","28648","8285","20363","0.7108000558503211","8285","5348","0.6163335805485661","0.3150891390070295"
"949","300","0.4","0.3","0.2","0.05","0.55","0.35","300","28435","8275","20160","0.7089854053103569","8275","5431","0.6110770987389701","0.3161304590743955"
"958","300","0.4","0.3","0.2","0.05","0.55","0.4","300","15258","6946","8312","0.5447634028050858","6946","4193","0.5347569618573446","0.16704339803736284"
"959","300","0.4","0.3","0.2","0.05","0.55","0.4","300","15220","6922","8298","0.545203679369251","6922","4163","0.5218332278766592","0.17309868556316782"
"960","300","0.4","0.3","0.2","0.05","0.55","0.4","300","15126","6975","8151","0.538873462911543","6975","4196","0.5323928519357881","0.1656492184537202"
"961","300","0.4","0.3","0.2","0.05","0.55","0.45","300","9084","5557","3527","0.3882650814619111","5557","3025","0.4584783406493566","0.10812884681243844"
"962","300","0.4","0.3","0.2","0.05","0.55","0.45","300","9093","5619","3474","0.38205212801055755","5619","3082","0.464408200608781","0.09512543669483083"
"964","300","0.4","0.3","0.2","0.05","0.55","0.45","300","9132","5571","3561","0.3899474375821288","5571","3102","0.45532349258514593","0.08977865917629262"
"963","300","0.4","0.3","0.2","0.05","0.55","0.45","300","9097","5537","3560","0.3913378036715401","5537","3065","0.4688123463060298","0.09559830611788357"
"965","300","0.4","0.3","0.2","0.05","0.55","0.45","300","9100","5617","3483","0.38274725274725274","5617","3076","0.4608865995795647","0.09363634015949014"
"966","300","0.4","0.3","0.2","0.05","0.55","0.45","300","9148","5555","3593","0.3927634455618714","5555","3100","0.46680347332487837","0.09479058318446928"
"967","300","0.4","0.3","0.2","0.05","0.55","0.45","300","9017","5619","3398","0.3768437396029722","5619","3016","0.45643115921454097","0.08530354433461415"
"971","300","0.4","0.3","0.2","0.05","0.55","0.5","300","6355","4584","1771","0.2786782061369001","4584","2260","0.40221592343776563","0.06715440930942877"
"968","300","0.4","0.3","0.2","0.05","0.55","0.45","300","9064","5576","3488","0.3848190644307149","5576","3067","0.45099685693676617","0.10139478036322384"
"969","300","0.4","0.3","0.2","0.05","0.55","0.45","300","9009","5584","3425","0.38017538017538016","5584","3080","0.4636775837071171","0.09440228251682659"
"970","300","0.4","0.3","0.2","0.05","0.55","0.45","300","9066","5628","3438","0.37921906022501656","5628","3051","0.45045583826125457","0.09671461340440748"
"972","300","0.4","0.3","0.2","0.05","0.55","0.5","300","6283","4573","1710","0.2721629794684068","4573","2318","0.40479960700995643","0.06536148011835059"
"973","300","0.4","0.3","0.2","0.05","0.55","0.5","300","6295","4582","1713","0.2721207307386815","4582","2320","0.40440063344742216","0.06747550095272613"
"974","300","0.4","0.3","0.2","0.05","0.55","0.5","300","6300","4585","1715","0.2722222222222222","4585","2272","0.39291627701316423","0.07681218299454631"
"975","300","0.4","0.3","0.2","0.05","0.55","0.5","300","6347","4588","1759","0.2771388057349929","4588","2330","0.4032186091135159","0.06460204481731634"
"976","300","0.4","0.3","0.2","0.05","0.55","0.5","300","6316","4611","1705","0.26994933502216595","4611","2321","0.3985254182243143","0.05541037371697982"
"982","300","0.4","0.3","0.2","0.05","0.55","0.55","300","4944","3953","991","0.20044498381877024","3953","1760","0.3647196968805347","0.05435251805716701"
"977","300","0.4","0.3","0.2","0.05","0.55","0.5","300","6268","4589","1679","0.26786853860880666","4589","2295","0.40764278672058607","0.06272769943594483"
"980","300","0.4","0.3","0.2","0.05","0.55","0.5","300","6311","4586","1725","0.2733322769767073","4586","2301","0.39934949822405275","0.08110044982535551"
"981","300","0.4","0.3","0.2","0.05","0.55","0.55","300","4968","3957","1011","0.20350241545893719","3957","1758","0.36859103085380185","0.04781330189571278"
"979","300","0.4","0.3","0.2","0.05","0.55","0.5","300","6285","4601","1684","0.26793953858393","4601","2303","0.4163000765434793","0.05956333000487188"
"978","300","0.4","0.3","0.2","0.05","0.55","0.5","300","6315","4561","1754","0.2777513855898654","4561","2258","0.4198857326399926","0.05924157585125089"
"983","300","0.4","0.3","0.2","0.05","0.55","0.55","300","4981","3965","1016","0.203975105400522","3965","1793","0.3736460360205483","0.04978703216737001"
"984","300","0.4","0.3","0.2","0.05","0.55","0.55","300","4960","3948","1012","0.20403225806451614","3948","1735","0.37510781957657585","0.04844072091097911"
"985","300","0.4","0.3","0.2","0.05","0.55","0.55","300","4949","3972","977","0.1974136189129117","3972","1834","0.3774103680695342","0.055287836124729824"
"986","300","0.4","0.3","0.2","0.05","0.55","0.55","300","4962","3953","1009","0.20334542523176138","3953","1776","0.375358177899778","0.05716457417793323"
"987","300","0.4","0.3","0.2","0.05","0.55","0.55","300","5005","3985","1020","0.2037962037962038","3985","1807","0.3737650737354905","0.0514253858154836"
"988","300","0.4","0.3","0.2","0.05","0.55","0.55","300","4990","3974","1016","0.2036072144288577","3974","1753","0.3705281704312809","0.05054571303385914"
"991","300","0.4","0.3","0.2","0.05","0.55","0.6","300","4234","3587","647","0.15281058101086442","3587","1446","0.3519433272920606","0.03862789142451767"
"989","300","0.4","0.3","0.2","0.05","0.55","0.55","300","4909","3958","951","0.19372580973721737","3958","1773","0.37412622590099154","0.05605234053925467"
"992","300","0.4","0.3","0.2","0.05","0.55","0.6","300","4241","3580","661","0.15585946710681442","3580","1443","0.35719175678543924","0.053269371936947314"
"990","300","0.4","0.3","0.2","0.05","0.55","0.55","300","4951","3949","1002","0.20238335689759646","3949","1794","0.3742780220970962","0.053144743670013414"
"994","300","0.4","0.3","0.2","0.05","0.55","0.6","300","4205","3600","605","0.14387633769322236","3600","1436","0.3504687721685094","0.04537446473358353"
"993","300","0.4","0.3","0.2","0.05","0.55","0.6","300","4234","3602","632","0.14926783183750592","3602","1441","0.3508451907307587","0.03968391429564432"
"995","300","0.4","0.3","0.2","0.05","0.55","0.6","300","4195","3577","618","0.14731823599523242","3577","1430","0.34850383233341137","0.0493742618402001"
"996","300","0.4","0.3","0.2","0.05","0.55","0.6","300","4256","3583","673","0.15812969924812031","3583","1453","0.3528429222634754","0.03928733848670477"
"1000","300","0.4","0.3","0.2","0.05","0.55","0.6","300","4205","3584","621","0.14768133174791914","3584","1453","0.3516069508879985","0.04838341842536022"
"997","300","0.4","0.3","0.2","0.05","0.55","0.6","300","4182","3594","588","0.1406025824964132","3594","1433","0.3552808958566492","0.03646474160335722"
"1003","300","0.4","0.3","0.2","0.05","0.55","0.65","300","3776","3341","435","0.11520127118644068","3341","1179","0.3365824341685681","0.039757743479445024"
"1002","300","0.4","0.3","0.2","0.05","0.55","0.65","300","3706","3299","407","0.10982191041554236","3299","1200","0.34139046372728143","0.03562885025152066"
"1001","300","0.4","0.3","0.2","0.05","0.55","0.65","300","3738","3327","411","0.10995184590690209","3327","1162","0.3373273463274449","0.0362003847841399"
"999","300","0.4","0.3","0.2","0.05","0.55","0.6","300","4204","3592","612","0.1455756422454805","3592","1407","0.35047597752490894","0.047444643936380954"
"998","300","0.4","0.3","0.2","0.05","0.55","0.6","300","4220","3583","637","0.1509478672985782","3583","1454","0.3566235239732696","0.046600932756068386"
"1006","300","0.4","0.3","0.2","0.05","0.55","0.65","300","3779","3341","438","0.11590367822175178","3341","1153","0.33043054463694066","0.034457987014450214"
"1005","300","0.4","0.3","0.2","0.05","0.55","0.65","300","3724","3302","422","0.11331901181525242","3302","1165","0.33774679353529374","0.04311562090818084"
"1004","300","0.4","0.3","0.2","0.05","0.55","0.65","300","3755","3311","444","0.11824234354194407","3311","1172","0.3362862586798472","0.037538919970591854"
"1008","300","0.4","0.3","0.2","0.05","0.55","0.65","300","3715","3287","428","0.11520861372812921","3287","1143","0.33007899877674096","0.05082804786508801"
"1007","300","0.4","0.3","0.2","0.05","0.55","0.65","300","3724","3288","436","0.11707841031149302","3288","1131","0.33611900329370553","0.044663303556710124"
"1011","300","0.4","0.3","0.2","0.05","0.55","0.7","300","3503","3175","328","0.09363402797602055","3175","937","0.32768149418356907","0.03355862454497277"
"1010","300","0.4","0.3","0.2","0.05","0.55","0.65","300","3690","3280","410","0.1111111111111111","3280","1085","0.33431256414044136","0.04045839757465767"
"1009","300","0.4","0.3","0.2","0.05","0.55","0.65","300","3720","3287","433","0.11639784946236559","3287","1146","0.3400192004738341","0.03581055080463574"
"1012","300","0.4","0.3","0.2","0.05","0.55","0.7","300","3469","3174","295","0.08503891611415393","3174","955","0.32530586490820745","0.030956698643688104"
"1013","300","0.4","0.3","0.2","0.05","0.55","0.7","300","3436","3157","279","0.08119906868451689","3157","935","0.3205743987315397","0.03697175077006741"
"1014","300","0.4","0.3","0.2","0.05","0.55","0.7","300","3457","3160","297","0.08591264101822389","3160","956","0.3267552024769897","0.029713620883232233"
"1018","300","0.4","0.3","0.2","0.05","0.55","0.7","300","3448","3147","301","0.0872969837587007","3147","970","0.32611967649187396","0.03923101841601167"
"1015","300","0.4","0.3","0.2","0.05","0.55","0.7","300","3444","3134","310","0.0900116144018583","3134","938","0.3219730789147853","0.03858347524672336"
"1016","300","0.4","0.3","0.2","0.05","0.55","0.7","300","3462","3193","269","0.07770075101097632","3193","970","0.3261071526809349","0.03203087508669414"
"1019","300","0.4","0.3","0.2","0.05","0.55","0.7","300","3423","3133","290","0.08472100496640374","3133","926","0.3243380781992823","0.03437520299292861"
"1017","300","0.4","0.3","0.2","0.05","0.55","0.7","300","3467","3178","289","0.0833573694837035","3178","967","0.3326795059373181","0.032043266351718044"
"1021","300","0.4","0.3","0.2","0.05","0.55","0.75","300","3260","3042","218","0.06687116564417178","3042","769","0.3168223388186552","0.03670704984313203"
"1020","300","0.4","0.3","0.2","0.05","0.55","0.7","300","3502","3207","295","0.08423757852655625","3207","973","0.327495170907669","0.03349305990959093"
"1022","300","0.4","0.3","0.2","0.05","0.55","0.75","300","3270","3054","216","0.06605504587155964","3054","757","0.3179180031400514","0.03219286519193074"
"1023","300","0.4","0.3","0.2","0.05","0.55","0.75","300","3223","3026","197","0.0611231771641328","3026","757","0.31479574927814064","0.0355732862350509"
"1028","300","0.4","0.3","0.2","0.05","0.55","0.75","300","3245","3045","200","0.061633281972265024","3045","744","0.31435872780353996","0.03740016809532587"
"1026","300","0.4","0.3","0.2","0.05","0.55","0.75","300","3259","3052","207","0.0635164160785517","3052","783","0.31783828321226876","0.029608645297394515"
"1027","300","0.4","0.3","0.2","0.05","0.55","0.75","300","3263","3048","215","0.06589028501379099","3048","776","0.3225019589044091","0.028623769044068968"
"1024","300","0.4","0.3","0.2","0.05","0.55","0.75","300","3307","3119","188","0.056849107952827334","3119","717","0.31463232153534215","0.030654810527299604"
"1025","300","0.4","0.3","0.2","0.05","0.55","0.75","300","3246","3032","214","0.06592729513247074","3032","685","0.3160215378751038","0.03186371788646787"
"1029","300","0.4","0.3","0.2","0.05","0.55","0.75","300","3268","3034","234","0.07160342717258263","3034","746","0.3175371455428039","0.04505890841068241"
"1030","300","0.4","0.3","0.2","0.05","0.55","0.75","300","3278","3074","204","0.06223306894447834","3074","807","0.318377342195816","0.03288632666277195"
"1032","300","0.4","0.3","0.2","0.05","0.55","0.8","300","3171","2986","185","0.058341217281614635","2986","636","0.3141561855093427","0.02760205406557361"
"1031","300","0.4","0.3","0.2","0.05","0.55","0.8","300","3190","3045","145","0.045454545454545456","3045","598","0.3113046219374064","0.027671590527846696"
"1033","300","0.4","0.3","0.2","0.05","0.55","0.8","300","3145","2976","169","0.05373608903020668","2976","601","0.3106412799467009","0.030866699378041762"
"1035","300","0.4","0.3","0.2","0.05","0.55","0.8","300","3142","2981","161","0.05124124761298536","2981","583","0.30972763080441673","0.04003877634521719"
"1034","300","0.4","0.3","0.2","0.05","0.55","0.8","300","3154","2997","157","0.049778059606848446","2997","606","0.31010363832366983","0.04055128692160402"
"1036","300","0.4","0.3","0.2","0.05","0.55","0.8","300","3104","2950","154","0.04961340206185567","2950","569","0.3105531182625217","0.032980890386409174"
"1037","300","0.4","0.3","0.2","0.05","0.55","0.8","300","3141","2984","157","0.04998408150270615","2984","612","0.31143461848204046","0.0283605071175722"
"1038","300","0.4","0.3","0.2","0.05","0.55","0.8","300","3157","2994","163","0.05163129553373456","2994","611","0.3119667729590341","0.030055557415069174"
"1039","300","0.4","0.3","0.2","0.05","0.55","0.8","300","3165","3018","147","0.046445497630331754","3018","618","0.312860398605673","0.03491195075177365"
"1040","300","0.4","0.3","0.2","0.05","0.55","0.8","300","3131","2964","167","0.0533375918236985","2964","560","0.3097501529336327","0.03187484776673384"
"1041","300","0.4","0.3","0.2","0.05","0.6","0.2","300","88489","7687","80802","0.9131304455921075","7687","6135","0.7844711917822131","1"
"1042","300","0.4","0.3","0.2","0.05","0.6","0.2","300","88579","7724","80855","0.912801002494948","7724","6146","0.7912016042151039","1"
"1043","300","0.4","0.3","0.2","0.05","0.6","0.2","300","88531","7689","80842","0.9131490664287086","7689","6154","0.797038433821481","1"
"1044","300","0.4","0.3","0.2","0.05","0.6","0.2","300","88411","7630","80781","0.9136985216771669","7630","6096","0.7798667003420585","1"
"1048","300","0.4","0.3","0.2","0.05","0.6","0.2","300","88509","7646","80863","0.9136133048616525","7646","6101","0.7760814829268575","1"
"1047","300","0.4","0.3","0.2","0.05","0.6","0.2","300","88578","7773","80805","0.9122468332994649","7773","6172","0.7997206932096051","1"
"1045","300","0.4","0.3","0.2","0.05","0.6","0.2","300","88598","7688","80910","0.9132260321903429","7688","6158","0.7982129253795717","1"
"1049","300","0.4","0.3","0.2","0.05","0.6","0.2","300","88574","7646","80928","0.9136766997087181","7646","6127","0.7831495591724992","1"
"1050","300","0.4","0.3","0.2","0.05","0.6","0.2","300","88558","7748","80810","0.912509315928544","7748","6122","0.7874625495021492","1"
"1046","300","0.4","0.3","0.2","0.05","0.6","0.2","300","88578","7689","80889","0.9131951500372553","7689","6114","0.7868027560709846","1"
"1053","300","0.4","0.3","0.2","0.05","0.6","0.25","300","87705","8968","78737","0.8977481329456701","8968","6699","0.799005839053418","1"
"1051","300","0.4","0.3","0.2","0.05","0.6","0.25","300","87554","8969","78585","0.8975603627475615","8969","6738","0.8189514182532208","1"
"1052","300","0.4","0.3","0.2","0.05","0.6","0.25","300","87541","8867","78674","0.8987103185935733","8867","6683","0.7777648234109974","1"
"1054","300","0.4","0.3","0.2","0.05","0.6","0.25","300","87457","8908","78549","0.8981442308791749","8908","6692","0.8109399090783399","1"
"1057","300","0.4","0.3","0.2","0.05","0.6","0.25","300","87421","8917","78504","0.897999336543851","8917","6670","0.8098136892058848","1"
"1055","300","0.4","0.3","0.2","0.05","0.6","0.25","300","87626","8952","78674","0.8978385410722844","8952","6686","0.7971689140116182","1"
"1056","300","0.4","0.3","0.2","0.05","0.6","0.25","300","87529","8978","78551","0.8974282809126118","8978","6706","0.8061293906730642","1"
"1059","300","0.4","0.3","0.2","0.05","0.6","0.25","300","87398","8911","78487","0.8980411451062953","8911","6711","0.8047013111449868","1"
"1060","300","0.4","0.3","0.2","0.05","0.6","0.25","300","87680","8997","78683","0.8973882299270073","8997","6713","0.8056100847177057","1"
"1058","300","0.4","0.3","0.2","0.05","0.6","0.25","300","87512","8951","78561","0.8977168845415486","8951","6686","0.8120044118751727","1"
"1062","300","0.4","0.3","0.2","0.05","0.6","0.3","300","79210","10226","68984","0.8709001388713546","10226","7106","0.8224406814463091","1"
"1063","300","0.4","0.3","0.2","0.05","0.6","0.3","300","78872","10094","68778","0.8720204888933969","10094","7023","0.8043463095553723","1"
"1061","300","0.4","0.3","0.2","0.05","0.6","0.3","300","78838","10103","68735","0.8718511377761993","10103","7053","0.8130480258887354","1"
"1064","300","0.4","0.3","0.2","0.05","0.6","0.3","300","78326","9961","68365","0.8728263922579986","9961","7007","0.8086012068311311","1"
"1071","300","0.4","0.3","0.2","0.05","0.6","0.35","300","28218","8038","20180","0.7151463604791268","8038","5224","0.6412586505924331","0.31207060716686935"
"1072","300","0.4","0.3","0.2","0.05","0.6","0.35","300","28547","8105","20442","0.7160822503240271","8105","5317","0.6555017990061648","0.30922033960617723"
"1073","300","0.4","0.3","0.2","0.05","0.6","0.35","300","28287","8105","20182","0.7134726199314173","8105","5209","0.6548823187107353","0.30879267789821685"
"1074","300","0.4","0.3","0.2","0.05","0.6","0.35","300","28412","8056","20356","0.716457834717725","8056","5207","0.6457108206413616","0.31049992661223935"
"1075","300","0.4","0.3","0.2","0.05","0.6","0.35","300","28340","7989","20351","0.7181016231474947","7989","5223","0.6382397578142193","0.30775282572038914"
"1066","300","0.4","0.3","0.2","0.05","0.6","0.3","300","77619","10094","67525","0.8699545214444917","10094","7040","0.8269234286941208","1"
"1076","300","0.4","0.3","0.2","0.05","0.6","0.35","300","28244","8081","20163","0.7138861351083416","8081","5238","0.641424120506515","0.313407766115336"
"1065","300","0.4","0.3","0.2","0.05","0.6","0.3","300","77857","10015","67842","0.8713667364527274","10015","7013","0.8087262189631018","1"
"1078","300","0.4","0.3","0.2","0.05","0.6","0.35","300","28421","8034","20387","0.7173216987438865","8034","5242","0.6323075122053108","0.31259480350800173"
"1077","300","0.4","0.3","0.2","0.05","0.6","0.35","300","28339","8080","20259","0.7148805533011044","8080","5289","0.6356898084350775","0.31337191069084225"
"1081","300","0.4","0.3","0.2","0.05","0.6","0.4","300","14909","6773","8136","0.5457106445771011","6773","4068","0.5391507162310747","0.1652979474075779"
"1068","300","0.4","0.3","0.2","0.05","0.6","0.3","300","78960","10121","68839","0.8718211752786221","10121","7095","0.8126354190110534","1"
"1067","300","0.4","0.3","0.2","0.05","0.6","0.3","300","78499","10084","68415","0.8715397648377686","10084","7040","0.8172374874944709","1"
"1079","300","0.4","0.3","0.2","0.05","0.6","0.35","300","28409","8036","20373","0.7171318948220634","8036","5262","0.644157383992792","0.30984896767918446"
"1082","300","0.4","0.3","0.2","0.05","0.6","0.4","300","15015","6744","8271","0.5508491508491509","6744","4013","0.5340504569061691","0.15848093190280754"
"1083","300","0.4","0.3","0.2","0.05","0.6","0.4","300","14877","6767","8110","0.5451367883309807","6767","4061","0.5373161105689509","0.1596986466251827"
"1069","300","0.4","0.3","0.2","0.05","0.6","0.3","300","78801","10097","68704","0.8718671082854279","10097","7052","0.8127343062203033","1"
"1080","300","0.4","0.3","0.2","0.05","0.6","0.35","300","28367","8137","20230","0.7131526069023866","8137","5313","0.6483652338957052","0.31152072786390844"
"1070","300","0.4","0.3","0.2","0.05","0.6","0.3","300","78572","10092","68480","0.8715572977651072","10092","7036","0.8109810023065137","1"
"1086","300","0.4","0.3","0.2","0.05","0.6","0.4","300","14743","6753","7990","0.5419521128671234","6753","3973","0.5297800870995265","0.1643648472487812"
"1085","300","0.4","0.3","0.2","0.05","0.6","0.4","300","14871","6793","8078","0.5432048954340662","6793","4041","0.5417264808262239","0.1533781400816179"
"1084","300","0.4","0.3","0.2","0.05","0.6","0.4","300","14937","6740","8197","0.54877150699605","6740","4083","0.5437408864641587","0.1600241328095541"
"1087","300","0.4","0.3","0.2","0.05","0.6","0.4","300","14933","6753","8180","0.5477800843768834","6753","4032","0.5352311101096844","0.157921375439145"
"1088","300","0.4","0.3","0.2","0.05","0.6","0.4","300","14865","6748","8117","0.5460477632021528","6748","4054","0.5274999139898797","0.16446575203366287"
"1091","300","0.4","0.3","0.2","0.05","0.6","0.45","300","8879","5416","3463","0.39002139880617187","5416","2979","0.4712944682015644","0.09331082888898938"
"1092","300","0.4","0.3","0.2","0.05","0.6","0.45","300","8801","5397","3404","0.3867742302011135","5397","3057","0.47038589685265986","0.08764176378194583"
"1093","300","0.4","0.3","0.2","0.05","0.6","0.45","300","8737","5404","3333","0.3814810575712487","5404","2940","0.4612397450370693","0.08906118400536815"
"1094","300","0.4","0.3","0.2","0.05","0.6","0.45","300","8724","5418","3306","0.37895460797799174","5418","2979","0.45669535701388964","0.08960192458444986"
"1089","300","0.4","0.3","0.2","0.05","0.6","0.4","300","14938","6757","8181","0.5476636765296559","6757","4063","0.5402903669697342","0.15960008709770657"
"1102","300","0.4","0.3","0.2","0.05","0.6","0.5","300","6139","4458","1681","0.27382309822446654","4458","2142","0.41078442567209467","0.06133001129390492"
"1095","300","0.4","0.3","0.2","0.05","0.6","0.45","300","8728","5391","3337","0.3823327222731439","5391","2952","0.4558276970733349","0.09216613097682348"
"1097","300","0.4","0.3","0.2","0.05","0.6","0.45","300","8757","5381","3376","0.385520155304328","5381","2995","0.4643091209120302","0.09576105682567278"
"1096","300","0.4","0.3","0.2","0.05","0.6","0.45","300","8814","5381","3433","0.38949398683911957","5381","2939","0.46480242658590215","0.09158605755409813"
"1098","300","0.4","0.3","0.2","0.05","0.6","0.45","300","8890","5405","3485","0.39201349831271093","5405","3008","0.46482847188111936","0.09064918373811798"
"1090","300","0.4","0.3","0.2","0.05","0.6","0.4","300","15030","6698","8332","0.5543579507651364","6698","4054","0.5458640967763859","0.15876029565391037"
"1103","300","0.4","0.3","0.2","0.05","0.6","0.5","300","6126","4431","1695","0.27668952007835457","4431","2208","0.3971820542045056","0.06964564485034586"
"1100","300","0.4","0.3","0.2","0.05","0.6","0.45","300","8865","5378","3487","0.39334461364918216","5378","2968","0.4600935829493436","0.09799885625588278"
"1101","300","0.4","0.3","0.2","0.05","0.6","0.5","300","6196","4405","1791","0.289057456423499","4405","2216","0.40912827764727105","0.061247928631270494"
"1099","300","0.4","0.3","0.2","0.05","0.6","0.45","300","8768","5425","3343","0.3812728102189781","5425","2915","0.45257296166065897","0.0919431900041008"
"1104","300","0.4","0.3","0.2","0.05","0.6","0.5","300","6090","4413","1677","0.27536945812807884","4413","2110","0.3970660998258402","0.07127219078969733"
"1105","300","0.4","0.3","0.2","0.05","0.6","0.5","300","6144","4438","1706","0.2776692708333333","4438","2205","0.4019065874902643","0.07247837901623155"
"1107","300","0.4","0.3","0.2","0.05","0.6","0.5","300","6149","4417","1732","0.28167181655553747","4417","2232","0.4031762931581053","0.07352733566969008"
"1108","300","0.4","0.3","0.2","0.05","0.6","0.5","300","6093","4434","1659","0.2722796651895618","4434","2195","0.398414386904433","0.07087266417109551"
"1106","300","0.4","0.3","0.2","0.05","0.6","0.5","300","6092","4393","1699","0.2788903479973736","4393","2202","0.40312260898578295","0.06450252370120743"
"1111","300","0.4","0.3","0.2","0.05","0.6","0.55","300","4821","3858","963","0.1997510889856876","3858","1685","0.3747253874442083","0.04793035097388746"
"1109","300","0.4","0.3","0.2","0.05","0.6","0.5","300","6144","4444","1700","0.2766927083333333","4444","2206","0.40449542293318574","0.06964475229089204"
"1110","300","0.4","0.3","0.2","0.05","0.6","0.5","300","6090","4421","1669","0.274055829228243","4421","2185","0.41285215843339834","0.06331827698395293"
"1112","300","0.4","0.3","0.2","0.05","0.6","0.55","300","4806","3833","973","0.20245526425301708","3833","1633","0.3707665534472548","0.04944074196931137"
"1113","300","0.4","0.3","0.2","0.05","0.6","0.55","300","4836","3832","1004","0.2076095947063689","3832","1734","0.37826572976782796","0.04194961561676314"
"1116","300","0.4","0.3","0.2","0.05","0.6","0.55","300","4810","3865","945","0.19646569646569648","3865","1739","0.37481663473751137","0.04822842708364016"
"1115","300","0.4","0.3","0.2","0.05","0.6","0.55","300","4819","3856","963","0.19983399045445113","3856","1738","0.37609644942009135","0.04459288065109481"
"1114","300","0.4","0.3","0.2","0.05","0.6","0.55","300","4776","3874","902","0.1888609715242881","3874","1713","0.37416054865005993","0.0519466944010636"
"1117","300","0.4","0.3","0.2","0.05","0.6","0.55","300","4839","3830","1009","0.20851415581731764","3830","1695","0.37084622007225365","0.0532494266922642"
"1118","300","0.4","0.3","0.2","0.05","0.6","0.55","300","4803","3849","954","0.19862585883822612","3849","1715","0.37406094297044146","0.04392919025527769"
"1121","300","0.4","0.3","0.2","0.05","0.6","0.6","300","4094","3471","623","0.15217391304347827","3471","1409","0.3572149380631675","0.037040669849602297"
"1124","300","0.4","0.3","0.2","0.05","0.6","0.6","300","4140","3486","654","0.15797101449275364","3486","1375","0.3551981778461916","0.04434547405164793"
"1125","300","0.4","0.3","0.2","0.05","0.6","0.6","300","4123","3513","610","0.14795052146495272","3513","1375","0.3536211396590599","0.042238641982845986"
"1122","300","0.4","0.3","0.2","0.05","0.6","0.6","300","4135","3512","623","0.15066505441354291","3512","1424","0.3541297802525014","0.041164356260517475"
"1123","300","0.4","0.3","0.2","0.05","0.6","0.6","300","4097","3497","600","0.1464486209421528","3497","1356","0.35458832237951476","0.044982955378021154"
"1120","300","0.4","0.3","0.2","0.05","0.6","0.55","300","4829","3865","964","0.19962725201905157","3865","1749","0.3727830255187541","0.04283804041430507"
"1119","300","0.4","0.3","0.2","0.05","0.6","0.55","300","4800","3855","945","0.196875","3855","1701","0.3776257143501991","0.04848032011536985"
"1127","300","0.4","0.3","0.2","0.05","0.6","0.6","300","4104","3500","604","0.14717348927875243","3500","1382","0.3542348258138235","0.047700515261915294"
"1128","300","0.4","0.3","0.2","0.05","0.6","0.6","300","4103","3491","612","0.149159151840117","3491","1379","0.3549502405926288","0.04840381453763709"
"1131","300","0.4","0.3","0.2","0.05","0.6","0.65","300","3594","3206","388","0.10795770728992765","3206","1156","0.33694935634099965","0.04386295906351058"
"1126","300","0.4","0.3","0.2","0.05","0.6","0.6","300","4121","3457","664","0.16112594030575103","3457","1368","0.3474766235518368","0.0451766328592937"
"1132","300","0.4","0.3","0.2","0.05","0.6","0.65","300","3671","3278","393","0.10705529828384637","3278","1141","0.33509475384765475","0.03525219712811196"
"1130","300","0.4","0.3","0.2","0.05","0.6","0.6","300","4056","3475","581","0.14324457593688364","3475","1338","0.3525929543147219","0.04977499498540399"
"1129","300","0.4","0.3","0.2","0.05","0.6","0.6","300","4154","3501","653","0.15719788155994222","3501","1404","0.3517772560397543","0.04084602157818913"
"1134","300","0.4","0.3","0.2","0.05","0.6","0.65","300","3644","3238","406","0.11141602634467618","3238","1139","0.330458886984665","0.046903107876104674"
"1133","300","0.4","0.3","0.2","0.05","0.6","0.65","300","3655","3241","414","0.11326949384404925","3241","1125","0.3365143862012828","0.036814778513014255"
"1135","300","0.4","0.3","0.2","0.05","0.6","0.65","300","3673","3241","432","0.11761502858698611","3241","1142","0.3373819190783891","0.039656124144216764"
"1136","300","0.4","0.3","0.2","0.05","0.6","0.65","300","3672","3240","432","0.11764705882352941","3240","1124","0.3415995322051815","0.03781501010367711"
"1137","300","0.4","0.3","0.2","0.05","0.6","0.65","300","3617","3220","397","0.10975946917334808","3220","1097","0.3354630354623389","0.035280916040490794"
"1138","300","0.4","0.3","0.2","0.05","0.6","0.65","300","3655","3205","450","0.12311901504787962","3205","1079","0.33214015003240877","0.03811543531962857"
"1142","300","0.4","0.3","0.2","0.05","0.6","0.7","300","3460","3157","303","0.08757225433526011","3157","985","0.329577607552911","0.02476846900957837"
"1141","300","0.4","0.3","0.2","0.05","0.6","0.7","300","3379","3097","282","0.08345664397750814","3097","938","0.32802283658112685","0.03331501751432662"
"1139","300","0.4","0.3","0.2","0.05","0.6","0.65","300","3668","3275","393","0.10714285714285714","3275","1109","0.33873472053481657","0.04020723944506809"
"1144","300","0.4","0.3","0.2","0.05","0.6","0.7","300","3461","3125","336","0.09708176827506501","3125","945","0.3252542832770239","0.044680608349808394"
"1146","300","0.4","0.3","0.2","0.05","0.6","0.7","300","3397","3107","290","0.08536944362672946","3107","915","0.32450599451596385","0.03498003922956998"
"1140","300","0.4","0.3","0.2","0.05","0.6","0.65","300","3624","3237","387","0.10678807947019868","3237","1144","0.3415900236716756","0.03762887948181224"
"1152","300","0.4","0.3","0.2","0.05","0.6","0.75","300","3205","3007","198","0.061778471138845555","3007","767","0.3165858330464943","0.03470369888950507"
"1143","300","0.4","0.3","0.2","0.05","0.6","0.7","300","3367","3090","277","0.08226908226908226","3090","890","0.3219346287233408","0.04640246343004912"
"1151","300","0.4","0.3","0.2","0.05","0.6","0.75","300","3266","3030","236","0.07225964482547459","3030","745","0.31669459334642247","0.033502889012621655"
"1145","300","0.4","0.3","0.2","0.05","0.6","0.7","300","3388","3103","285","0.08412042502951594","3103","938","0.32836955472763035","0.03184957664480058"
"1156","300","0.4","0.3","0.2","0.05","0.6","0.75","300","3193","2980","213","0.06670842467898529","2980","716","0.31866945470580055","0.035479645698280035"
"1158","300","0.4","0.3","0.2","0.05","0.6","0.75","300","3177","2971","206","0.06484104501101669","2971","759","0.31689800489993114","0.0377488590151274"
"1157","300","0.4","0.3","0.2","0.05","0.6","0.75","300","3298","3046","252","0.07640994542146756","3046","777","0.31788451213205404","0.025570579310723384"
"1155","300","0.4","0.3","0.2","0.05","0.6","0.75","300","3249","3020","229","0.07048322560787934","3020","755","0.31881146823679246","0.034647995900323456"
"1154","300","0.4","0.3","0.2","0.05","0.6","0.75","300","3212","3011","201","0.06257783312577833","3011","755","0.3179780236568544","0.027954392702856084"
"1148","300","0.4","0.3","0.2","0.05","0.6","0.7","300","3388","3112","276","0.08146399055489964","3112","948","0.32854754811206904","0.036366377742593096"
"1149","300","0.4","0.3","0.2","0.05","0.6","0.7","300","3392","3091","301","0.08873820754716981","3091","891","0.3284796513241689","0.03744602734356643"
"1153","300","0.4","0.3","0.2","0.05","0.6","0.75","300","3237","3013","224","0.06919987642879209","3013","713","0.31581034841298405","0.03848383171086014"
"1150","300","0.4","0.3","0.2","0.05","0.6","0.7","300","3399","3096","303","0.08914386584289496","3096","950","0.3269702020566751","0.0315657095539082"
"1147","300","0.4","0.3","0.2","0.05","0.6","0.7","300","3393","3131","262","0.07721780135573239","3131","923","0.3246829712746644","0.0355799485039609"
"1159","300","0.4","0.3","0.2","0.05","0.6","0.75","300","3245","3041","204","0.06286594761171033","3041","775","0.31623808185067775","0.03478415407433789"
"1160","300","0.4","0.3","0.2","0.05","0.6","0.75","300","3242","3022","220","0.06785934608266501","3022","783","0.3174540624528242","0.03768932464404957"
"1162","300","0.4","0.3","0.2","0.05","0.6","0.8","300","3154","2979","175","0.0554850982878884","2979","600","0.31108124221128186","0.03289944438718361"
"1163","300","0.4","0.3","0.2","0.05","0.6","0.8","300","3090","2947","143","0.04627831715210356","2947","614","0.31140441134891034","0.030709395958857157"
"1161","300","0.4","0.3","0.2","0.05","0.6","0.8","300","3091","2936","155","0.050145583953413134","2936","602","0.31385391125548584","0.03368964987289915"
"1167","300","0.4","0.3","0.2","0.05","0.6","0.8","300","3126","2928","198","0.06333973128598848","2928","580","0.3090611380714027","0.03492402520590998"
"1169","300","0.4","0.3","0.2","0.05","0.6","0.8","300","3092","2916","176","0.056921086675291076","2916","609","0.31169496251222883","0.032136980137564844"
"1164","300","0.4","0.3","0.2","0.05","0.6","0.8","300","3120","2945","175","0.05608974358974359","2945","599","0.31111482431829796","0.04100032873674734"
"1166","300","0.4","0.3","0.2","0.05","0.6","0.8","300","3131","2988","143","0.04567230916640051","2988","639","0.310633187031544","0.029169908867985022"
"1165","300","0.4","0.3","0.2","0.05","0.6","0.8","300","3157","2982","175","0.05543237250554324","2982","609","0.3115137268343237","0.031440331076000826"
"1170","300","0.4","0.3","0.2","0.05","0.6","0.8","300","3067","2896","171","0.05575480925986306","2896","564","0.3102579187653205","0.03466763604958092"
"1168","300","0.4","0.3","0.2","0.05","0.6","0.8","300","3083","2944","139","0.045085955238404155","2944","567","0.31352733727193693","0.0314180646895105"
"1173","300","0.4","0.3","0.2","0.05","0.65","0.2","300","88615","7414","81201","0.9163347063138295","7414","5994","0.7940945792298154","1"
"1171","300","0.4","0.3","0.2","0.05","0.65","0.2","300","88656","7420","81236","0.9163057209889911","7420","5979","0.792855283473952","1"
"1175","300","0.4","0.3","0.2","0.05","0.65","0.2","300","88587","7483","81104","0.9155293666113538","7483","5963","0.7910446405176186","1"
"1174","300","0.4","0.3","0.2","0.05","0.65","0.2","300","88532","7414","81118","0.9162562689197127","7414","5951","0.7823621123569166","1"
"1176","300","0.4","0.3","0.2","0.05","0.65","0.2","300","88705","7477","81228","0.9157093737669805","7477","5968","0.7854703692396803","1"
"1172","300","0.4","0.3","0.2","0.05","0.65","0.2","300","88481","7435","81046","0.9159706603677625","7435","5981","0.8061765196433568","1"
"1177","300","0.4","0.3","0.2","0.05","0.65","0.2","300","88627","7437","81190","0.9160865199092827","7437","5948","0.8046838116763079","1"
"1180","300","0.4","0.3","0.2","0.05","0.65","0.2","300","88587","7424","81163","0.9161953785544155","7424","5923","0.7907705502312338","1"
"1178","300","0.4","0.3","0.2","0.05","0.65","0.2","300","88608","7463","81145","0.9157750993138317","7463","6006","0.7840469246648454","1"
"1179","300","0.4","0.3","0.2","0.05","0.65","0.2","300","88600","7485","81115","0.9155191873589165","7485","5978","0.8049581586087948","1"
"1181","300","0.4","0.3","0.2","0.05","0.65","0.25","300","87590","8664","78926","0.9010845986984816","8664","6496","0.8153499018141055","1"
"1182","300","0.4","0.3","0.2","0.05","0.65","0.25","300","87568","8675","78893","0.9009341311894756","8675","6402","0.7980908998043902","1"
"1183","300","0.4","0.3","0.2","0.05","0.65","0.25","300","87746","8698","79048","0.9008729742666333","8698","6491","0.794343713998198","1"
"1184","300","0.4","0.3","0.2","0.05","0.65","0.25","300","87711","8562","79149","0.9023839655231385","8562","6510","0.8208124552951974","1"
"1186","300","0.4","0.3","0.2","0.05","0.65","0.25","300","87481","8645","78836","0.9011785416261817","8645","6455","0.7985088687557358","1"
"1185","300","0.4","0.3","0.2","0.05","0.65","0.25","300","87822","8708","79114","0.9008448908018492","8708","6450","0.8028862127268043","1"
"1188","300","0.4","0.3","0.2","0.05","0.65","0.25","300","87770","8720","79050","0.9006494246325624","8720","6486","0.8050696154034083","1"
"1189","300","0.4","0.3","0.2","0.05","0.65","0.25","300","87503","8644","78859","0.9012148154920403","8644","6435","0.8007280058923043","1"
"1187","300","0.4","0.3","0.2","0.05","0.65","0.25","300","87491","8649","78842","0.9011441176806757","8649","6488","0.8124096873619815","1"
"1191","300","0.4","0.3","0.2","0.05","0.65","0.3","300","79035","9773","69262","0.876345922692478","9773","6836","0.8094733394494628","1"
"1190","300","0.4","0.3","0.2","0.05","0.65","0.25","300","87655","8666","78989","0.901135132051794","8666","6440","0.7997856954489418","1"
"1193","300","0.4","0.3","0.2","0.05","0.65","0.3","300","78489","9710","68779","0.8762883971002307","9710","6824","0.8334906473893453","1"
"1192","300","0.4","0.3","0.2","0.05","0.65","0.3","300","79448","9895","69553","0.8754531265733562","9895","6861","0.8207990479636221","1"
"1194","300","0.4","0.3","0.2","0.05","0.65","0.3","300","78948","9766","69182","0.8762983229467498","9766","6803","0.8125646479050427","1"
"1201","300","0.4","0.3","0.2","0.05","0.65","0.35","300","28116","7826","20290","0.721653151230616","7826","5060","0.6506757495781372","0.30822762460792175"
"1202","300","0.4","0.3","0.2","0.05","0.65","0.35","300","28110","7849","20261","0.7207755247242974","7849","5059","0.6591283766948396","0.30997384805255107"
"1205","300","0.4","0.3","0.2","0.05","0.65","0.35","300","28183","7894","20289","0.7199020686229287","7894","5116","0.6766754843390143","0.30927289705410405"
"1204","300","0.4","0.3","0.2","0.05","0.65","0.35","300","28453","7863","20590","0.7236495272906196","7863","5093","0.6450630008898361","0.31050075091629203"
"1203","300","0.4","0.3","0.2","0.05","0.65","0.35","300","28355","7774","20581","0.7258331863868807","7774","5108","0.6460905011330546","0.31246238207494015"
"1206","300","0.4","0.3","0.2","0.05","0.65","0.35","300","28216","7906","20310","0.7198043663169833","7906","5083","0.6481123850011287","0.30844804296637635"
"1196","300","0.4","0.3","0.2","0.05","0.65","0.3","300","78379","9679","68700","0.8765102897459779","9679","6794","0.8062499027950806","1"
"1197","300","0.4","0.3","0.2","0.05","0.65","0.3","300","79191","9801","69390","0.876235935901807","9801","6880","0.8368101093249086","1"
"1195","300","0.4","0.3","0.2","0.05","0.65","0.3","300","78399","9677","68722","0.8765673031543769","9677","6791","0.8311229601198463","1"
"1198","300","0.4","0.3","0.2","0.05","0.65","0.3","300","78491","9765","68726","0.8755908320699188","9765","6854","0.8217069924658448","1"
"1208","300","0.4","0.3","0.2","0.05","0.65","0.35","300","28297","7847","20450","0.7226914513906068","7847","5135","0.6686779816556354","0.30772433851030706"
"1207","300","0.4","0.3","0.2","0.05","0.65","0.35","300","28207","7802","20405","0.7234019924132308","7802","5095","0.6459670509206537","0.3090426665111101"
"1200","300","0.4","0.3","0.2","0.05","0.65","0.3","300","79148","9753","69395","0.8767751554050639","9753","6825","0.8229935333138186","1"
"1199","300","0.4","0.3","0.2","0.05","0.65","0.3","300","79530","9858","69672","0.8760467748019615","9858","6820","0.8260260240391463","1"
"1211","300","0.4","0.3","0.2","0.05","0.65","0.4","300","14698","6513","8185","0.5568784868689618","6513","3924","0.5506319542667633","0.1549846476971422"
"1212","300","0.4","0.3","0.2","0.05","0.65","0.4","300","14569","6566","8003","0.5493170430365846","6566","3863","0.52801072129034","0.1647078638685205"
"1209","300","0.4","0.3","0.2","0.05","0.65","0.35","300","28265","7810","20455","0.7236865381213515","7810","5127","0.6416727582775501","0.30977474236199226"
"1214","300","0.4","0.3","0.2","0.05","0.65","0.4","300","14444","6551","7893","0.54645527554694","6551","3915","0.5497230494225153","0.15077173579533384"
"1210","300","0.4","0.3","0.2","0.05","0.65","0.35","300","28382","7854","20528","0.7232753153407089","7854","5122","0.6546331873917829","0.30850568589246413"
"1213","300","0.4","0.3","0.2","0.05","0.65","0.4","300","14567","6558","8009","0.549804352303151","6558","3957","0.5548932931472382","0.15373630369697075"
"1215","300","0.4","0.3","0.2","0.05","0.65","0.4","300","14713","6549","8164","0.5548834364167743","6549","3915","0.5510642818610343","0.1498690816351721"
"1216","300","0.4","0.3","0.2","0.05","0.65","0.4","300","14610","6540","8070","0.5523613963039015","6540","3929","0.5513041633360477","0.15710012641586646"
"1217","300","0.4","0.3","0.2","0.05","0.65","0.4","300","14613","6566","8047","0.5506740573461986","6566","4001","0.5572933417486972","0.14846385140275759"
"1218","300","0.4","0.3","0.2","0.05","0.65","0.4","300","14586","6535","8051","0.5519676402029343","6535","3921","0.5480675293093521","0.1632233641117447"
"1221","300","0.4","0.3","0.2","0.05","0.65","0.45","300","8527","5202","3325","0.38993784449396035","5202","2871","0.4462964140314064","0.09338573136150205"
"1219","300","0.4","0.3","0.2","0.05","0.65","0.4","300","14634","6548","8086","0.5525488588219215","6548","3922","0.5483779627226814","0.16185102072936053"
"1222","300","0.4","0.3","0.2","0.05","0.65","0.45","300","8542","5199","3343","0.39136033715757435","5199","2890","0.4639480430538212","0.08863159023827194"
"1223","300","0.4","0.3","0.2","0.05","0.65","0.45","300","8583","5228","3355","0.3908889665618082","5228","2905","0.4673846653548287","0.08500542106680967"
"1224","300","0.4","0.3","0.2","0.05","0.65","0.45","300","8587","5222","3365","0.3918714335623617","5222","2866","0.466506215980272","0.08402734994378563"
"1220","300","0.4","0.3","0.2","0.05","0.65","0.4","300","14526","6568","7958","0.5478452430125292","6568","3934","0.5385464154979294","0.15410002144103796"
"1225","300","0.4","0.3","0.2","0.05","0.65","0.45","300","8389","5213","3176","0.3785910120395756","5213","2849","0.4623781050407058","0.10248221107375349"
"1226","300","0.4","0.3","0.2","0.05","0.65","0.45","300","8465","5217","3248","0.3836975782634377","5217","2894","0.46488262604708086","0.09062293936115412"
"1227","300","0.4","0.3","0.2","0.05","0.65","0.45","300","8547","5243","3304","0.38656838656838655","5243","2839","0.4582972483812976","0.08859956777140554"
"1228","300","0.4","0.3","0.2","0.05","0.65","0.45","300","8573","5196","3377","0.39391111629534586","5196","2844","0.4621224167352931","0.0945380569003625"
"1232","300","0.4","0.3","0.2","0.05","0.65","0.5","300","5919","4252","1667","0.2816354113870586","4252","2094","0.4065661039124949","0.07194809656340899"
"1229","300","0.4","0.3","0.2","0.05","0.65","0.45","300","8601","5197","3404","0.39576793396116733","5197","2900","0.45290129540945","0.10036860757334126"
"1231","300","0.4","0.3","0.2","0.05","0.65","0.5","300","5907","4238","1669","0.28254613170814286","4238","2096","0.41233885526180614","0.07017848760362232"
"1233","300","0.4","0.3","0.2","0.05","0.65","0.5","300","5926","4292","1634","0.27573405332433343","4292","2158","0.4139279296422811","0.06204196734886691"
"1230","300","0.4","0.3","0.2","0.05","0.65","0.45","300","8632","5218","3414","0.39550509731232625","5218","2775","0.4663319037844872","0.08507257700488062"
"1234","300","0.4","0.3","0.2","0.05","0.65","0.5","300","5977","4278","1699","0.28425631587753053","4278","2103","0.41032721835440467","0.05876670980267188"
"1235","300","0.4","0.3","0.2","0.05","0.65","0.5","300","5959","4281","1678","0.2815908709515019","4281","2132","0.415153668800706","0.059153529556912866"
"1236","300","0.4","0.3","0.2","0.05","0.65","0.5","300","5932","4294","1638","0.27612946729602156","4294","2121","0.4087559597410114","0.06085189461470712"
"1237","300","0.4","0.3","0.2","0.05","0.65","0.5","300","5926","4256","1670","0.28180897738778266","4256","2106","0.4140224350589119","0.06042278930085197"
"1238","300","0.4","0.3","0.2","0.05","0.65","0.5","300","5872","4284","1588","0.27043596730245234","4284","2131","0.41214304385777606","0.04897751124398881"
"1239","300","0.4","0.3","0.2","0.05","0.65","0.5","300","5958","4305","1653","0.27744209466263847","4305","2125","0.40442510996958514","0.0610690631761499"
"1241","300","0.4","0.3","0.2","0.05","0.65","0.55","300","4706","3752","954","0.20271993200169997","3752","1646","0.37536777212705974","0.043537371916083936"
"1240","300","0.4","0.3","0.2","0.05","0.65","0.5","300","5953","4298","1655","0.2780110868469679","4298","2147","0.42078268454125184","0.054644769277430165"
"1242","300","0.4","0.3","0.2","0.05","0.65","0.55","300","4655","3730","925","0.19871106337271752","3730","1730","0.38057272466537706","0.04502805740268027"
"1244","300","0.4","0.3","0.2","0.05","0.65","0.55","300","4728","3767","961","0.20325719120135363","3767","1708","0.3794424462011656","0.05075128648322579"
"1243","300","0.4","0.3","0.2","0.05","0.65","0.55","300","4708","3733","975","0.20709430756159727","3733","1684","0.3759824761155134","0.052873552929274446"
"1246","300","0.4","0.3","0.2","0.05","0.65","0.55","300","4683","3729","954","0.20371556694426649","3729","1683","0.37643861600397654","0.04417740717951679"
"1245","300","0.4","0.3","0.2","0.05","0.65","0.55","300","4659","3740","919","0.19725262931959647","3740","1644","0.3840082482257944","0.036622165835152716"
"1251","300","0.4","0.3","0.2","0.05","0.65","0.6","300","4049","3399","650","0.16053346505309954","3399","1414","0.35378948471512356","0.041845726495139894"
"1253","300","0.4","0.3","0.2","0.05","0.65","0.6","300","3967","3370","597","0.15049155533148476","3370","1343","0.34930828207072484","0.043844287657544445"
"1247","300","0.4","0.3","0.2","0.05","0.65","0.55","300","4685","3739","946","0.20192102454642477","3739","1721","0.38124696234312155","0.05358063627808707"
"1249","300","0.4","0.3","0.2","0.05","0.65","0.55","300","4676","3723","953","0.2038066723695466","3723","1718","0.37360311851141964","0.04630731512811187"
"1252","300","0.4","0.3","0.2","0.05","0.65","0.6","300","4055","3398","657","0.1620221948212084","3398","1391","0.35406397659605066","0.05381509765138534"
"1250","300","0.4","0.3","0.2","0.05","0.65","0.55","300","4672","3702","970","0.20761986301369864","3702","1668","0.37326936955054496","0.05972070809635278"
"1248","300","0.4","0.3","0.2","0.05","0.65","0.55","300","4587","3707","880","0.19184652278177458","3707","1703","0.3729213228342831","0.05727245611798016"
"1254","300","0.4","0.3","0.2","0.05","0.65","0.6","300","3945","3383","562","0.14245880861850443","3383","1374","0.3521284174487477","0.045664987246124486"
"1255","300","0.4","0.3","0.2","0.05","0.65","0.6","300","3984","3398","586","0.14708835341365462","3398","1361","0.35785200199379913","0.03930365887555606"
"1256","300","0.4","0.3","0.2","0.05","0.65","0.6","300","3995","3381","614","0.1536921151439299","3381","1327","0.3554996541940419","0.04468566970421533"
"1258","300","0.4","0.3","0.2","0.05","0.65","0.6","300","3998","3384","614","0.1535767883941971","3384","1381","0.3602402160485909","0.039984860320186943"
"1257","300","0.4","0.3","0.2","0.05","0.65","0.6","300","3979","3372","607","0.1525508921839658","3372","1373","0.35071395210795653","0.04285285224592712"
"1259","300","0.4","0.3","0.2","0.05","0.65","0.6","300","4024","3385","639","0.15879721669980118","3385","1359","0.35881935418002353","0.04775720931174537"
"1260","300","0.4","0.3","0.2","0.05","0.65","0.6","300","4033","3446","587","0.14554921894371436","3446","1389","0.35534253309421376","0.040882685037675226"
"1261","300","0.4","0.3","0.2","0.05","0.65","0.65","300","3579","3197","382","0.10673372450405141","3197","1060","0.34109686819429086","0.03464550231922339"
"1262","300","0.4","0.3","0.2","0.05","0.65","0.65","300","3598","3175","423","0.11756531406336854","3175","1098","0.33884783068427843","0.035363347029079055"
"1264","300","0.4","0.3","0.2","0.05","0.65","0.65","300","3636","3201","435","0.11963696369636964","3201","1063","0.3378759533467603","0.03335201950157404"
"1263","300","0.4","0.3","0.2","0.05","0.65","0.65","300","3615","3199","416","0.11507607192254495","3199","1107","0.33656826593257355","0.042818576145270855"
"1265","300","0.4","0.3","0.2","0.05","0.65","0.65","300","3605","3195","410","0.11373092926490985","3195","1151","0.3413438568703738","0.036392055092292604"
"1266","300","0.4","0.3","0.2","0.05","0.65","0.65","300","3568","3183","385","0.1079035874439462","3183","1123","0.33883992413663944","0.0426314743573275"
"1267","300","0.4","0.3","0.2","0.05","0.65","0.65","300","3638","3212","426","0.1170973062122045","3212","1155","0.3455036035251998","0.03343160078147684"
"1268","300","0.4","0.3","0.2","0.05","0.65","0.65","300","3598","3164","434","0.12062256809338522","3164","1064","0.3372337799249517","0.042963018505398215"
"1270","300","0.4","0.3","0.2","0.05","0.65","0.65","300","3622","3222","400","0.11043622308117063","3222","1078","0.34085720544477593","0.03933171209406865"
"1271","300","0.4","0.3","0.2","0.05","0.65","0.7","300","3328","3037","291","0.08743990384615384","3037","926","0.324718076693586","0.03881898693873532"
"1274","300","0.4","0.3","0.2","0.05","0.65","0.7","300","3316","3043","273","0.08232810615199035","3043","948","0.33036819633215253","0.030042210897482935"
"1275","300","0.4","0.3","0.2","0.05","0.65","0.7","300","3393","3089","304","0.08959622752726201","3089","944","0.32810431509158877","0.03680301477477998"
"1269","300","0.4","0.3","0.2","0.05","0.65","0.65","300","3626","3230","396","0.10921125206839492","3230","1148","0.3372932722660084","0.04163833945834452"
"1276","300","0.4","0.3","0.2","0.05","0.65","0.7","300","3363","3068","295","0.08771929824561403","3068","939","0.33073652641196427","0.03446872793118545"
"1272","300","0.4","0.3","0.2","0.05","0.65","0.7","300","3389","3074","315","0.09294777220419002","3074","930","0.32914373923555235","0.03866780368687652"
"1283","300","0.4","0.3","0.2","0.05","0.65","0.75","300","3128","2918","210","0.06713554987212277","2918","747","0.3172665050656029","0.033100545282366174"
"1281","300","0.4","0.3","0.2","0.05","0.65","0.75","300","3151","2935","216","0.0685496667724532","2935","747","0.31700059801995145","0.03501608866135004"
"1273","300","0.4","0.3","0.2","0.05","0.65","0.7","300","3364","3085","279","0.08293697978596909","3085","912","0.32759437101178984","0.03294528659699783"
"1280","300","0.4","0.3","0.2","0.05","0.65","0.7","300","3373","3097","276","0.08182626741772903","3097","941","0.32906782316851496","0.027744725273678276"
"1279","300","0.4","0.3","0.2","0.05","0.65","0.7","300","3345","3076","269","0.08041853512705531","3076","895","0.3279435227409437","0.035562611294104325"
"1278","300","0.4","0.3","0.2","0.05","0.65","0.7","300","3348","3043","305","0.09109916367980884","3043","933","0.32765710253026065","0.02948680543726684"
"1277","300","0.4","0.3","0.2","0.05","0.65","0.7","300","3338","3040","298","0.08927501497902936","3040","903","0.33345540999804524","0.03128457582216053"
"1282","300","0.4","0.3","0.2","0.05","0.65","0.75","300","3158","2946","212","0.06713109563014566","2946","737","0.3192682316352833","0.03156822017371187"
"1285","300","0.4","0.3","0.2","0.05","0.65","0.75","300","3172","2966","206","0.06494325346784363","2966","755","0.3204104590005131","0.031576546570117"
"1284","300","0.4","0.3","0.2","0.05","0.65","0.75","300","3229","3023","206","0.06379684112728398","3023","759","0.32004877821175326","0.028394170108274698"
"1287","300","0.4","0.3","0.2","0.05","0.65","0.75","300","3148","2956","192","0.060991105463786534","2956","705","0.31573652330100044","0.03290891143058924"
"1286","300","0.4","0.3","0.2","0.05","0.65","0.75","300","3177","2996","181","0.056971986150456407","2996","776","0.31903521816333513","0.030534676431972958"
"1290","300","0.4","0.3","0.2","0.05","0.65","0.75","300","3153","2941","212","0.06723755153821757","2941","690","0.31524586051720926","0.029558056306098982"
"1288","300","0.4","0.3","0.2","0.05","0.65","0.75","300","3167","2961","206","0.06504578465424692","2961","712","0.3170772080814272","0.03263690420468962"
"1289","300","0.4","0.3","0.2","0.05","0.65","0.75","300","3148","2926","222","0.07052096569250317","2926","687","0.31730907320186036","0.0369613545848543"
"1291","300","0.4","0.3","0.2","0.05","0.65","0.8","300","3136","2987","149","0.04751275510204082","2987","590","0.3131763962628836","0.029003082492325583"
"1292","300","0.4","0.3","0.2","0.05","0.65","0.8","300","3050","2895","155","0.05081967213114754","2895","589","0.31267494838323695","0.031472526160658036"
"1300","300","0.4","0.3","0.2","0.05","0.65","0.8","300","3103","2938","165","0.053174347405736386","2938","585","0.31121628170055726","0.04069527108857555"
"1295","300","0.4","0.3","0.2","0.05","0.65","0.8","300","3067","2908","159","0.05184219106618846","2908","550","0.3101029323707596","0.033925410969898095"
"1298","300","0.4","0.3","0.2","0.05","0.65","0.8","300","3108","2948","160","0.05148005148005148","2948","546","0.3102892672850038","0.038906081992568106"
"1294","300","0.4","0.3","0.2","0.05","0.65","0.8","300","3095","2943","152","0.04911147011308562","2943","563","0.31198428346373763","0.03171087968494377"
"1296","300","0.4","0.3","0.2","0.05","0.65","0.8","300","3048","2904","144","0.047244094488188976","2904","589","0.31128625840780016","0.025492106539548004"
"1293","300","0.4","0.3","0.2","0.05","0.65","0.8","300","3044","2903","141","0.046320630749014456","2903","559","0.3126723325781027","0.03961470568995247"
"1299","300","0.4","0.3","0.2","0.05","0.65","0.8","300","3118","2964","154","0.04939063502245029","2964","568","0.3118257185762145","0.037189002760452436"
"1297","300","0.4","0.3","0.2","0.05","0.65","0.8","300","3172","3003","169","0.05327868852459016","3003","612","0.31088858627273375","0.031135596294781204"
"1301","300","0.4","0.3","0.2","0.05","0.7","0.2","300","88699","7137","81562","0.9195368606184963","7137","5727","0.7816882827383267","1"
"1303","300","0.4","0.3","0.2","0.05","0.7","0.2","300","88616","7214","81402","0.9185925792181999","7214","5767","0.8072454549453129","1"
"1304","300","0.4","0.3","0.2","0.05","0.7","0.2","300","88674","7226","81448","0.9185104991316507","7226","5791","0.8285314914295822","1"
"1302","300","0.4","0.3","0.2","0.05","0.7","0.2","300","88691","7258","81433","0.918165315533707","7258","5767","0.7890592558582764","1"
"1305","300","0.4","0.3","0.2","0.05","0.7","0.2","300","88780","7268","81512","0.9181347150259067","7268","5808","0.8005583137604311","1"
"1308","300","0.4","0.3","0.2","0.05","0.7","0.2","300","88570","7264","81306","0.9179857739640962","7264","5757","0.8040936015423316","1"
"1309","300","0.4","0.3","0.2","0.05","0.7","0.2","300","88770","7161","81609","0.9193308550185874","7161","5791","0.8003130363984371","1"
"1306","300","0.4","0.3","0.2","0.05","0.7","0.2","300","88645","7093","81552","0.9199842066670427","7093","5736","0.8123077946622753","1"
"1307","300","0.4","0.3","0.2","0.05","0.7","0.2","300","88734","7205","81529","0.9188022629431785","7205","5808","0.8014551302911896","1"
"1310","300","0.4","0.3","0.2","0.05","0.7","0.2","300","88613","7161","81452","0.9191879295362982","7161","5738","0.8027799245095135","1"
"1311","300","0.4","0.3","0.2","0.05","0.7","0.25","300","87787","8325","79462","0.9051681911900396","8325","6318","0.8152712604355402","1"
"1314","300","0.4","0.3","0.2","0.05","0.7","0.25","300","87657","8411","79246","0.9040464537914827","8411","6289","0.8172967072478644","1"
"1313","300","0.4","0.3","0.2","0.05","0.7","0.25","300","87854","8440","79414","0.9039315227536595","8440","6348","0.825506298526173","1"
"1312","300","0.4","0.3","0.2","0.05","0.7","0.25","300","87656","8331","79325","0.9049580177055764","8331","6282","0.807381264794303","1"
"1315","300","0.4","0.3","0.2","0.05","0.7","0.25","300","87580","8452","79128","0.9034939483900434","8452","6296","0.8324100403450113","1"
"1317","300","0.4","0.3","0.2","0.05","0.7","0.25","300","87596","8325","79271","0.9049614137631855","8325","6228","0.8254213902833839","1"
"1316","300","0.4","0.3","0.2","0.05","0.7","0.25","300","87759","8389","79370","0.9044086646383847","8389","6293","0.7989942056689682","1"
"1318","300","0.4","0.3","0.2","0.05","0.7","0.25","300","87834","8392","79442","0.9044561331602796","8392","6330","0.8359752612513791","1"
"1319","300","0.4","0.3","0.2","0.05","0.7","0.25","300","87643","8386","79257","0.9043163743824378","8386","6289","0.8017500771008846","1"
"1320","300","0.4","0.3","0.2","0.05","0.7","0.25","300","87561","8376","79185","0.9043409737211773","8376","6252","0.8060023200185057","1"
"1321","300","0.4","0.3","0.2","0.05","0.7","0.3","300","78773","9428","69345","0.880314320896754","9428","6608","0.8316283621005315","1"
"1323","300","0.4","0.3","0.2","0.05","0.7","0.3","300","79506","9534","69972","0.8800845219228738","9534","6632","0.8059563178924343","1"
"1322","300","0.4","0.3","0.2","0.05","0.7","0.3","300","79297","9591","69706","0.8790496487887309","9591","6622","0.8101121365230454","1"
"1324","300","0.4","0.3","0.2","0.05","0.7","0.3","300","79555","9536","70019","0.8801332411539187","9536","6656","0.8297274957706909","1"
"1331","300","0.4","0.3","0.2","0.05","0.7","0.35","300","28031","7593","20438","0.72912132995612","7593","4936","0.6553229830511637","0.30788507819817407"
"1332","300","0.4","0.3","0.2","0.05","0.7","0.35","300","28248","7602","20646","0.7308836023789295","7602","4992","0.6680788681652868","0.3060956794032788"
"1333","300","0.4","0.3","0.2","0.05","0.7","0.35","300","27970","7670","20300","0.7257776188773686","7670","4925","0.6551376741808669","0.3082402244058719"
"1334","300","0.4","0.3","0.2","0.05","0.7","0.35","300","28138","7560","20578","0.7313241879309119","7560","4952","0.6651299752427052","0.3075258353949471"
"1325","300","0.4","0.3","0.2","0.05","0.7","0.3","300","78665","9422","69243","0.8802262759804234","9422","6581","0.817712006261365","1"
"1326","300","0.4","0.3","0.2","0.05","0.7","0.3","300","79925","9539","70386","0.8806506099468252","9539","6681","0.8288774975507703","1"
"1335","300","0.4","0.3","0.2","0.05","0.7","0.35","300","27999","7633","20366","0.7273831208257437","7633","4887","0.6527916488489026","0.3090202904530049"
"1336","300","0.4","0.3","0.2","0.05","0.7","0.35","300","28174","7665","20509","0.7279406545041528","7665","4941","0.6623456246944311","0.30828501145503767"
"1337","300","0.4","0.3","0.2","0.05","0.7","0.35","300","28126","7579","20547","0.7305340254568726","7579","4964","0.6564254252793243","0.3081530011537273"
"1327","300","0.4","0.3","0.2","0.05","0.7","0.3","300","78516","9398","69118","0.8803046512812676","9398","6636","0.8409127405293833","1"
"1330","300","0.4","0.3","0.2","0.05","0.7","0.3","300","79343","9445","69898","0.8809598830394616","9445","6616","0.8267314610337237","1"
"1328","300","0.4","0.3","0.2","0.05","0.7","0.3","300","79242","9507","69735","0.8800257439236768","9507","6682","0.8338528374449448","1"
"1329","300","0.4","0.3","0.2","0.05","0.7","0.3","300","79180","9513","69667","0.8798560242485476","9513","6679","0.8389651336389661","1"
"1338","300","0.4","0.3","0.2","0.05","0.7","0.35","300","28259","7503","20756","0.7344916663717753","7503","4909","0.6547727142732661","0.30973778889795495"
"1341","300","0.4","0.3","0.2","0.05","0.7","0.4","300","14425","6398","8027","0.5564644714038128","6398","3825","0.5460480907399897","0.15766477151920538"
"1343","300","0.4","0.3","0.2","0.05","0.7","0.4","300","14489","6367","8122","0.5605631858651391","6367","3810","0.5461464639997893","0.15541095019973847"
"1342","300","0.4","0.3","0.2","0.05","0.7","0.4","300","14317","6370","7947","0.555074387092268","6370","3732","0.547261836964676","0.15201727170043586"
"1344","300","0.4","0.3","0.2","0.05","0.7","0.4","300","14393","6367","8026","0.5576321823108455","6367","3819","0.5395191739439101","0.1559287786893605"
"1339","300","0.4","0.3","0.2","0.05","0.7","0.35","300","28223","7585","20638","0.7312475640435107","7585","4953","0.6501221811341232","0.3099873984762542"
"1345","300","0.4","0.3","0.2","0.05","0.7","0.4","300","14426","6352","8074","0.5596839040621101","6352","3836","0.5619686444025557","0.15407937235447383"
"1346","300","0.4","0.3","0.2","0.05","0.7","0.4","300","14483","6352","8131","0.561416833528965","6352","3810","0.5496484208039518","0.15529872273029807"
"1340","300","0.4","0.3","0.2","0.05","0.7","0.35","300","28382","7566","20816","0.7334225917835248","7566","4986","0.6604895560388216","0.30889619281600456"
"1347","300","0.4","0.3","0.2","0.05","0.7","0.4","300","14437","6348","8089","0.5602964604834799","6348","3820","0.5556338530332127","0.1535135973732387"
"1348","300","0.4","0.3","0.2","0.05","0.7","0.4","300","14410","6369","8041","0.5580152671755725","6369","3795","0.5397819062269771","0.15344058078770026"
"1351","300","0.4","0.3","0.2","0.05","0.7","0.45","300","8361","5039","3322","0.39732089462982895","5039","2732","0.461013309181005","0.08652321060961028"
"1350","300","0.4","0.3","0.2","0.05","0.7","0.4","300","14527","6297","8230","0.5665312865698354","6297","3817","0.556841873323325","0.14905813342540694"
"1349","300","0.4","0.3","0.2","0.05","0.7","0.4","300","14405","6335","8070","0.560222145088511","6335","3783","0.545232353710094","0.15749398006121623"
"1352","300","0.4","0.3","0.2","0.05","0.7","0.45","300","8279","5065","3214","0.3882111366107018","5065","2799","0.46167106832338123","0.08195815018022463"
"1354","300","0.4","0.3","0.2","0.05","0.7","0.45","300","8397","5016","3381","0.40264380135762773","5016","2788","0.4672894386783001","0.0936743057125556"
"1353","300","0.4","0.3","0.2","0.05","0.7","0.45","300","8264","5074","3190","0.3860116166505324","5074","2753","0.4775568266889661","0.08943632104273964"
"1355","300","0.4","0.3","0.2","0.05","0.7","0.45","300","8389","5038","3351","0.3994516628918822","5038","2768","0.4645336167812599","0.09166474442758625"
"1361","300","0.4","0.3","0.2","0.05","0.7","0.5","300","5720","4171","1549","0.2708041958041958","4171","2069","0.4130040314566046","0.06117837196592787"
"1356","300","0.4","0.3","0.2","0.05","0.7","0.45","300","8281","5048","3233","0.3904117860161816","5048","2760","0.4762388139975695","0.08523359345521521"
"1357","300","0.4","0.3","0.2","0.05","0.7","0.45","300","8441","5051","3390","0.4016111835090629","5051","2798","0.46668757707492337","0.08741486265596056"
"1359","300","0.4","0.3","0.2","0.05","0.7","0.45","300","8388","5019","3369","0.40164520743919885","5019","2759","0.45093416940441833","0.09743016701487152"
"1363","300","0.4","0.3","0.2","0.05","0.7","0.5","300","5801","4155","1646","0.28374418203757973","4155","2069","0.4167199791114675","0.06062452400053726"
"1360","300","0.4","0.3","0.2","0.05","0.7","0.45","300","8330","5003","3327","0.3993997599039616","5003","2761","0.4605434118392595","0.09401963068743266"
"1362","300","0.4","0.3","0.2","0.05","0.7","0.5","300","5760","4137","1623","0.28177083333333336","4137","2064","0.4058943700241524","0.05291999003999748"
"1358","300","0.4","0.3","0.2","0.05","0.7","0.45","300","8412","5013","3399","0.4040656205420827","5013","2788","0.4737538962899929","0.0825841139537357"
"1364","300","0.4","0.3","0.2","0.05","0.7","0.5","300","5799","4142","1657","0.2857389205035351","4142","2056","0.412274392256919","0.05971124144875523"
"1365","300","0.4","0.3","0.2","0.05","0.7","0.5","300","5839","4174","1665","0.28515156704915223","4174","2091","0.4139815135813144","0.05637553929426032"
"1366","300","0.4","0.3","0.2","0.05","0.7","0.5","300","5758","4108","1650","0.28655783258075723","4108","2057","0.41967232658537895","0.06362143643719394"
"1369","300","0.4","0.3","0.2","0.05","0.7","0.5","300","5724","4185","1539","0.2688679245283019","4185","2047","0.4000801024136166","0.06058247369417549"
"1367","300","0.4","0.3","0.2","0.05","0.7","0.5","300","5846","4132","1714","0.2931919261033185","4132","2100","0.41117053936112763","0.06216345318410537"
"1368","300","0.4","0.3","0.2","0.05","0.7","0.5","300","5752","4110","1642","0.28546592489568845","4110","2096","0.4136448378713453","0.06886555713240432"
"1370","300","0.4","0.3","0.2","0.05","0.7","0.5","300","5818","4114","1704","0.2928841526297697","4114","2140","0.4139489621568459","0.06627482885193926"
"1372","300","0.4","0.3","0.2","0.05","0.7","0.55","300","4545","3602","943","0.2074807480748075","3602","1650","0.37396578593410285","0.04349161088300723"
"1371","300","0.4","0.3","0.2","0.05","0.7","0.55","300","4548","3633","915","0.2011873350923483","3633","1660","0.37681917319882435","0.05267646035701706"
"1374","300","0.4","0.3","0.2","0.05","0.7","0.55","300","4579","3633","946","0.2065953264905001","3633","1660","0.37840002019402574","0.044985108322120215"
"1373","300","0.4","0.3","0.2","0.05","0.7","0.55","300","4550","3631","919","0.20197802197802198","3631","1663","0.38979158038690054","0.048274205162281564"
"1375","300","0.4","0.3","0.2","0.05","0.7","0.55","300","4521","3647","874","0.19332006193320062","3647","1616","0.3839956632429253","0.04129992294238804"
"1376","300","0.4","0.3","0.2","0.05","0.7","0.55","300","4562","3632","930","0.20385795703638754","3632","1606","0.37549790159865826","0.04310522099724874"
"1378","300","0.4","0.3","0.2","0.05","0.7","0.55","300","4613","3635","978","0.21200953826143507","3635","1629","0.37951533112285535","0.05655823392143077"
"1377","300","0.4","0.3","0.2","0.05","0.7","0.55","300","4573","3620","953","0.20839711349223705","3620","1632","0.3758563448343338","0.05278521338631667"
"1381","300","0.4","0.3","0.2","0.05","0.7","0.6","300","3918","3314","604","0.15416028586013272","3314","1273","0.35452126635354403","0.041883041802314655"
"1382","300","0.4","0.3","0.2","0.05","0.7","0.6","300","3915","3311","604","0.15427841634738187","3311","1270","0.35024027279906067","0.04772867272159393"
"1380","300","0.4","0.3","0.2","0.05","0.7","0.55","300","4577","3664","913","0.19947563906488966","3664","1640","0.3725615575977924","0.05029854496648081"
"1379","300","0.4","0.3","0.2","0.05","0.7","0.55","300","4569","3634","935","0.20463996498139636","3634","1612","0.3777194063744342","0.04518947670999757"
"1384","300","0.4","0.3","0.2","0.05","0.7","0.6","300","3932","3327","605","0.15386571719226858","3327","1347","0.3564875629370317","0.04247320407481859"
"1383","300","0.4","0.3","0.2","0.05","0.7","0.6","300","3888","3283","605","0.15560699588477367","3283","1364","0.36290190593578636","0.04040835070081716"
"1385","300","0.4","0.3","0.2","0.05","0.7","0.6","300","3919","3295","624","0.15922429191120183","3295","1333","0.361205156866736","0.04226600940006828"
"1386","300","0.4","0.3","0.2","0.05","0.7","0.6","300","3864","3319","545","0.14104554865424432","3319","1289","0.35684208365690623","0.03852565430346115"
"1388","300","0.4","0.3","0.2","0.05","0.7","0.6","300","3909","3312","597","0.15272448196469685","3312","1331","0.3574685254147508","0.042903244478268945"
"1387","300","0.4","0.3","0.2","0.05","0.7","0.6","300","3934","3290","644","0.16370106761565836","3290","1358","0.35875248683712857","0.06058971030203682"
"1389","300","0.4","0.3","0.2","0.05","0.7","0.6","300","3911","3339","572","0.14625415494758373","3339","1371","0.3569034704608406","0.04276947959132097"
"1391","300","0.4","0.3","0.2","0.05","0.7","0.65","300","3542","3132","410","0.11575381140598531","3132","1115","0.33782595905224583","0.03907113237325205"
"1392","300","0.4","0.3","0.2","0.05","0.7","0.65","300","3575","3149","426","0.11916083916083917","3149","1113","0.343779628212788","0.04045970698565072"
"1390","300","0.4","0.3","0.2","0.05","0.7","0.6","300","3903","3294","609","0.15603382013835512","3294","1294","0.355595853387226","0.03416308617761916"
"1394","300","0.4","0.3","0.2","0.05","0.7","0.65","300","3564","3134","430","0.12065095398428732","3134","1166","0.34310446018249785","0.040424028540810536"
"1393","300","0.4","0.3","0.2","0.05","0.7","0.65","300","3538","3128","410","0.11588468061051442","3128","1047","0.33498330214532457","0.03456453833282772"
"1395","300","0.4","0.3","0.2","0.05","0.7","0.65","300","3487","3098","389","0.11155721250358475","3098","1106","0.33923178079692573","0.040210357823194584"
"1396","300","0.4","0.3","0.2","0.05","0.7","0.65","300","3582","3141","441","0.12311557788944724","3141","1119","0.33949418608300336","0.03964019264195866"
"1399","300","0.4","0.3","0.2","0.05","0.7","0.65","300","3571","3162","409","0.11453374404928592","3162","1107","0.3428866084904949","0.03472561374500584"
"1398","300","0.4","0.3","0.2","0.05","0.7","0.65","300","3537","3137","400","0.11309018942606729","3137","1108","0.34255874758917937","0.03440424226303891"
"1397","300","0.4","0.3","0.2","0.05","0.7","0.65","300","3491","3098","393","0.11257519335433973","3098","1101","0.3365914118578195","0.05250814468008315"
"1401","300","0.4","0.3","0.2","0.05","0.7","0.7","300","3268","2995","273","0.08353733170134639","2995","848","0.33357852568164553","0.027892903712553145"
"1402","300","0.4","0.3","0.2","0.05","0.7","0.7","300","3303","3014","289","0.08749621556161066","3014","894","0.32753663280477197","0.02861635837702097"
"1400","300","0.4","0.3","0.2","0.05","0.7","0.65","300","3556","3154","402","0.11304836895388076","3154","1119","0.3448865060976248","0.03364239437710369"
"1403","300","0.4","0.3","0.2","0.05","0.7","0.7","300","3272","2975","297","0.09077017114914425","2975","920","0.32834491274620714","0.04872582745617524"
"1404","300","0.4","0.3","0.2","0.05","0.7","0.7","300","3314","3034","280","0.08449004224502112","3034","892","0.3302619961104543","0.02796403827196421"
"1405","300","0.4","0.3","0.2","0.05","0.7","0.7","300","3291","3005","286","0.08690367669401398","3005","893","0.3263876396739481","0.046037373238359255"
"1408","300","0.4","0.3","0.2","0.05","0.7","0.7","300","3242","2983","259","0.0798889574336829","2983","882","0.3299442636417449","0.0392249707226676"
"1407","300","0.4","0.3","0.2","0.05","0.7","0.7","300","3335","3030","305","0.09145427286356822","3030","868","0.32834409671091047","0.03643769184474735"
"1406","300","0.4","0.3","0.2","0.05","0.7","0.7","300","3306","3005","301","0.0910465819721718","3005","892","0.32952649289802954","0.03245385190823707"
"1411","300","0.4","0.3","0.2","0.05","0.7","0.75","300","3177","2978","199","0.0626377085300598","2978","753","0.32130255177555334","0.025607968681624804"
"1409","300","0.4","0.3","0.2","0.05","0.7","0.7","300","3262","2972","290","0.08890251379521766","2972","919","0.33248565779560685","0.037715709463457196"
"1412","300","0.4","0.3","0.2","0.05","0.7","0.75","300","3109","2924","185","0.05950466387906079","2924","733","0.31850829101691747","0.029340163176963894"
"1413","300","0.4","0.3","0.2","0.05","0.7","0.75","300","3174","2949","225","0.07088846880907372","2949","731","0.32062367574335143","0.035290964501732684"
"1417","300","0.4","0.3","0.2","0.05","0.7","0.75","300","3130","2904","226","0.07220447284345048","2904","721","0.31937882732570144","0.03317602306186742"
"1410","300","0.4","0.3","0.2","0.05","0.7","0.7","300","3288","3003","285","0.08667883211678833","3003","848","0.32435883670688614","0.04154225325838528"
"1414","300","0.4","0.3","0.2","0.05","0.7","0.75","300","3132","2919","213","0.06800766283524905","2919","737","0.3192879653283879","0.03397203559410552"
"1418","300","0.4","0.3","0.2","0.05","0.7","0.75","300","3107","2894","213","0.06855487608625684","2894","704","0.31850829263782077","0.03459646219399201"
"1415","300","0.4","0.3","0.2","0.05","0.7","0.75","300","3089","2868","221","0.07154418905794756","2868","713","0.31896211271347313","0.03787184787943573"
"1416","300","0.4","0.3","0.2","0.05","0.7","0.75","300","3197","2992","205","0.06412261495151705","2992","746","0.3243118045831865","0.02674611121645958"
"1420","300","0.4","0.3","0.2","0.05","0.7","0.75","300","3127","2908","219","0.0700351774864087","2908","749","0.320819120535813","0.03080573154254771"
"1419","300","0.4","0.3","0.2","0.05","0.7","0.75","300","3100","2909","191","0.061612903225806454","2909","744","0.3211239573943064","0.03643875062504882"
"1421","300","0.4","0.3","0.2","0.05","0.7","0.8","300","3015","2862","153","0.050746268656716415","2862","579","0.31063389876227876","0.033254299484000306"
"1424","300","0.4","0.3","0.2","0.05","0.7","0.8","300","2998","2848","150","0.05003335557038025","2848","578","0.31125084062708175","0.03157677509046675"
"1422","300","0.4","0.3","0.2","0.05","0.7","0.8","300","3023","2853","170","0.05623552762156798","2853","524","0.31067196029648475","0.034885479020458035"
"1425","300","0.4","0.3","0.2","0.05","0.7","0.8","300","3012","2876","136","0.0451527224435591","2876","597","0.31486320724160083","0.028319019264999964"
"1423","300","0.4","0.3","0.2","0.05","0.7","0.8","300","3027","2875","152","0.050214734060125533","2875","582","0.30969653078118875","0.03480935928579547"
"1426","300","0.4","0.3","0.2","0.05","0.7","0.8","300","3055","2896","159","0.05204582651391162","2896","586","0.3129421944184086","0.035200764871122545"
"1430","300","0.4","0.3","0.2","0.05","0.7","0.8","300","3051","2892","159","0.05211406096361849","2892","566","0.3128706685424364","0.031940178181239516"
"1428","300","0.4","0.3","0.2","0.05","0.7","0.8","300","3065","2930","135","0.04404567699836868","2930","596","0.3121333883835505","0.033146610700732486"
"1429","300","0.4","0.3","0.2","0.05","0.7","0.8","300","3001","2865","136","0.045318227257580806","2865","601","0.3131331721962942","0.027608682034667095"
"1427","300","0.4","0.3","0.2","0.05","0.7","0.8","300","3025","2884","141","0.04661157024793389","2884","607","0.3127447622080856","0.03339526461271344"
"1437","300","0.4","0.3","0.2","0.05","0.75","0.2","300","88569","6960","81609","0.9214172001490364","6960","5594","0.8175462126669841","1"
"1431","300","0.4","0.3","0.2","0.05","0.75","0.2","300","88728","7008","81720","0.9210170408439275","7008","5625","0.8139181428048201","1"
"1433","300","0.4","0.3","0.2","0.05","0.75","0.2","300","88726","7022","81704","0.9208574713161869","7022","5636","0.8104273072664373","1"
"1432","300","0.4","0.3","0.2","0.05","0.75","0.2","300","88668","6974","81694","0.9213470474128208","6974","5613","0.8114902078815059","1"
"1436","300","0.4","0.3","0.2","0.05","0.75","0.2","300","88650","6994","81656","0.9211054709531867","6994","5579","0.805634098936942","1"
"1435","300","0.4","0.3","0.2","0.05","0.75","0.2","300","88798","7038","81760","0.9207414581409491","7038","5588","0.80164189645273","1"
"1434","300","0.4","0.3","0.2","0.05","0.75","0.2","300","88690","6973","81717","0.9213778329011163","6973","5621","0.8065836603496355","1"
"1440","300","0.4","0.3","0.2","0.05","0.75","0.2","300","88666","7051","81615","0.9204768456905691","7051","5644","0.8188810594143653","1"
"1438","300","0.4","0.3","0.2","0.05","0.75","0.2","300","88724","7067","81657","0.9203484964609351","7067","5617","0.8151836391678988","1"
"1439","300","0.4","0.3","0.2","0.05","0.75","0.2","300","88810","7019","81791","0.9209661074203356","7019","5602","0.7963799496231734","1"
"1441","300","0.4","0.3","0.2","0.05","0.75","0.25","300","87630","8121","79509","0.9073262581307772","8121","6122","0.8243687685203077","1"
"1442","300","0.4","0.3","0.2","0.05","0.75","0.25","300","87789","8168","79621","0.9069587305926711","8168","6085","0.8215289560866549","1"
"1443","300","0.4","0.3","0.2","0.05","0.75","0.25","300","88021","8119","79902","0.9077606480271754","8119","6085","0.8065726066196583","1"
"1444","300","0.4","0.3","0.2","0.05","0.75","0.25","300","87646","8194","79452","0.9065102799899596","8194","6092","0.8154931711343186","1"
"1445","300","0.4","0.3","0.2","0.05","0.75","0.25","300","87844","8074","79770","0.9080870634306271","8074","6052","0.8119704442930726","1"
"1446","300","0.4","0.3","0.2","0.05","0.75","0.25","300","87897","8173","79724","0.9070161666496013","8173","6186","0.8092784517041304","1"
"1448","300","0.4","0.3","0.2","0.05","0.75","0.25","300","87747","8116","79631","0.9075068093496074","8116","6141","0.8176161983159795","1"
"1450","300","0.4","0.3","0.2","0.05","0.75","0.25","300","87747","8166","79581","0.9069369892987794","8166","6102","0.8229081972288866","1"
"1447","300","0.4","0.3","0.2","0.05","0.75","0.25","300","87539","8118","79421","0.907264190817807","8118","6126","0.8184034204384577","1"
"1449","300","0.4","0.3","0.2","0.05","0.75","0.25","300","87581","8089","79492","0.9076397848848494","8089","6104","0.8272988904398193","1"
"1451","300","0.4","0.3","0.2","0.05","0.75","0.3","300","79630","9274","70356","0.8835363556448574","9274","6458","0.830717257318354","1"
"1452","300","0.4","0.3","0.2","0.05","0.75","0.3","300","79919","9300","70619","0.8836321775797995","9300","6495","0.8335436743280185","1"
"1454","300","0.4","0.3","0.2","0.05","0.75","0.3","300","79091","9239","69852","0.883185191741159","9239","6449","0.8234315763766624","1"
"1453","300","0.4","0.3","0.2","0.05","0.75","0.3","300","80152","9242","70910","0.8846940812456333","9242","6458","0.8376956176152801","1"
"1462","300","0.4","0.3","0.2","0.05","0.75","0.35","300","28168","7403","20765","0.7371840386253905","7403","4785","0.6700074133657861","0.306171150721875"
"1465","300","0.4","0.3","0.2","0.05","0.75","0.35","300","28117","7420","20697","0.7361027136607746","7420","4781","0.6680281137949071","0.30736498223984543"
"1464","300","0.4","0.3","0.2","0.05","0.75","0.35","300","27893","7382","20511","0.7353457856809952","7382","4821","0.6662804202907442","0.30739810105360293"
"1461","300","0.4","0.3","0.2","0.05","0.75","0.35","300","27902","7385","20517","0.7353236327145007","7385","4804","0.6783461920266929","0.30632410127050147"
"1463","300","0.4","0.3","0.2","0.05","0.75","0.35","300","27975","7421","20554","0.7347274352100089","7421","4810","0.6734684735117361","0.3044622337881427"
"1466","300","0.4","0.3","0.2","0.05","0.75","0.35","300","28155","7356","20799","0.7387320191795418","7356","4840","0.6870273797338856","0.3039433895642318"
"1455","300","0.4","0.3","0.2","0.05","0.75","0.3","300","79257","9208","70049","0.8838209874206695","9208","6450","0.8413728839908904","1"
"1456","300","0.4","0.3","0.2","0.05","0.75","0.3","300","78704","9184","69520","0.8833096157755641","9184","6479","0.8219872544708366","1"
"1467","300","0.4","0.3","0.2","0.05","0.75","0.35","300","27943","7302","20641","0.7386823175750635","7302","4827","0.6791316171565234","0.3082528471540697"
"1457","300","0.4","0.3","0.2","0.05","0.75","0.3","300","79459","9197","70262","0.884254772901748","9197","6469","0.8348591044891202","1"
"1468","300","0.4","0.3","0.2","0.05","0.75","0.35","300","28084","7380","20704","0.7372169206665717","7380","4816","0.6765605708541553","0.3062311652754328"
"1459","300","0.4","0.3","0.2","0.05","0.75","0.3","300","79870","9247","70623","0.8842243645924628","9247","6496","0.8375153150364272","1"
"1458","300","0.4","0.3","0.2","0.05","0.75","0.3","300","79458","9309","70149","0.8828437665181605","9309","6434","0.8351380114903069","1"
"1460","300","0.4","0.3","0.2","0.05","0.75","0.3","300","79342","9202","70140","0.8840210733281239","9202","6458","0.8262217968514951","1"
"1471","300","0.4","0.3","0.2","0.05","0.75","0.4","300","14197","6165","8032","0.5657533281679228","6165","3739","0.5555478927917793","0.14747063872761673"
"1470","300","0.4","0.3","0.2","0.05","0.75","0.35","300","28205","7333","20872","0.7400106364119837","7333","4814","0.6585702551763488","0.3078318284778234"
"1472","300","0.4","0.3","0.2","0.05","0.75","0.4","300","14247","6221","8026","0.5633466694742753","6221","3708","0.5483339310741028","0.14667690561762534"
"1475","300","0.4","0.3","0.2","0.05","0.75","0.4","300","14189","6143","8046","0.5670589893579533","6143","3655","0.5565729999024379","0.15018003398476118"
"1469","300","0.4","0.3","0.2","0.05","0.75","0.35","300","28253","7360","20893","0.7394966906169257","7360","4820","0.6758359395909093","0.3068828624863913"
"1474","300","0.4","0.3","0.2","0.05","0.75","0.4","300","14294","6196","8098","0.566531411781167","6196","3717","0.564287901306462","0.1459472568181106"
"1478","300","0.4","0.3","0.2","0.05","0.75","0.4","300","14311","6113","8198","0.5728460624694292","6113","3691","0.5415958566029043","0.15610523233638632"
"1477","300","0.4","0.3","0.2","0.05","0.75","0.4","300","14182","6138","8044","0.567197856437738","6138","3713","0.5613765552852658","0.15105213516114144"
"1473","300","0.4","0.3","0.2","0.05","0.75","0.4","300","14188","6152","8036","0.5663941358894841","6152","3658","0.553802857400459","0.15550559182248738"
"1476","300","0.4","0.3","0.2","0.05","0.75","0.4","300","14134","6146","7988","0.5651620206594029","6146","3728","0.5726647220790563","0.14970901608213724"
"1482","300","0.4","0.3","0.2","0.05","0.75","0.45","300","8145","4869","3276","0.4022099447513812","4869","2695","0.4635828529549597","0.08349068472717783"
"1483","300","0.4","0.3","0.2","0.05","0.75","0.45","300","8164","4913","3251","0.39821166095051447","4913","2688","0.47406135600941696","0.08322859029117534"
"1481","300","0.4","0.3","0.2","0.05","0.75","0.45","300","8130","4860","3270","0.4022140221402214","4860","2721","0.4722785893574878","0.08105865349761429"
"1484","300","0.4","0.3","0.2","0.05","0.75","0.45","300","8136","4912","3224","0.39626352015732547","4912","2697","0.47600321386036465","0.07732399496652617"
"1485","300","0.4","0.3","0.2","0.05","0.75","0.45","300","8144","4901","3243","0.39820726915520627","4901","2713","0.48114471889693544","0.08172665730684284"
"1480","300","0.4","0.3","0.2","0.05","0.75","0.4","300","14123","6183","7940","0.5622034978404021","6183","3690","0.5482207787927665","0.15359941633863103"
"1479","300","0.4","0.3","0.2","0.05","0.75","0.4","300","14228","6172","8056","0.5662074782119764","6172","3685","0.5514053076827451","0.14862914142740266"
"1486","300","0.4","0.3","0.2","0.05","0.75","0.45","300","8114","4908","3206","0.39511954646290365","4908","2714","0.4748971710339208","0.08628886074115785"
"1487","300","0.4","0.3","0.2","0.05","0.75","0.45","300","8204","4877","3327","0.40553388590931255","4877","2660","0.46434492187862636","0.08815716766144002"
"1491","300","0.4","0.3","0.2","0.05","0.75","0.5","300","5579","4056","1523","0.2729879906793332","4056","2018","0.413381795032024","0.06406050498944542"
"1488","300","0.4","0.3","0.2","0.05","0.75","0.45","300","8093","4838","3255","0.4021994316075621","4838","2697","0.46238480499094864","0.08789957766641576"
"1490","300","0.4","0.3","0.2","0.05","0.75","0.45","300","8091","4855","3236","0.399950562353232","4855","2747","0.47109264436612486","0.09009281360369031"
"1492","300","0.4","0.3","0.2","0.05","0.75","0.5","300","5674","4024","1650","0.29080014099400775","4024","2028","0.42036016795813785","0.05389834982149965"
"1489","300","0.4","0.3","0.2","0.05","0.75","0.45","300","8163","4916","3247","0.397770427538895","4916","2694","0.4754605013208038","0.07009099362854092"
"1493","300","0.4","0.3","0.2","0.05","0.75","0.5","300","5618","4023","1595","0.28390886436454255","4023","2007","0.4162234219316885","0.06385137595661737"
"1494","300","0.4","0.3","0.2","0.05","0.75","0.5","300","5633","4012","1621","0.28776850701224926","4012","1998","0.41240218132041656","0.05994207649445491"
"1495","300","0.4","0.3","0.2","0.05","0.75","0.5","300","5565","4046","1519","0.2729559748427673","4046","1993","0.40792592841862685","0.06302165689619807"
"1496","300","0.4","0.3","0.2","0.05","0.75","0.5","300","5653","4058","1595","0.2821510702281974","4058","2050","0.4135791325460721","0.05128162249391167"
"1497","300","0.4","0.3","0.2","0.05","0.75","0.5","300","5592","3990","1602","0.286480686695279","3990","1997","0.4160549278767805","0.060380500651912986"
"1501","300","0.4","0.3","0.2","0.05","0.75","0.55","300","4487","3545","942","0.20993982616447515","3545","1602","0.3735111535213342","0.047086875234286625"
"1499","300","0.4","0.3","0.2","0.05","0.75","0.5","300","5609","4024","1585","0.2825815653414156","4024","2015","0.4189645237712058","0.05898403050369852"
"1502","300","0.4","0.3","0.2","0.05","0.75","0.55","300","4439","3511","928","0.20905609371480063","3511","1557","0.38106047939179777","0.04425670183639795"
"1500","300","0.4","0.3","0.2","0.05","0.75","0.5","300","5637","4036","1601","0.2840163207379812","4036","1975","0.4119470245647577","0.0480497430644447"
"1498","300","0.4","0.3","0.2","0.05","0.75","0.5","300","5718","4029","1689","0.2953830010493179","4029","1988","0.41195854210836985","0.055868810551792096"
"1505","300","0.4","0.3","0.2","0.05","0.75","0.55","300","4424","3508","916","0.2070524412296564","3508","1594","0.38655510273705784","0.04750626723946879"
"1503","300","0.4","0.3","0.2","0.05","0.75","0.55","300","4476","3556","920","0.20554066130473636","3556","1576","0.3866923538274099","0.045237015892966435"
"1504","300","0.4","0.3","0.2","0.05","0.75","0.55","300","4424","3526","898","0.20298372513562388","3526","1581","0.3806106432818761","0.040655857391921256"
"1507","300","0.4","0.3","0.2","0.05","0.75","0.55","300","4472","3550","922","0.20617173524150267","3550","1597","0.3907000322736442","0.03899017610905408"
"1508","300","0.4","0.3","0.2","0.05","0.75","0.55","300","4424","3520","904","0.20433996383363473","3520","1570","0.3808015688296247","0.047308160393099666"
"1506","300","0.4","0.3","0.2","0.05","0.75","0.55","300","4451","3541","910","0.20444843855313413","3541","1616","0.38601293058222996","0.04317509693878043"
"1509","300","0.4","0.3","0.2","0.05","0.75","0.55","300","4470","3577","893","0.19977628635346756","3577","1609","0.3792918689913362","0.05509444629793722"
"1510","300","0.4","0.3","0.2","0.05","0.75","0.55","300","4474","3552","922","0.20607957085382209","3552","1580","0.3805344127342187","0.047999406041892484"
"1513","300","0.4","0.3","0.2","0.05","0.75","0.6","300","3768","3213","555","0.14729299363057324","3213","1291","0.36126628331561883","0.03708667038599648"
"1512","300","0.4","0.3","0.2","0.05","0.75","0.6","300","3832","3253","579","0.15109603340292277","3253","1304","0.36132508664029633","0.0447346234398932"
"1511","300","0.4","0.3","0.2","0.05","0.75","0.6","300","3839","3253","586","0.15264391768689764","3253","1347","0.36173768641346327","0.043471789732740906"
"1514","300","0.4","0.3","0.2","0.05","0.75","0.6","300","3822","3197","625","0.16352694924123495","3197","1276","0.3522729192647109","0.041005134096990595"
"1516","300","0.4","0.3","0.2","0.05","0.75","0.6","300","3782","3218","564","0.1491274457958752","3218","1280","0.35888026789554317","0.03515351875098475"
"1517","300","0.4","0.3","0.2","0.05","0.75","0.6","300","3815","3237","578","0.15150720838794232","3237","1322","0.3627369480296099","0.03650801888538469"
"1518","300","0.4","0.3","0.2","0.05","0.75","0.6","300","3885","3258","627","0.1613899613899614","3258","1357","0.3612421224296481","0.03837347720372167"
"1515","300","0.4","0.3","0.2","0.05","0.75","0.6","300","3800","3216","584","0.15368421052631578","3216","1303","0.3539328744255472","0.04038019984623735"
"1519","300","0.4","0.3","0.2","0.05","0.75","0.6","300","3904","3290","614","0.1572745901639344","3290","1368","0.35921902692377927","0.04141699560660863"
"1520","300","0.4","0.3","0.2","0.05","0.75","0.6","300","3854","3263","591","0.15334717176959003","3263","1276","0.3575968943186233","0.054468751509834434"
"1521","300","0.4","0.3","0.2","0.05","0.75","0.65","300","3472","3064","408","0.1175115207373272","3064","1057","0.33718135259068877","0.03847948708498807"
"1523","300","0.4","0.3","0.2","0.05","0.75","0.65","300","3502","3071","431","0.12307252998286693","3071","1060","0.34244333802418475","0.02818561785578459"
"1524","300","0.4","0.3","0.2","0.05","0.75","0.65","300","3530","3110","420","0.11898016997167139","3110","1071","0.34482570396062273","0.032098318681325844"
"1526","300","0.4","0.3","0.2","0.05","0.75","0.65","300","3486","3090","396","0.11359724612736662","3090","1027","0.3429894686071654","0.04187050523804588"
"1525","300","0.4","0.3","0.2","0.05","0.75","0.65","300","3496","3073","423","0.1209954233409611","3073","1052","0.3374899497542704","0.034750297683506425"
"1522","300","0.4","0.3","0.2","0.05","0.75","0.65","300","3496","3097","399","0.11413043478260869","3097","1062","0.3435569973011134","0.03778787112484391"
"1530","300","0.4","0.3","0.2","0.05","0.75","0.65","300","3479","3076","403","0.11583788444955447","3076","1119","0.34507574333418384","0.037862318448971075"
"1529","300","0.4","0.3","0.2","0.05","0.75","0.65","300","3510","3095","415","0.11823361823361823","3095","1099","0.34017538858124863","0.029809301456117807"
"1527","300","0.4","0.3","0.2","0.05","0.75","0.65","300","3501","3093","408","0.11653813196229648","3093","1100","0.34605262567031114","0.03180637582126875"
"1528","300","0.4","0.3","0.2","0.05","0.75","0.65","300","3482","3057","425","0.12205628948879954","3057","1106","0.3513163944230573","0.04018213603708379"
"1531","300","0.4","0.3","0.2","0.05","0.75","0.7","300","3273","2965","308","0.09410326917201345","2965","899","0.3294854205712488","0.036083841170039266"
"1533","300","0.4","0.3","0.2","0.05","0.75","0.7","300","3274","3000","274","0.08368967623701894","3000","918","0.3342296688944169","0.03140750555946333"
"1532","300","0.4","0.3","0.2","0.05","0.75","0.7","300","3266","3004","262","0.08022045315370484","3004","903","0.3322348274416644","0.02930684053317959"
"1534","300","0.4","0.3","0.2","0.05","0.75","0.7","300","3272","2991","281","0.085880195599022","2991","890","0.3289485473388003","0.046197466098800086"
"1535","300","0.4","0.3","0.2","0.05","0.75","0.7","300","3239","2929","310","0.09570855202222908","2929","884","0.3300211581113958","0.036255735511865235"
"1536","300","0.4","0.3","0.2","0.05","0.75","0.7","300","3217","2936","281","0.08734846129934722","2936","847","0.32782741213555083","0.03302034666977212"
"1538","300","0.4","0.3","0.2","0.05","0.75","0.7","300","3204","2942","262","0.08177278401997504","2942","904","0.3319296435025141","0.034650521775871426"
"1537","300","0.4","0.3","0.2","0.05","0.75","0.7","300","3244","2968","276","0.08508014796547472","2968","870","0.3246223276585749","0.044331776513138334"
"1541","300","0.4","0.3","0.2","0.05","0.75","0.75","300","3116","2913","203","0.06514762516046213","2913","708","0.31759996878856517","0.03745274833612766"
"1540","300","0.4","0.3","0.2","0.05","0.75","0.7","300","3287","2973","314","0.0955278369333739","2973","874","0.3306429256594408","0.03133513493894793"
"1542","300","0.4","0.3","0.2","0.05","0.75","0.75","300","3089","2906","183","0.05924247329232762","2906","708","0.3198018912222747","0.037233856349486324"
"1544","300","0.4","0.3","0.2","0.05","0.75","0.75","300","3113","2905","208","0.06681657565049791","2905","751","0.3187130746266994","0.04165127600618922"
"1543","300","0.4","0.3","0.2","0.05","0.75","0.75","300","3140","2920","220","0.07006369426751592","2920","748","0.32307041072023435","0.029778047532649718"
"1539","300","0.4","0.3","0.2","0.05","0.75","0.7","300","3274","2970","304","0.09285277947464875","2970","865","0.33009445755159755","0.04010743858295668"
"1545","300","0.4","0.3","0.2","0.05","0.75","0.75","300","3124","2909","215","0.06882202304737516","2909","708","0.32068512162318774","0.033424354421806905"
"1546","300","0.4","0.3","0.2","0.05","0.75","0.75","300","3165","2941","224","0.0707740916271722","2941","721","0.32255911257525605","0.04422852100988118"
"1547","300","0.4","0.3","0.2","0.05","0.75","0.75","300","3191","2970","221","0.06925728611720464","2970","739","0.3264231751780496","0.030071048441873062"
"1549","300","0.4","0.3","0.2","0.05","0.75","0.75","300","3121","2916","205","0.06568407561678949","2916","726","0.3225992167597956","0.03337516293013453"
"1548","300","0.4","0.3","0.2","0.05","0.75","0.75","300","3119","2887","232","0.07438281500480923","2887","682","0.319511969344176","0.040938634328041665"
"1550","300","0.4","0.3","0.2","0.05","0.75","0.75","300","3083","2895","188","0.06097956535841713","2895","756","0.32438884278224717","0.039076238733647684"
"1551","300","0.4","0.3","0.2","0.05","0.75","0.8","300","3007","2854","153","0.050881277020286","2854","563","0.311758859710117","0.039497604435051625"
"1553","300","0.4","0.3","0.2","0.05","0.75","0.8","300","3080","2911","169","0.05487012987012987","2911","599","0.3137891016625086","0.04257452198637528"
"1552","300","0.4","0.3","0.2","0.05","0.75","0.8","300","3031","2861","170","0.056087099967007586","2861","573","0.3132352174210841","0.03468060288409482"
"1555","300","0.4","0.3","0.2","0.05","0.75","0.8","300","3012","2853","159","0.052788844621513946","2853","548","0.3119461195161427","0.032353107163191175"
"1554","300","0.4","0.3","0.2","0.05","0.75","0.8","300","3033","2851","182","0.06000659413122321","2851","556","0.31253872876410077","0.03892169591107049"
"1556","300","0.4","0.3","0.2","0.05","0.75","0.8","300","3017","2846","171","0.056678820019887305","2846","587","0.31350367668465023","0.030460706682000616"
"1557","300","0.4","0.3","0.2","0.05","0.75","0.8","300","3029","2867","162","0.05348299768900627","2867","581","0.3137413204487397","0.025289342059868193"
"1558","300","0.4","0.3","0.2","0.05","0.75","0.8","300","3018","2859","159","0.05268389662027833","2859","595","0.31248957281498463","0.02939070546524834"
"1559","300","0.4","0.3","0.2","0.05","0.75","0.8","300","3036","2889","147","0.04841897233201581","2889","613","0.31518237517941283","0.029838334370577382"
"1560","300","0.4","0.3","0.2","0.05","0.75","0.8","300","3035","2882","153","0.05041186161449753","2882","581","0.3142932054960924","0.03555336009348717"
"1564","300","0.4","0.3","0.2","0.05","0.8","0.2","300","88622","6754","81868","0.9237886754981833","6754","5431","0.7946688461202802","1"
"1561","300","0.4","0.3","0.2","0.05","0.8","0.2","300","88663","6838","81825","0.9228765099308618","6838","5418","0.8095443162414067","1"
"1562","300","0.4","0.3","0.2","0.05","0.8","0.2","300","88640","6869","81771","0.9225067689530686","6869","5441","0.8233320063398053","1"
"1563","300","0.4","0.3","0.2","0.05","0.8","0.2","300","88597","6884","81713","0.922299852139463","6884","5462","0.8180791720002974","1"
"1566","300","0.4","0.3","0.2","0.05","0.8","0.2","300","88794","6857","81937","0.9227763137148907","6857","5460","0.8113951742423702","1"
"1567","300","0.4","0.3","0.2","0.05","0.8","0.2","300","88732","6845","81887","0.9228575936527972","6845","5457","0.8160517551508694","1"
"1568","300","0.4","0.3","0.2","0.05","0.8","0.2","300","88844","6882","81962","0.9225383818828509","6882","5514","0.8262563613591655","1"
"1565","300","0.4","0.3","0.2","0.05","0.8","0.2","300","88849","6792","82057","0.9235556956184088","6792","5506","0.8033584953255822","1"
"1569","300","0.4","0.3","0.2","0.05","0.8","0.2","300","88600","6870","81730","0.9224604966139955","6870","5465","0.804255062956068","1"
"1570","300","0.4","0.3","0.2","0.05","0.8","0.2","300","88673","6815","81858","0.9231445874166883","6815","5433","0.8000110275130562","1"
"1573","300","0.4","0.3","0.2","0.05","0.8","0.25","300","87733","7894","79839","0.9100224544926082","7894","5909","0.817459233301635","1"
"1572","300","0.4","0.3","0.2","0.05","0.8","0.25","300","87823","7929","79894","0.9097161335868736","7929","5887","0.8249861502919543","1"
"1571","300","0.4","0.3","0.2","0.05","0.8","0.25","300","87766","7910","79856","0.9098739830914021","7910","5969","0.8312303952247713","1"
"1574","300","0.4","0.3","0.2","0.05","0.8","0.25","300","87895","7955","79940","0.9094942829512487","7955","5984","0.8205534563870241","1"
"1575","300","0.4","0.3","0.2","0.05","0.8","0.25","300","87796","7908","79888","0.9099275593421112","7908","5944","0.8212315187577369","1"
"1576","300","0.4","0.3","0.2","0.05","0.8","0.25","300","87734","7974","79760","0.9091116328903276","7974","5936","0.7988202868616218","1"
"1578","300","0.4","0.3","0.2","0.05","0.8","0.25","300","87805","7962","79843","0.9093217926086213","7962","5990","0.8302880685688365","1"
"1580","300","0.4","0.3","0.2","0.05","0.8","0.25","300","87951","7917","80034","0.9099839683460108","7917","5943","0.8250047563665629","1"
"1579","300","0.4","0.3","0.2","0.05","0.8","0.25","300","87754","7991","79763","0.9089386238803929","7991","5985","0.8300381577318713","1"
"1581","300","0.4","0.3","0.2","0.05","0.8","0.3","300","80026","9048","70978","0.8869367455576938","9048","6298","0.8390078648876221","1"
"1577","300","0.4","0.3","0.2","0.05","0.8","0.25","300","87758","7945","79813","0.9094669431846669","7945","5941","0.8134296273611864","1"
"1582","300","0.4","0.3","0.2","0.05","0.8","0.3","300","79868","8975","70893","0.887627084689738","8975","6290","0.845175404863665","1"
"1583","300","0.4","0.3","0.2","0.05","0.8","0.3","300","79221","8930","70291","0.8872773633253809","8930","6288","0.8369487407006662","1"
"1584","300","0.4","0.3","0.2","0.05","0.8","0.3","300","80004","9140","70864","0.8857557122143893","9140","6363","0.8466727495955483","1"
"1591","300","0.4","0.3","0.2","0.05","0.8","0.35","300","28064","7245","20819","0.7418400798175598","7245","4678","0.6677527624920768","0.30351062602761814"
"1593","300","0.4","0.3","0.2","0.05","0.8","0.35","300","28016","7159","20857","0.744467447173044","7159","4639","0.6729023458140811","0.3062965122487243"
"1592","300","0.4","0.3","0.2","0.05","0.8","0.35","300","28012","7236","20776","0.7416821362273311","7236","4716","0.6843074020830383","0.30369474424988024"
"1594","300","0.4","0.3","0.2","0.05","0.8","0.35","300","28010","7204","20806","0.7428061406640486","7204","4667","0.669045779845384","0.30618357089406584"
"1596","300","0.4","0.3","0.2","0.05","0.8","0.35","300","27822","7107","20715","0.7445546689670045","7107","4603","0.6727833259195181","0.3088471504243941"
"1595","300","0.4","0.3","0.2","0.05","0.8","0.35","300","28137","7064","21073","0.7489426733482603","7064","4642","0.6807834512055262","0.3071856766085088"
"1597","300","0.4","0.3","0.2","0.05","0.8","0.35","300","28186","7153","21033","0.7462215284183638","7153","4624","0.6709690370200717","0.3050487034898149"
"1585","300","0.4","0.3","0.2","0.05","0.8","0.3","300","80587","9106","71481","0.8870041073622297","9106","6349","0.81922189675066","1"
"1598","300","0.4","0.3","0.2","0.05","0.8","0.35","300","27929","7202","20727","0.7421318342941029","7202","4635","0.6609143508178014","0.30803887724471757"
"1586","300","0.4","0.3","0.2","0.05","0.8","0.3","300","80190","9004","71186","0.8877166729018581","9004","6258","0.8170996926019948","1"
"1588","300","0.4","0.3","0.2","0.05","0.8","0.3","300","80153","9063","71090","0.8869287487679812","9063","6266","0.8357596351828135","1"
"1587","300","0.4","0.3","0.2","0.05","0.8","0.3","300","79731","9056","70675","0.8864180807966788","9056","6329","0.8460640808055242","1"
"1590","300","0.4","0.3","0.2","0.05","0.8","0.3","300","79028","8828","70200","0.8882927569975199","8828","6291","0.8402910659103415","1"
"1589","300","0.4","0.3","0.2","0.05","0.8","0.3","300","79578","8945","70633","0.8875945613109151","8945","6311","0.8379248940303979","1"
"1601","300","0.4","0.3","0.2","0.05","0.8","0.4","300","13928","6000","7928","0.569213095921884","6000","3615","0.5597810764079437","0.14394785399766205"
"1602","300","0.4","0.3","0.2","0.05","0.8","0.4","300","14038","5960","8078","0.5754380965949566","5960","3622","0.5534315213457183","0.15138608966436956"
"1600","300","0.4","0.3","0.2","0.05","0.8","0.35","300","28312","7263","21049","0.7434656682678723","7263","4761","0.6979757219958261","0.3038245260419885"
"1603","300","0.4","0.3","0.2","0.05","0.8","0.4","300","13761","5962","7799","0.5667466027178257","5962","3564","0.5448162275764141","0.14749906643637825"
"1599","300","0.4","0.3","0.2","0.05","0.8","0.35","300","27961","7185","20776","0.7430349415256965","7185","4658","0.671538363098704","0.3043667344224427"
"1604","300","0.4","0.3","0.2","0.05","0.8","0.4","300","13968","6003","7965","0.5702319587628866","6003","3521","0.5473666042478592","0.14570398927150865"
"1606","300","0.4","0.3","0.2","0.05","0.8","0.4","300","14042","5951","8091","0.5761999715140294","5951","3590","0.552985171177444","0.14554799531572096"
"1605","300","0.4","0.3","0.2","0.05","0.8","0.4","300","13917","5998","7919","0.5690163109865632","5998","3587","0.5568913135763371","0.149752419549415"
"1607","300","0.4","0.3","0.2","0.05","0.8","0.4","300","13858","6015","7843","0.5659546832154712","6015","3594","0.573668366427897","0.14512493983407207"
"1608","300","0.4","0.3","0.2","0.05","0.8","0.4","300","13879","5975","7904","0.5694934793573024","5975","3557","0.5639577349577303","0.14035383479583036"
"1611","300","0.4","0.3","0.2","0.05","0.8","0.45","300","7886","4732","3154","0.3999492772001014","4732","2539","0.46486793359103823","0.07968095689224887"
"1612","300","0.4","0.3","0.2","0.05","0.8","0.45","300","7902","4723","3179","0.40230321437610733","4723","2559","0.47416649643808445","0.08457209341170388"
"1609","300","0.4","0.3","0.2","0.05","0.8","0.4","300","13919","6012","7907","0.5680724189956176","6012","3652","0.5701512971019292","0.14386953786303458"
"1610","300","0.4","0.3","0.2","0.05","0.8","0.4","300","14074","6010","8064","0.5729714366917721","6010","3622","0.5731358512894386","0.14384521454344917"
"1614","300","0.4","0.3","0.2","0.05","0.8","0.45","300","7870","4756","3114","0.39567979669631514","4756","2576","0.4705319243219576","0.07858197796119432"
"1615","300","0.4","0.3","0.2","0.05","0.8","0.45","300","7945","4733","3212","0.40427942101950914","4733","2590","0.4656059739380448","0.09494521088231035"
"1613","300","0.4","0.3","0.2","0.05","0.8","0.45","300","7970","4734","3236","0.4060225846925972","4734","2650","0.45897683223013197","0.0752130350353836"
"1616","300","0.4","0.3","0.2","0.05","0.8","0.45","300","7903","4742","3161","0.3999746931544983","4742","2621","0.46446019730076427","0.08009715067062205"
"1621","300","0.4","0.3","0.2","0.05","0.8","0.5","300","5458","3935","1523","0.2790399413704654","3935","1925","0.4103699732871515","0.06414987641608995"
"1622","300","0.4","0.3","0.2","0.05","0.8","0.5","300","5480","3888","1592","0.2905109489051095","3888","1967","0.41416360727122836","0.06354568019221153"
"1617","300","0.4","0.3","0.2","0.05","0.8","0.45","300","7880","4717","3163","0.4013959390862944","4717","2599","0.4612774821146954","0.09516033228419066"
"1623","300","0.4","0.3","0.2","0.05","0.8","0.5","300","5532","3930","1602","0.289587852494577","3930","1957","0.41193345597771136","0.05593810438146008"
"1619","300","0.4","0.3","0.2","0.05","0.8","0.45","300","7857","4729","3128","0.39811632938780706","4729","2581","0.4661404159701355","0.08721176647958631"
"1618","300","0.4","0.3","0.2","0.05","0.8","0.45","300","7861","4742","3119","0.39676885892380104","4742","2688","0.4821791661862971","0.08359885386688967"
"1620","300","0.4","0.3","0.2","0.05","0.8","0.45","300","7984","4690","3294","0.4125751503006012","4690","2590","0.471232872763705","0.09344934403533983"
"1625","300","0.4","0.3","0.2","0.05","0.8","0.5","300","5424","3929","1495","0.2756268436578171","3929","1895","0.41375272010555003","0.05771516644975764"
"1624","300","0.4","0.3","0.2","0.05","0.8","0.5","300","5493","3916","1577","0.2870926633897688","3916","1960","0.40911649453628335","0.058119065325119276"
"1627","300","0.4","0.3","0.2","0.05","0.8","0.5","300","5472","3900","1572","0.28728070175438597","3900","1976","0.4168307561072667","0.05476782788404046"
"1629","300","0.4","0.3","0.2","0.05","0.8","0.5","300","5456","3914","1542","0.28262463343108507","3914","1978","0.41526857931909306","0.053298412240201036"
"1628","300","0.4","0.3","0.2","0.05","0.8","0.5","300","5446","3949","1497","0.27488064634594195","3949","1930","0.4215808202762115","0.048328780861313356"
"1631","300","0.4","0.3","0.2","0.05","0.8","0.55","300","4372","3445","927","0.21203110704483075","3445","1549","0.3891760390900065","0.035967699848657504"
"1626","300","0.4","0.3","0.2","0.05","0.8","0.5","300","5496","3905","1591","0.28948326055312956","3905","1925","0.41298969235323424","0.06666353009788738"
"1630","300","0.4","0.3","0.2","0.05","0.8","0.5","300","5492","3933","1559","0.28386744355426075","3933","2027","0.41879480659359414","0.060867151971063176"
"1632","300","0.4","0.3","0.2","0.05","0.8","0.55","300","4365","3448","917","0.21008018327605957","3448","1542","0.3865219578255031","0.03808748803302846"
"1633","300","0.4","0.3","0.2","0.05","0.8","0.55","300","4367","3442","925","0.2118158919166476","3442","1526","0.38276415453885276","0.04391811255590604"
"1636","300","0.4","0.3","0.2","0.05","0.8","0.55","300","4372","3482","890","0.20356816102470265","3482","1589","0.3811984190347406","0.0440400090791121"
"1634","300","0.4","0.3","0.2","0.05","0.8","0.55","300","4421","3472","949","0.21465731734901605","3472","1558","0.382324583359692","0.0474276176280233"
"1642","300","0.4","0.3","0.2","0.05","0.8","0.6","300","3745","3124","621","0.1658210947930574","3124","1276","0.3568059197677084","0.04254923737347567"
"1635","300","0.4","0.3","0.2","0.05","0.8","0.55","300","4319","3422","897","0.20768696457513314","3422","1553","0.3806827102755112","0.04661915313888349"
"1640","300","0.4","0.3","0.2","0.05","0.8","0.55","300","4312","3454","858","0.1989795918367347","3454","1505","0.39121608918988315","0.03952614589228192"
"1641","300","0.4","0.3","0.2","0.05","0.8","0.6","300","3764","3179","585","0.15541976620616366","3179","1269","0.359647466652525","0.0403918547589807"
"1638","300","0.4","0.3","0.2","0.05","0.8","0.55","300","4368","3458","910","0.20833333333333334","3458","1565","0.3888113965568376","0.047101824854282895"
"1645","300","0.4","0.3","0.2","0.05","0.8","0.6","300","3712","3139","573","0.15436422413793102","3139","1212","0.3603986872137966","0.03973982721709861"
"1639","300","0.4","0.3","0.2","0.05","0.8","0.55","300","4356","3440","916","0.21028466483011937","3440","1536","0.3771278520030192","0.0463655708701255"
"1637","300","0.4","0.3","0.2","0.05","0.8","0.55","300","4318","3422","896","0.20750347383047707","3422","1574","0.39116292975044076","0.042141755896568"
"1646","300","0.4","0.3","0.2","0.05","0.8","0.6","300","3733","3157","576","0.15429949102598448","3157","1176","0.35286631342120733","0.05125447214870013"
"1644","300","0.4","0.3","0.2","0.05","0.8","0.6","300","3728","3175","553","0.14833690987124465","3175","1283","0.35782488120405836","0.047566821588437926"
"1643","300","0.4","0.3","0.2","0.05","0.8","0.6","300","3709","3116","593","0.15988136964141278","3116","1236","0.3597843182361651","0.03762765852102714"
"1647","300","0.4","0.3","0.2","0.05","0.8","0.6","300","3786","3179","607","0.16032752245113577","3179","1213","0.35380567585490136","0.03452821625379949"
"1649","300","0.4","0.3","0.2","0.05","0.8","0.6","300","3759","3132","627","0.16679968076616122","3132","1262","0.3480485769154154","0.046426566670276406"
"1650","300","0.4","0.3","0.2","0.05","0.8","0.6","300","3740","3160","580","0.15508021390374332","3160","1234","0.3565474040416193","0.039563635205053994"
"1648","300","0.4","0.3","0.2","0.05","0.8","0.6","300","3766","3184","582","0.15454062665958576","3184","1274","0.35919814757158397","0.0364475343912368"
"1652","300","0.4","0.3","0.2","0.05","0.8","0.65","300","3412","3022","390","0.11430246189917936","3022","1046","0.3423062727273095","0.04047825317219463"
"1651","300","0.4","0.3","0.2","0.05","0.8","0.65","300","3443","3045","398","0.11559686320069706","3045","1078","0.3435193420455751","0.041251112313458654"
"1653","300","0.4","0.3","0.2","0.05","0.8","0.65","300","3454","3015","439","0.1270990156340475","3015","1060","0.3468928291276385","0.03698187660113775"
"1655","300","0.4","0.3","0.2","0.05","0.8","0.65","300","3409","3052","357","0.10472279260780287","3052","1074","0.35059208668435826","0.03765949387166841"
"1654","300","0.4","0.3","0.2","0.05","0.8","0.65","300","3385","2998","387","0.11432791728212703","2998","1063","0.3433289044770886","0.03418376259794617"
"1656","300","0.4","0.3","0.2","0.05","0.8","0.65","300","3450","3048","402","0.11652173913043479","3048","1063","0.34992901379639446","0.041564038116899654"
"1657","300","0.4","0.3","0.2","0.05","0.8","0.65","300","3374","3021","353","0.1046235921754594","3021","1082","0.34586409517481054","0.028960408665507687"
"1658","300","0.4","0.3","0.2","0.05","0.8","0.65","300","3438","3056","382","0.1111111111111111","3056","1102","0.3446109354711518","0.0387665509644154"
"1659","300","0.4","0.3","0.2","0.05","0.8","0.65","300","3387","3015","372","0.10983170947741364","3015","1080","0.3477758537829766","0.028442881616939412"
"1660","300","0.4","0.3","0.2","0.05","0.8","0.65","300","3501","3060","441","0.12596401028277635","3060","1078","0.3469883733981112","0.045295075141638885"
"1662","300","0.4","0.3","0.2","0.05","0.8","0.7","300","3245","2949","296","0.09121725731895224","2949","879","0.32601034193777645","0.034155957401674736"
"1665","300","0.4","0.3","0.2","0.05","0.8","0.7","300","3264","2959","305","0.0934436274509804","2959","905","0.3318404896757793","0.03399054486199618"
"1661","300","0.4","0.3","0.2","0.05","0.8","0.7","300","3231","2946","285","0.0882079851439183","2946","915","0.3359322054044867","0.036531255950644215"
"1664","300","0.4","0.3","0.2","0.05","0.8","0.7","300","3198","2935","263","0.08223889931207004","2935","843","0.3297876849093719","0.03844112960964337"
"1663","300","0.4","0.3","0.2","0.05","0.8","0.7","300","3233","2943","290","0.08969996906897618","2943","862","0.3286789069637439","0.02634631897746738"
"1668","300","0.4","0.3","0.2","0.05","0.8","0.7","300","3247","2941","306","0.09424083769633508","2941","841","0.3291530769507776","0.030408337900674987"
"1669","300","0.4","0.3","0.2","0.05","0.8","0.7","300","3151","2883","268","0.08505236432878452","2883","893","0.3374677535906124","0.03089911392701456"
"1666","300","0.4","0.3","0.2","0.05","0.8","0.7","300","3224","2934","290","0.08995037220843673","2934","910","0.3300494093179177","0.03593795955613485"
"1667","300","0.4","0.3","0.2","0.05","0.8","0.7","300","3218","2926","292","0.09073958980733375","2926","866","0.3314608410962539","0.043341250714501345"
"1673","300","0.4","0.3","0.2","0.05","0.8","0.75","300","3073","2856","217","0.07061503416856492","2856","731","0.32164655261325675","0.03563719988074614"
"1670","300","0.4","0.3","0.2","0.05","0.8","0.7","300","3184","2922","262","0.08228643216080402","2922","851","0.3314219204333593","0.029383110656763297"
"1672","300","0.4","0.3","0.2","0.05","0.8","0.75","300","3077","2888","189","0.06142346441338967","2888","724","0.32640748510393497","0.03302749616815227"
"1671","300","0.4","0.3","0.2","0.05","0.8","0.75","300","3099","2894","205","0.06615037108744756","2894","718","0.32369628201923795","0.04068708885328706"
"1674","300","0.4","0.3","0.2","0.05","0.8","0.75","300","3149","2950","199","0.0631946649730073","2950","745","0.32450419288183563","0.0279449788251159"
"1675","300","0.4","0.3","0.2","0.05","0.8","0.75","300","3131","2921","210","0.06707122325135739","2921","728","0.32164180768561307","0.027372513367534334"
"1677","300","0.4","0.3","0.2","0.05","0.8","0.75","300","3090","2873","217","0.07022653721682848","2873","755","0.3251830309862337","0.034378225610926516"
"1676","300","0.4","0.3","0.2","0.05","0.8","0.75","300","3051","2861","190","0.06227466404457555","2861","717","0.3264390228903675","0.043089841662180044"
"1678","300","0.4","0.3","0.2","0.05","0.8","0.75","300","3101","2869","232","0.07481457594324412","2869","748","0.32216286311846487","0.041427124804979364"
"1679","300","0.4","0.3","0.2","0.05","0.8","0.75","300","3040","2867","173","0.05690789473684211","2867","684","0.32159164060776807","0.031243833429836235"
"1680","300","0.4","0.3","0.2","0.05","0.8","0.75","300","3122","2927","195","0.062459961563100574","2927","725","0.3228849754788607","0.030823468886114612"
"1681","300","0.4","0.3","0.2","0.05","0.8","0.8","300","2968","2820","148","0.04986522911051213","2820","600","0.31270180783435897","0.03440050351829885"
"1683","300","0.4","0.3","0.2","0.05","0.8","0.8","300","2973","2789","184","0.0618903464513959","2789","578","0.3135244902236899","0.03691542096572349"
"1682","300","0.4","0.3","0.2","0.05","0.8","0.8","300","2974","2846","128","0.04303967720242098","2846","566","0.31478387761332005","0.027167787105318943"
"1685","300","0.4","0.3","0.2","0.05","0.8","0.8","300","2988","2848","140","0.04685408299866131","2848","583","0.3154994786605741","0.026981855069850957"
"1684","300","0.4","0.3","0.2","0.05","0.8","0.8","300","2944","2778","166","0.05638586956521739","2778","616","0.3115661761315047","0.030464456695013607"
"1688","300","0.4","0.3","0.2","0.05","0.8","0.8","300","2952","2797","155","0.05250677506775068","2797","558","0.3136607775299588","0.03426696585356268"
"1690","300","0.4","0.3","0.2","0.05","0.8","0.8","300","2995","2829","166","0.05542570951585977","2829","608","0.3135071356709127","0.026260022916543"
"1686","300","0.4","0.3","0.2","0.05","0.8","0.8","300","2973","2812","161","0.05415405314497141","2812","560","0.31261569544896706","0.0402604042561592"
"1689","300","0.4","0.3","0.2","0.05","0.8","0.8","300","2975","2815","160","0.05378151260504202","2815","560","0.31421410406544337","0.03235522247604617"
"1687","300","0.4","0.3","0.2","0.05","0.8","0.8","300","2992","2859","133","0.04445187165775401","2859","569","0.31292074579276635","0.029798518189211406"
