"BehaviorSpace results (NetLogo 7.0.3)","Table version 2.0"
"Experiments-06-05-ABM-C.nlogox"
"exp1_policy_grid"
"05/06/2026 14:42:47:900 +0200"
"min-pxcor","max-pxcor","min-pycor","max-pycor"
"-16","16","-16","16"
"[run number]","number-employees","initial-misconduct-propensity","initial-fear","learning-rate","baseline-recovery-rate","punishment-severity","reporter-protection","[step]","committed-misconduct-total","punished-misconduct-total","hidden-misconduct-total","hidden-misconduct-rate","reported-events-total","retaliation-events-total","mean [fear] of employees","mean [misconduct-propensity] of employees"
"24","300","0.4","0.3","0.2","0.05","0.2","0.3","300","6496","3412","3084","0.4747536945812808","3412","2354","0.38658994806682545","0.0644408777645677"
"4","300","0.4","0.3","0.2","0.05","0.2","0.2","300","9107","3353","5754","0.6318216756341276","3353","2703","0.41434521699784155","0.09426887106527455"
"17","300","0.4","0.3","0.2","0.05","0.2","0.25","300","7656","3416","4240","0.5538140020898642","3416","2575","0.401539479495623","0.07626359466539404"
"23","300","0.4","0.3","0.2","0.05","0.2","0.3","300","6567","3414","3153","0.4801279122887163","3414","2405","0.37757622802088253","0.07675069195664845"
"19","300","0.4","0.3","0.2","0.05","0.2","0.25","300","7657","3375","4282","0.5592268512472247","3375","2541","0.39841632094343393","0.07552414920263516"
"21","300","0.4","0.3","0.2","0.05","0.2","0.3","300","6611","3408","3203","0.4844955377401301","3408","2419","0.3852659760942291","0.07297789923214128"
"14","300","0.4","0.3","0.2","0.05","0.2","0.25","300","7677","3395","4282","0.5577699622248274","3395","2574","0.3986330276073465","0.0811971683973127"
"8","300","0.4","0.3","0.2","0.05","0.2","0.2","300","9143","3361","5782","0.6323963688067374","3361","2688","0.4085222721099953","0.10700279771446032"
"18","300","0.4","0.3","0.2","0.05","0.2","0.25","300","7586","3406","4180","0.5510150276825732","3406","2579","0.40157095795454106","0.07150619599529047"
"25","300","0.4","0.3","0.2","0.05","0.2","0.3","300","6628","3419","3209","0.48415811707905854","3419","2436","0.3858894742055745","0.06860441529498239"
"16","300","0.4","0.3","0.2","0.05","0.2","0.25","300","7616","3432","4184","0.5493697478991597","3432","2539","0.399775949829442","0.07833240735590544"
"10","300","0.4","0.3","0.2","0.05","0.2","0.2","300","9179","3370","5809","0.6328576097614119","3370","2693","0.4121730792040631","0.08784855286933956"
"6","300","0.4","0.3","0.2","0.05","0.2","0.2","300","9044","3378","5666","0.6264927023440955","3378","2676","0.41552671176826855","0.08773688558122159"
"7","300","0.4","0.3","0.2","0.05","0.2","0.2","300","9035","3374","5661","0.6265633646928611","3374","2680","0.4063393465177984","0.10433998101568691"
"15","300","0.4","0.3","0.2","0.05","0.2","0.25","300","7631","3385","4246","0.5564146245577251","3385","2556","0.4004775551204579","0.08620247399116222"
"11","300","0.4","0.3","0.2","0.05","0.2","0.25","300","7633","3396","4237","0.555089741910127","3396","2523","0.405606628985291","0.07479687772789811"
"12","300","0.4","0.3","0.2","0.05","0.2","0.25","300","7560","3401","4159","0.5501322751322751","3401","2534","0.3961106146055609","0.08652627124218264"
"27","300","0.4","0.3","0.2","0.05","0.2","0.3","300","6553","3440","3113","0.4750495956050664","3440","2398","0.38216674811071494","0.07981266770722847"
"5","300","0.4","0.3","0.2","0.05","0.2","0.2","300","9273","3338","5935","0.6400301951903375","3338","2715","0.4146872448182453","0.09678514279437822"
"28","300","0.4","0.3","0.2","0.05","0.2","0.3","300","6524","3417","3107","0.4762415695892091","3417","2423","0.3816093415927087","0.074218221224675"
"20","300","0.4","0.3","0.2","0.05","0.2","0.25","300","7684","3389","4295","0.5589536699635607","3389","2524","0.4013220131497377","0.07362508486568191"
"13","300","0.4","0.3","0.2","0.05","0.2","0.25","300","7554","3425","4129","0.5465978289647868","3425","2556","0.40350179290389726","0.07755716829612429"
"26","300","0.4","0.3","0.2","0.05","0.2","0.3","300","6509","3396","3113","0.4782608695652174","3396","2354","0.38688432364128134","0.06446022549040394"
"22","300","0.4","0.3","0.2","0.05","0.2","0.3","300","6623","3414","3209","0.48452362977502644","3414","2404","0.3840263610227385","0.07114461807229201"
"3","300","0.4","0.3","0.2","0.05","0.2","0.2","300","9020","3361","5659","0.6273835920177384","3361","2644","0.39574158802780074","0.11196917075404142"
"2","300","0.4","0.3","0.2","0.05","0.2","0.2","300","8966","3370","5596","0.6241356234664287","3370","2692","0.4156948955513115","0.09299288053313075"
"29","300","0.4","0.3","0.2","0.05","0.2","0.3","300","6570","3422","3148","0.4791476407914764","3422","2432","0.3848518621308416","0.07647986945518696"
"9","300","0.4","0.3","0.2","0.05","0.2","0.2","300","9049","3385","5664","0.6259255166316721","3385","2718","0.40341010540260036","0.10773352618199904"
"1","300","0.4","0.3","0.2","0.05","0.2","0.2","300","9076","3355","5721","0.630343763772587","3355","2698","0.409887794167312","0.09125729613275797"
"31","300","0.4","0.3","0.2","0.05","0.2","0.35","300","5722","3436","2286","0.39951066060817897","3436","2267","0.3722489667247668","0.0661995203826937"
"30","300","0.4","0.3","0.2","0.05","0.2","0.3","300","6597","3417","3180","0.48203728967712595","3417","2434","0.3863827409435425","0.06820141573726057"
"33","300","0.4","0.3","0.2","0.05","0.2","0.35","300","5716","3407","2309","0.4039538138558432","3407","2167","0.370440678405046","0.061051488176660736"
"34","300","0.4","0.3","0.2","0.05","0.2","0.35","300","5675","3404","2271","0.4001762114537445","3404","2194","0.3702811352407351","0.052873585236091314"
"32","300","0.4","0.3","0.2","0.05","0.2","0.35","300","5726","3411","2315","0.40429619280475027","3411","2183","0.372460650561223","0.06386541760524725"
"35","300","0.4","0.3","0.2","0.05","0.2","0.35","300","5834","3420","2414","0.4137812821391841","3420","2189","0.3713850710027111","0.05147889027298931"
"37","300","0.4","0.3","0.2","0.05","0.2","0.35","300","5758","3398","2360","0.40986453629732544","3398","2179","0.3686602536778954","0.07148579669394561"
"39","300","0.4","0.3","0.2","0.05","0.2","0.35","300","5683","3435","2248","0.3955657223297554","3435","2232","0.37059337754643085","0.060466680165719315"
"36","300","0.4","0.3","0.2","0.05","0.2","0.35","300","5794","3404","2390","0.4124956851915775","3404","2287","0.3696342116579662","0.05809850076608061"
"41","300","0.4","0.3","0.2","0.05","0.2","0.4","300","5101","3382","1719","0.33699274652029015","3382","1999","0.36315013806946356","0.052168118970253134"
"40","300","0.4","0.3","0.2","0.05","0.2","0.35","300","5746","3391","2355","0.4098503306648103","3391","2206","0.3691183964972608","0.0636145123070135"
"38","300","0.4","0.3","0.2","0.05","0.2","0.35","300","5727","3441","2286","0.3991618648507072","3441","2250","0.376578718131141","0.06063076865537527"
"42","300","0.4","0.3","0.2","0.05","0.2","0.4","300","5065","3379","1686","0.3328726554787759","3379","2021","0.3622270519467739","0.05672315796702357"
"44","300","0.4","0.3","0.2","0.05","0.2","0.4","300","5106","3395","1711","0.33509596553074816","3395","2026","0.35934995084636406","0.052015959228509254"
"43","300","0.4","0.3","0.2","0.05","0.2","0.4","300","5222","3387","1835","0.3513979318268862","3387","2101","0.36218208434556703","0.06113619443467632"
"45","300","0.4","0.3","0.2","0.05","0.2","0.4","300","5109","3398","1711","0.33489919749461733","3398","2006","0.3602396267016027","0.05243625260055038"
"46","300","0.4","0.3","0.2","0.05","0.2","0.4","300","5097","3419","1678","0.3292132627035511","3419","2041","0.36480287786172677","0.05701233847857724"
"47","300","0.4","0.3","0.2","0.05","0.2","0.4","300","5102","3399","1703","0.3337906703253626","3399","2019","0.36341776971390016","0.04502746486849005"
"54","300","0.4","0.3","0.2","0.05","0.2","0.45","300","4612","3401","1211","0.26257588898525586","3401","1841","0.3509353898637411","0.0548956866670204"
"51","300","0.4","0.3","0.2","0.05","0.2","0.45","300","4600","3406","1194","0.25956521739130434","3406","1874","0.35474246472135695","0.04595141741731782"
"48","300","0.4","0.3","0.2","0.05","0.2","0.4","300","5124","3436","1688","0.3294301327088212","3436","2078","0.3634476055018446","0.04707526543835451"
"56","300","0.4","0.3","0.2","0.05","0.2","0.45","300","4600","3362","1238","0.2691304347826087","3362","1810","0.35062185902833326","0.04840394613029562"
"52","300","0.4","0.3","0.2","0.05","0.2","0.45","300","4691","3387","1304","0.27797910893199745","3387","1864","0.35134990583894177","0.044397108576856956"
"50","300","0.4","0.3","0.2","0.05","0.2","0.4","300","5109","3415","1694","0.33157173615188884","3415","2039","0.3593510720015728","0.05841916757120685"
"49","300","0.4","0.3","0.2","0.05","0.2","0.4","300","5058","3433","1625","0.32127323052589957","3433","2037","0.3644669884363723","0.05023620128333348"
"55","300","0.4","0.3","0.2","0.05","0.2","0.45","300","4688","3376","1312","0.27986348122866894","3376","1856","0.35090465439405827","0.04843249566748775"
"57","300","0.4","0.3","0.2","0.05","0.2","0.45","300","4621","3397","1224","0.26487773209262067","3397","1931","0.35647163251380204","0.04844953229582172"
"59","300","0.4","0.3","0.2","0.05","0.2","0.45","300","4693","3380","1313","0.27977839335180055","3380","1873","0.3523527981420715","0.05660962167281433"
"58","300","0.4","0.3","0.2","0.05","0.2","0.45","300","4608","3399","1209","0.2623697916666667","3399","1903","0.35444578596522786","0.042825627007504564"
"60","300","0.4","0.3","0.2","0.05","0.2","0.45","300","4641","3374","1267","0.2730015082956259","3374","1783","0.35186898744156103","0.04904123107870322"
"61","300","0.4","0.3","0.2","0.05","0.2","0.5","300","4317","3385","932","0.21589066481352792","3385","1701","0.3440696772138196","0.03981967441108926"
"63","300","0.4","0.3","0.2","0.05","0.2","0.5","300","4283","3352","931","0.21737100163436843","3352","1701","0.3487296834012233","0.045392903835104505"
"64","300","0.4","0.3","0.2","0.05","0.2","0.5","300","4339","3371","968","0.2230928785434432","3371","1658","0.3383464928555079","0.05029481008578929"
"62","300","0.4","0.3","0.2","0.05","0.2","0.5","300","4342","3369","973","0.22409028097650852","3369","1691","0.34586705123115846","0.03489557530816513"
"66","300","0.4","0.3","0.2","0.05","0.2","0.5","300","4229","3355","874","0.20666824308347126","3355","1682","0.34179269088060543","0.045059302923150434"
"65","300","0.4","0.3","0.2","0.05","0.2","0.5","300","4306","3363","943","0.2189967487227125","3363","1658","0.34150994469719126","0.048316256124596224"
"68","300","0.4","0.3","0.2","0.05","0.2","0.5","300","4312","3372","940","0.21799628942486085","3372","1721","0.34557350375874374","0.043691607304619566"
"53","300","0.4","0.3","0.2","0.05","0.2","0.45","300","4615","3418","1197","0.25937161430119177","3418","1855","0.35508613207797335","0.045786456211819475"
"67","300","0.4","0.3","0.2","0.05","0.2","0.5","300","4289","3386","903","0.2105385870832362","3386","1715","0.3423367270213541","0.050000289484159716"
"70","300","0.4","0.3","0.2","0.05","0.2","0.5","300","4279","3380","899","0.2100958167796214","3380","1649","0.345421028889198","0.04579270065356317"
"71","300","0.4","0.3","0.2","0.05","0.2","0.55","300","4081","3341","740","0.18132810585640774","3341","1530","0.3326883667715715","0.049013521034350534"
"69","300","0.4","0.3","0.2","0.05","0.2","0.5","300","4269","3380","889","0.2082454907472476","3380","1674","0.3419091604166851","0.03896669373100066"
"72","300","0.4","0.3","0.2","0.05","0.2","0.55","300","4046","3333","713","0.17622343054869005","3333","1471","0.3319925758340897","0.0366306618154348"
"75","300","0.4","0.3","0.2","0.05","0.2","0.55","300","4040","3346","694","0.1717821782178218","3346","1466","0.3332394573675231","0.04403845720137791"
"74","300","0.4","0.3","0.2","0.05","0.2","0.55","300","4016","3343","673","0.1675796812749004","3343","1499","0.3351497682282718","0.04607779701402854"
"77","300","0.4","0.3","0.2","0.05","0.2","0.55","300","4063","3335","728","0.17917794732955944","3335","1491","0.3360767886738227","0.03936210459894791"
"73","300","0.4","0.3","0.2","0.05","0.2","0.55","300","4042","3334","708","0.1751608114794656","3334","1468","0.33100460614636307","0.0445083809590654"
"76","300","0.4","0.3","0.2","0.05","0.2","0.55","300","4034","3339","695","0.1722855726326227","3339","1522","0.3350363057585886","0.03605835968073149"
"79","300","0.4","0.3","0.2","0.05","0.2","0.55","300","4013","3324","689","0.17169200099676052","3324","1509","0.337335415919589","0.04420077254440622"
"81","300","0.4","0.3","0.2","0.05","0.2","0.6","300","3851","3305","546","0.14178135549207999","3305","1331","0.3274057251146292","0.03564284912266109"
"78","300","0.4","0.3","0.2","0.05","0.2","0.55","300","4057","3337","720","0.1774710377125955","3337","1469","0.3366147847624709","0.036637215323167584"
"82","300","0.4","0.3","0.2","0.05","0.2","0.6","300","3862","3309","553","0.14319005696530296","3309","1279","0.32322983947224465","0.04306032664608152"
"80","300","0.4","0.3","0.2","0.05","0.2","0.55","300","4072","3355","717","0.17608055009823181","3355","1525","0.33659907305055936","0.04113615132274979"
"83","300","0.4","0.3","0.2","0.05","0.2","0.6","300","3830","3268","562","0.14673629242819844","3268","1336","0.3298465109519725","0.04117069486015338"
"84","300","0.4","0.3","0.2","0.05","0.2","0.6","300","3843","3293","550","0.14311735623211033","3293","1333","0.3268099365092459","0.04303951639552497"
"85","300","0.4","0.3","0.2","0.05","0.2","0.6","300","3834","3325","509","0.13275952008346376","3325","1364","0.32674909174118666","0.03901413410999825"
"86","300","0.4","0.3","0.2","0.05","0.2","0.6","300","3824","3304","520","0.13598326359832635","3304","1286","0.3264555445400119","0.04452439011372071"
"87","300","0.4","0.3","0.2","0.05","0.2","0.6","300","3780","3294","486","0.12857142857142856","3294","1317","0.32821316789803606","0.04774775964890402"
"90","300","0.4","0.3","0.2","0.05","0.2","0.6","300","3801","3293","508","0.13364903972638778","3293","1268","0.3238810855531805","0.04236692888610258"
"89","300","0.4","0.3","0.2","0.05","0.2","0.6","300","3822","3328","494","0.1292517006802721","3328","1338","0.32632926554637626","0.04222460509416588"
"88","300","0.4","0.3","0.2","0.05","0.2","0.6","300","3864","3331","533","0.1379399585921325","3331","1312","0.32533661982002715","0.03803866213989576"
"92","300","0.4","0.3","0.2","0.05","0.2","0.65","300","3607","3257","350","0.09703354588300526","3257","1123","0.3208868610176376","0.039717296306071105"
"93","300","0.4","0.3","0.2","0.05","0.2","0.65","300","3619","3246","373","0.10306714562033711","3246","1136","0.3210211902719503","0.03556415734301676"
"98","300","0.4","0.3","0.2","0.05","0.2","0.65","300","3637","3248","389","0.10695628265053615","3248","1145","0.3200701499938684","0.044428175935796586"
"96","300","0.4","0.3","0.2","0.05","0.2","0.65","300","3625","3247","378","0.10427586206896551","3247","1142","0.31860581713800495","0.04310937234048169"
"101","300","0.4","0.3","0.2","0.05","0.2","0.7","300","3571","3272","299","0.08373004760571269","3272","1035","0.31528969652680716","0.03836709234546933"
"94","300","0.4","0.3","0.2","0.05","0.2","0.65","300","3617","3264","353","0.09759469173348079","3264","1146","0.31935521735397854","0.035163232369733635"
"97","300","0.4","0.3","0.2","0.05","0.2","0.65","300","3679","3291","388","0.10546344115248708","3291","1144","0.32085831591270736","0.03800778887947455"
"104","300","0.4","0.3","0.2","0.05","0.2","0.7","300","3562","3282","280","0.07860752386299831","3282","897","0.3156748750881688","0.04091942968093328"
"99","300","0.4","0.3","0.2","0.05","0.2","0.65","300","3635","3266","369","0.1015130674002751","3266","1197","0.3184245338529868","0.031913790734651684"
"95","300","0.4","0.3","0.2","0.05","0.2","0.65","300","3691","3304","387","0.10484963424546194","3304","1197","0.31925754179075433","0.0439417783914403"
"103","300","0.4","0.3","0.2","0.05","0.2","0.7","300","3522","3237","285","0.08091993185689948","3237","959","0.3148071510736394","0.029476365587865358"
"109","300","0.4","0.3","0.2","0.05","0.2","0.7","300","3517","3229","288","0.0818879727040091","3229","973","0.31494192929508946","0.039345851799654934"
"102","300","0.4","0.3","0.2","0.05","0.2","0.7","300","3571","3288","283","0.07924950994119294","3288","987","0.31757745201330706","0.03509243490267523"
"107","300","0.4","0.3","0.2","0.05","0.2","0.7","300","3537","3228","309","0.08736217133163698","3228","965","0.3139006212300108","0.029735175082129885"
"91","300","0.4","0.3","0.2","0.05","0.2","0.65","300","3659","3268","391","0.10685979775895053","3268","1120","0.3218244228837672","0.03259038434611809"
"108","300","0.4","0.3","0.2","0.05","0.2","0.7","300","3549","3275","274","0.07720484643561566","3275","966","0.3155284166445861","0.04363528368495638"
"110","300","0.4","0.3","0.2","0.05","0.2","0.7","300","3589","3294","295","0.08219559765951519","3294","937","0.31449249265099133","0.03644432716006823"
"106","300","0.4","0.3","0.2","0.05","0.2","0.7","300","3508","3239","269","0.0766818700114025","3239","974","0.3133400224806637","0.04130612948269372"
"100","300","0.4","0.3","0.2","0.05","0.2","0.65","300","3684","3326","358","0.09717698154180239","3326","1187","0.32072667406220545","0.04309114318559922"
"105","300","0.4","0.3","0.2","0.05","0.2","0.7","300","3597","3304","293","0.08145676953016402","3304","1002","0.3153209200275334","0.03347218831828019"
"111","300","0.4","0.3","0.2","0.05","0.2","0.75","300","3427","3221","206","0.06011088415523782","3221","817","0.3089690742012901","0.044575033162852065"
"116","300","0.4","0.3","0.2","0.05","0.2","0.75","300","3457","3232","225","0.06508533410471506","3232","797","0.3101008362246688","0.03926000931541725"
"112","300","0.4","0.3","0.2","0.05","0.2","0.75","300","3465","3269","196","0.05656565656565657","3269","818","0.3088013319569818","0.03597305003892429"
"113","300","0.4","0.3","0.2","0.05","0.2","0.75","300","3458","3232","226","0.0653556969346443","3232","816","0.31136849061817573","0.029643975679326518"
"115","300","0.4","0.3","0.2","0.05","0.2","0.75","300","3473","3255","218","0.06276993953354448","3255","810","0.3104907401764546","0.044398143486930775"
"118","300","0.4","0.3","0.2","0.05","0.2","0.75","300","3443","3214","229","0.066511762997386","3214","805","0.3084154428880111","0.03642554916293409"
"117","300","0.4","0.3","0.2","0.05","0.2","0.75","300","3406","3219","187","0.05490311215502055","3219","799","0.311290151862984","0.0353658821418176"
"114","300","0.4","0.3","0.2","0.05","0.2","0.75","300","3456","3239","217","0.06278935185185185","3239","787","0.3112126087456306","0.03857041685865225"
"120","300","0.4","0.3","0.2","0.05","0.2","0.75","300","3417","3214","203","0.05940883816213052","3214","830","0.31104961634945494","0.04351470865680668"
"126","300","0.4","0.3","0.2","0.05","0.2","0.8","300","3393","3232","161","0.04745063365753021","3232","624","0.3067556380957702","0.036036959516852825"
"122","300","0.4","0.3","0.2","0.05","0.2","0.8","300","3336","3178","158","0.047362110311750596","3178","637","0.30589608493897275","0.03913907856030313"
"121","300","0.4","0.3","0.2","0.05","0.2","0.8","300","3359","3175","184","0.054778207799940457","3175","602","0.306148368698942","0.04298017654337774"
"125","300","0.4","0.3","0.2","0.05","0.2","0.8","300","3381","3215","166","0.04909790002957705","3215","649","0.3066861160615743","0.027661755891378387"
"119","300","0.4","0.3","0.2","0.05","0.2","0.75","300","3457","3233","224","0.06479606595313855","3233","825","0.31080718632836196","0.03157494240651926"
"123","300","0.4","0.3","0.2","0.05","0.2","0.8","300","3368","3196","172","0.0510688836104513","3196","628","0.30559616484349333","0.032914260423218655"
"124","300","0.4","0.3","0.2","0.05","0.2","0.8","300","3348","3185","163","0.048685782556750296","3185","638","0.3071610222998057","0.03125354622684692"
"128","300","0.4","0.3","0.2","0.05","0.2","0.8","300","3420","3238","182","0.05321637426900585","3238","656","0.3053036238454241","0.0416598959133133"
"130","300","0.4","0.3","0.2","0.05","0.2","0.8","300","3398","3228","170","0.050029429075927015","3228","634","0.30629950916796744","0.04115973806825472"
"127","300","0.4","0.3","0.2","0.05","0.2","0.8","300","3400","3228","172","0.05058823529411765","3228","651","0.30607706386404937","0.03602372816246819"
"131","300","0.4","0.3","0.2","0.05","0.25","0.2","300","8220","3011","5209","0.633698296836983","3011","2377","0.40841212554427386","0.09366568485646466"
"132","300","0.4","0.3","0.2","0.05","0.25","0.2","300","8222","3022","5200","0.6324495256628557","3022","2411","0.41114404107874186","0.07828800400021625"
"133","300","0.4","0.3","0.2","0.05","0.25","0.2","300","8061","3009","5052","0.6267212504652029","3009","2409","0.40440390469826015","0.09882191365638146"
"134","300","0.4","0.3","0.2","0.05","0.25","0.2","300","8118","3022","5096","0.6277408228627741","3022","2443","0.4108991685713227","0.07891137069078055"
"135","300","0.4","0.3","0.2","0.05","0.25","0.2","300","8260","3019","5241","0.634503631961259","3019","2445","0.40621295744074953","0.09239268151731729"
"136","300","0.4","0.3","0.2","0.05","0.25","0.2","300","8218","3012","5206","0.6334874665368703","3012","2383","0.405588537095105","0.09482036085839972"
"129","300","0.4","0.3","0.2","0.05","0.2","0.8","300","3392","3226","166","0.04893867924528302","3226","670","0.30653213404795326","0.049267798648701594"
"140","300","0.4","0.3","0.2","0.05","0.25","0.2","300","8161","3031","5130","0.6285994363435854","3031","2414","0.4063517406789679","0.08194074029971038"
"139","300","0.4","0.3","0.2","0.05","0.25","0.2","300","8116","3046","5070","0.6246919664859537","3046","2451","0.4181866377777059","0.0736876985830801"
"137","300","0.4","0.3","0.2","0.05","0.25","0.2","300","8249","3024","5225","0.633410110316402","3024","2440","0.4089680299149021","0.08081542646372415"
"144","300","0.4","0.3","0.2","0.05","0.25","0.25","300","6916","3061","3855","0.5574031231925969","3061","2331","0.39599291846306395","0.07152452837784284"
"143","300","0.4","0.3","0.2","0.05","0.25","0.25","300","6863","3065","3798","0.553402302200204","3065","2294","0.39238687252872084","0.07479010463850722"
"145","300","0.4","0.3","0.2","0.05","0.25","0.25","300","6939","3067","3872","0.558005476293414","3067","2295","0.39532032054592003","0.07667751082753856"
"138","300","0.4","0.3","0.2","0.05","0.25","0.2","300","8172","3027","5145","0.6295888399412628","3027","2447","0.41976025195183364","0.0638528896204489"
"147","300","0.4","0.3","0.2","0.05","0.25","0.25","300","6811","3088","3723","0.5466157686096021","3088","2275","0.3935550619901474","0.0850235632401906"
"154","300","0.4","0.3","0.2","0.05","0.25","0.3","300","5976","3086","2890","0.48360107095046856","3086","2168","0.38767460533313847","0.06436536654430566"
"142","300","0.4","0.3","0.2","0.05","0.25","0.25","300","7060","3076","3984","0.5643059490084986","3076","2340","0.4023160494956343","0.06793232125569268"
"152","300","0.4","0.3","0.2","0.05","0.25","0.3","300","5980","3080","2900","0.48494983277591974","3080","2222","0.3872823534905397","0.07452666650410361"
"141","300","0.4","0.3","0.2","0.05","0.25","0.25","300","6902","3084","3818","0.5531729933352652","3084","2347","0.3972817791129678","0.08183086242170709"
"146","300","0.4","0.3","0.2","0.05","0.25","0.25","300","7002","3049","3953","0.5645529848614681","3049","2267","0.398474160280171","0.07168722219605297"
"148","300","0.4","0.3","0.2","0.05","0.25","0.25","300","6925","3049","3876","0.5597111913357401","3049","2283","0.38965214213728944","0.08416012292071023"
"155","300","0.4","0.3","0.2","0.05","0.25","0.3","300","5936","3108","2828","0.47641509433962265","3108","2140","0.38773112491236883","0.053239402165121255"
"151","300","0.4","0.3","0.2","0.05","0.25","0.3","300","6040","3086","2954","0.4890728476821192","3086","2200","0.3849366875314417","0.07132707963218435"
"149","300","0.4","0.3","0.2","0.05","0.25","0.25","300","7070","3068","4002","0.5660537482319661","3068","2324","0.40383330726432703","0.06276030771784487"
"150","300","0.4","0.3","0.2","0.05","0.25","0.25","300","7036","3052","3984","0.5662308129619101","3052","2281","0.40325864769420255","0.07484406279152851"
"159","300","0.4","0.3","0.2","0.05","0.25","0.3","300","6021","3123","2898","0.4813153961136024","3123","2186","0.38364595375087823","0.07318906335103283"
"158","300","0.4","0.3","0.2","0.05","0.25","0.3","300","5959","3141","2818","0.47289813727135427","3141","2185","0.38618954037640607","0.05148782331968776"
"153","300","0.4","0.3","0.2","0.05","0.25","0.3","300","6066","3099","2967","0.48911968348170126","3099","2173","0.3827359406428513","0.055419594164921676"
"161","300","0.4","0.3","0.2","0.05","0.25","0.35","300","5214","3149","2065","0.39604909858074416","3149","2038","0.3753581756933394","0.044347926704674676"
"164","300","0.4","0.3","0.2","0.05","0.25","0.35","300","5220","3150","2070","0.39655172413793105","3150","2022","0.37212404810936706","0.05423935092161056"
"162","300","0.4","0.3","0.2","0.05","0.25","0.35","300","5266","3143","2123","0.40315229775921","3143","2058","0.3732703168787575","0.06002573021289046"
"156","300","0.4","0.3","0.2","0.05","0.25","0.3","300","5941","3158","2783","0.46843965662346404","3158","2140","0.38719955662014566","0.0582866767960081"
"157","300","0.4","0.3","0.2","0.05","0.25","0.3","300","5976","3099","2877","0.48142570281124497","3099","2120","0.3836925149506005","0.05935691562835135"
"165","300","0.4","0.3","0.2","0.05","0.25","0.35","300","5299","3150","2149","0.40554821664464996","3150","2034","0.3762367907629996","0.05535801958678416"
"168","300","0.4","0.3","0.2","0.05","0.25","0.35","300","5320","3135","2185","0.4107142857142857","3135","2020","0.3765375133581261","0.04693537081254125"
"170","300","0.4","0.3","0.2","0.05","0.25","0.35","300","5325","3113","2212","0.41539906103286384","3113","2045","0.3783475481544585","0.05508890899036137"
"166","300","0.4","0.3","0.2","0.05","0.25","0.35","300","5327","3131","2196","0.412239534447156","3131","2016","0.3724856967014019","0.05170313175943528"
"163","300","0.4","0.3","0.2","0.05","0.25","0.35","300","5254","3153","2101","0.399885801294252","3153","2038","0.3784647514592487","0.059717152551209775"
"171","300","0.4","0.3","0.2","0.05","0.25","0.4","300","4805","3149","1656","0.3446409989594173","3149","1887","0.364997696987355","0.0509688157334841"
"160","300","0.4","0.3","0.2","0.05","0.25","0.3","300","5982","3112","2870","0.47977265128719493","3112","2183","0.387342525156669","0.06278651643462638"
"167","300","0.4","0.3","0.2","0.05","0.25","0.35","300","5270","3147","2123","0.40284629981024667","3147","2026","0.3707683870327943","0.05874287213953555"
"169","300","0.4","0.3","0.2","0.05","0.25","0.35","300","5276","3123","2153","0.4080742987111448","3123","2035","0.37327630190388517","0.048789918326178856"
"173","300","0.4","0.3","0.2","0.05","0.25","0.4","300","4719","3132","1587","0.33630006357279085","3132","1863","0.36326659982746723","0.05278393120127983"
"175","300","0.4","0.3","0.2","0.05","0.25","0.4","300","4782","3161","1621","0.33897950648264324","3161","1922","0.36428823353393847","0.04771546218942208"
"179","300","0.4","0.3","0.2","0.05","0.25","0.4","300","4771","3159","1612","0.33787465940054495","3159","1849","0.362031261467488","0.05218731851049457"
"172","300","0.4","0.3","0.2","0.05","0.25","0.4","300","4759","3142","1617","0.33977726413111997","3142","1894","0.3681893514883172","0.043308399477457515"
"176","300","0.4","0.3","0.2","0.05","0.25","0.4","300","4708","3165","1543","0.32774001699235344","3165","1888","0.36284552395187647","0.04503707637771688"
"174","300","0.4","0.3","0.2","0.05","0.25","0.4","300","4695","3176","1519","0.32353567625133123","3176","1932","0.3665643345228645","0.05364580434298611"
"177","300","0.4","0.3","0.2","0.05","0.25","0.4","300","4665","3126","1539","0.329903536977492","3126","1883","0.35950810690465734","0.05657225689452254"
"182","300","0.4","0.3","0.2","0.05","0.25","0.45","300","4337","3153","1184","0.2729997694258704","3153","1725","0.35049319660849854","0.05032190117237015"
"180","300","0.4","0.3","0.2","0.05","0.25","0.4","300","4733","3186","1547","0.3268540038030847","3186","1876","0.36451368076948276","0.05434180247725108"
"178","300","0.4","0.3","0.2","0.05","0.25","0.4","300","4738","3159","1579","0.33326298016040523","3159","1880","0.3668135140349562","0.05059068039188862"
"183","300","0.4","0.3","0.2","0.05","0.25","0.45","300","4360","3162","1198","0.27477064220183484","3162","1746","0.35784417250282946","0.04523316338586433"
"181","300","0.4","0.3","0.2","0.05","0.25","0.45","300","4411","3150","1261","0.2858762185445477","3150","1757","0.35491440180413586","0.038885885147689134"
"184","300","0.4","0.3","0.2","0.05","0.25","0.45","300","4408","3162","1246","0.2826678765880218","3162","1731","0.35106701322053374","0.05132801637078205"
"189","300","0.4","0.3","0.2","0.05","0.25","0.45","300","4341","3135","1206","0.2778161713890809","3135","1757","0.35962461271285767","0.04267044663043977"
"187","300","0.4","0.3","0.2","0.05","0.25","0.45","300","4315","3173","1142","0.2646581691772885","3173","1742","0.3566986247401974","0.04022207925737586"
"188","300","0.4","0.3","0.2","0.05","0.25","0.45","300","4353","3188","1165","0.2676315184929933","3188","1750","0.3548303157157339","0.038509979292698025"
"185","300","0.4","0.3","0.2","0.05","0.25","0.45","300","4385","3151","1234","0.2814139110604333","3151","1788","0.3528840233684177","0.04224663446614506"
"190","300","0.4","0.3","0.2","0.05","0.25","0.45","300","4312","3189","1123","0.2604359925788497","3189","1761","0.35694376111660087","0.051001748860873684"
"186","300","0.4","0.3","0.2","0.05","0.25","0.45","300","4333","3150","1183","0.2730210016155089","3150","1753","0.35207134218832414","0.05353420258689036"
"191","300","0.4","0.3","0.2","0.05","0.25","0.5","300","4083","3181","902","0.22091599314229732","3181","1601","0.34852020050225996","0.04762753039417586"
"192","300","0.4","0.3","0.2","0.05","0.25","0.5","300","4018","3137","881","0.2192633150821304","3137","1536","0.3451615003767658","0.036351483651550304"
"194","300","0.4","0.3","0.2","0.05","0.25","0.5","300","4049","3177","872","0.21536181773277352","3177","1564","0.34161279455700533","0.04376627905280336"
"196","300","0.4","0.3","0.2","0.05","0.25","0.5","300","4083","3179","904","0.22140582904726916","3179","1576","0.34371186479882454","0.03654412558459382"
"198","300","0.4","0.3","0.2","0.05","0.25","0.5","300","4024","3183","841","0.20899602385685884","3183","1540","0.34322077127581335","0.04788529053573914"
"197","300","0.4","0.3","0.2","0.05","0.25","0.5","300","4001","3141","860","0.21494626343414147","3141","1606","0.34666468662415834","0.04960785288501402"
"195","300","0.4","0.3","0.2","0.05","0.25","0.5","300","4065","3200","865","0.21279212792127922","3200","1605","0.3397971125800196","0.04219653866807472"
"200","300","0.4","0.3","0.2","0.05","0.25","0.5","300","4005","3168","837","0.20898876404494382","3168","1575","0.34553738143864027","0.0435440106745626"
"193","300","0.4","0.3","0.2","0.05","0.25","0.5","300","4028","3157","871","0.21623634558093346","3157","1605","0.3415841822216677","0.04772373659372527"
"199","300","0.4","0.3","0.2","0.05","0.25","0.5","300","4067","3167","900","0.22129333661175313","3167","1560","0.342317007881505","0.03971847127597836"
"203","300","0.4","0.3","0.2","0.05","0.25","0.55","300","3824","3182","642","0.16788702928870292","3182","1400","0.3350246163955229","0.03961979995694219"
"204","300","0.4","0.3","0.2","0.05","0.25","0.55","300","3807","3165","642","0.16863672182821118","3165","1416","0.33561628261394605","0.03901077912483299"
"202","300","0.4","0.3","0.2","0.05","0.25","0.55","300","3862","3139","723","0.18720870015535993","3139","1423","0.3376184569258471","0.04588186536197583"
"206","300","0.4","0.3","0.2","0.05","0.25","0.55","300","3812","3108","704","0.18467995802728226","3108","1363","0.33221137107247295","0.04256407507586407"
"201","300","0.4","0.3","0.2","0.05","0.25","0.55","300","3856","3204","652","0.1690871369294606","3204","1397","0.33433363460037413","0.030688644637098306"
"205","300","0.4","0.3","0.2","0.05","0.25","0.55","300","3734","3147","587","0.15720407070166043","3147","1413","0.3312999730628958","0.039263086151925884"
"208","300","0.4","0.3","0.2","0.05","0.25","0.55","300","3778","3126","652","0.1725780836421387","3126","1419","0.3366874077952453","0.04016360249405393"
"207","300","0.4","0.3","0.2","0.05","0.25","0.55","300","3801","3145","656","0.17258616153643777","3145","1359","0.33204596263962366","0.03943671979173013"
"209","300","0.4","0.3","0.2","0.05","0.25","0.55","300","3791","3169","622","0.16407280400949617","3169","1445","0.33394122081828526","0.0443533531731022"
"210","300","0.4","0.3","0.2","0.05","0.25","0.55","300","3820","3111","709","0.1856020942408377","3111","1417","0.3339385308516251","0.047722627132963234"
"211","300","0.4","0.3","0.2","0.05","0.25","0.6","300","3623","3131","492","0.13579906155120067","3131","1246","0.3291754354810759","0.03931417624300561"
"212","300","0.4","0.3","0.2","0.05","0.25","0.6","300","3684","3170","514","0.13952225841476656","3170","1269","0.32765436717810736","0.03227809338849562"
"213","300","0.4","0.3","0.2","0.05","0.25","0.6","300","3614","3167","447","0.12368566685113448","3167","1236","0.3306463100129473","0.03499328594641416"
"214","300","0.4","0.3","0.2","0.05","0.25","0.6","300","3694","3183","511","0.13833243096913914","3183","1286","0.32491159684479026","0.04043490588874262"
"215","300","0.4","0.3","0.2","0.05","0.25","0.6","300","3687","3213","474","0.12855980471928397","3213","1263","0.3311316815298596","0.03360715629635617"
"216","300","0.4","0.3","0.2","0.05","0.25","0.6","300","3690","3169","521","0.14119241192411924","3169","1275","0.32884728698288757","0.039576897667974884"
"217","300","0.4","0.3","0.2","0.05","0.25","0.6","300","3669","3165","504","0.1373671300081766","3165","1318","0.32458532339296553","0.03553600384479787"
"218","300","0.4","0.3","0.2","0.05","0.25","0.6","300","3650","3142","508","0.13917808219178082","3142","1247","0.3291310953784832","0.04305836064993573"
"219","300","0.4","0.3","0.2","0.05","0.25","0.6","300","3615","3106","509","0.14080221300138313","3106","1238","0.32834224706240933","0.044422938242121915"
"220","300","0.4","0.3","0.2","0.05","0.25","0.6","300","3702","3188","514","0.1388438681793625","3188","1255","0.3293778082505124","0.034445406255160106"
"221","300","0.4","0.3","0.2","0.05","0.25","0.65","300","3527","3155","372","0.10547207258293168","3155","1139","0.3226438988366011","0.03755796131078606"
"222","300","0.4","0.3","0.2","0.05","0.25","0.65","300","3516","3113","403","0.11461888509670079","3113","1078","0.3191995032615953","0.0338788925966039"
"225","300","0.4","0.3","0.2","0.05","0.25","0.65","300","3511","3133","378","0.10766163486186271","3133","1104","0.32369199404462873","0.04218780170801696"
"224","300","0.4","0.3","0.2","0.05","0.25","0.65","300","3545","3156","389","0.10973201692524683","3156","1118","0.3251678510794872","0.03320647833099477"
"226","300","0.4","0.3","0.2","0.05","0.25","0.65","300","3541","3152","389","0.1098559728890144","3152","1085","0.32014849635119236","0.031017335701103044"
"228","300","0.4","0.3","0.2","0.05","0.25","0.65","300","3569","3143","426","0.11936116559260297","3143","1126","0.32274484247388885","0.03662919877207661"
"223","300","0.4","0.3","0.2","0.05","0.25","0.65","300","3558","3155","403","0.11326587970770095","3155","1114","0.32177600506927617","0.037998697511681966"
"229","300","0.4","0.3","0.2","0.05","0.25","0.65","300","3528","3142","386","0.10941043083900227","3142","1160","0.32181709929177305","0.037552346271565715"
"230","300","0.4","0.3","0.2","0.05","0.25","0.65","300","3550","3164","386","0.10873239436619718","3164","1132","0.3222713701139924","0.032878728727479996"
"227","300","0.4","0.3","0.2","0.05","0.25","0.65","300","3563","3191","372","0.10440639910188043","3191","1088","0.3208336933798401","0.032510466267964194"
"231","300","0.4","0.3","0.2","0.05","0.25","0.7","300","3385","3119","266","0.07858197932053176","3119","917","0.3176267661605003","0.035705944013561454"
"233","300","0.4","0.3","0.2","0.05","0.25","0.7","300","3522","3224","298","0.08461101646791595","3224","986","0.31617533310405577","0.03410655265332633"
"232","300","0.4","0.3","0.2","0.05","0.25","0.7","300","3441","3143","298","0.08660273176402208","3143","937","0.31586567976386637","0.03235056425117322"
"234","300","0.4","0.3","0.2","0.05","0.25","0.7","300","3418","3145","273","0.07987126974839087","3145","943","0.3166594891591659","0.03724618589843651"
"235","300","0.4","0.3","0.2","0.05","0.25","0.7","300","3428","3157","271","0.07905484247374563","3157","910","0.31440618745294496","0.03295037861020627"
"236","300","0.4","0.3","0.2","0.05","0.25","0.7","300","3450","3158","292","0.08463768115942029","3158","977","0.315703970535009","0.03946320758940809"
"237","300","0.4","0.3","0.2","0.05","0.25","0.7","300","3423","3146","277","0.08092316681273737","3146","963","0.315940897007134","0.04810982088089606"
"239","300","0.4","0.3","0.2","0.05","0.25","0.7","300","3405","3133","272","0.07988252569750368","3133","938","0.31386011443437417","0.04195509521325194"
"238","300","0.4","0.3","0.2","0.05","0.25","0.7","300","3433","3115","318","0.09263035246140403","3115","921","0.31581505080180033","0.03281000209020702"
"240","300","0.4","0.3","0.2","0.05","0.25","0.7","300","3362","3107","255","0.07584770969660916","3107","943","0.31743423425230116","0.030307361391838945"
"241","300","0.4","0.3","0.2","0.05","0.25","0.75","300","3348","3126","222","0.06630824372759857","3126","784","0.3097893103939757","0.0405093740374697"
"243","300","0.4","0.3","0.2","0.05","0.25","0.75","300","3425","3209","216","0.06306569343065693","3209","814","0.31180042198759567","0.028166377163419305"
"242","300","0.4","0.3","0.2","0.05","0.25","0.75","300","3361","3150","211","0.06277893484082119","3150","800","0.3116208273737776","0.03339936850199552"
"244","300","0.4","0.3","0.2","0.05","0.25","0.75","300","3343","3132","211","0.06311696081364045","3132","764","0.3115424762282244","0.03711034377870621"
"246","300","0.4","0.3","0.2","0.05","0.25","0.75","300","3328","3109","219","0.06580528846153846","3109","744","0.31079754927561437","0.03856847180849987"
"247","300","0.4","0.3","0.2","0.05","0.25","0.75","300","3330","3116","214","0.06426426426426426","3116","789","0.31136474997436686","0.03847593330788126"
"245","300","0.4","0.3","0.2","0.05","0.25","0.75","300","3356","3136","220","0.06555423122765197","3136","780","0.31207503655720925","0.038640881027870735"
"249","300","0.4","0.3","0.2","0.05","0.25","0.75","300","3314","3110","204","0.06155703077851539","3110","801","0.3105224709172188","0.03471816603752723"
"248","300","0.4","0.3","0.2","0.05","0.25","0.75","300","3339","3107","232","0.06948188080263552","3107","766","0.30941014056281696","0.04784208712691464"
"250","300","0.4","0.3","0.2","0.05","0.25","0.75","300","3353","3123","230","0.06859528780196839","3123","769","0.31062134886269294","0.04745280286084286"
"253","300","0.4","0.3","0.2","0.05","0.25","0.8","300","3305","3148","157","0.04750378214826021","3148","619","0.3066620226219569","0.046006476393419746"
"252","300","0.4","0.3","0.2","0.05","0.25","0.8","300","3292","3122","170","0.05164034021871203","3122","630","0.30704296307909995","0.037892498373803714"
"254","300","0.4","0.3","0.2","0.05","0.25","0.8","300","3274","3089","185","0.05650580329871716","3089","560","0.3073044461787882","0.03418235383532157"
"251","300","0.4","0.3","0.2","0.05","0.25","0.8","300","3263","3101","162","0.0496475635917867","3101","649","0.30754170378510615","0.03512880039165017"
"255","300","0.4","0.3","0.2","0.05","0.25","0.8","300","3339","3166","173","0.05181191973644804","3166","605","0.3058038130220264","0.037697137105094515"
"256","300","0.4","0.3","0.2","0.05","0.25","0.8","300","3321","3148","173","0.05209274314965372","3148","603","0.3066182033794626","0.03562231707101815"
"260","300","0.4","0.3","0.2","0.05","0.25","0.8","300","3230","3073","157","0.04860681114551084","3073","590","0.3071718953375648","0.03184981636303011"
"257","300","0.4","0.3","0.2","0.05","0.25","0.8","300","3288","3155","133","0.040450121654501216","3155","654","0.30776815796122164","0.03962301155912873"
"258","300","0.4","0.3","0.2","0.05","0.25","0.8","300","3252","3089","163","0.0501230012300123","3089","653","0.30737117837461364","0.035642123766575474"
"259","300","0.4","0.3","0.2","0.05","0.25","0.8","300","3305","3128","177","0.053555219364599095","3128","607","0.3065925015095187","0.03432590368305299"
"261","300","0.4","0.3","0.2","0.05","0.3","0.2","300","7504","2763","4741","0.6317963752665245","2763","2205","0.4092170851304896","0.07644629726529864"
"264","300","0.4","0.3","0.2","0.05","0.3","0.2","300","7454","2773","4681","0.62798497451033","2773","2237","0.4112077339316207","0.07865958767999581"
"262","300","0.4","0.3","0.2","0.05","0.3","0.2","300","7313","2772","4541","0.6209489949405169","2772","2211","0.4063779520187527","0.08053398277680683"
"263","300","0.4","0.3","0.2","0.05","0.3","0.2","300","7526","2757","4769","0.6336699441934627","2757","2217","0.4033981512569384","0.08185711412022686"
"265","300","0.4","0.3","0.2","0.05","0.3","0.2","300","7546","2745","4801","0.6362311158229526","2745","2244","0.40740381612324916","0.08065949609739997"
"266","300","0.4","0.3","0.2","0.05","0.3","0.2","300","7469","2779","4690","0.6279287722586692","2779","2224","0.4064774657024651","0.08267383110892512"
"267","300","0.4","0.3","0.2","0.05","0.3","0.2","300","7531","2762","4769","0.6332492364891781","2762","2209","0.4116833881694214","0.07328502728190894"
"268","300","0.4","0.3","0.2","0.05","0.3","0.2","300","7604","2757","4847","0.6374276696475539","2757","2198","0.4092818699480439","0.07438446919812113"
"269","300","0.4","0.3","0.2","0.05","0.3","0.2","300","7468","2742","4726","0.6328334226031066","2742","2197","0.4078813993787253","0.08836611228293097"
"270","300","0.4","0.3","0.2","0.05","0.3","0.2","300","7540","2791","4749","0.629840848806366","2791","2218","0.40899372862150507","0.07221422850913911"
"275","300","0.4","0.3","0.2","0.05","0.3","0.25","300","6439","2809","3630","0.5637521354247554","2809","2108","0.40068256209327174","0.06552756359591738"
"272","300","0.4","0.3","0.2","0.05","0.3","0.25","300","6443","2785","3658","0.5677479435045786","2785","2089","0.3918082335110923","0.07974530866854841"
"274","300","0.4","0.3","0.2","0.05","0.3","0.25","300","6292","2821","3471","0.5516528925619835","2821","2133","0.3947273931707492","0.07272906254413328"
"273","300","0.4","0.3","0.2","0.05","0.3","0.25","300","6436","2826","3610","0.5609073958980734","2826","2132","0.40455324238658874","0.050733955988692875"
"271","300","0.4","0.3","0.2","0.05","0.3","0.25","300","6368","2831","3537","0.5554334170854272","2831","2078","0.39400347540986186","0.0650505284060109"
"276","300","0.4","0.3","0.2","0.05","0.3","0.25","300","6400","2829","3571","0.55796875","2829","2143","0.40861876068927167","0.05925565787503466"
"277","300","0.4","0.3","0.2","0.05","0.3","0.25","300","6445","2800","3645","0.5655546935608999","2800","2080","0.3949478166646774","0.07715634771983079"
"279","300","0.4","0.3","0.2","0.05","0.3","0.25","300","6348","2849","3499","0.5511972274732199","2849","2151","0.40307159830544625","0.06667264896695137"
"278","300","0.4","0.3","0.2","0.05","0.3","0.25","300","6281","2835","3446","0.5486387517911161","2835","2110","0.39440538887263143","0.07005491848580138"
"280","300","0.4","0.3","0.2","0.05","0.3","0.25","300","6316","2821","3495","0.5533565547815072","2821","2116","0.39462837619030344","0.07946275677293385"
"281","300","0.4","0.3","0.2","0.05","0.3","0.3","300","5502","2875","2627","0.47746274082151946","2875","2007","0.3901842700400746","0.05216808191634668"
"284","300","0.4","0.3","0.2","0.05","0.3","0.3","300","5522","2842","2680","0.48533140166606303","2842","2014","0.3883636948080986","0.06844028530614157"
"283","300","0.4","0.3","0.2","0.05","0.3","0.3","300","5578","2876","2702","0.4844030118321979","2876","1992","0.3849083793853653","0.054083466600215416"
"282","300","0.4","0.3","0.2","0.05","0.3","0.3","300","5499","2885","2614","0.47535915621022","2885","1996","0.3924479559499904","0.046524755065887526"
"285","300","0.4","0.3","0.2","0.05","0.3","0.3","300","5554","2875","2679","0.48235505941663664","2875","1977","0.3879956663710434","0.04714747079946391"
"286","300","0.4","0.3","0.2","0.05","0.3","0.3","300","5566","2887","2679","0.48131512756018685","2887","2001","0.39323655712343514","0.05633093244365141"
"287","300","0.4","0.3","0.2","0.05","0.3","0.3","300","5482","2903","2579","0.4704487413352791","2903","2038","0.3850765818954221","0.05011509591117205"
"288","300","0.4","0.3","0.2","0.05","0.3","0.3","300","5498","2883","2615","0.47562750090942163","2883","2008","0.3869754524930203","0.05620144566602096"
"289","300","0.4","0.3","0.2","0.05","0.3","0.3","300","5519","2878","2641","0.47852871897082805","2878","2050","0.3885601084393534","0.05326514293941746"
"290","300","0.4","0.3","0.2","0.05","0.3","0.3","300","5530","2904","2626","0.47486437613019894","2904","2050","0.3944471209615865","0.0526986623457168"
"291","300","0.4","0.3","0.2","0.05","0.3","0.35","300","4980","2920","2060","0.41365461847389556","2920","1910","0.37748380738149473","0.05163980630419658"
"293","300","0.4","0.3","0.2","0.05","0.3","0.35","300","4902","2906","1996","0.40718074255405956","2906","1899","0.3727341458475226","0.052212728154665336"
"292","300","0.4","0.3","0.2","0.05","0.3","0.35","300","4998","2905","2093","0.41876750700280113","2905","1866","0.3802096663514793","0.049496232852316864"
"294","300","0.4","0.3","0.2","0.05","0.3","0.35","300","5013","2924","2089","0.41671653700379013","2924","1896","0.374073149555196","0.05027268484096999"
"297","300","0.4","0.3","0.2","0.05","0.3","0.35","300","4867","2911","1956","0.40189028148756933","2911","1935","0.3781141400079348","0.05280962986821043"
"295","300","0.4","0.3","0.2","0.05","0.3","0.35","300","4910","2926","1984","0.4040733197556008","2926","1852","0.3755129587979035","0.055560969973472055"
"296","300","0.4","0.3","0.2","0.05","0.3","0.35","300","4934","2877","2057","0.41690312119983786","2877","1892","0.3735445253798012","0.05714346014420168"
"298","300","0.4","0.3","0.2","0.05","0.3","0.35","300","4898","2944","1954","0.39893834218048185","2944","1876","0.37448262610299937","0.05587696091396578"
"299","300","0.4","0.3","0.2","0.05","0.3","0.35","300","4919","2931","1988","0.40414718438707053","2931","1921","0.37708659057115973","0.05364188817182568"
"300","300","0.4","0.3","0.2","0.05","0.3","0.35","300","4923","2915","2008","0.4078813731464554","2915","1884","0.38195809418198706","0.044307750096676306"
"301","300","0.4","0.3","0.2","0.05","0.3","0.4","300","4443","2913","1530","0.34436191762322754","2913","1785","0.3641593723195453","0.04174676912024566"
"304","300","0.4","0.3","0.2","0.05","0.3","0.4","300","4535","2962","1573","0.34685777287761854","2962","1815","0.36108878149942464","0.0553546862903603"
"302","300","0.4","0.3","0.2","0.05","0.3","0.4","300","4459","2934","1525","0.3420049338416685","2934","1719","0.3699131509464307","0.04658653669981152"
"306","300","0.4","0.3","0.2","0.05","0.3","0.4","300","4467","2914","1553","0.3476606223416163","2914","1746","0.36140541022832035","0.05487213025548699"
"305","300","0.4","0.3","0.2","0.05","0.3","0.4","300","4501","2966","1535","0.34103532548322596","2966","1738","0.36451213224547363","0.044790568604003815"
"307","300","0.4","0.3","0.2","0.05","0.3","0.4","300","4427","2932","1495","0.33770047436187034","2932","1746","0.35941977451306123","0.05469130187995834"
"308","300","0.4","0.3","0.2","0.05","0.3","0.4","300","4431","2936","1495","0.33739562175581134","2936","1721","0.3666411446631397","0.05289246775173284"
"303","300","0.4","0.3","0.2","0.05","0.3","0.4","300","4498","2959","1539","0.3421520675855936","2959","1815","0.37210949535658217","0.04506506975044202"
"309","300","0.4","0.3","0.2","0.05","0.3","0.4","300","4424","2933","1491","0.3370253164556962","2933","1755","0.3580441421531623","0.05019887141823263"
"310","300","0.4","0.3","0.2","0.05","0.3","0.4","300","4373","2918","1455","0.33272353075691746","2918","1745","0.35899999956739087","0.04734451556008991"
"311","300","0.4","0.3","0.2","0.05","0.3","0.45","300","4077","2990","1087","0.2666176109884719","2990","1658","0.35599915812351646","0.045129405539770975"
"312","300","0.4","0.3","0.2","0.05","0.3","0.45","300","4144","3017","1127","0.2719594594594595","3017","1659","0.3583001288705769","0.0385230368742203"
"314","300","0.4","0.3","0.2","0.05","0.3","0.45","300","4162","2973","1189","0.28567996155694375","2973","1667","0.3537495832482467","0.04843793980209545"
"313","300","0.4","0.3","0.2","0.05","0.3","0.45","300","4144","3008","1136","0.27413127413127414","3008","1644","0.3539719443300666","0.051123119284192116"
"315","300","0.4","0.3","0.2","0.05","0.3","0.45","300","4098","2984","1114","0.27183992191312834","2984","1645","0.35412456117392266","0.03951986129083574"
"316","300","0.4","0.3","0.2","0.05","0.3","0.45","300","4137","2984","1153","0.27870437515107566","2984","1642","0.3577699522681261","0.03928823001420285"
"317","300","0.4","0.3","0.2","0.05","0.3","0.45","300","4166","2999","1167","0.28012481997119537","2999","1664","0.3558736715912744","0.04245839204869364"
"318","300","0.4","0.3","0.2","0.05","0.3","0.45","300","4111","2998","1113","0.2707370469472148","2998","1630","0.36005373237233407","0.034779297735257536"
"319","300","0.4","0.3","0.2","0.05","0.3","0.45","300","4143","2993","1150","0.27757663528843834","2993","1615","0.36019159981589943","0.04626176095353193"
"320","300","0.4","0.3","0.2","0.05","0.3","0.45","300","4088","2983","1105","0.2703033268101761","2983","1640","0.3598424092128239","0.03907049443101962"
"321","300","0.4","0.3","0.2","0.05","0.3","0.5","300","3864","3023","841","0.21765010351966874","3023","1475","0.34884358666231935","0.0368229709307732"
"322","300","0.4","0.3","0.2","0.05","0.3","0.5","300","3870","3012","858","0.22170542635658916","3012","1476","0.34290114893400536","0.04064839135384756"
"324","300","0.4","0.3","0.2","0.05","0.3","0.5","300","3831","3043","788","0.2056904202558079","3043","1524","0.34633456775992183","0.04341064813757349"
"325","300","0.4","0.3","0.2","0.05","0.3","0.5","300","3870","3030","840","0.21705426356589147","3030","1539","0.3499495319179975","0.038998427869605695"
"323","300","0.4","0.3","0.2","0.05","0.3","0.5","300","3804","3014","790","0.20767613038906416","3014","1517","0.35356524388998983","0.03892668604749035"
"326","300","0.4","0.3","0.2","0.05","0.3","0.5","300","3888","2987","901","0.231738683127572","2987","1492","0.3459067520271911","0.05118208125780774"
"328","300","0.4","0.3","0.2","0.05","0.3","0.5","300","3806","3025","781","0.20520231213872833","3025","1528","0.34965445535134476","0.038520798165585915"
"329","300","0.4","0.3","0.2","0.05","0.3","0.5","300","3834","2982","852","0.2222222222222222","2982","1524","0.3450525650017498","0.045347122158570105"
"327","300","0.4","0.3","0.2","0.05","0.3","0.5","300","3896","3031","865","0.22202258726899385","3031","1491","0.35011854878210064","0.03537814335333699"
"330","300","0.4","0.3","0.2","0.05","0.3","0.5","300","3843","3024","819","0.21311475409836064","3024","1515","0.3497149485318491","0.03916860745587451"
"331","300","0.4","0.3","0.2","0.05","0.3","0.55","300","3669","3029","640","0.1744344508040338","3029","1349","0.33707990328214016","0.04174239973035193"
"333","300","0.4","0.3","0.2","0.05","0.3","0.55","300","3734","3103","631","0.16898768077129084","3103","1434","0.33442876242925695","0.04343784827726404"
"334","300","0.4","0.3","0.2","0.05","0.3","0.55","300","3601","3027","574","0.15940016662038323","3027","1363","0.3346763370707854","0.0412681269702855"
"332","300","0.4","0.3","0.2","0.05","0.3","0.55","300","3677","3033","644","0.17514277943976067","3033","1419","0.345983286655267","0.04527486833535519"
"335","300","0.4","0.3","0.2","0.05","0.3","0.55","300","3619","2983","636","0.17573915446255872","2983","1280","0.3397188507877922","0.03205512487637695"
"337","300","0.4","0.3","0.2","0.05","0.3","0.55","300","3720","3024","696","0.1870967741935484","3024","1379","0.3350724126217558","0.04413946923613922"
"336","300","0.4","0.3","0.2","0.05","0.3","0.55","300","3657","3038","619","0.1692644243915778","3038","1376","0.3411404776182179","0.0380640054313182"
"338","300","0.4","0.3","0.2","0.05","0.3","0.55","300","3664","3039","625","0.17057860262008734","3039","1345","0.33856510538148227","0.039276182331290925"
"339","300","0.4","0.3","0.2","0.05","0.3","0.55","300","3736","3054","682","0.18254817987152033","3054","1417","0.3399852001994017","0.035762838235627765"
"340","300","0.4","0.3","0.2","0.05","0.3","0.55","300","3679","3040","639","0.17368850231041044","3040","1414","0.3403298736939662","0.03795338261649606"
"341","300","0.4","0.3","0.2","0.05","0.3","0.6","300","3522","3076","446","0.12663259511641112","3076","1257","0.33577579006637037","0.02749254650526664"
"342","300","0.4","0.3","0.2","0.05","0.3","0.6","300","3551","3046","505","0.14221346099690227","3046","1210","0.3322181542149007","0.03386690044085401"
"343","300","0.4","0.3","0.2","0.05","0.3","0.6","300","3516","3038","478","0.13594994311717862","3038","1221","0.32668393442791627","0.03948639971821661"
"344","300","0.4","0.3","0.2","0.05","0.3","0.6","300","3538","3036","502","0.141888072357264","3036","1211","0.330392808705179","0.04378884571481757"
"345","300","0.4","0.3","0.2","0.05","0.3","0.6","300","3547","3078","469","0.13222441499859036","3078","1195","0.33148680206725123","0.03563022870096175"
"347","300","0.4","0.3","0.2","0.05","0.3","0.6","300","3529","3049","480","0.13601586851799377","3049","1195","0.3300987919756788","0.034963407327884305"
"346","300","0.4","0.3","0.2","0.05","0.3","0.6","300","3552","3050","502","0.14132882882882883","3050","1266","0.33340952323837947","0.034476875061800936"
"350","300","0.4","0.3","0.2","0.05","0.3","0.6","300","3571","3071","500","0.14001680201624195","3071","1216","0.3294756210317515","0.0359163896991368"
"351","300","0.4","0.3","0.2","0.05","0.3","0.65","300","3448","3084","364","0.10556844547563805","3084","1089","0.32541086531790286","0.038296880721899726"
"348","300","0.4","0.3","0.2","0.05","0.3","0.6","300","3574","3053","521","0.14577504196978175","3053","1268","0.33013928115658353","0.03402432006201098"
"349","300","0.4","0.3","0.2","0.05","0.3","0.6","300","3477","3003","474","0.1363244176013805","3003","1184","0.33026697998044596","0.038392991155420886"
"352","300","0.4","0.3","0.2","0.05","0.3","0.65","300","3431","3061","370","0.10784027980180705","3061","1088","0.320586171754632","0.03057469426001579"
"353","300","0.4","0.3","0.2","0.05","0.3","0.65","300","3420","3046","374","0.10935672514619883","3046","1077","0.32536244008506554","0.030195291745627788"
"354","300","0.4","0.3","0.2","0.05","0.3","0.65","300","3451","3053","398","0.11532889017676036","3053","1079","0.3225862973571135","0.03518844433138741"
"355","300","0.4","0.3","0.2","0.05","0.3","0.65","300","3441","3051","390","0.11333914559721012","3051","1071","0.32787990648657034","0.039321037891862434"
"356","300","0.4","0.3","0.2","0.05","0.3","0.65","300","3428","3062","366","0.10676779463243874","3062","1078","0.32445846230318187","0.033170707440606705"
"357","300","0.4","0.3","0.2","0.05","0.3","0.65","300","3440","3080","360","0.10465116279069768","3080","1108","0.3230657690132283","0.02481804331099174"
"358","300","0.4","0.3","0.2","0.05","0.3","0.65","300","3426","3062","364","0.10624635143023935","3062","1087","0.32671635396912213","0.03002145412562434"
"359","300","0.4","0.3","0.2","0.05","0.3","0.65","300","3436","3071","365","0.10622817229336438","3071","1065","0.3244785988429015","0.03758053725767072"
"360","300","0.4","0.3","0.2","0.05","0.3","0.65","300","3398","3043","355","0.10447321954090641","3043","1100","0.3242853704373513","0.038790571001387636"
"362","300","0.4","0.3","0.2","0.05","0.3","0.7","300","3337","3057","280","0.08390770152831885","3057","872","0.3163555552611705","0.03498516339385087"
"361","300","0.4","0.3","0.2","0.05","0.3","0.7","300","3325","3032","293","0.0881203007518797","3032","897","0.3174539828505511","0.03843456814066693"
"363","300","0.4","0.3","0.2","0.05","0.3","0.7","300","3280","2989","291","0.08871951219512195","2989","936","0.31562578575850925","0.03139596478331221"
"364","300","0.4","0.3","0.2","0.05","0.3","0.7","300","3309","3045","264","0.07978241160471441","3045","889","0.31577639379920047","0.03841488852189689"
"366","300","0.4","0.3","0.2","0.05","0.3","0.7","300","3304","3041","263","0.07960048426150121","3041","872","0.31475256603551005","0.039033764467107844"
"367","300","0.4","0.3","0.2","0.05","0.3","0.7","300","3309","3054","255","0.0770625566636446","3054","862","0.31638840498979676","0.04183347987698465"
"368","300","0.4","0.3","0.2","0.05","0.3","0.7","300","3343","3057","286","0.08555189949147472","3057","901","0.3172803781981624","0.03273580365939033"
"365","300","0.4","0.3","0.2","0.05","0.3","0.7","300","3318","3087","231","0.06962025316455696","3087","950","0.31793758032213093","0.04238271562157657"
"369","300","0.4","0.3","0.2","0.05","0.3","0.7","300","3348","3050","298","0.08900836320191159","3050","927","0.3162926471135739","0.030911733379725272"
"370","300","0.4","0.3","0.2","0.05","0.3","0.7","300","3389","3104","285","0.0840956034228386","3104","906","0.3178128120172222","0.028596617453196943"
"371","300","0.4","0.3","0.2","0.05","0.3","0.75","300","3267","3039","228","0.06978879706152434","3039","795","0.3130596239451924","0.030820177769585004"
"372","300","0.4","0.3","0.2","0.05","0.3","0.75","300","3249","3038","211","0.0649430594028932","3038","772","0.3113795866096621","0.03342787691436473"
"373","300","0.4","0.3","0.2","0.05","0.3","0.75","300","3231","3028","203","0.06282884555865058","3028","749","0.3103282898072077","0.035584267661854456"
"376","300","0.4","0.3","0.2","0.05","0.3","0.75","300","3272","3067","205","0.06265281173594132","3067","746","0.31134273766966286","0.040233881964649595"
"377","300","0.4","0.3","0.2","0.05","0.3","0.75","300","3231","3020","211","0.06530485917672547","3020","726","0.30945322025694844","0.03342741535935272"
"374","300","0.4","0.3","0.2","0.05","0.3","0.75","300","3237","3032","205","0.06333024405313561","3032","783","0.3108500565977012","0.04234982703366845"
"375","300","0.4","0.3","0.2","0.05","0.3","0.75","300","3218","3025","193","0.05997513983840895","3025","719","0.31009310895775416","0.03850106494025219"
"378","300","0.4","0.3","0.2","0.05","0.3","0.75","300","3282","3052","230","0.07007921998781232","3052","802","0.3132801616917421","0.029555378616868876"
"380","300","0.4","0.3","0.2","0.05","0.3","0.75","300","3256","3044","212","0.06511056511056511","3044","778","0.3107041553275432","0.03698865507538629"
"381","300","0.4","0.3","0.2","0.05","0.3","0.8","300","3178","3014","164","0.051604782882315924","3014","618","0.30760125427147583","0.04206843419199777"
"379","300","0.4","0.3","0.2","0.05","0.3","0.75","300","3280","3083","197","0.060060975609756095","3083","751","0.31098182505271815","0.030526661562200352"
"385","300","0.4","0.3","0.2","0.05","0.3","0.8","300","3206","3061","145","0.04522769806612601","3061","619","0.30858271345327853","0.035006845145292724"
"384","300","0.4","0.3","0.2","0.05","0.3","0.8","300","3158","3009","149","0.04718176060797973","3009","627","0.3085163918016023","0.028742621332239354"
"383","300","0.4","0.3","0.2","0.05","0.3","0.8","300","3225","3047","178","0.055193798449612405","3047","613","0.3086150716098616","0.03346587893319519"
"386","300","0.4","0.3","0.2","0.05","0.3","0.8","300","3193","3036","157","0.049170059505167556","3036","593","0.30718459714908425","0.04344049603204649"
"387","300","0.4","0.3","0.2","0.05","0.3","0.8","300","3212","3057","155","0.04825653798256538","3057","603","0.30725198365833944","0.03330529981081885"
"382","300","0.4","0.3","0.2","0.05","0.3","0.8","300","3198","3027","171","0.05347091932457786","3027","624","0.3081723813911807","0.03895183238795805"
"388","300","0.4","0.3","0.2","0.05","0.3","0.8","300","3183","3000","183","0.057492931196983975","3000","603","0.3068208992157506","0.03407655660501643"
"390","300","0.4","0.3","0.2","0.05","0.3","0.8","300","3259","3083","176","0.05400429579625652","3083","628","0.3085417950204359","0.025945728417848663"
"389","300","0.4","0.3","0.2","0.05","0.3","0.8","300","3199","3040","159","0.04970303219756174","3040","626","0.3075858207464857","0.029040019310210212"
"391","300","0.4","0.3","0.2","0.05","0.35","0.2","300","6925","2549","4376","0.6319133574007221","2549","2041","0.411080459156736","0.07170284774791394"
"392","300","0.4","0.3","0.2","0.05","0.35","0.2","300","6987","2544","4443","0.6358952340060111","2544","2033","0.40172520829611563","0.08387237826541852"
"393","300","0.4","0.3","0.2","0.05","0.35","0.2","300","6940","2557","4383","0.6315561959654179","2557","2017","0.40306785101794723","0.08340456564948008"
"396","300","0.4","0.3","0.2","0.05","0.35","0.2","300","6999","2549","4450","0.6358051150164309","2549","2063","0.40867071409589456","0.07910495202731896"
"397","300","0.4","0.3","0.2","0.05","0.35","0.2","300","6860","2556","4304","0.6274052478134111","2556","2093","0.4081273265947642","0.07296447529014867"
"395","300","0.4","0.3","0.2","0.05","0.35","0.2","300","6999","2559","4440","0.6343763394770682","2559","2032","0.41210138614977515","0.06360040219872054"
"398","300","0.4","0.3","0.2","0.05","0.35","0.2","300","6961","2543","4418","0.6346789254417469","2543","2065","0.4142542822341376","0.0711699610906885"
"394","300","0.4","0.3","0.2","0.05","0.35","0.2","300","6899","2553","4346","0.6299463690389911","2553","2018","0.4109518184824956","0.07937907808268814"
"399","300","0.4","0.3","0.2","0.05","0.35","0.2","300","7018","2544","4474","0.6375035622684525","2544","2033","0.41821392288779474","0.07224914154890794"
"400","300","0.4","0.3","0.2","0.05","0.35","0.2","300","6805","2568","4237","0.6226304188096987","2568","2060","0.40617823030058","0.07290588468147402"
"402","300","0.4","0.3","0.2","0.05","0.35","0.25","300","5965","2617","3348","0.5612740989103101","2617","1954","0.40304136835843546","0.06254003083775635"
"401","300","0.4","0.3","0.2","0.05","0.35","0.25","300","5965","2610","3355","0.5624476110645432","2610","1927","0.3955927272305074","0.06682023102309875"
"403","300","0.4","0.3","0.2","0.05","0.35","0.25","300","5902","2639","3263","0.552863436123348","2639","1988","0.4012420996848068","0.0590910108031503"
"404","300","0.4","0.3","0.2","0.05","0.35","0.25","300","5862","2633","3229","0.5508358921869669","2633","1968","0.4003088200188543","0.0661277385804706"
"405","300","0.4","0.3","0.2","0.05","0.35","0.25","300","5857","2617","3240","0.5531842240054635","2617","1940","0.39650296792542417","0.06805731726710064"
"407","300","0.4","0.3","0.2","0.05","0.35","0.25","300","5979","2603","3376","0.5646429168757318","2603","1961","0.3893499796857432","0.06797481546201345"
"406","300","0.4","0.3","0.2","0.05","0.35","0.25","300","5897","2645","3252","0.5514668475496015","2645","1954","0.4066999256443369","0.055033118231298535"
"408","300","0.4","0.3","0.2","0.05","0.35","0.25","300","5906","2645","3261","0.5521503555706062","2645","1976","0.3946337003873188","0.06357941787412205"
"409","300","0.4","0.3","0.2","0.05","0.35","0.25","300","6047","2601","3446","0.5698693567058045","2601","1976","0.39831651702708176","0.06862717481650424"
"410","300","0.4","0.3","0.2","0.05","0.35","0.25","300","5925","2640","3285","0.5544303797468354","2640","1991","0.4070600809146664","0.05651845908120272"
"414","300","0.4","0.3","0.2","0.05","0.35","0.3","300","5175","2683","2492","0.4815458937198068","2683","1905","0.38734648266507016","0.05942641807195438"
"412","300","0.4","0.3","0.2","0.05","0.35","0.3","300","5267","2671","2596","0.4928801974558572","2671","1869","0.3852444407837805","0.05619394269444044"
"413","300","0.4","0.3","0.2","0.05","0.35","0.3","300","5164","2664","2500","0.48412083656080557","2664","1890","0.38277021001478334","0.06634167409853416"
"411","300","0.4","0.3","0.2","0.05","0.35","0.3","300","5159","2693","2466","0.47799961232797056","2693","1878","0.3924088488264723","0.058775212110411264"
"415","300","0.4","0.3","0.2","0.05","0.35","0.3","300","5223","2656","2567","0.49147999234156614","2656","1882","0.38439576756770877","0.049233468034362494"
"416","300","0.4","0.3","0.2","0.05","0.35","0.3","300","5177","2689","2488","0.48058721267143134","2689","1852","0.3874188065042922","0.05714864406023711"
"418","300","0.4","0.3","0.2","0.05","0.35","0.3","300","5244","2695","2549","0.4860793287566743","2695","1935","0.3904624388695561","0.060935077623322405"
"417","300","0.4","0.3","0.2","0.05","0.35","0.3","300","5143","2700","2443","0.475014582928252","2700","1901","0.3906748528008007","0.053341062105989184"
"419","300","0.4","0.3","0.2","0.05","0.35","0.3","300","5172","2686","2486","0.48066511987625676","2686","1887","0.38833066273399186","0.05395830137485029"
"423","300","0.4","0.3","0.2","0.05","0.35","0.35","300","4616","2785","1831","0.3966637781629116","2785","1785","0.38401061101017037","0.04421781029543912"
"420","300","0.4","0.3","0.2","0.05","0.35","0.3","300","5194","2655","2539","0.4888332691567193","2655","1889","0.38419518065371383","0.053003912806254716"
"421","300","0.4","0.3","0.2","0.05","0.35","0.35","300","4676","2773","1903","0.40697177074422586","2773","1787","0.3809309878387171","0.04217068167741983"
"422","300","0.4","0.3","0.2","0.05","0.35","0.35","300","4720","2725","1995","0.4226694915254237","2725","1796","0.3850135557470168","0.037006535958824374"
"425","300","0.4","0.3","0.2","0.05","0.35","0.35","300","4640","2731","1909","0.41142241379310346","2731","1771","0.38168607950752914","0.04612326096560311"
"428","300","0.4","0.3","0.2","0.05","0.35","0.35","300","4653","2754","1899","0.4081237911025145","2754","1765","0.38146493225666833","0.047011123017400167"
"430","300","0.4","0.3","0.2","0.05","0.35","0.35","300","4641","2764","1877","0.4044386985563456","2764","1770","0.3811359499619351","0.04132565512435986"
"427","300","0.4","0.3","0.2","0.05","0.35","0.35","300","4653","2736","1917","0.4119922630560928","2736","1732","0.37493533105714455","0.056079086235149046"
"424","300","0.4","0.3","0.2","0.05","0.35","0.35","300","4616","2730","1886","0.408578856152513","2730","1793","0.3754529997409755","0.053353283346214087"
"426","300","0.4","0.3","0.2","0.05","0.35","0.35","300","4719","2739","1980","0.4195804195804196","2739","1818","0.38182994172990725","0.05601656808715653"
"431","300","0.4","0.3","0.2","0.05","0.35","0.4","300","4215","2801","1414","0.3354685646500593","2801","1665","0.3685982967972834","0.05436119079880601"
"433","300","0.4","0.3","0.2","0.05","0.35","0.4","300","4226","2778","1448","0.34264079507808803","2778","1627","0.36540361659477694","0.05374517977796255"
"429","300","0.4","0.3","0.2","0.05","0.35","0.35","300","4662","2760","1902","0.40797940797940796","2760","1793","0.3823268189302155","0.0439451541338171"
"434","300","0.4","0.3","0.2","0.05","0.35","0.4","300","4221","2816","1405","0.33285951196398955","2816","1706","0.3731044502024099","0.04281404535777817"
"432","300","0.4","0.3","0.2","0.05","0.35","0.4","300","4236","2820","1416","0.3342776203966006","2820","1742","0.37371597759140635","0.035954984320623905"
"437","300","0.4","0.3","0.2","0.05","0.35","0.4","300","4277","2807","1470","0.3436988543371522","2807","1643","0.36409240546542604","0.046098749420824564"
"435","300","0.4","0.3","0.2","0.05","0.35","0.4","300","4290","2814","1476","0.34405594405594403","2814","1675","0.3726825818185806","0.04779689360826701"
"436","300","0.4","0.3","0.2","0.05","0.35","0.4","300","4215","2811","1404","0.3330960854092527","2811","1682","0.3589811088421801","0.05507772033718531"
"439","300","0.4","0.3","0.2","0.05","0.35","0.4","300","4246","2830","1416","0.33349034385303816","2830","1734","0.3722798924284667","0.03764217666216963"
"440","300","0.4","0.3","0.2","0.05","0.35","0.4","300","4325","2782","1543","0.3567630057803468","2782","1668","0.3685571728613122","0.04337292957221073"
"441","300","0.4","0.3","0.2","0.05","0.35","0.45","300","3951","2872","1079","0.27309541888129585","2872","1554","0.35611246530711355","0.034695587457850424"
"443","300","0.4","0.3","0.2","0.05","0.35","0.45","300","3986","2889","1097","0.27521324636226796","2889","1560","0.35854035252740996","0.04298497396977703"
"442","300","0.4","0.3","0.2","0.05","0.35","0.45","300","3957","2821","1136","0.2870861763962598","2821","1536","0.3563616516125666","0.04575391032539513"
"438","300","0.4","0.3","0.2","0.05","0.35","0.4","300","4258","2806","1452","0.3410051667449507","2806","1655","0.36221780273445975","0.05239212766681627"
"444","300","0.4","0.3","0.2","0.05","0.35","0.45","300","3947","2855","1092","0.2766658221434001","2855","1548","0.36411563465937513","0.03482160700458399"
"446","300","0.4","0.3","0.2","0.05","0.35","0.45","300","3919","2850","1069","0.2727736667517224","2850","1606","0.3553780253400825","0.04826402969660617"
"449","300","0.4","0.3","0.2","0.05","0.35","0.45","300","3943","2863","1080","0.27390311945219376","2863","1621","0.3651696260767738","0.04257544634397974"
"448","300","0.4","0.3","0.2","0.05","0.35","0.45","300","3938","2870","1068","0.27120365667851704","2870","1556","0.3572401271645143","0.04341206866516674"
"445","300","0.4","0.3","0.2","0.05","0.35","0.45","300","3966","2869","1097","0.2766011094301563","2869","1581","0.3609780106097613","0.03721625991258238"
"447","300","0.4","0.3","0.2","0.05","0.35","0.45","300","3971","2872","1099","0.2767564845127172","2872","1587","0.35985100313381974","0.04485332601705458"
"451","300","0.4","0.3","0.2","0.05","0.35","0.5","300","3756","2893","863","0.229765708200213","2893","1472","0.3567471949579171","0.02852666635663287"
"450","300","0.4","0.3","0.2","0.05","0.35","0.45","300","3931","2834","1097","0.2790638514372933","2834","1560","0.3600130335653054","0.043758937566107735"
"454","300","0.4","0.3","0.2","0.05","0.35","0.5","300","3735","2919","816","0.21847389558232932","2919","1502","0.35488676841275063","0.03713154157207687"
"452","300","0.4","0.3","0.2","0.05","0.35","0.5","300","3709","2881","828","0.22324076570504178","2881","1459","0.3486610075987669","0.03546476572012112"
"453","300","0.4","0.3","0.2","0.05","0.35","0.5","300","3754","2906","848","0.22589238145977625","2906","1497","0.352048663394557","0.0375222694624599"
"457","300","0.4","0.3","0.2","0.05","0.35","0.5","300","3758","2896","862","0.2293773283661522","2896","1393","0.3455887337950707","0.033186046097726546"
"455","300","0.4","0.3","0.2","0.05","0.35","0.5","300","3763","2895","868","0.23066702099388786","2895","1487","0.3524212201273236","0.045309132699441514"
"459","300","0.4","0.3","0.2","0.05","0.35","0.5","300","3740","2925","815","0.2179144385026738","2925","1441","0.35088177925552905","0.045780707898445246"
"456","300","0.4","0.3","0.2","0.05","0.35","0.5","300","3693","2892","801","0.21689683184402925","2892","1431","0.3462699257830393","0.0368366652299266"
"460","300","0.4","0.3","0.2","0.05","0.35","0.5","300","3726","2868","858","0.23027375201288244","2868","1427","0.3468122316618613","0.03342501764709574"
"458","300","0.4","0.3","0.2","0.05","0.35","0.5","300","3694","2892","802","0.21710882512181917","2892","1456","0.34696447074347847","0.034805982377110474"
"461","300","0.4","0.3","0.2","0.05","0.35","0.55","300","3557","2942","615","0.1728985099803205","2942","1362","0.3376785127449564","0.035529678489334304"
"462","300","0.4","0.3","0.2","0.05","0.35","0.55","300","3561","2884","677","0.19011513619769727","2884","1284","0.3382204900645604","0.04058352721432854"
"464","300","0.4","0.3","0.2","0.05","0.35","0.55","300","3553","2983","570","0.16042780748663102","2983","1348","0.3399827738028532","0.02511769210891031"
"465","300","0.4","0.3","0.2","0.05","0.35","0.55","300","3601","2916","685","0.19022493751735628","2916","1334","0.34151026770436343","0.039896795030773556"
"463","300","0.4","0.3","0.2","0.05","0.35","0.55","300","3577","2982","595","0.16634050880626222","2982","1335","0.34310879473914246","0.03351162554615414"
"466","300","0.4","0.3","0.2","0.05","0.35","0.55","300","3534","2907","627","0.1774193548387097","2907","1292","0.3418711733592715","0.04030672143586928"
"468","300","0.4","0.3","0.2","0.05","0.35","0.55","300","3552","2939","613","0.17257882882882883","2939","1340","0.34126551309275666","0.0339941203883172"
"470","300","0.4","0.3","0.2","0.05","0.35","0.55","300","3542","2912","630","0.17786561264822134","2912","1304","0.3394911769082608","0.0349526211341184"
"469","300","0.4","0.3","0.2","0.05","0.35","0.55","300","3528","2926","602","0.17063492063492064","2926","1280","0.33916832066714164","0.04349003821710495"
"471","300","0.4","0.3","0.2","0.05","0.35","0.6","300","3470","3018","452","0.13025936599423632","3018","1180","0.3325224480403685","0.03479812044070973"
"475","300","0.4","0.3","0.2","0.05","0.35","0.6","300","3441","2961","480","0.13949433304272013","2961","1159","0.3301243649031979","0.037022126957696175"
"473","300","0.4","0.3","0.2","0.05","0.35","0.6","300","3433","2943","490","0.14273230410719487","2943","1182","0.3340836886134761","0.03902578283420744"
"467","300","0.4","0.3","0.2","0.05","0.35","0.55","300","3529","2983","546","0.1547180504392179","2983","1327","0.34654307918379446","0.03223527526818774"
"474","300","0.4","0.3","0.2","0.05","0.35","0.6","300","3496","3003","493","0.1410183066361556","3003","1179","0.3297940967387578","0.0417074392604111"
"472","300","0.4","0.3","0.2","0.05","0.35","0.6","300","3478","2978","500","0.1437607820586544","2978","1220","0.33554721731480375","0.04090339172914694"
"476","300","0.4","0.3","0.2","0.05","0.35","0.6","300","3472","3007","465","0.13392857142857142","3007","1220","0.3323567733494761","0.039070741779154906"
"479","300","0.4","0.3","0.2","0.05","0.35","0.6","300","3424","2906","518","0.15128504672897197","2906","1152","0.32777127941090917","0.044998387397304766"
"477","300","0.4","0.3","0.2","0.05","0.35","0.6","300","3454","2985","469","0.13578459756803707","2985","1208","0.32776448414751036","0.041738492347546605"
"480","300","0.4","0.3","0.2","0.05","0.35","0.6","300","3444","2961","483","0.1402439024390244","2961","1151","0.3336510032095944","0.03726046595989645"
"481","300","0.4","0.3","0.2","0.05","0.35","0.65","300","3298","2952","346","0.10491206791995149","2952","1055","0.3218466048848475","0.04182405419327557"
"478","300","0.4","0.3","0.2","0.05","0.35","0.6","300","3469","2966","503","0.14499855866243874","2966","1165","0.3324743515285506","0.030447315626958803"
"483","300","0.4","0.3","0.2","0.05","0.35","0.65","300","3370","3004","366","0.1086053412462908","3004","1050","0.3232029681058685","0.03624656998998709"
"482","300","0.4","0.3","0.2","0.05","0.35","0.65","300","3290","2949","341","0.10364741641337386","2949","1042","0.3241595984905196","0.036295383307243426"
"485","300","0.4","0.3","0.2","0.05","0.35","0.65","300","3326","2978","348","0.10463018641010223","2978","1037","0.3221302559997501","0.038452106890278254"
"484","300","0.4","0.3","0.2","0.05","0.35","0.65","300","3277","2929","348","0.10619469026548672","2929","980","0.3268115829827238","0.03594179923807997"
"486","300","0.4","0.3","0.2","0.05","0.35","0.65","300","3359","2999","360","0.10717475439118786","2999","1107","0.3268172628008429","0.03117337681256546"
"487","300","0.4","0.3","0.2","0.05","0.35","0.65","300","3292","2917","375","0.11391251518833535","2917","1017","0.32431962444853724","0.040155698977580145"
"488","300","0.4","0.3","0.2","0.05","0.35","0.65","300","3378","2995","383","0.11338069863824748","2995","1046","0.3217840587120598","0.03443610189374926"
"489","300","0.4","0.3","0.2","0.05","0.35","0.65","300","3325","2970","355","0.10676691729323308","2970","1002","0.32222716837510795","0.035682534397618065"
"490","300","0.4","0.3","0.2","0.05","0.35","0.65","300","3348","2993","355","0.10603345280764635","2993","1055","0.32767685744064645","0.03377936262083394"
"493","300","0.4","0.3","0.2","0.05","0.35","0.7","300","3258","2978","280","0.08594229588704727","2978","897","0.3174524121265672","0.035607956718510074"
"492","300","0.4","0.3","0.2","0.05","0.35","0.7","300","3253","2999","254","0.07808177067322472","2999","878","0.3161539173212204","0.033199546937527274"
"491","300","0.4","0.3","0.2","0.05","0.35","0.7","300","3253","2994","259","0.0796188134030126","2994","891","0.3188875870522034","0.03581965809852685"
"494","300","0.4","0.3","0.2","0.05","0.35","0.7","300","3261","2998","263","0.08065010732904017","2998","887","0.3189291389703262","0.031944853171606384"
"498","300","0.4","0.3","0.2","0.05","0.35","0.7","300","3221","2937","284","0.08817137534927041","2937","878","0.31914827653000455","0.03489601894679508"
"495","300","0.4","0.3","0.2","0.05","0.35","0.7","300","3250","2987","263","0.08092307692307692","2987","943","0.31902416024916475","0.03599176853317881"
"496","300","0.4","0.3","0.2","0.05","0.35","0.7","300","3258","2975","283","0.08686310620012277","2975","898","0.3198828495644979","0.030648966633747332"
"499","300","0.4","0.3","0.2","0.05","0.35","0.7","300","3249","2989","260","0.08002462296091105","2989","890","0.31912562688537593","0.041568881948901355"
"500","300","0.4","0.3","0.2","0.05","0.35","0.7","300","3219","2965","254","0.07890649269959615","2965","862","0.3174484637684587","0.02754386738666606"
"497","300","0.4","0.3","0.2","0.05","0.35","0.7","300","3286","3028","258","0.07851491174680462","3028","955","0.3203370197479494","0.030841962708063417"
"501","300","0.4","0.3","0.2","0.05","0.35","0.75","300","3206","2962","244","0.07610729881472239","2962","772","0.31174878464999545","0.03779095405265855"
"504","300","0.4","0.3","0.2","0.05","0.35","0.75","300","3131","2925","206","0.06579367614180773","2925","791","0.3128809081636068","0.03180443230416793"
"503","300","0.4","0.3","0.2","0.05","0.35","0.75","300","3172","2955","217","0.06841109709962169","2955","740","0.31236643075576737","0.02648153614975674"
"502","300","0.4","0.3","0.2","0.05","0.35","0.75","300","3187","2993","194","0.06087229369312833","2993","722","0.3123530115622662","0.03447619915158583"
"506","300","0.4","0.3","0.2","0.05","0.35","0.75","300","3214","3008","206","0.0640945861854387","3008","768","0.31345462414827324","0.036278545784737125"
"508","300","0.4","0.3","0.2","0.05","0.35","0.75","300","3129","2939","190","0.06072227548737616","2939","752","0.3107009584634599","0.03276118808402561"
"507","300","0.4","0.3","0.2","0.05","0.35","0.75","300","3155","2971","184","0.05832012678288431","2971","728","0.3110817988150429","0.03553220662412565"
"505","300","0.4","0.3","0.2","0.05","0.35","0.75","300","3218","3013","205","0.0637041640770665","3013","742","0.31189312370013667","0.029149741574414623"
"509","300","0.4","0.3","0.2","0.05","0.35","0.75","300","3164","2937","227","0.07174462705436156","2937","746","0.31260521177473366","0.03788704978639589"
"511","300","0.4","0.3","0.2","0.05","0.35","0.8","300","3089","2939","150","0.048559404337973455","2939","597","0.307971263101959","0.03657473027032687"
"510","300","0.4","0.3","0.2","0.05","0.35","0.75","300","3146","2962","184","0.05848696757787667","2962","714","0.3101626850222764","0.027663057004839266"
"512","300","0.4","0.3","0.2","0.05","0.35","0.8","300","3131","2993","138","0.04407537527946343","2993","603","0.3086063205946315","0.030338846313532196"
"513","300","0.4","0.3","0.2","0.05","0.35","0.8","300","3181","2992","189","0.05941527821439799","2992","592","0.30784901473938525","0.03627908105187683"
"514","300","0.4","0.3","0.2","0.05","0.35","0.8","300","3160","3003","157","0.04968354430379747","3003","614","0.3080789785705538","0.03307217872836519"
"516","300","0.4","0.3","0.2","0.05","0.35","0.8","300","3152","2981","171","0.054251269035533","2981","603","0.310017669448088","0.031490022548825256"
"515","300","0.4","0.3","0.2","0.05","0.35","0.8","300","3137","2970","167","0.05323557539050048","2970","576","0.30650406371703093","0.03431258407827868"
"517","300","0.4","0.3","0.2","0.05","0.35","0.8","300","3098","2921","177","0.057133634602969656","2921","575","0.3072778732338731","0.029861825933683472"
"520","300","0.4","0.3","0.2","0.05","0.35","0.8","300","3166","3013","153","0.04832596336070752","3013","609","0.3082563318657432","0.03595816673509788"
"518","300","0.4","0.3","0.2","0.05","0.35","0.8","300","3123","2975","148","0.04739032981107909","2975","574","0.3065983081438103","0.02865638861688049"
"519","300","0.4","0.3","0.2","0.05","0.35","0.8","300","3117","2968","149","0.04780237407763876","2968","569","0.3086349546261612","0.028846646548428227"
"521","300","0.4","0.3","0.2","0.05","0.4","0.2","300","6347","2396","3951","0.6224988183393729","2396","1905","0.42179251767035814","0.05677597759577524"
"523","300","0.4","0.3","0.2","0.05","0.4","0.2","300","6488","2376","4112","0.6337854500616523","2376","1917","0.4082741010781195","0.06861230488805806"
"525","300","0.4","0.3","0.2","0.05","0.4","0.2","300","6384","2394","3990","0.625","2394","1923","0.419325178259773","0.062143650086054096"
"522","300","0.4","0.3","0.2","0.05","0.4","0.2","300","6469","2381","4088","0.6319369299737209","2381","1928","0.404148689784433","0.07767498303009632"
"526","300","0.4","0.3","0.2","0.05","0.4","0.2","300","6332","2393","3939","0.6220783322804802","2393","1882","0.40949804905118553","0.07060578913052565"
"524","300","0.4","0.3","0.2","0.05","0.4","0.2","300","6557","2369","4188","0.6387067256367241","2369","1917","0.4137322367031204","0.07383319062959687"
"529","300","0.4","0.3","0.2","0.05","0.4","0.2","300","6595","2403","4192","0.6356330553449583","2403","1943","0.41573984493109367","0.061833883276844866"
"527","300","0.4","0.3","0.2","0.05","0.4","0.2","300","6438","2412","4026","0.625349487418453","2412","1928","0.4155134951354717","0.06595468027061618"
"530","300","0.4","0.3","0.2","0.05","0.4","0.2","300","6462","2396","4066","0.6292169606932838","2396","1885","0.4156331927021806","0.06546514124272058"
"528","300","0.4","0.3","0.2","0.05","0.4","0.2","300","6427","2400","4027","0.6265753850941341","2400","1923","0.41532458359890306","0.060241933997070035"
"533","300","0.4","0.3","0.2","0.05","0.4","0.25","300","5493","2486","3007","0.5474239941744038","2486","1795","0.3948735901167062","0.05944930566091727"
"531","300","0.4","0.3","0.2","0.05","0.4","0.25","300","5690","2459","3231","0.5678383128295255","2459","1887","0.40455612435627064","0.06460140109575295"
"532","300","0.4","0.3","0.2","0.05","0.4","0.25","300","5548","2461","3087","0.5564167267483778","2461","1836","0.40130648806513225","0.06775919166639867"
"534","300","0.4","0.3","0.2","0.05","0.4","0.25","300","5585","2458","3127","0.5598925693822739","2458","1865","0.40647767090517706","0.06409713650789604"
"535","300","0.4","0.3","0.2","0.05","0.4","0.25","300","5593","2457","3136","0.5607008760951189","2457","1877","0.39914578098477765","0.06486449361287122"
"536","300","0.4","0.3","0.2","0.05","0.4","0.25","300","5670","2452","3218","0.5675485008818342","2452","1824","0.39120502190364786","0.07107562297526965"
"537","300","0.4","0.3","0.2","0.05","0.4","0.25","300","5550","2455","3095","0.5576576576576576","2455","1845","0.40161532600973093","0.056080685530196184"
"539","300","0.4","0.3","0.2","0.05","0.4","0.25","300","5656","2463","3193","0.5645332390381895","2463","1865","0.4017968787579889","0.06018521034032364"
"538","300","0.4","0.3","0.2","0.05","0.4","0.25","300","5646","2456","3190","0.5650017711654268","2456","1865","0.40391726975502334","0.0593031675514598"
"540","300","0.4","0.3","0.2","0.05","0.4","0.25","300","5574","2493","3081","0.5527448869752422","2493","1844","0.39524548188148717","0.05783135176768504"
"541","300","0.4","0.3","0.2","0.05","0.4","0.3","300","5022","2552","2470","0.49183592194344883","2552","1790","0.39069918403564474","0.04917485693591276"
"542","300","0.4","0.3","0.2","0.05","0.4","0.3","300","4924","2545","2379","0.4831437855402112","2545","1810","0.3946656962780049","0.053222765744391616"
"543","300","0.4","0.3","0.2","0.05","0.4","0.3","300","4916","2548","2368","0.4816924328722539","2548","1785","0.3984915331567192","0.04516410900158565"
"544","300","0.4","0.3","0.2","0.05","0.4","0.3","300","5036","2542","2494","0.49523431294678316","2542","1787","0.3978438219242986","0.049072909576291686"
"547","300","0.4","0.3","0.2","0.05","0.4","0.3","300","4937","2539","2398","0.48572007291877656","2539","1778","0.3937573556370032","0.04639620512973122"
"545","300","0.4","0.3","0.2","0.05","0.4","0.3","300","4968","2564","2404","0.48389694041867953","2564","1799","0.3919300387346464","0.05121935390480382"
"546","300","0.4","0.3","0.2","0.05","0.4","0.3","300","4964","2539","2425","0.48851732473811443","2539","1780","0.39170890902673106","0.04794495042487226"
"548","300","0.4","0.3","0.2","0.05","0.4","0.3","300","4963","2538","2425","0.48861575659883133","2538","1813","0.3916163228555139","0.05563996215064075"
"549","300","0.4","0.3","0.2","0.05","0.4","0.3","300","4998","2540","2458","0.491796718687475","2540","1763","0.38956784854132837","0.05536502357863271"
"551","300","0.4","0.3","0.2","0.05","0.4","0.35","300","4361","2611","1750","0.4012841091492777","2611","1683","0.3899999056583604","0.04058097497414688"
"552","300","0.4","0.3","0.2","0.05","0.4","0.35","300","4450","2629","1821","0.4092134831460674","2629","1702","0.3889258722743661","0.052069275926812465"
"553","300","0.4","0.3","0.2","0.05","0.4","0.35","300","4446","2620","1826","0.41070625281151596","2620","1704","0.3858777096566126","0.045996299007547266"
"550","300","0.4","0.3","0.2","0.05","0.4","0.3","300","4959","2535","2424","0.48880822746521474","2535","1796","0.3942243772969446","0.06127017318524653"
"554","300","0.4","0.3","0.2","0.05","0.4","0.35","300","4469","2602","1867","0.4177668382188409","2602","1690","0.3801227210405664","0.043689319580909464"
"555","300","0.4","0.3","0.2","0.05","0.4","0.35","300","4501","2616","1885","0.41879582315041103","2616","1711","0.38253910973696925","0.04437401476101622"
"556","300","0.4","0.3","0.2","0.05","0.4","0.35","300","4445","2613","1832","0.41214848143982","2613","1717","0.38133103507555316","0.04587257350111347"
"557","300","0.4","0.3","0.2","0.05","0.4","0.35","300","4539","2573","1966","0.4331350517735184","2573","1738","0.3828787444503718","0.06136819316886175"
"558","300","0.4","0.3","0.2","0.05","0.4","0.35","300","4491","2622","1869","0.41616566466265864","2622","1656","0.3795188750764522","0.04667079466663439"
"559","300","0.4","0.3","0.2","0.05","0.4","0.35","300","4489","2629","1860","0.41434617955001113","2629","1706","0.3817174041434787","0.04813266640977152"
"560","300","0.4","0.3","0.2","0.05","0.4","0.35","300","4536","2600","1936","0.42680776014109345","2600","1682","0.37870671664083116","0.04385085668368564"
"561","300","0.4","0.3","0.2","0.05","0.4","0.4","300","4027","2681","1346","0.3342438539855972","2681","1608","0.36852174976832036","0.03967313106797647"
"562","300","0.4","0.3","0.2","0.05","0.4","0.4","300","4064","2729","1335","0.328494094488189","2729","1589","0.36953673542452586","0.042900080349389524"
"563","300","0.4","0.3","0.2","0.05","0.4","0.4","300","4054","2673","1381","0.3406512086827824","2673","1635","0.37587177025434504","0.04823245099580782"
"564","300","0.4","0.3","0.2","0.05","0.4","0.4","300","4065","2674","1391","0.3421894218942189","2674","1627","0.371082453371416","0.04128580432611324"
"566","300","0.4","0.3","0.2","0.05","0.4","0.4","300","4103","2674","1429","0.34828174506458687","2674","1607","0.36776854188969615","0.042190292004625804"
"565","300","0.4","0.3","0.2","0.05","0.4","0.4","300","4043","2680","1363","0.33712589661142717","2680","1596","0.37064182912790516","0.04715431356514417"
"568","300","0.4","0.3","0.2","0.05","0.4","0.4","300","4089","2699","1390","0.33993641477133774","2699","1584","0.36987398369144875","0.04860180420719366"
"567","300","0.4","0.3","0.2","0.05","0.4","0.4","300","4077","2662","1415","0.34706892322786365","2662","1603","0.37096101028276574","0.04557279228364228"
"569","300","0.4","0.3","0.2","0.05","0.4","0.4","300","4110","2715","1395","0.33941605839416056","2715","1613","0.37232280715361277","0.04144154577015935"
"571","300","0.4","0.3","0.2","0.05","0.4","0.45","300","3823","2768","1055","0.2759612869474235","2768","1538","0.36403924109667746","0.042318386809426366"
"570","300","0.4","0.3","0.2","0.05","0.4","0.4","300","4080","2672","1408","0.34509803921568627","2672","1611","0.37111511032772193","0.04320842331812894"
"572","300","0.4","0.3","0.2","0.05","0.4","0.45","300","3792","2760","1032","0.2721518987341772","2760","1472","0.35543363472382444","0.046636711135566784"
"573","300","0.4","0.3","0.2","0.05","0.4","0.45","300","3843","2764","1079","0.2807702315899037","2764","1507","0.3687664147065748","0.038036353580669015"
"574","300","0.4","0.3","0.2","0.05","0.4","0.45","300","3822","2745","1077","0.2817896389324961","2745","1534","0.36467577220317693","0.03436537913707037"
"575","300","0.4","0.3","0.2","0.05","0.4","0.45","300","3839","2777","1062","0.27663454024485545","2777","1518","0.3584474028392863","0.043960088642040096"
"576","300","0.4","0.3","0.2","0.05","0.4","0.45","300","3838","2765","1073","0.2795726941115164","2765","1536","0.3632688155369617","0.0372851043782639"
"578","300","0.4","0.3","0.2","0.05","0.4","0.45","300","3819","2768","1051","0.2752029327048966","2768","1533","0.36049512385583155","0.05133667833584153"
"577","300","0.4","0.3","0.2","0.05","0.4","0.45","300","3834","2738","1096","0.2858633281168492","2738","1502","0.3602685529409637","0.03482407903511751"
"579","300","0.4","0.3","0.2","0.05","0.4","0.45","300","3810","2769","1041","0.2732283464566929","2769","1518","0.3654897075925517","0.03695100522750013"
"582","300","0.4","0.3","0.2","0.05","0.4","0.5","300","3586","2799","787","0.21946458449525935","2799","1393","0.35232221637832206","0.032833759991810776"
"583","300","0.4","0.3","0.2","0.05","0.4","0.5","300","3632","2811","821","0.22604625550660792","2811","1420","0.36004706422068633","0.03532445705158118"
"581","300","0.4","0.3","0.2","0.05","0.4","0.5","300","3570","2779","791","0.22156862745098038","2779","1366","0.360497850122782","0.03706783456569839"
"580","300","0.4","0.3","0.2","0.05","0.4","0.45","300","3839","2777","1062","0.27663454024485545","2777","1522","0.36136209577393924","0.036682765674745196"
"584","300","0.4","0.3","0.2","0.05","0.4","0.5","300","3622","2812","810","0.22363335173937052","2812","1386","0.35323834358360406","0.03863751733655957"
"586","300","0.4","0.3","0.2","0.05","0.4","0.5","300","3575","2786","789","0.2206993006993007","2786","1397","0.3455861026739911","0.04782775801213736"
"585","300","0.4","0.3","0.2","0.05","0.4","0.5","300","3646","2793","853","0.23395501919912232","2793","1385","0.34878038456312627","0.03650969411305106"
"588","300","0.4","0.3","0.2","0.05","0.4","0.5","300","3636","2788","848","0.23322332233223322","2788","1382","0.35283025731174417","0.04139025906521232"
"587","300","0.4","0.3","0.2","0.05","0.4","0.5","300","3607","2809","798","0.22123648461325202","2809","1458","0.3524629432666155","0.0453927937409398"
"589","300","0.4","0.3","0.2","0.05","0.4","0.5","300","3610","2804","806","0.22326869806094182","2804","1433","0.35082096497763404","0.03651900382844552"
"591","300","0.4","0.3","0.2","0.05","0.4","0.55","300","3428","2828","600","0.1750291715285881","2828","1276","0.3406222572423552","0.03991561786025712"
"590","300","0.4","0.3","0.2","0.05","0.4","0.5","300","3590","2781","809","0.22534818941504178","2781","1405","0.35316410322293734","0.037040289454816605"
"592","300","0.4","0.3","0.2","0.05","0.4","0.55","300","3489","2892","597","0.1711092003439381","2892","1320","0.34165915892695914","0.0397901852072612"
"593","300","0.4","0.3","0.2","0.05","0.4","0.55","300","3479","2884","595","0.1710261569416499","2884","1318","0.34204738017526104","0.03172872478775581"
"594","300","0.4","0.3","0.2","0.05","0.4","0.55","300","3416","2820","596","0.17447306791569087","2820","1292","0.34323272385762027","0.04079291483852638"
"595","300","0.4","0.3","0.2","0.05","0.4","0.55","300","3460","2827","633","0.18294797687861272","2827","1209","0.3425131732967197","0.04302058273706439"
"597","300","0.4","0.3","0.2","0.05","0.4","0.55","300","3461","2835","626","0.180872580179139","2835","1335","0.34474655775504864","0.03594732057453343"
"598","300","0.4","0.3","0.2","0.05","0.4","0.55","300","3502","2845","657","0.1876070816676185","2845","1260","0.3439904510454015","0.03758338205928626"
"596","300","0.4","0.3","0.2","0.05","0.4","0.55","300","3482","2880","602","0.17288914417001724","2880","1271","0.34112674707295876","0.04036142553888958"
"599","300","0.4","0.3","0.2","0.05","0.4","0.55","300","3479","2869","610","0.17533774073009487","2869","1297","0.3407259656742218","0.04505496812659763"
"600","300","0.4","0.3","0.2","0.05","0.4","0.55","300","3504","2864","640","0.182648401826484","2864","1309","0.34442881349230237","0.025967570848438787"
"601","300","0.4","0.3","0.2","0.05","0.4","0.6","300","3344","2859","485","0.1450358851674641","2859","1143","0.33116360392848976","0.0353739972180863"
"604","300","0.4","0.3","0.2","0.05","0.4","0.6","300","3271","2835","436","0.1332925710791807","2835","1097","0.33678674551992527","0.03154884236400749"
"605","300","0.4","0.3","0.2","0.05","0.4","0.6","300","3379","2909","470","0.13909440662918024","2909","1185","0.33240080806042677","0.035106222942698814"
"603","300","0.4","0.3","0.2","0.05","0.4","0.6","300","3322","2860","462","0.1390728476821192","2860","1148","0.33666239090586564","0.035304934631277284"
"608","300","0.4","0.3","0.2","0.05","0.4","0.6","300","3324","2877","447","0.13447653429602888","2877","1155","0.3323033030734959","0.03744283074954453"
"607","300","0.4","0.3","0.2","0.05","0.4","0.6","300","3348","2863","485","0.1448626045400239","2863","1180","0.33782791127859696","0.03817979723154588"
"606","300","0.4","0.3","0.2","0.05","0.4","0.6","300","3340","2895","445","0.13323353293413173","2895","1199","0.3327616146571836","0.033675815255341315"
"602","300","0.4","0.3","0.2","0.05","0.4","0.6","300","3303","2869","434","0.1313957008779897","2869","1166","0.33457102992060195","0.046316179933091825"
"609","300","0.4","0.3","0.2","0.05","0.4","0.6","300","3329","2886","443","0.13307299489336136","2886","1165","0.3406519942836733","0.027083226672961487"
"610","300","0.4","0.3","0.2","0.05","0.4","0.6","300","3345","2881","464","0.13871449925261584","2881","1148","0.33044277309768605","0.04385565229688626"
"611","300","0.4","0.3","0.2","0.05","0.4","0.65","300","3290","2928","362","0.11003039513677812","2928","962","0.3230794266782795","0.041087411637986154"
"612","300","0.4","0.3","0.2","0.05","0.4","0.65","300","3259","2901","358","0.10984964713102179","2901","1010","0.32750712566388324","0.030351881530060965"
"613","300","0.4","0.3","0.2","0.05","0.4","0.65","300","3309","2949","360","0.10879419764279238","2949","1022","0.3273303681154318","0.0365521360146762"
"614","300","0.4","0.3","0.2","0.05","0.4","0.65","300","3265","2881","384","0.11761102603369065","2881","1023","0.3242097609230365","0.04168029937275901"
"615","300","0.4","0.3","0.2","0.05","0.4","0.65","300","3276","2904","372","0.11355311355311355","2904","1009","0.3249031641559039","0.03761969915183423"
"616","300","0.4","0.3","0.2","0.05","0.4","0.65","300","3239","2919","320","0.09879592466810744","2919","1012","0.32458523759617663","0.047936951255689184"
"617","300","0.4","0.3","0.2","0.05","0.4","0.65","300","3225","2873","352","0.10914728682170542","2873","1003","0.32729974716826055","0.0385859804677633"
"618","300","0.4","0.3","0.2","0.05","0.4","0.65","300","3233","2905","328","0.10145375811939375","2905","1058","0.32579109361714764","0.037290541443649204"
"620","300","0.4","0.3","0.2","0.05","0.4","0.65","300","3242","2898","344","0.10610734114743985","2898","1059","0.32498998534241885","0.02984445898530413"
"619","300","0.4","0.3","0.2","0.05","0.4","0.65","300","3277","2919","358","0.10924626182483979","2919","991","0.3239314683427531","0.03402920972240279"
"621","300","0.4","0.3","0.2","0.05","0.4","0.7","300","3194","2932","262","0.08202880400751408","2932","921","0.32073801929070034","0.033951941388445206"
"622","300","0.4","0.3","0.2","0.05","0.4","0.7","300","3203","2941","262","0.08179831408054948","2941","882","0.31926771916359936","0.030410578737370943"
"623","300","0.4","0.3","0.2","0.05","0.4","0.7","300","3157","2915","242","0.07665505226480836","2915","840","0.3166331608407652","0.02825789057726941"
"624","300","0.4","0.3","0.2","0.05","0.4","0.7","300","3217","2932","285","0.08859185576624184","2932","875","0.3179299793616353","0.03152651302134905"
"625","300","0.4","0.3","0.2","0.05","0.4","0.7","300","3198","2917","281","0.08786741713570982","2917","923","0.32253032335121257","0.029455681535061964"
"626","300","0.4","0.3","0.2","0.05","0.4","0.7","300","3132","2870","262","0.08365261813537675","2870","832","0.3174854779076509","0.02808961141924545"
"627","300","0.4","0.3","0.2","0.05","0.4","0.7","300","3154","2888","266","0.08433734939759036","2888","854","0.31896668816892765","0.03451710879532023"
"628","300","0.4","0.3","0.2","0.05","0.4","0.7","300","3207","2930","277","0.08637355784222014","2930","885","0.31779879386357995","0.033263140930084936"
"629","300","0.4","0.3","0.2","0.05","0.4","0.7","300","3189","2919","270","0.08466603951081844","2919","867","0.31977806630191247","0.03435963778934103"
"630","300","0.4","0.3","0.2","0.05","0.4","0.7","300","3162","2903","259","0.08191018342820999","2903","857","0.3189073007924495","0.028509190691407074"
"631","300","0.4","0.3","0.2","0.05","0.4","0.75","300","3144","2937","207","0.06583969465648855","2937","727","0.3133830932809656","0.029384844676498052"
"632","300","0.4","0.3","0.2","0.05","0.4","0.75","300","3107","2917","190","0.06115223688445446","2917","747","0.3139737921881474","0.027108011469907246"
"633","300","0.4","0.3","0.2","0.05","0.4","0.75","300","3130","2933","197","0.06293929712460064","2933","709","0.31404656717876683","0.029279081372490013"
"634","300","0.4","0.3","0.2","0.05","0.4","0.75","300","3170","2990","180","0.056782334384858045","2990","743","0.31260757464964173","0.03365824161267071"
"635","300","0.4","0.3","0.2","0.05","0.4","0.75","300","3108","2911","197","0.06338481338481339","2911","731","0.3133303024668797","0.03634390827313861"
"636","300","0.4","0.3","0.2","0.05","0.4","0.75","300","3122","2909","213","0.06822549647661755","2909","738","0.31392819375661657","0.03124961521879451"
"637","300","0.4","0.3","0.2","0.05","0.4","0.75","300","3102","2910","192","0.061895551257253385","2910","715","0.3142537271803984","0.03141599772711353"
"639","300","0.4","0.3","0.2","0.05","0.4","0.75","300","3139","2919","220","0.07008601465434852","2919","743","0.31143381969362743","0.03266932809690203"
"638","300","0.4","0.3","0.2","0.05","0.4","0.75","300","3168","2947","221","0.06976010101010101","2947","721","0.3157164091524693","0.04112249572567479"
"640","300","0.4","0.3","0.2","0.05","0.4","0.75","300","3116","2902","214","0.06867779204107831","2902","709","0.312879419432749","0.03004999349226844"
"641","300","0.4","0.3","0.2","0.05","0.4","0.8","300","3109","2942","167","0.05371502090704407","2942","572","0.30812408664103746","0.03554452769066889"
"642","300","0.4","0.3","0.2","0.05","0.4","0.8","300","3122","2964","158","0.05060858424087124","2964","584","0.3094460150366681","0.03550133747317064"
"643","300","0.4","0.3","0.2","0.05","0.4","0.8","300","3106","2956","150","0.04829362524146812","2956","558","0.30793795490102244","0.03447474983428465"
"644","300","0.4","0.3","0.2","0.05","0.4","0.8","300","3068","2902","166","0.05410691003911343","2902","564","0.30912425055361364","0.03310972909791584"
"645","300","0.4","0.3","0.2","0.05","0.4","0.8","300","3078","2932","146","0.04743339831059129","2932","582","0.30811524312768246","0.02777663917997177"
"646","300","0.4","0.3","0.2","0.05","0.4","0.8","300","3112","2967","145","0.046593830334190234","2967","597","0.30887973557892145","0.03337216522139497"
"647","300","0.4","0.3","0.2","0.05","0.4","0.8","300","3134","2994","140","0.04467134652201659","2994","623","0.31041148438508487","0.03609108682713268"
"648","300","0.4","0.3","0.2","0.05","0.4","0.8","300","3068","2931","137","0.044654498044328556","2931","576","0.3078703970213026","0.032615567975950145"
"650","300","0.4","0.3","0.2","0.05","0.4","0.8","300","3135","2983","152","0.048484848484848485","2983","609","0.3072744654993377","0.03188024637756281"
"649","300","0.4","0.3","0.2","0.05","0.4","0.8","300","3074","2919","155","0.05042290175666884","2919","594","0.30806439772151406","0.026432162935254896"
"651","300","0.4","0.3","0.2","0.05","0.45","0.2","300","6024","2257","3767","0.625332005312085","2257","1779","0.420256415511393","0.06315739398156234"
"653","300","0.4","0.3","0.2","0.05","0.45","0.2","300","6098","2239","3859","0.632830436208593","2239","1800","0.40638775812515654","0.07779283200785247"
"652","300","0.4","0.3","0.2","0.05","0.45","0.2","300","6240","2233","4007","0.642147435897436","2233","1803","0.4129011157518887","0.06392221367955729"
"654","300","0.4","0.3","0.2","0.05","0.45","0.2","300","6165","2245","3920","0.6358475263584753","2245","1785","0.41721986803911804","0.06499315671806571"
"655","300","0.4","0.3","0.2","0.05","0.45","0.2","300","6127","2237","3890","0.6348947282519993","2237","1795","0.4254008734982917","0.05351455091365133"
"657","300","0.4","0.3","0.2","0.05","0.45","0.2","300","6103","2245","3858","0.6321481238735048","2245","1794","0.4162170455841926","0.06224400871447486"
"658","300","0.4","0.3","0.2","0.05","0.45","0.2","300","6178","2230","3948","0.6390417610877307","2230","1769","0.4093315388158332","0.072936467431716"
"656","300","0.4","0.3","0.2","0.05","0.45","0.2","300","6172","2260","3912","0.6338302009073234","2260","1814","0.4118978903060134","0.057106080001511815"
"659","300","0.4","0.3","0.2","0.05","0.45","0.2","300","6053","2259","3794","0.6267966297703618","2259","1794","0.4214970529556999","0.06120918272251561"
"661","300","0.4","0.3","0.2","0.05","0.45","0.25","300","5366","2332","3034","0.5654118524040254","2332","1724","0.39911744013880757","0.05248792286342226"
"660","300","0.4","0.3","0.2","0.05","0.45","0.2","300","6151","2243","3908","0.6353438465290197","2243","1750","0.40752193325904834","0.07024489667650252"
"662","300","0.4","0.3","0.2","0.05","0.45","0.25","300","5351","2368","2983","0.5574658942253784","2368","1739","0.4091581024968369","0.06437763065536445"
"663","300","0.4","0.3","0.2","0.05","0.45","0.25","300","5411","2352","3059","0.5653298835705045","2352","1789","0.4104331641900423","0.04508971882758819"
"664","300","0.4","0.3","0.2","0.05","0.45","0.25","300","5277","2355","2922","0.5537237066515065","2355","1786","0.4073595761501513","0.05214724901946793"
"665","300","0.4","0.3","0.2","0.05","0.45","0.25","300","5400","2335","3065","0.5675925925925925","2335","1751","0.4074519616797277","0.06092318832525804"
"666","300","0.4","0.3","0.2","0.05","0.45","0.25","300","5253","2339","2914","0.5547306301161241","2339","1744","0.4054958097093909","0.05677312859792951"
"667","300","0.4","0.3","0.2","0.05","0.45","0.25","300","5437","2355","3082","0.5668567224572374","2355","1815","0.40905876939636027","0.0565505509126284"
"668","300","0.4","0.3","0.2","0.05","0.45","0.25","300","5248","2340","2908","0.5541158536585366","2340","1727","0.39731064075327654","0.05860101283456309"
"669","300","0.4","0.3","0.2","0.05","0.45","0.25","300","5360","2382","2978","0.5555970149253732","2382","1793","0.40639995264585055","0.05624331826295318"
"671","300","0.4","0.3","0.2","0.05","0.45","0.3","300","4637","2411","2226","0.4800517576018978","2411","1676","0.3893781694161216","0.06831472067789646"
"670","300","0.4","0.3","0.2","0.05","0.45","0.25","300","5266","2357","2909","0.552411697683251","2357","1779","0.3970089288845162","0.050328148275712505"
"672","300","0.4","0.3","0.2","0.05","0.45","0.3","300","4698","2398","2300","0.4895700297999149","2398","1643","0.3862817918141534","0.06367644269472801"
"673","300","0.4","0.3","0.2","0.05","0.45","0.3","300","4727","2410","2317","0.49016289401311613","2410","1675","0.38898272067982714","0.0509994973698007"
"674","300","0.4","0.3","0.2","0.05","0.45","0.3","300","4669","2435","2234","0.4784750481901906","2435","1670","0.39639080761563394","0.0488234161389042"
"675","300","0.4","0.3","0.2","0.05","0.45","0.3","300","4699","2456","2243","0.4773356033198553","2456","1726","0.4006250498141461","0.0483971308520731"
"676","300","0.4","0.3","0.2","0.05","0.45","0.3","300","4770","2412","2358","0.49433962264150944","2412","1683","0.3987857850178092","0.04247339706270824"
"677","300","0.4","0.3","0.2","0.05","0.45","0.3","300","4740","2436","2304","0.4860759493670886","2436","1680","0.3850513761591908","0.056513890439620816"
"678","300","0.4","0.3","0.2","0.05","0.45","0.3","300","4783","2425","2358","0.492996027597742","2425","1669","0.39931435973996465","0.042133538839852956"
"680","300","0.4","0.3","0.2","0.05","0.45","0.3","300","4832","2392","2440","0.5049668874172185","2392","1694","0.39362389230988415","0.05071427417040671"
"679","300","0.4","0.3","0.2","0.05","0.45","0.3","300","4760","2383","2377","0.49936974789915967","2383","1661","0.38763894804787363","0.049550051931002266"
"684","300","0.4","0.3","0.2","0.05","0.45","0.35","300","4356","2516","1840","0.42240587695133147","2516","1655","0.3826233163100927","0.04314502977616296"
"683","300","0.4","0.3","0.2","0.05","0.45","0.35","300","4305","2533","1772","0.4116144018583043","2533","1674","0.3906122238799553","0.04042476159153151"
"681","300","0.4","0.3","0.2","0.05","0.45","0.35","300","4304","2544","1760","0.40892193308550184","2544","1643","0.3843534403083706","0.03950961881075313"
"685","300","0.4","0.3","0.2","0.05","0.45","0.35","300","4256","2536","1720","0.4041353383458647","2536","1637","0.38860261084389486","0.0452587382147032"
"682","300","0.4","0.3","0.2","0.05","0.45","0.35","300","4301","2531","1770","0.41153220181353173","2531","1656","0.3894679313433627","0.03897311484569828"
"687","300","0.4","0.3","0.2","0.05","0.45","0.35","300","4358","2499","1859","0.4265718219366682","2499","1601","0.3844163601264568","0.04280925434501534"
"686","300","0.4","0.3","0.2","0.05","0.45","0.35","300","4272","2530","1742","0.40777153558052437","2530","1652","0.3918395114754389","0.03170235270569242"
"688","300","0.4","0.3","0.2","0.05","0.45","0.35","300","4289","2510","1779","0.41478200046630914","2510","1671","0.38193711078404463","0.04500650608300632"
"689","300","0.4","0.3","0.2","0.05","0.45","0.35","300","4331","2537","1794","0.41422304317709535","2537","1601","0.3849924501370996","0.04860188196295716"
"690","300","0.4","0.3","0.2","0.05","0.45","0.35","300","4303","2506","1797","0.4176156170113874","2506","1604","0.3739318871593246","0.060500839948142454"
"691","300","0.4","0.3","0.2","0.05","0.45","0.4","300","3925","2561","1364","0.347515923566879","2561","1521","0.3675225222261972","0.05122061214868596"
"692","300","0.4","0.3","0.2","0.05","0.45","0.4","300","3933","2599","1334","0.3391812865497076","2599","1583","0.37151395528962716","0.059072384887199236"
"693","300","0.4","0.3","0.2","0.05","0.45","0.4","300","3981","2596","1385","0.3479025370509922","2596","1555","0.37419868829737835","0.032375596403816924"
"694","300","0.4","0.3","0.2","0.05","0.45","0.4","300","3980","2595","1385","0.3479899497487437","2595","1578","0.3748818095430166","0.05375015268526954"
"695","300","0.4","0.3","0.2","0.05","0.45","0.4","300","3937","2595","1342","0.34086868173736345","2595","1592","0.3753239975108124","0.04271714130923913"
"696","300","0.4","0.3","0.2","0.05","0.45","0.4","300","3990","2588","1402","0.35137844611528823","2588","1514","0.37193492886829854","0.04561784008797151"
"697","300","0.4","0.3","0.2","0.05","0.45","0.4","300","3990","2585","1405","0.35213032581453635","2585","1574","0.37067996630014866","0.04639452025995371"
"698","300","0.4","0.3","0.2","0.05","0.45","0.4","300","3998","2593","1405","0.3514257128564282","2593","1578","0.3722712363518902","0.0529321523187299"
"699","300","0.4","0.3","0.2","0.05","0.45","0.4","300","4033","2559","1474","0.36548475080585174","2559","1542","0.3733972726563059","0.04720627727467292"
"700","300","0.4","0.3","0.2","0.05","0.45","0.4","300","3952","2606","1346","0.34058704453441296","2606","1526","0.36920253502904626","0.03746193727296728"
"701","300","0.4","0.3","0.2","0.05","0.45","0.45","300","3672","2630","1042","0.2837690631808279","2630","1464","0.3672495588966412","0.03880077594801405"
"702","300","0.4","0.3","0.2","0.05","0.45","0.45","300","3704","2632","1072","0.2894168466522678","2632","1516","0.36250163694150556","0.033424320085641536"
"703","300","0.4","0.3","0.2","0.05","0.45","0.45","300","3735","2662","1073","0.28728246318607764","2662","1487","0.36315994903998","0.0366591870554987"
"704","300","0.4","0.3","0.2","0.05","0.45","0.45","300","3744","2647","1097","0.29300213675213677","2647","1428","0.36429960721599886","0.039760153926989235"
"706","300","0.4","0.3","0.2","0.05","0.45","0.45","300","3699","2658","1041","0.28142741281427414","2658","1468","0.3631562210738998","0.03662392380923913"
"705","300","0.4","0.3","0.2","0.05","0.45","0.45","300","3728","2679","1049","0.2813841201716738","2679","1513","0.3664631759739786","0.037248667088298354"
"708","300","0.4","0.3","0.2","0.05","0.45","0.45","300","3726","2642","1084","0.2909286097691895","2642","1449","0.37036829555358486","0.039252668182740626"
"707","300","0.4","0.3","0.2","0.05","0.45","0.45","300","3686","2716","970","0.2631578947368421","2716","1519","0.3631018274029696","0.040251733874477356"
"711","300","0.4","0.3","0.2","0.05","0.45","0.5","300","3560","2738","822","0.23089887640449439","2738","1398","0.3530639601010482","0.04523179201456998"
"710","300","0.4","0.3","0.2","0.05","0.45","0.45","300","3728","2688","1040","0.27896995708154504","2688","1485","0.3645336006110656","0.047827001259188096"
"712","300","0.4","0.3","0.2","0.05","0.45","0.5","300","3580","2751","829","0.23156424581005586","2751","1329","0.3564554459493499","0.033735701248337795"
"709","300","0.4","0.3","0.2","0.05","0.45","0.45","300","3626","2649","977","0.2694429123000552","2649","1462","0.36718923893963556","0.03635217778675239"
"713","300","0.4","0.3","0.2","0.05","0.45","0.5","300","3487","2728","759","0.21766561514195584","2728","1355","0.34946430461143785","0.034569123040031215"
"714","300","0.4","0.3","0.2","0.05","0.45","0.5","300","3510","2718","792","0.22564102564102564","2718","1329","0.3489321019349025","0.042790235865418524"
"715","300","0.4","0.3","0.2","0.05","0.45","0.5","300","3487","2698","789","0.22626899913966161","2698","1381","0.35494704617642275","0.04062018911485435"
"716","300","0.4","0.3","0.2","0.05","0.45","0.5","300","3536","2763","773","0.21860859728506787","2763","1400","0.35662148194709536","0.03164221981514276"
"717","300","0.4","0.3","0.2","0.05","0.45","0.5","300","3509","2718","791","0.22542034767740096","2718","1320","0.34847079631480815","0.03980327350289757"
"718","300","0.4","0.3","0.2","0.05","0.45","0.5","300","3511","2733","778","0.2215892908003418","2733","1384","0.35023659064981255","0.034101727904023466"
"719","300","0.4","0.3","0.2","0.05","0.45","0.5","300","3532","2755","777","0.21998867497168742","2755","1344","0.35767503100858866","0.031139309922451303"
"721","300","0.4","0.3","0.2","0.05","0.45","0.55","300","3410","2818","592","0.17360703812316716","2818","1273","0.33967366346081385","0.036165710708313474"
"720","300","0.4","0.3","0.2","0.05","0.45","0.5","300","3524","2753","771","0.2187854710556186","2753","1365","0.3520695957889048","0.04573074267282769"
"723","300","0.4","0.3","0.2","0.05","0.45","0.55","300","3358","2767","591","0.1759976176295414","2767","1206","0.34042860695413973","0.0367751957432863"
"722","300","0.4","0.3","0.2","0.05","0.45","0.55","300","3380","2781","599","0.1772189349112426","2781","1281","0.3457296518637576","0.034002901398268726"
"724","300","0.4","0.3","0.2","0.05","0.45","0.55","300","3377","2741","636","0.18833283979863785","2741","1261","0.3461987434237975","0.03912551339917425"
"725","300","0.4","0.3","0.2","0.05","0.45","0.55","300","3452","2823","629","0.18221320973348784","2823","1286","0.35115106545491065","0.03274060951345863"
"726","300","0.4","0.3","0.2","0.05","0.45","0.55","300","3417","2784","633","0.18525021949078138","2784","1211","0.34476968345258713","0.041420698167746066"
"727","300","0.4","0.3","0.2","0.05","0.45","0.55","300","3363","2762","601","0.17870948557835267","2762","1208","0.3440080200022336","0.03788688153763033"
"730","300","0.4","0.3","0.2","0.05","0.45","0.55","300","3373","2746","627","0.18588793359027572","2746","1273","0.3445842148791083","0.04125849645725855"
"728","300","0.4","0.3","0.2","0.05","0.45","0.55","300","3379","2761","618","0.18289434744007102","2761","1207","0.3475034198394352","0.03619370179135762"
"729","300","0.4","0.3","0.2","0.05","0.45","0.55","300","3392","2763","629","0.18543632075471697","2763","1252","0.3484245848600963","0.03335383343560259"
"732","300","0.4","0.3","0.2","0.05","0.45","0.6","300","3295","2806","489","0.14840667678300457","2806","1143","0.3375740281557235","0.025731810906409382"
"733","300","0.4","0.3","0.2","0.05","0.45","0.6","300","3261","2786","475","0.14566084023305734","2786","1149","0.33757954788515737","0.03160839511050998"
"731","300","0.4","0.3","0.2","0.05","0.45","0.6","300","3310","2841","469","0.14169184290030212","2841","1172","0.3379794016944805","0.038190118887559056"
"735","300","0.4","0.3","0.2","0.05","0.45","0.6","300","3206","2801","405","0.1263256394260761","2801","1142","0.33698564935032627","0.038889370747579775"
"734","300","0.4","0.3","0.2","0.05","0.45","0.6","300","3285","2830","455","0.1385083713850837","2830","1113","0.33789769606274483","0.02701000218621277"
"737","300","0.4","0.3","0.2","0.05","0.45","0.6","300","3267","2817","450","0.13774104683195593","2817","1093","0.33206551498504366","0.03332020743939227"
"738","300","0.4","0.3","0.2","0.05","0.45","0.6","300","3271","2817","454","0.13879547538978906","2817","1136","0.33644851694162714","0.04531895490412887"
"736","300","0.4","0.3","0.2","0.05","0.45","0.6","300","3254","2811","443","0.136140135218193","2811","1107","0.33542548603144723","0.03787218869318963"
"739","300","0.4","0.3","0.2","0.05","0.45","0.6","300","3271","2842","429","0.1311525527361663","2842","1111","0.33767298729040657","0.026681653346217995"
"740","300","0.4","0.3","0.2","0.05","0.45","0.6","300","3322","2822","500","0.15051173991571343","2822","1133","0.33895487999015494","0.027634016644190358"
"741","300","0.4","0.3","0.2","0.05","0.45","0.65","300","3174","2827","347","0.10932577189666036","2827","960","0.3271900350384523","0.03269206239695392"
"742","300","0.4","0.3","0.2","0.05","0.45","0.65","300","3256","2902","354","0.10872235872235872","2902","1028","0.3269231955066624","0.030072485505267775"
"744","300","0.4","0.3","0.2","0.05","0.45","0.65","300","3200","2842","358","0.111875","2842","1026","0.328657877279422","0.03481750874063455"
"743","300","0.4","0.3","0.2","0.05","0.45","0.65","300","3184","2813","371","0.11652010050251256","2813","991","0.3244343265955282","0.02832075795639516"
"746","300","0.4","0.3","0.2","0.05","0.45","0.65","300","3187","2852","335","0.10511452776906181","2852","992","0.32714855679244664","0.03376063596950148"
"745","300","0.4","0.3","0.2","0.05","0.45","0.65","300","3181","2860","321","0.1009116629990569","2860","999","0.3321317995314424","0.02712771124128008"
"748","300","0.4","0.3","0.2","0.05","0.45","0.65","300","3203","2868","335","0.104589447393069","2868","1025","0.3295736616380969","0.038662473145594616"
"747","300","0.4","0.3","0.2","0.05","0.45","0.65","300","3129","2810","319","0.10194950463406839","2810","1011","0.32452401414784654","0.03568492160647253"
"749","300","0.4","0.3","0.2","0.05","0.45","0.65","300","3234","2867","367","0.11348175633889919","2867","976","0.3244195814693772","0.028673505071624875"
"751","300","0.4","0.3","0.2","0.05","0.45","0.7","300","3151","2892","259","0.08219612821326563","2892","841","0.3181503890489101","0.032699323720236206"
"750","300","0.4","0.3","0.2","0.05","0.45","0.65","300","3234","2867","367","0.11348175633889919","2867","960","0.32957383228770337","0.03357469410186187"
"752","300","0.4","0.3","0.2","0.05","0.45","0.7","300","3139","2879","260","0.08282892640968462","2879","813","0.3213026856965778","0.026841833968849496"
"754","300","0.4","0.3","0.2","0.05","0.45","0.7","300","3232","2949","283","0.0875618811881188","2949","877","0.322989928508997","0.032443190606650504"
"756","300","0.4","0.3","0.2","0.05","0.45","0.7","300","3099","2805","294","0.09486931268151017","2805","810","0.31957393567598646","0.036571915942592466"
"753","300","0.4","0.3","0.2","0.05","0.45","0.7","300","3119","2871","248","0.07951266431548573","2871","833","0.31979793946287494","0.03731305977316699"
"755","300","0.4","0.3","0.2","0.05","0.45","0.7","300","3108","2857","251","0.08075933075933076","2857","843","0.321797856709202","0.03418645166509033"
"757","300","0.4","0.3","0.2","0.05","0.45","0.7","300","3148","2877","271","0.0860864040660737","2877","823","0.3223771552082732","0.030205601722696786"
"758","300","0.4","0.3","0.2","0.05","0.45","0.7","300","3128","2877","251","0.08024296675191815","2877","873","0.32173019941402176","0.03559409299738239"
"759","300","0.4","0.3","0.2","0.05","0.45","0.7","300","3141","2880","261","0.0830945558739255","2880","843","0.31977392825329254","0.03581817322739005"
"761","300","0.4","0.3","0.2","0.05","0.45","0.75","300","3062","2889","173","0.05649902024820379","2889","744","0.313270875893513","0.04123514117243542"
"760","300","0.4","0.3","0.2","0.05","0.45","0.7","300","3122","2841","281","0.0900064061499039","2841","851","0.32455365635891464","0.0283581196312595"
"763","300","0.4","0.3","0.2","0.05","0.45","0.75","300","3106","2900","206","0.06632324533161622","2900","699","0.3143098185350719","0.028778671849378577"
"762","300","0.4","0.3","0.2","0.05","0.45","0.75","300","3144","2933","211","0.0671119592875318","2933","726","0.3133443635173387","0.03069861562821227"
"764","300","0.4","0.3","0.2","0.05","0.45","0.75","300","3086","2885","201","0.06513285806869734","2885","742","0.3165066616816137","0.024892145778112947"
"765","300","0.4","0.3","0.2","0.05","0.45","0.75","300","3055","2842","213","0.06972176759410802","2842","723","0.3165827357521959","0.03045670094858841"
"767","300","0.4","0.3","0.2","0.05","0.45","0.75","300","3116","2930","186","0.05969191270860077","2930","697","0.31421138311426766","0.03209313518178428"
"766","300","0.4","0.3","0.2","0.05","0.45","0.75","300","3077","2894","183","0.05947351316217095","2894","742","0.31221280984213234","0.035340739247255136"
"771","300","0.4","0.3","0.2","0.05","0.45","0.8","300","3045","2868","177","0.05812807881773399","2868","561","0.30871488999587476","0.03288084348365323"
"768","300","0.4","0.3","0.2","0.05","0.45","0.75","300","3074","2884","190","0.06180871828236825","2884","764","0.31485533513302694","0.03208005296848246"
"770","300","0.4","0.3","0.2","0.05","0.45","0.75","300","3115","2906","209","0.06709470304975923","2906","774","0.3149604546539377","0.030458131981695676"
"769","300","0.4","0.3","0.2","0.05","0.45","0.75","300","3106","2898","208","0.0669671603348358","2898","698","0.3142837640501728","0.03017490681877608"
"772","300","0.4","0.3","0.2","0.05","0.45","0.8","300","3074","2898","176","0.057254391672088484","2898","546","0.3091032342738734","0.03805450642790188"
"773","300","0.4","0.3","0.2","0.05","0.45","0.8","300","3073","2921","152","0.04946306540839571","2921","607","0.3100291664308414","0.028491287543290434"
"774","300","0.4","0.3","0.2","0.05","0.45","0.8","300","3048","2889","159","0.05216535433070866","2889","609","0.3091854328932015","0.027671816979528488"
"775","300","0.4","0.3","0.2","0.05","0.45","0.8","300","3036","2883","153","0.05039525691699605","2883","618","0.31092267998063616","0.023963824129433774"
"777","300","0.4","0.3","0.2","0.05","0.45","0.8","300","2979","2825","154","0.051695199731453506","2825","558","0.3091649918761388","0.033930976632068885"
"776","300","0.4","0.3","0.2","0.05","0.45","0.8","300","3036","2895","141","0.046442687747035576","2895","599","0.3094729235961529","0.02796211935585993"
"778","300","0.4","0.3","0.2","0.05","0.45","0.8","300","3016","2868","148","0.04907161803713528","2868","603","0.3090610277415976","0.03270352266118194"
"780","300","0.4","0.3","0.2","0.05","0.45","0.8","300","3020","2872","148","0.04900662251655629","2872","570","0.30912429047866197","0.03557735008455565"
"779","300","0.4","0.3","0.2","0.05","0.45","0.8","300","3026","2867","159","0.052544613350958363","2867","585","0.3095130340539297","0.033891545224931686"
"781","300","0.4","0.3","0.2","0.05","0.5","0.2","300","5926","2138","3788","0.6392170097873776","2138","1729","0.42951046011594085","0.04690950422777675"
"782","300","0.4","0.3","0.2","0.05","0.5","0.2","300","5880","2111","3769","0.6409863945578231","2111","1664","0.4194642493123119","0.06009244488420605"
"783","300","0.4","0.3","0.2","0.05","0.5","0.2","300","5788","2148","3640","0.6288873531444368","2148","1725","0.41109890027313384","0.0607522232214775"
"784","300","0.4","0.3","0.2","0.05","0.5","0.2","300","5825","2137","3688","0.6331330472103004","2137","1692","0.4136984844430918","0.06759358049005221"
"785","300","0.4","0.3","0.2","0.05","0.5","0.2","300","5945","2120","3825","0.6433978132884777","2120","1697","0.41661824557661653","0.06562966858929282"
"786","300","0.4","0.3","0.2","0.05","0.5","0.2","300","5915","2120","3795","0.6415891800507185","2120","1705","0.40522261863740133","0.058447831079818095"
"787","300","0.4","0.3","0.2","0.05","0.5","0.2","300","5779","2140","3639","0.6296937186364423","2140","1723","0.4165839949385649","0.06294799052567844"
"788","300","0.4","0.3","0.2","0.05","0.5","0.2","300","5658","2141","3517","0.6215977377165076","2141","1717","0.4162050095646712","0.05983645373280428"
"789","300","0.4","0.3","0.2","0.05","0.5","0.2","300","5801","2140","3661","0.631098086536804","2140","1707","0.41889297069827847","0.05925930912672001"
"791","300","0.4","0.3","0.2","0.05","0.5","0.25","300","5088","2239","2849","0.5599449685534591","2239","1678","0.4092001507737821","0.04805434086920799"
"790","300","0.4","0.3","0.2","0.05","0.5","0.2","300","5902","2126","3776","0.6397831243646221","2126","1702","0.4220325891527233","0.05366221630255302"
"792","300","0.4","0.3","0.2","0.05","0.5","0.25","300","5110","2221","2889","0.5653620352250489","2221","1654","0.3979523883237296","0.05387780849128186"
"795","300","0.4","0.3","0.2","0.05","0.5","0.25","300","5216","2232","2984","0.5720858895705522","2232","1673","0.4074005695718409","0.05389981966314379"
"794","300","0.4","0.3","0.2","0.05","0.5","0.25","300","5102","2238","2864","0.5613484907879263","2238","1671","0.40790756147701457","0.045483674261158506"
"793","300","0.4","0.3","0.2","0.05","0.5","0.25","300","5178","2236","2942","0.5681730397837003","2236","1699","0.4135375815116049","0.04928621830127178"
"796","300","0.4","0.3","0.2","0.05","0.5","0.25","300","5237","2214","3023","0.5772388772197823","2214","1708","0.40870704299249594","0.06177543767331103"
"797","300","0.4","0.3","0.2","0.05","0.5","0.25","300","5031","2246","2785","0.5535678791492745","2246","1722","0.4037908839776037","0.05553870219720769"
"798","300","0.4","0.3","0.2","0.05","0.5","0.25","300","5306","2234","3072","0.5789672069355447","2234","1657","0.3991875467889086","0.056346358642149236"
"799","300","0.4","0.3","0.2","0.05","0.5","0.25","300","5194","2245","2949","0.5677705044281863","2245","1692","0.4129771387232481","0.051914576574479024"
"800","300","0.4","0.3","0.2","0.05","0.5","0.25","300","5109","2223","2886","0.5648854961832062","2223","1637","0.4035932234258861","0.05454040560672597"
"801","300","0.4","0.3","0.2","0.05","0.5","0.3","300","4617","2307","2310","0.5003248862897985","2307","1612","0.40004891145484744","0.04393788455991967"
"802","300","0.4","0.3","0.2","0.05","0.5","0.3","300","4638","2326","2312","0.4984907287623976","2326","1624","0.3954270044198992","0.052772842249912404"
"803","300","0.4","0.3","0.2","0.05","0.5","0.3","300","4536","2342","2194","0.48368606701940037","2342","1647","0.40353790410707263","0.03958477698647823"
"804","300","0.4","0.3","0.2","0.05","0.5","0.3","300","4557","2313","2244","0.4924292297564187","2313","1659","0.39419798656674754","0.050268233941756474"
"805","300","0.4","0.3","0.2","0.05","0.5","0.3","300","4537","2352","2185","0.4815957681287194","2352","1595","0.3966786293328685","0.04554930597682072"
"806","300","0.4","0.3","0.2","0.05","0.5","0.3","300","4615","2331","2284","0.49490790899241605","2331","1629","0.3944246388419495","0.04336668369092896"
"807","300","0.4","0.3","0.2","0.05","0.5","0.3","300","4595","2322","2273","0.49466811751904244","2322","1627","0.3945659521127265","0.053227959337075366"
"808","300","0.4","0.3","0.2","0.05","0.5","0.3","300","4541","2348","2193","0.48293327460911695","2348","1624","0.39505673842674066","0.050933149125372036"
"809","300","0.4","0.3","0.2","0.05","0.5","0.3","300","4501","2352","2149","0.4774494556765163","2352","1616","0.40232830748264514","0.03936357027752731"
"810","300","0.4","0.3","0.2","0.05","0.5","0.3","300","4527","2345","2182","0.4819969074442235","2345","1642","0.3970127916256102","0.044781592676061584"
"811","300","0.4","0.3","0.2","0.05","0.5","0.35","300","4166","2448","1718","0.41238598175708113","2448","1584","0.39668627309445476","0.03387042750120221"
"812","300","0.4","0.3","0.2","0.05","0.5","0.35","300","4231","2416","1815","0.428976601276294","2416","1585","0.3903933445651515","0.03888036811373389"
"813","300","0.4","0.3","0.2","0.05","0.5","0.35","300","4146","2419","1727","0.4165460684997588","2419","1596","0.38442574290921205","0.04184822166692223"
"814","300","0.4","0.3","0.2","0.05","0.5","0.35","300","4161","2398","1763","0.4236962268685412","2398","1581","0.3890552590011573","0.050994504913242734"
"815","300","0.4","0.3","0.2","0.05","0.5","0.35","300","4114","2403","1711","0.41589693728731164","2403","1612","0.3874083855399288","0.04551322681093954"
"816","300","0.4","0.3","0.2","0.05","0.5","0.35","300","4224","2432","1792","0.42424242424242425","2432","1578","0.3861090608438582","0.04091857589052216"
"817","300","0.4","0.3","0.2","0.05","0.5","0.35","300","4158","2416","1742","0.41895141895141896","2416","1558","0.38451978148443616","0.04632307711591743"
"818","300","0.4","0.3","0.2","0.05","0.5","0.35","300","4125","2432","1693","0.4104242424242424","2432","1548","0.38338269606887476","0.05385433156041814"
"819","300","0.4","0.3","0.2","0.05","0.5","0.35","300","4230","2433","1797","0.424822695035461","2433","1606","0.38786033529886943","0.03756392804873283"
"820","300","0.4","0.3","0.2","0.05","0.5","0.35","300","4177","2427","1750","0.4189609767775916","2427","1585","0.38394662417881825","0.05604030676600048"
"822","300","0.4","0.3","0.2","0.05","0.5","0.4","300","3808","2489","1319","0.34637605042016806","2489","1477","0.37585309741079154","0.032434309030532"
"821","300","0.4","0.3","0.2","0.05","0.5","0.4","300","3879","2509","1370","0.3531838102603764","2509","1474","0.37524894519237745","0.042683657722231164"
"823","300","0.4","0.3","0.2","0.05","0.5","0.4","300","3881","2503","1378","0.3550631280597784","2503","1498","0.37664563584057303","0.039511591192771305"
"824","300","0.4","0.3","0.2","0.05","0.5","0.4","300","3812","2537","1275","0.3344700944386149","2537","1559","0.3839438592186495","0.03866035415810174"
"825","300","0.4","0.3","0.2","0.05","0.5","0.4","300","3868","2523","1345","0.34772492244053776","2523","1508","0.38162284753700726","0.038631538671254455"
"826","300","0.4","0.3","0.2","0.05","0.5","0.4","300","3802","2478","1324","0.34823776959495","2478","1474","0.3774146049904005","0.03852827751601125"
"830","300","0.4","0.3","0.2","0.05","0.5","0.4","300","3887","2533","1354","0.3483406225881142","2533","1510","0.37904796745453956","0.035820890445540994"
"827","300","0.4","0.3","0.2","0.05","0.5","0.4","300","3910","2537","1373","0.35115089514066494","2537","1514","0.37153196406367867","0.043247632590242314"
"829","300","0.4","0.3","0.2","0.05","0.5","0.4","300","3908","2511","1397","0.3574718526100307","2511","1538","0.3708489070494702","0.04268776801450112"
"831","300","0.4","0.3","0.2","0.05","0.5","0.45","300","3607","2541","1066","0.29553645688938174","2541","1398","0.3653078350680057","0.0451315180734492"
"828","300","0.4","0.3","0.2","0.05","0.5","0.4","300","3882","2520","1362","0.3508500772797527","2520","1514","0.38243636065648207","0.033877746577127506"
"833","300","0.4","0.3","0.2","0.05","0.5","0.45","300","3570","2560","1010","0.28291316526610644","2560","1404","0.3618072686856024","0.03939943142166705"
"832","300","0.4","0.3","0.2","0.05","0.5","0.45","300","3584","2561","1023","0.28543526785714285","2561","1369","0.3644965558529545","0.03498918266618638"
"834","300","0.4","0.3","0.2","0.05","0.5","0.45","300","3627","2566","1061","0.29252826027019574","2566","1419","0.36760988614343776","0.04119246188160038"
"836","300","0.4","0.3","0.2","0.05","0.5","0.45","300","3604","2562","1042","0.2891231964483907","2562","1425","0.36551560322678023","0.045221839529287156"
"835","300","0.4","0.3","0.2","0.05","0.5","0.45","300","3577","2615","962","0.26894045289348617","2615","1438","0.3585277024320698","0.03413787328317964"
"837","300","0.4","0.3","0.2","0.05","0.5","0.45","300","3593","2555","1038","0.28889507375452267","2555","1395","0.37233333673559255","0.033950943253580744"
"838","300","0.4","0.3","0.2","0.05","0.5","0.45","300","3657","2573","1084","0.29641782882143836","2573","1423","0.36820518752943476","0.03746521049145264"
"839","300","0.4","0.3","0.2","0.05","0.5","0.45","300","3665","2627","1038","0.28321964529331517","2627","1418","0.3633463828161684","0.04437344086346243"
"840","300","0.4","0.3","0.2","0.05","0.5","0.45","300","3612","2594","1018","0.28183831672203763","2594","1422","0.3618949290464102","0.041428496363717746"
"841","300","0.4","0.3","0.2","0.05","0.5","0.5","300","3456","2623","833","0.2410300925925926","2623","1341","0.35748560630726073","0.03897538423932818"
"842","300","0.4","0.3","0.2","0.05","0.5","0.5","300","3410","2622","788","0.2310850439882698","2622","1330","0.3503403050473124","0.037796135795236496"
"843","300","0.4","0.3","0.2","0.05","0.5","0.5","300","3442","2637","805","0.23387565368971527","2637","1318","0.35254521418163437","0.044149548972775295"
"844","300","0.4","0.3","0.2","0.05","0.5","0.5","300","3392","2628","764","0.22523584905660377","2628","1286","0.35765186361310813","0.03903888013373702"
"845","300","0.4","0.3","0.2","0.05","0.5","0.5","300","3470","2665","805","0.23198847262247838","2665","1289","0.353561962557766","0.04471396546250518"
"846","300","0.4","0.3","0.2","0.05","0.5","0.5","300","3419","2610","809","0.23661889441357123","2610","1288","0.3595095317648278","0.034571733483968956"
"847","300","0.4","0.3","0.2","0.05","0.5","0.5","300","3487","2647","840","0.2408947519357614","2647","1333","0.3585215784488108","0.03603964378453249"
"848","300","0.4","0.3","0.2","0.05","0.5","0.5","300","3438","2668","770","0.2239674229203025","2668","1341","0.3543377308451882","0.03624217309331642"
"849","300","0.4","0.3","0.2","0.05","0.5","0.5","300","3430","2639","791","0.23061224489795917","2639","1306","0.35776101278361766","0.040340861133772166"
"850","300","0.4","0.3","0.2","0.05","0.5","0.5","300","3484","2683","801","0.2299081515499426","2683","1308","0.35328673767173624","0.03483843234932602"
"851","300","0.4","0.3","0.2","0.05","0.5","0.55","300","3344","2724","620","0.1854066985645933","2724","1173","0.3467012914656612","0.03743426990166149"
"854","300","0.4","0.3","0.2","0.05","0.5","0.55","300","3288","2705","583","0.17731143552311435","2705","1268","0.35462066864991293","0.028904543029781373"
"853","300","0.4","0.3","0.2","0.05","0.5","0.55","300","3301","2729","572","0.17328082399272948","2729","1155","0.3473839401644158","0.03310956422238179"
"852","300","0.4","0.3","0.2","0.05","0.5","0.55","300","3285","2684","601","0.18295281582952816","2684","1210","0.3523120644805226","0.03151258988522463"
"855","300","0.4","0.3","0.2","0.05","0.5","0.55","300","3323","2742","581","0.17484201023171833","2742","1236","0.34013181788323876","0.03337564409367883"
"856","300","0.4","0.3","0.2","0.05","0.5","0.55","300","3288","2705","583","0.17731143552311435","2705","1190","0.3423916803848514","0.050533554145704804"
"857","300","0.4","0.3","0.2","0.05","0.5","0.55","300","3377","2736","641","0.18981344388510513","2736","1233","0.34697761975405356","0.03915955624483551"
"858","300","0.4","0.3","0.2","0.05","0.5","0.55","300","3354","2760","594","0.1771019677996422","2760","1235","0.34517175072820067","0.04062368724609806"
"859","300","0.4","0.3","0.2","0.05","0.5","0.55","300","3371","2753","618","0.18332838920201722","2753","1238","0.34803741038278196","0.04213456757256357"
"860","300","0.4","0.3","0.2","0.05","0.5","0.55","300","3321","2710","611","0.18398072869617585","2710","1268","0.3569312967280817","0.03951700587775309"
"861","300","0.4","0.3","0.2","0.05","0.5","0.6","300","3290","2796","494","0.15015197568389058","2796","1107","0.3373251989213562","0.039252092046222146"
"862","300","0.4","0.3","0.2","0.05","0.5","0.6","300","3234","2790","444","0.137291280148423","2790","1153","0.3416819077523732","0.04109615846141228"
"863","300","0.4","0.3","0.2","0.05","0.5","0.6","300","3261","2806","455","0.1395277522232444","2806","1109","0.33814246662917063","0.03727962649300921"
"864","300","0.4","0.3","0.2","0.05","0.5","0.6","300","3201","2748","453","0.1415182755388941","2748","1099","0.3330127390013198","0.025960847076008924"
"865","300","0.4","0.3","0.2","0.05","0.5","0.6","300","3205","2764","441","0.13759750390015602","2764","1080","0.33666748964593535","0.04503125510458072"
"866","300","0.4","0.3","0.2","0.05","0.5","0.6","300","3222","2753","469","0.14556176288019865","2753","1108","0.33598781265285727","0.03458434337738464"
"867","300","0.4","0.3","0.2","0.05","0.5","0.6","300","3253","2791","462","0.14202274823240085","2791","1127","0.3399060136444305","0.035519686529495435"
"868","300","0.4","0.3","0.2","0.05","0.5","0.6","300","3184","2731","453","0.14227386934673367","2731","1109","0.33591728244470254","0.03070287044081889"
"869","300","0.4","0.3","0.2","0.05","0.5","0.6","300","3197","2790","407","0.12730685017203627","2790","1141","0.34506131402480006","0.030994428107625833"
"870","300","0.4","0.3","0.2","0.05","0.5","0.6","300","3240","2784","456","0.14074074074074075","2784","1098","0.33738511820090694","0.027798940265216374"
"871","300","0.4","0.3","0.2","0.05","0.5","0.65","300","3153","2827","326","0.10339359340310815","2827","978","0.32925013725154073","0.022462477224062062"
"872","300","0.4","0.3","0.2","0.05","0.5","0.65","300","3141","2786","355","0.11302133078637376","2786","971","0.33038187090549853","0.03691242058985541"
"873","300","0.4","0.3","0.2","0.05","0.5","0.65","300","3135","2794","341","0.10877192982456141","2794","972","0.32893668201380455","0.03700584766318686"
"874","300","0.4","0.3","0.2","0.05","0.5","0.65","300","3147","2811","336","0.10676835081029552","2811","930","0.32797782329248876","0.031786565769904886"
"875","300","0.4","0.3","0.2","0.05","0.5","0.65","300","3131","2787","344","0.10986905142127117","2787","985","0.33314742802934805","0.03334066171940435"
"876","300","0.4","0.3","0.2","0.05","0.5","0.65","300","3157","2820","337","0.1067469116249604","2820","969","0.32647875994633835","0.03438765891130735"
"877","300","0.4","0.3","0.2","0.05","0.5","0.65","300","3131","2823","308","0.09837112743532418","2823","1021","0.3306399509003883","0.032112865847809806"
"878","300","0.4","0.3","0.2","0.05","0.5","0.65","300","3129","2801","328","0.10482582294662832","2801","969","0.32623489026233793","0.031142454132776207"
"879","300","0.4","0.3","0.2","0.05","0.5","0.65","300","3151","2805","346","0.10980641066328149","2805","957","0.3297661593655517","0.03167064294397611"
"880","300","0.4","0.3","0.2","0.05","0.5","0.65","300","3189","2844","345","0.10818438381937912","2844","1006","0.33123346748260635","0.028396335951377784"
"881","300","0.4","0.3","0.2","0.05","0.5","0.7","300","3135","2848","287","0.09154704944178628","2848","870","0.3190475198841887","0.03289631957734287"
"882","300","0.4","0.3","0.2","0.05","0.5","0.7","300","3068","2811","257","0.08376792698826598","2811","827","0.3182901723799254","0.035546771584617554"
"883","300","0.4","0.3","0.2","0.05","0.5","0.7","300","3080","2838","242","0.07857142857142857","2838","827","0.32157537918435997","0.030976579641002776"
"884","300","0.4","0.3","0.2","0.05","0.5","0.7","300","3086","2817","269","0.08716785482825665","2817","819","0.3201492711704274","0.022504899759159824"
"885","300","0.4","0.3","0.2","0.05","0.5","0.7","300","3113","2835","278","0.08930292322518471","2835","898","0.3210586932280178","0.025445868364342906"
"886","300","0.4","0.3","0.2","0.05","0.5","0.7","300","3078","2819","259","0.08414554905782975","2819","818","0.31912208411640575","0.03267943326390223"
"889","300","0.4","0.3","0.2","0.05","0.5","0.7","300","3016","2772","244","0.08090185676392574","2772","801","0.31827708412250477","0.034808365377296265"
"887","300","0.4","0.3","0.2","0.05","0.5","0.7","300","3063","2818","245","0.07998694090760693","2818","868","0.32315677880748706","0.027736642904241333"
"888","300","0.4","0.3","0.2","0.05","0.5","0.7","300","3090","2844","246","0.07961165048543689","2844","795","0.32216472883706626","0.04305006809787671"
"890","300","0.4","0.3","0.2","0.05","0.5","0.7","300","3126","2841","285","0.09117082533589252","2841","857","0.3212106303655965","0.043095012397047716"
"891","300","0.4","0.3","0.2","0.05","0.5","0.75","300","3058","2841","217","0.0709614126880314","2841","716","0.31326674207502964","0.03552986440611899"
"892","300","0.4","0.3","0.2","0.05","0.5","0.75","300","3026","2825","201","0.06642432253800397","2825","726","0.3158245929840294","0.038125147414118266"
"893","300","0.4","0.3","0.2","0.05","0.5","0.75","300","3038","2838","200","0.06583278472679395","2838","717","0.3129417976496543","0.032984437210948084"
"894","300","0.4","0.3","0.2","0.05","0.5","0.75","300","3075","2879","196","0.06373983739837398","2879","750","0.3165530430573554","0.023707676679597046"
"895","300","0.4","0.3","0.2","0.05","0.5","0.75","300","3056","2853","203","0.06642670157068063","2853","702","0.3163700298456897","0.03229267340556748"
"896","300","0.4","0.3","0.2","0.05","0.5","0.75","300","3005","2823","182","0.0605657237936772","2823","706","0.31222581259862425","0.026632132635932018"
"897","300","0.4","0.3","0.2","0.05","0.5","0.75","300","2999","2819","180","0.06002000666888963","2819","729","0.31559792281529775","0.03481527431225309"
"898","300","0.4","0.3","0.2","0.05","0.5","0.75","300","3025","2851","174","0.0575206611570248","2851","703","0.31544623747084666","0.036212308194787844"
"899","300","0.4","0.3","0.2","0.05","0.5","0.75","300","3038","2833","205","0.06747860434496379","2833","694","0.3139998631220255","0.031259915681524114"
"901","300","0.4","0.3","0.2","0.05","0.5","0.8","300","2947","2784","163","0.05531048523922633","2784","544","0.30792130598618983","0.03090034113812823"
"900","300","0.4","0.3","0.2","0.05","0.5","0.75","300","3088","2885","203","0.06573834196891191","2885","722","0.31923362873350525","0.025124097611702735"
"904","300","0.4","0.3","0.2","0.05","0.5","0.8","300","2983","2840","143","0.04793831713040563","2840","574","0.30995270944073555","0.029405617390720996"
"902","300","0.4","0.3","0.2","0.05","0.5","0.8","300","3015","2874","141","0.046766169154228855","2874","579","0.31115362370296956","0.03146980629193193"
"905","300","0.4","0.3","0.2","0.05","0.5","0.8","300","3017","2844","173","0.0573417301955585","2844","574","0.30900518744738437","0.0355157236963411"
"903","300","0.4","0.3","0.2","0.05","0.5","0.8","300","2988","2824","164","0.05488621151271754","2824","549","0.30950969263268147","0.03404141337916655"
"906","300","0.4","0.3","0.2","0.05","0.5","0.8","300","3007","2847","160","0.05320917858330562","2847","532","0.30803691920341425","0.02942669895100691"
"907","300","0.4","0.3","0.2","0.05","0.5","0.8","300","3045","2881","164","0.053858784893267654","2881","562","0.30815086983839396","0.0359191264791823"
"909","300","0.4","0.3","0.2","0.05","0.5","0.8","300","3021","2848","173","0.0572658060244952","2848","541","0.30902512664269594","0.023903814801084444"
"910","300","0.4","0.3","0.2","0.05","0.5","0.8","300","3052","2900","152","0.04980340760157274","2900","559","0.30674491911720086","0.036376539489850895"
"912","300","0.4","0.3","0.2","0.05","0.55","0.2","300","5682","2032","3650","0.6423794438577966","2032","1623","0.4190008305603763","0.05228081719710735"
"911","300","0.4","0.3","0.2","0.05","0.55","0.2","300","5676","2042","3634","0.6402396053558844","2042","1640","0.4270989959283721","0.0487684892192281"
"913","300","0.4","0.3","0.2","0.05","0.55","0.2","300","5479","2061","3418","0.6238364665084869","2061","1644","0.4227543310394165","0.06039340822088044"
"908","300","0.4","0.3","0.2","0.05","0.5","0.8","300","2991","2848","143","0.04781009695753929","2848","576","0.3109917005244756","0.0424411546775083"
"914","300","0.4","0.3","0.2","0.05","0.55","0.2","300","5530","2040","3490","0.6311030741410488","2040","1626","0.4154090224777842","0.06019162370717548"
"917","300","0.4","0.3","0.2","0.05","0.55","0.2","300","5661","2012","3649","0.644585762232821","2012","1640","0.42252268318683844","0.056439943092630514"
"915","300","0.4","0.3","0.2","0.05","0.55","0.2","300","5650","2051","3599","0.6369911504424779","2051","1656","0.42507947145530434","0.047927550389109556"
"916","300","0.4","0.3","0.2","0.05","0.55","0.2","300","5658","2039","3619","0.6396253092965712","2039","1622","0.4228342318387391","0.05601529104481867"
"918","300","0.4","0.3","0.2","0.05","0.55","0.2","300","5541","2065","3476","0.627323587800036","2065","1645","0.4131173491538504","0.055145350371796555"
"921","300","0.4","0.3","0.2","0.05","0.55","0.25","300","5008","2136","2872","0.5734824281150159","2136","1614","0.40955321014703444","0.04288241701213243"
"920","300","0.4","0.3","0.2","0.05","0.55","0.2","300","5628","2039","3589","0.6377043354655295","2039","1642","0.4164713205853063","0.07637753882330198"
"919","300","0.4","0.3","0.2","0.05","0.55","0.2","300","5610","2042","3568","0.6360071301247772","2042","1636","0.43060074866938475","0.056346125146755126"
"922","300","0.4","0.3","0.2","0.05","0.55","0.25","300","4935","2167","2768","0.5608915906788248","2167","1641","0.41276636394786","0.04866967240237324"
"923","300","0.4","0.3","0.2","0.05","0.55","0.25","300","4951","2148","2803","0.5661482528782065","2148","1650","0.41966992791982816","0.05859843836156025"
"928","300","0.4","0.3","0.2","0.05","0.55","0.25","300","4819","2132","2687","0.557584561112264","2132","1608","0.40748025122239795","0.05431260022491096"
"924","300","0.4","0.3","0.2","0.05","0.55","0.25","300","4889","2135","2754","0.5633053794231949","2135","1626","0.40887386523118946","0.04344126882069637"
"926","300","0.4","0.3","0.2","0.05","0.55","0.25","300","4945","2142","2803","0.566835187057634","2142","1592","0.4099676280301355","0.04522298735555725"
"927","300","0.4","0.3","0.2","0.05","0.55","0.25","300","4948","2163","2785","0.5628536782538399","2163","1619","0.41252161031138657","0.04742666312809124"
"925","300","0.4","0.3","0.2","0.05","0.55","0.25","300","4923","2175","2748","0.5581962218159658","2175","1633","0.409806324420311","0.05481356023407989"
"930","300","0.4","0.3","0.2","0.05","0.55","0.25","300","5028","2147","2881","0.5729912490055689","2147","1601","0.4039821750465747","0.05071519360427684"
"929","300","0.4","0.3","0.2","0.05","0.55","0.25","300","4879","2128","2751","0.563845050215208","2128","1571","0.41049305935840075","0.06305561108386942"
"931","300","0.4","0.3","0.2","0.05","0.55","0.3","300","4412","2247","2165","0.49070716228467814","2247","1574","0.400770898379179","0.036972936942802195"
"934","300","0.4","0.3","0.2","0.05","0.55","0.3","300","4396","2248","2148","0.4886260236578708","2248","1568","0.3962510716901365","0.05419399313343887"
"932","300","0.4","0.3","0.2","0.05","0.55","0.3","300","4477","2221","2256","0.5039088675452312","2221","1558","0.39415797432596966","0.047714066048169676"
"936","300","0.4","0.3","0.2","0.05","0.55","0.3","300","4360","2257","2103","0.4823394495412844","2257","1547","0.40417953419805297","0.04952580024048473"
"933","300","0.4","0.3","0.2","0.05","0.55","0.3","300","4475","2241","2234","0.49921787709497206","2241","1558","0.40747156559282627","0.04220921395308129"
"935","300","0.4","0.3","0.2","0.05","0.55","0.3","300","4528","2247","2281","0.5037544169611308","2247","1563","0.3895642794917521","0.059151442934167534"
"938","300","0.4","0.3","0.2","0.05","0.55","0.3","300","4485","2245","2240","0.49944258639910816","2245","1589","0.40633633998552937","0.047892568925249804"
"939","300","0.4","0.3","0.2","0.05","0.55","0.3","300","4391","2245","2146","0.48872694147119106","2245","1582","0.4033694588003624","0.05562629585438206"
"940","300","0.4","0.3","0.2","0.05","0.55","0.3","300","4450","2206","2244","0.5042696629213483","2206","1580","0.4053374005161691","0.051492626208299364"
"941","300","0.4","0.3","0.2","0.05","0.55","0.35","300","4043","2335","1708","0.42245857036853823","2335","1538","0.39424487898896887","0.048301928563214344"
"942","300","0.4","0.3","0.2","0.05","0.55","0.35","300","4014","2343","1671","0.4162929745889387","2343","1505","0.39132404229327733","0.03745770398528789"
"943","300","0.4","0.3","0.2","0.05","0.55","0.35","300","4067","2358","1709","0.4202114580772068","2358","1526","0.39068831402100074","0.05193735269496069"
"937","300","0.4","0.3","0.2","0.05","0.55","0.3","300","4415","2273","2142","0.4851642129105323","2273","1596","0.40324015515205325","0.04950401326802114"
"944","300","0.4","0.3","0.2","0.05","0.55","0.35","300","4049","2376","1673","0.41318844159051615","2376","1566","0.39520524023320763","0.047528994813394024"
"946","300","0.4","0.3","0.2","0.05","0.55","0.35","300","4139","2376","1763","0.42594829669002177","2376","1548","0.38979929737736224","0.042638773952490945"
"945","300","0.4","0.3","0.2","0.05","0.55","0.35","300","3948","2360","1588","0.4022289766970618","2360","1545","0.39310849827292227","0.0453178652170269"
"947","300","0.4","0.3","0.2","0.05","0.55","0.35","300","4028","2357","1671","0.41484607745779545","2357","1536","0.3919397256459545","0.02960697588102174"
"948","300","0.4","0.3","0.2","0.05","0.55","0.35","300","4093","2364","1729","0.4224285365257757","2364","1529","0.3871925034419334","0.041464117754879105"
"949","300","0.4","0.3","0.2","0.05","0.55","0.35","300","4034","2342","1692","0.4194348041646009","2342","1516","0.3787467175619228","0.061001301073932965"
"950","300","0.4","0.3","0.2","0.05","0.55","0.35","300","4039","2327","1712","0.4238672938846249","2327","1516","0.3905301096415742","0.03434664107857621"
"952","300","0.4","0.3","0.2","0.05","0.55","0.4","300","3735","2443","1292","0.3459170013386881","2443","1430","0.3837114582705844","0.030348777567474342"
"951","300","0.4","0.3","0.2","0.05","0.55","0.4","300","3783","2427","1356","0.3584456780333069","2427","1419","0.3799449470288481","0.04000074380074521"
"953","300","0.4","0.3","0.2","0.05","0.55","0.4","300","3745","2421","1324","0.35353805073431244","2421","1466","0.38464328630482325","0.03678860057577924"
"957","300","0.4","0.3","0.2","0.05","0.55","0.4","300","3788","2417","1371","0.3619324181626188","2417","1469","0.38771639479717984","0.03579481051874779"
"958","300","0.4","0.3","0.2","0.05","0.55","0.4","300","3815","2413","1402","0.3674967234600262","2413","1426","0.38154521327116997","0.03560656823233828"
"956","300","0.4","0.3","0.2","0.05","0.55","0.4","300","3808","2448","1360","0.35714285714285715","2448","1483","0.38075208255999315","0.03371623394444494"
"954","300","0.4","0.3","0.2","0.05","0.55","0.4","300","3768","2435","1333","0.35376857749469215","2435","1468","0.3825320008482148","0.04102227328821812"
"960","300","0.4","0.3","0.2","0.05","0.55","0.4","300","3724","2434","1290","0.3464017185821697","2434","1456","0.3759258939474888","0.04349931345634695"
"959","300","0.4","0.3","0.2","0.05","0.55","0.4","300","3788","2449","1339","0.35348468848996834","2449","1472","0.38114732943756086","0.038688676071420736"
"955","300","0.4","0.3","0.2","0.05","0.55","0.4","300","3795","2436","1359","0.35810276679841896","2436","1453","0.3745144289564059","0.03554076218458366"
"962","300","0.4","0.3","0.2","0.05","0.55","0.45","300","3591","2572","1019","0.2837649679754943","2572","1420","0.3662466247787711","0.03400435605945421"
"966","300","0.4","0.3","0.2","0.05","0.55","0.45","300","3517","2507","1010","0.287176570941143","2507","1377","0.3673705582281779","0.0347541195465231"
"961","300","0.4","0.3","0.2","0.05","0.55","0.45","300","3499","2521","978","0.27950843098028005","2521","1384","0.37484402619019724","0.034859012046942826"
"968","300","0.4","0.3","0.2","0.05","0.55","0.45","300","3531","2487","1044","0.29566694987255737","2487","1361","0.368983333162465","0.03834223532913672"
"969","300","0.4","0.3","0.2","0.05","0.55","0.45","300","3559","2519","1040","0.29221691486372575","2519","1405","0.36431810234636797","0.0339849065645687"
"965","300","0.4","0.3","0.2","0.05","0.55","0.45","300","3558","2505","1053","0.29595278246205736","2505","1399","0.36798481935997224","0.03574578000684543"
"963","300","0.4","0.3","0.2","0.05","0.55","0.45","300","3553","2552","1001","0.28173374613003094","2552","1375","0.3666080433845966","0.039352180046507264"
"964","300","0.4","0.3","0.2","0.05","0.55","0.45","300","3548","2551","997","0.2810033821871477","2551","1436","0.36531091694257306","0.04180398800256813"
"971","300","0.4","0.3","0.2","0.05","0.55","0.5","300","3401","2634","767","0.22552190532196412","2634","1348","0.3613465418157","0.034039400358510066"
"972","300","0.4","0.3","0.2","0.05","0.55","0.5","300","3346","2566","780","0.23311416616855948","2566","1340","0.3560010977321794","0.04107412223281103"
"970","300","0.4","0.3","0.2","0.05","0.55","0.45","300","3478","2494","984","0.28292121909143186","2494","1397","0.37227238441367033","0.0331445951954555"
"973","300","0.4","0.3","0.2","0.05","0.55","0.5","300","3421","2624","797","0.2329728149663841","2624","1315","0.3596376160411834","0.03364410843237298"
"974","300","0.4","0.3","0.2","0.05","0.55","0.5","300","3375","2606","769","0.22785185185185186","2606","1294","0.36146496433447894","0.03382757591228176"
"967","300","0.4","0.3","0.2","0.05","0.55","0.45","300","3510","2503","1007","0.2868945868945869","2503","1399","0.36985889266062205","0.041023777252395255"
"975","300","0.4","0.3","0.2","0.05","0.55","0.5","300","3391","2608","783","0.23090533765850782","2608","1344","0.36233684958124696","0.029735225506075758"
"976","300","0.4","0.3","0.2","0.05","0.55","0.5","300","3353","2620","733","0.21861019982105578","2620","1323","0.3594097542880039","0.030693147832173077"
"977","300","0.4","0.3","0.2","0.05","0.55","0.5","300","3460","2615","845","0.24421965317919075","2615","1347","0.35612259488416337","0.037158148652845675"
"978","300","0.4","0.3","0.2","0.05","0.55","0.5","300","3368","2565","803","0.23842042755344417","2565","1289","0.3564971766926014","0.03459286449579412"
"980","300","0.4","0.3","0.2","0.05","0.55","0.5","300","3355","2575","780","0.23248882265275708","2575","1269","0.35823197062627865","0.03006207395240511"
"979","300","0.4","0.3","0.2","0.05","0.55","0.5","300","3409","2629","780","0.2288061014960399","2629","1272","0.3561210429858827","0.030390586063242613"
"982","300","0.4","0.3","0.2","0.05","0.55","0.55","300","3310","2691","619","0.18700906344410875","2691","1172","0.35362521581427886","0.04121754035628786"
"983","300","0.4","0.3","0.2","0.05","0.55","0.55","300","3254","2644","610","0.1874615857406269","2644","1143","0.34568150203966963","0.04461297981460089"
"984","300","0.4","0.3","0.2","0.05","0.55","0.55","300","3309","2680","629","0.19008763977032336","2680","1232","0.3495881748686822","0.0361672499789008"
"981","300","0.4","0.3","0.2","0.05","0.55","0.55","300","3261","2675","586","0.17969947868751918","2675","1180","0.35001921699495364","0.033991466924227054"
"985","300","0.4","0.3","0.2","0.05","0.55","0.55","300","3275","2699","576","0.17587786259541985","2699","1181","0.3416272217504992","0.024351587805647203"
"986","300","0.4","0.3","0.2","0.05","0.55","0.55","300","3272","2665","607","0.18551344743276282","2665","1219","0.3472234174225989","0.03282774508348345"
"987","300","0.4","0.3","0.2","0.05","0.55","0.55","300","3267","2693","574","0.17569635751453933","2693","1233","0.35124034889784234","0.03737084966808705"
"988","300","0.4","0.3","0.2","0.05","0.55","0.55","300","3308","2689","619","0.18712212817412333","2689","1231","0.3523176703019616","0.03670634468021252"
"989","300","0.4","0.3","0.2","0.05","0.55","0.55","300","3280","2694","586","0.17865853658536585","2694","1221","0.3441275406432149","0.03649451351201641"
"991","300","0.4","0.3","0.2","0.05","0.55","0.6","300","3212","2747","465","0.14476961394769614","2747","1163","0.34331748439719323","0.030689308316574154"
"990","300","0.4","0.3","0.2","0.05","0.55","0.55","300","3307","2669","638","0.19292410039310554","2669","1203","0.349025760494425","0.035102334566820284"
"992","300","0.4","0.3","0.2","0.05","0.55","0.6","300","3145","2714","431","0.1370429252782194","2714","1081","0.33873589300703805","0.034502191385614854"
"993","300","0.4","0.3","0.2","0.05","0.55","0.6","300","3128","2709","419","0.13395140664961636","2709","1088","0.3371513004342938","0.029131664291267043"
"994","300","0.4","0.3","0.2","0.05","0.55","0.6","300","3201","2710","491","0.1533895657606998","2710","1087","0.33530410131199684","0.029623717771453364"
"997","300","0.4","0.3","0.2","0.05","0.55","0.6","300","3212","2751","461","0.14352428393524283","2751","1112","0.3370229346661393","0.038480411223927806"
"996","300","0.4","0.3","0.2","0.05","0.55","0.6","300","3165","2688","477","0.15071090047393365","2688","1099","0.33936484454405647","0.03536742902122016"
"995","300","0.4","0.3","0.2","0.05","0.55","0.6","300","3221","2734","487","0.1511952809686433","2734","1133","0.34187290302025375","0.030420257438990177"
"999","300","0.4","0.3","0.2","0.05","0.55","0.6","300","3171","2694","477","0.15042573320719016","2694","1081","0.3372654367719889","0.04553765754367318"
"1001","300","0.4","0.3","0.2","0.05","0.55","0.65","300","3075","2744","331","0.10764227642276422","2744","970","0.32953562639144873","0.03755286950514082"
"1000","300","0.4","0.3","0.2","0.05","0.55","0.6","300","3137","2704","433","0.13802996493465094","2704","1046","0.33276487047858144","0.03738245934001804"
"998","300","0.4","0.3","0.2","0.05","0.55","0.6","300","3135","2695","440","0.14035087719298245","2695","1098","0.33660861722869534","0.03894101745194805"
"1002","300","0.4","0.3","0.2","0.05","0.55","0.65","300","3067","2774","293","0.09553309422888817","2774","899","0.32872788188511903","0.031211661721288846"
"1003","300","0.4","0.3","0.2","0.05","0.55","0.65","300","3115","2800","315","0.10112359550561797","2800","961","0.33035906347664495","0.03317104981154619"
"1004","300","0.4","0.3","0.2","0.05","0.55","0.65","300","3096","2734","362","0.11692506459948321","2734","936","0.32459142948928493","0.036737973148612595"
"1006","300","0.4","0.3","0.2","0.05","0.55","0.65","300","3111","2763","348","0.11186113789778207","2763","944","0.3296272612320371","0.0360806470114293"
"1005","300","0.4","0.3","0.2","0.05","0.55","0.65","300","3100","2743","357","0.11516129032258064","2743","960","0.3310868048734926","0.04000689580474683"
"1007","300","0.4","0.3","0.2","0.05","0.55","0.65","300","3092","2755","337","0.10899094437257438","2755","986","0.3320046955816768","0.028025137086970027"
"1009","300","0.4","0.3","0.2","0.05","0.55","0.65","300","3175","2802","373","0.11748031496062993","2802","993","0.3306748404151753","0.0264610544804168"
"1010","300","0.4","0.3","0.2","0.05","0.55","0.65","300","3177","2808","369","0.11614730878186968","2808","967","0.32718949520028356","0.034900345368888974"
"1008","300","0.4","0.3","0.2","0.05","0.55","0.65","300","3141","2803","338","0.1076090417064629","2803","1009","0.32831804853543695","0.02501090445783088"
"1011","300","0.4","0.3","0.2","0.05","0.55","0.7","300","3046","2798","248","0.08141825344714379","2798","857","0.3220950571449286","0.03626315348321145"
"1013","300","0.4","0.3","0.2","0.05","0.55","0.7","300","3111","2856","255","0.08196721311475409","2856","822","0.3205103643155654","0.029098484659823384"
"1012","300","0.4","0.3","0.2","0.05","0.55","0.7","300","3011","2759","252","0.08369312520757223","2759","818","0.322467677828899","0.034163356297689275"
"1017","300","0.4","0.3","0.2","0.05","0.55","0.7","300","3041","2768","273","0.08977310095363367","2768","831","0.32391544043916637","0.030611833869464256"
"1014","300","0.4","0.3","0.2","0.05","0.55","0.7","300","3068","2807","261","0.08507170795306389","2807","843","0.3271250635688311","0.027030297460082422"
"1015","300","0.4","0.3","0.2","0.05","0.55","0.7","300","3064","2778","286","0.0933420365535248","2778","798","0.3222560251085377","0.03156429909971961"
"1019","300","0.4","0.3","0.2","0.05","0.55","0.7","300","3084","2829","255","0.08268482490272373","2829","828","0.3234451289229278","0.030122115527083177"
"1018","300","0.4","0.3","0.2","0.05","0.55","0.7","300","3004","2762","242","0.08055925432756325","2762","822","0.3200407829284357","0.04653669627615448"
"1016","300","0.4","0.3","0.2","0.05","0.55","0.7","300","3088","2839","249","0.08063471502590673","2839","840","0.32676317421214396","0.025337312087730844"
"1020","300","0.4","0.3","0.2","0.05","0.55","0.7","300","3063","2781","282","0.0920666013712047","2781","808","0.32621707311642617","0.03056159517544917"
"1023","300","0.4","0.3","0.2","0.05","0.55","0.75","300","3068","2870","198","0.06453715775749674","2870","719","0.3143486632453431","0.03292122354562969"
"1022","300","0.4","0.3","0.2","0.05","0.55","0.75","300","3038","2852","186","0.061224489795918366","2852","702","0.3161163198574521","0.034290962010136"
"1024","300","0.4","0.3","0.2","0.05","0.55","0.75","300","3050","2870","180","0.05901639344262295","2870","734","0.314565433137335","0.03061503653775154"
"1021","300","0.4","0.3","0.2","0.05","0.55","0.75","300","2959","2769","190","0.06421088205474823","2769","697","0.3180340979635737","0.024104365962313065"
"1026","300","0.4","0.3","0.2","0.05","0.55","0.75","300","2974","2776","198","0.06657700067249496","2776","694","0.31591184848340437","0.03019721844047515"
"1028","300","0.4","0.3","0.2","0.05","0.55","0.75","300","2943","2754","189","0.06422018348623854","2754","676","0.3165565771097039","0.026852241148322045"
"1027","300","0.4","0.3","0.2","0.05","0.55","0.75","300","2980","2777","203","0.06812080536912751","2777","671","0.31494038860812873","0.036611577244202324"
"1025","300","0.4","0.3","0.2","0.05","0.55","0.75","300","3041","2828","213","0.0700427490956922","2828","681","0.3135200552610279","0.02915296164122485"
"1029","300","0.4","0.3","0.2","0.05","0.55","0.75","300","2970","2770","200","0.06734006734006734","2770","716","0.3158330651708147","0.03122165900358824"
"1030","300","0.4","0.3","0.2","0.05","0.55","0.75","300","3052","2850","202","0.06618610747051114","2850","664","0.315653700837746","0.033434098209796176"
"1032","300","0.4","0.3","0.2","0.05","0.55","0.8","300","2952","2824","128","0.04336043360433604","2824","542","0.31080207493805606","0.03298097598504923"
"1033","300","0.4","0.3","0.2","0.05","0.55","0.8","300","2990","2837","153","0.05117056856187291","2837","546","0.3130929736542848","0.03633782584354998"
"1031","300","0.4","0.3","0.2","0.05","0.55","0.8","300","2993","2831","162","0.05412629468760441","2831","547","0.30940083087946346","0.02901730790695367"
"1035","300","0.4","0.3","0.2","0.05","0.55","0.8","300","2981","2836","145","0.04864139550486414","2836","545","0.3086878191181239","0.04441162444065254"
"1036","300","0.4","0.3","0.2","0.05","0.55","0.8","300","2989","2835","154","0.05152224824355972","2835","558","0.3084685754272819","0.04188201498893476"
"1034","300","0.4","0.3","0.2","0.05","0.55","0.8","300","2946","2795","151","0.05125594025797692","2795","549","0.30820583837241594","0.04318104641569541"
"1037","300","0.4","0.3","0.2","0.05","0.55","0.8","300","2991","2840","151","0.0504847876964226","2840","572","0.30994361443598195","0.02781500797405246"
"1038","300","0.4","0.3","0.2","0.05","0.55","0.8","300","2958","2807","151","0.051048005409060175","2807","565","0.3104163155537012","0.03489647633158715"
"1039","300","0.4","0.3","0.2","0.05","0.55","0.8","300","3043","2870","173","0.0568517909957279","2870","600","0.3100186403325555","0.03131398234274511"
"1045","300","0.4","0.3","0.2","0.05","0.6","0.2","300","5435","1998","3437","0.6323827046918123","1998","1602","0.4324382734348525","0.04985486207095618"
"1040","300","0.4","0.3","0.2","0.05","0.55","0.8","300","2954","2786","168","0.05687203791469194","2786","568","0.30983787982961003","0.03489268531137908"
"1042","300","0.4","0.3","0.2","0.05","0.6","0.2","300","5507","1952","3555","0.6455420374069366","1952","1561","0.4208461374462027","0.058224517758639995"
"1041","300","0.4","0.3","0.2","0.05","0.6","0.2","300","5410","1950","3460","0.6395563770794824","1950","1531","0.41263653759313007","0.05611500880111591"
"1044","300","0.4","0.3","0.2","0.05","0.6","0.2","300","5408","1980","3428","0.6338757396449705","1980","1585","0.4237121930632251","0.050988096804285225"
"1043","300","0.4","0.3","0.2","0.05","0.6","0.2","300","5301","1998","3303","0.6230899830220713","1998","1581","0.41904075630042037","0.05342361533423761"
"1046","300","0.4","0.3","0.2","0.05","0.6","0.2","300","5428","1961","3467","0.6387251289609432","1961","1585","0.4199976973576285","0.06526932466117082"
"1049","300","0.4","0.3","0.2","0.05","0.6","0.2","300","5286","1979","3307","0.6256148316307226","1979","1588","0.42013024573236063","0.05028083053852411"
"1047","300","0.4","0.3","0.2","0.05","0.6","0.2","300","5486","1952","3534","0.6441851986875684","1952","1558","0.4180496639206958","0.058958892788580124"
"1048","300","0.4","0.3","0.2","0.05","0.6","0.2","300","5324","1955","3369","0.6327948910593538","1955","1585","0.4229312187296202","0.05626408557956909"
"1051","300","0.4","0.3","0.2","0.05","0.6","0.25","300","4786","2090","2696","0.5633096531550356","2090","1554","0.4086904092624943","0.05128960900094769"
"1050","300","0.4","0.3","0.2","0.05","0.6","0.2","300","5370","1993","3377","0.6288640595903165","1993","1586","0.42453742072626377","0.05241820532696572"
"1055","300","0.4","0.3","0.2","0.05","0.6","0.25","300","4799","2086","2713","0.5653261096061679","2086","1572","0.4113639828802031","0.05323058590542231"
"1053","300","0.4","0.3","0.2","0.05","0.6","0.25","300","4825","2059","2766","0.5732642487046632","2059","1562","0.4062905740089867","0.057320230301587054"
"1056","300","0.4","0.3","0.2","0.05","0.6","0.25","300","4844","2084","2760","0.5697770437654831","2084","1564","0.418990280997181","0.04420281555843837"
"1054","300","0.4","0.3","0.2","0.05","0.6","0.25","300","4743","2078","2665","0.5618806662449927","2078","1574","0.4114139971944187","0.04924056752028057"
"1052","300","0.4","0.3","0.2","0.05","0.6","0.25","300","4785","2085","2700","0.5642633228840125","2085","1556","0.41770265546050683","0.043126745127298347"
"1057","300","0.4","0.3","0.2","0.05","0.6","0.25","300","4788","2065","2723","0.5687134502923976","2065","1577","0.4088859824692844","0.05533554649366983"
"1058","300","0.4","0.3","0.2","0.05","0.6","0.25","300","4809","2044","2765","0.5749636098981077","2044","1542","0.4061043161171623","0.047095663871762755"
"1059","300","0.4","0.3","0.2","0.05","0.6","0.25","300","4828","2076","2752","0.5700082850041425","2076","1583","0.4107447490724926","0.06334997797223665"
"1061","300","0.4","0.3","0.2","0.05","0.6","0.3","300","4267","2158","2109","0.49425826107335363","2158","1479","0.3966757454580243","0.04343839323227122"
"1062","300","0.4","0.3","0.2","0.05","0.6","0.3","300","4313","2191","2122","0.49200092742870394","2191","1520","0.4004107762505834","0.0520731274170013"
"1064","300","0.4","0.3","0.2","0.05","0.6","0.3","300","4317","2188","2129","0.49316655084549454","2188","1512","0.39660673923885725","0.05249922684744894"
"1060","300","0.4","0.3","0.2","0.05","0.6","0.25","300","4867","2079","2788","0.5728374768851449","2079","1535","0.41006247115612154","0.047729608762425414"
"1063","300","0.4","0.3","0.2","0.05","0.6","0.3","300","4228","2158","2070","0.489593188268685","2158","1529","0.411104560845274","0.048047260224418"
"1066","300","0.4","0.3","0.2","0.05","0.6","0.3","300","4247","2172","2075","0.48858017424064043","2172","1472","0.40386576365145127","0.044709537835388904"
"1067","300","0.4","0.3","0.2","0.05","0.6","0.3","300","4299","2217","2082","0.4842986741102582","2217","1565","0.40493446883317613","0.049394979528045294"
"1065","300","0.4","0.3","0.2","0.05","0.6","0.3","300","4413","2161","2252","0.510310446408339","2161","1541","0.4037293113525795","0.04237605870363989"
"1068","300","0.4","0.3","0.2","0.05","0.6","0.3","300","4370","2188","2182","0.4993135011441648","2188","1564","0.4010226494514613","0.0435232577329194"
"1070","300","0.4","0.3","0.2","0.05","0.6","0.3","300","4388","2172","2216","0.5050136736554239","2172","1523","0.4024041289837505","0.03488875527400549"
"1071","300","0.4","0.3","0.2","0.05","0.6","0.35","300","3976","2278","1698","0.42706237424547283","2278","1471","0.39164325742326667","0.033946784459021724"
"1069","300","0.4","0.3","0.2","0.05","0.6","0.3","300","4391","2195","2196","0.5001138692780688","2195","1539","0.40975873437752325","0.04040227413990872"
"1072","300","0.4","0.3","0.2","0.05","0.6","0.35","300","3991","2279","1712","0.4289651716361814","2279","1460","0.392404679781708","0.04352856253930092"
"1074","300","0.4","0.3","0.2","0.05","0.6","0.35","300","3957","2281","1676","0.4235531968663129","2281","1495","0.39834338606390784","0.04131033605305389"
"1075","300","0.4","0.3","0.2","0.05","0.6","0.35","300","3893","2287","1606","0.4125353198047778","2287","1502","0.3871053823107502","0.03900163087181784"
"1073","300","0.4","0.3","0.2","0.05","0.6","0.35","300","3962","2270","1692","0.4270570418980313","2270","1488","0.3992305976607229","0.04610898250668647"
"1078","300","0.4","0.3","0.2","0.05","0.6","0.35","300","4020","2274","1746","0.4343283582089552","2274","1471","0.39325711497631793","0.033533690481503405"
"1077","300","0.4","0.3","0.2","0.05","0.6","0.35","300","4020","2258","1762","0.4383084577114428","2258","1483","0.40082783625276863","0.04663438111147362"
"1076","300","0.4","0.3","0.2","0.05","0.6","0.35","300","3969","2265","1704","0.4293272864701436","2265","1410","0.38781468345617975","0.04225721665511841"
"1079","300","0.4","0.3","0.2","0.05","0.6","0.35","300","3959","2269","1690","0.42687547360444555","2269","1499","0.397413611803165","0.045672262339637545"
"1081","300","0.4","0.3","0.2","0.05","0.6","0.4","300","3743","2384","1359","0.3630777451242319","2384","1416","0.3807041618249157","0.040219425288310705"
"1082","300","0.4","0.3","0.2","0.05","0.6","0.4","300","3689","2358","1331","0.3608023854703172","2358","1345","0.3793436574801821","0.0425389839641251"
"1083","300","0.4","0.3","0.2","0.05","0.6","0.4","300","3645","2356","1289","0.35363511659807956","2356","1425","0.3891185999403341","0.036995416445129645"
"1085","300","0.4","0.3","0.2","0.05","0.6","0.4","300","3654","2357","1297","0.3549534756431308","2357","1423","0.3839502257981706","0.04595753013384652"
"1080","300","0.4","0.3","0.2","0.05","0.6","0.35","300","3919","2266","1653","0.421791273284001","2266","1502","0.3924270719831609","0.05177981952058048"
"1084","300","0.4","0.3","0.2","0.05","0.6","0.4","300","3686","2411","1275","0.3459034183396636","2411","1446","0.3812934263628044","0.042622290777169745"
"1086","300","0.4","0.3","0.2","0.05","0.6","0.4","300","3691","2367","1324","0.35871037659170957","2367","1471","0.37721611765761054","0.04216951133651547"
"1089","300","0.4","0.3","0.2","0.05","0.6","0.4","300","3729","2417","1312","0.3518369536068651","2417","1429","0.3811188097171925","0.04616899494147103"
"1090","300","0.4","0.3","0.2","0.05","0.6","0.4","300","3654","2378","1276","0.3492063492063492","2378","1398","0.378254027101324","0.03583941615732609"
"1087","300","0.4","0.3","0.2","0.05","0.6","0.4","300","3677","2358","1319","0.35871634484634213","2358","1421","0.3738098438774004","0.0564638160374471"
"1088","300","0.4","0.3","0.2","0.05","0.6","0.4","300","3686","2412","1274","0.34563212154096584","2412","1473","0.39312528925341134","0.03373119077752933"
"1091","300","0.4","0.3","0.2","0.05","0.6","0.45","300","3561","2456","1105","0.31030609379387813","2456","1345","0.37716019194571454","0.03918850605382441"
"1092","300","0.4","0.3","0.2","0.05","0.6","0.45","300","3509","2486","1023","0.29153605015673983","2486","1369","0.3709870942988482","0.052841496403874914"
"1093","300","0.4","0.3","0.2","0.05","0.6","0.45","300","3537","2514","1023","0.28922815945716707","2514","1366","0.37430947129624975","0.038217406960590034"
"1094","300","0.4","0.3","0.2","0.05","0.6","0.45","300","3473","2478","995","0.2864958249352145","2478","1389","0.36868539303212344","0.041536367115591236"
"1095","300","0.4","0.3","0.2","0.05","0.6","0.45","300","3473","2457","1016","0.292542470486611","2457","1358","0.37611017691069554","0.042423718693318825"
"1096","300","0.4","0.3","0.2","0.05","0.6","0.45","300","3532","2492","1040","0.2944507361268403","2492","1325","0.3645222880583335","0.03572781620751164"
"1097","300","0.4","0.3","0.2","0.05","0.6","0.45","300","3520","2469","1051","0.29857954545454546","2469","1335","0.37112805673845123","0.032591577787237515"
"1098","300","0.4","0.3","0.2","0.05","0.6","0.45","300","3522","2457","1065","0.3023850085178876","2457","1325","0.3716960858716025","0.04217998129976112"
"1099","300","0.4","0.3","0.2","0.05","0.6","0.45","300","3502","2462","1040","0.29697315819531694","2462","1327","0.36329525902006976","0.045262006653572974"
"1100","300","0.4","0.3","0.2","0.05","0.6","0.45","300","3459","2459","1000","0.28910089621277824","2459","1331","0.3691814354857205","0.0474482792355405"
"1101","300","0.4","0.3","0.2","0.05","0.6","0.5","300","3272","2564","708","0.21638141809290953","2564","1230","0.3569349749124221","0.03694555067516881"
"1102","300","0.4","0.3","0.2","0.05","0.6","0.5","300","3301","2511","790","0.2393214177521963","2511","1261","0.3638723449417573","0.040061008858627754"
"1103","300","0.4","0.3","0.2","0.05","0.6","0.5","300","3335","2545","790","0.2368815592203898","2545","1345","0.3601121957864146","0.042611721693702594"
"1104","300","0.4","0.3","0.2","0.05","0.6","0.5","300","3324","2540","784","0.2358604091456077","2540","1299","0.35914194247230274","0.04022729269965511"
"1105","300","0.4","0.3","0.2","0.05","0.6","0.5","300","3339","2554","785","0.23510032943995207","2554","1239","0.3569076405412194","0.03767620328713619"
"1106","300","0.4","0.3","0.2","0.05","0.6","0.5","300","3338","2534","804","0.2408627920910725","2534","1299","0.3640148776298968","0.041101293026915064"
"1107","300","0.4","0.3","0.2","0.05","0.6","0.5","300","3352","2561","791","0.23597852028639618","2561","1260","0.36064460836585094","0.028619414743301323"
"1109","300","0.4","0.3","0.2","0.05","0.6","0.5","300","3335","2592","743","0.22278860569715142","2592","1296","0.358318014792878","0.036805521799297095"
"1110","300","0.4","0.3","0.2","0.05","0.6","0.5","300","3331","2555","776","0.23296307415190634","2555","1239","0.36739575016304643","0.042552206401150094"
"1111","300","0.4","0.3","0.2","0.05","0.6","0.55","300","3186","2642","544","0.17074701820464533","2642","1192","0.3535466948321371","0.038805493923752335"
"1112","300","0.4","0.3","0.2","0.05","0.6","0.55","300","3216","2633","583","0.18128109452736318","2633","1176","0.351986644948851","0.029867476130099994"
"1108","300","0.4","0.3","0.2","0.05","0.6","0.5","300","3277","2561","716","0.21849252364967958","2561","1279","0.37694301071467723","0.025444794989395322"
"1114","300","0.4","0.3","0.2","0.05","0.6","0.55","300","3236","2649","587","0.18139678615574784","2649","1197","0.35076142471552585","0.03975001414392555"
"1117","300","0.4","0.3","0.2","0.05","0.6","0.55","300","3232","2640","592","0.18316831683168316","2640","1193","0.35147287384604503","0.03093056624854531"
"1115","300","0.4","0.3","0.2","0.05","0.6","0.55","300","3188","2624","564","0.17691342534504392","2624","1175","0.35070918865313855","0.03632114783567026"
"1113","300","0.4","0.3","0.2","0.05","0.6","0.55","300","3216","2613","603","0.1875","2613","1145","0.3485060019994912","0.03946060673807255"
"1116","300","0.4","0.3","0.2","0.05","0.6","0.55","300","3211","2623","588","0.18312052320149486","2623","1180","0.3577478356848937","0.025526243910242555"
"1118","300","0.4","0.3","0.2","0.05","0.6","0.55","300","3196","2629","567","0.1774092615769712","2629","1192","0.3523576608290903","0.04271158535165126"
"1121","300","0.4","0.3","0.2","0.05","0.6","0.6","300","3109","2661","448","0.14409778063686074","2661","1099","0.3409708065228624","0.038935481323072875"
"1122","300","0.4","0.3","0.2","0.05","0.6","0.6","300","3170","2729","441","0.1391167192429022","2729","1092","0.34109159868326633","0.036891719789275385"
"1119","300","0.4","0.3","0.2","0.05","0.6","0.55","300","3210","2642","568","0.17694704049844237","2642","1184","0.3554878677678748","0.035643309610699135"
"1120","300","0.4","0.3","0.2","0.05","0.6","0.55","300","3216","2623","593","0.1843905472636816","2623","1180","0.3481857849727696","0.03689865788460572"
"1123","300","0.4","0.3","0.2","0.05","0.6","0.6","300","3120","2672","448","0.14358974358974358","2672","1103","0.3418848199766776","0.038082991693677695"
"1125","300","0.4","0.3","0.2","0.05","0.6","0.6","300","3131","2671","460","0.14691791759821143","2671","1057","0.3394385970796903","0.027656614926661383"
"1126","300","0.4","0.3","0.2","0.05","0.6","0.6","300","3118","2692","426","0.13662604233483003","2692","1066","0.3404066137231317","0.0304597764114521"
"1124","300","0.4","0.3","0.2","0.05","0.6","0.6","300","3142","2700","442","0.1406747294716741","2700","1071","0.3383490167266068","0.03573783717073447"
"1127","300","0.4","0.3","0.2","0.05","0.6","0.6","300","3176","2727","449","0.1413727959697733","2727","1115","0.3484806445224718","0.03184560428332543"
"1128","300","0.4","0.3","0.2","0.05","0.6","0.6","300","3116","2674","442","0.14184852374839538","2674","1021","0.3384882332520076","0.032336366430761966"
"1129","300","0.4","0.3","0.2","0.05","0.6","0.6","300","3224","2737","487","0.1510545905707196","2737","1127","0.3428477368880573","0.030845498250968273"
"1130","300","0.4","0.3","0.2","0.05","0.6","0.6","300","3120","2693","427","0.13685897435897437","2693","1112","0.3450625231825885","0.030941030340854995"
"1131","300","0.4","0.3","0.2","0.05","0.6","0.65","300","3038","2691","347","0.1142198815009875","2691","936","0.3316528112024433","0.02234440387347343"
"1132","300","0.4","0.3","0.2","0.05","0.6","0.65","300","3002","2689","313","0.10426382411725517","2689","922","0.33004723956127696","0.03588234926940301"
"1133","300","0.4","0.3","0.2","0.05","0.6","0.65","300","3064","2712","352","0.11488250652741515","2712","952","0.3313619218775516","0.032200647237181176"
"1134","300","0.4","0.3","0.2","0.05","0.6","0.65","300","3049","2722","327","0.10724827812397507","2722","976","0.3332099596920919","0.032607228609040265"
"1135","300","0.4","0.3","0.2","0.05","0.6","0.65","300","3069","2734","335","0.10915607689801238","2734","903","0.33331787296962373","0.028907384185214973"
"1138","300","0.4","0.3","0.2","0.05","0.6","0.65","300","3094","2728","366","0.1182934712346477","2728","949","0.33226957197122947","0.03566356598131999"
"1141","300","0.4","0.3","0.2","0.05","0.6","0.7","300","2990","2731","259","0.08662207357859532","2731","805","0.32034835890942903","0.038992208660903756"
"1142","300","0.4","0.3","0.2","0.05","0.6","0.7","300","3052","2789","263","0.08617300131061599","2789","844","0.3242454151206083","0.03180900350450314"
"1139","300","0.4","0.3","0.2","0.05","0.6","0.65","300","3081","2737","344","0.11165206101914962","2737","942","0.3344263331971019","0.0275812934606521"
"1137","300","0.4","0.3","0.2","0.05","0.6","0.65","300","3062","2737","325","0.1061397779229262","2737","971","0.3335323714363537","0.028360484883442574"
"1136","300","0.4","0.3","0.2","0.05","0.6","0.65","300","3134","2816","318","0.10146777281429484","2816","963","0.33327433727061956","0.027417094807159995"
"1140","300","0.4","0.3","0.2","0.05","0.6","0.65","300","3071","2700","371","0.1208075545424943","2700","935","0.32712807006757805","0.03616748174125176"
"1143","300","0.4","0.3","0.2","0.05","0.6","0.7","300","2990","2742","248","0.08294314381270904","2742","822","0.3232545218173162","0.031158616359453405"
"1144","300","0.4","0.3","0.2","0.05","0.6","0.7","300","2990","2754","236","0.07892976588628763","2754","883","0.32271918913201497","0.02862247163642797"
"1146","300","0.4","0.3","0.2","0.05","0.6","0.7","300","3001","2734","267","0.08897034321892702","2734","805","0.32172363715012425","0.03010791140250192"
"1145","300","0.4","0.3","0.2","0.05","0.6","0.7","300","2999","2735","264","0.08802934311437145","2735","838","0.3235737154357258","0.03801982072390275"
"1149","300","0.4","0.3","0.2","0.05","0.6","0.7","300","3020","2761","259","0.0857615894039735","2761","870","0.3238852672027606","0.027335540757712676"
"1150","300","0.4","0.3","0.2","0.05","0.6","0.7","300","3031","2773","258","0.08512042230287034","2773","829","0.325646658097935","0.03278134431265582"
"1147","300","0.4","0.3","0.2","0.05","0.6","0.7","300","3033","2795","238","0.07847016155621497","2795","844","0.32494440788215867","0.033586012207637156"
"1148","300","0.4","0.3","0.2","0.05","0.6","0.7","300","3048","2786","262","0.08595800524934383","2786","872","0.3221297630857577","0.024986960749999877"
"1151","300","0.4","0.3","0.2","0.05","0.6","0.75","300","2996","2808","188","0.06275033377837116","2808","714","0.31719170175371686","0.028121674668513806"
"1153","300","0.4","0.3","0.2","0.05","0.6","0.75","300","2934","2743","191","0.0650988411724608","2743","686","0.3160807761386056","0.03659711157601754"
"1152","300","0.4","0.3","0.2","0.05","0.6","0.75","300","2959","2779","180","0.06083136194660358","2779","687","0.31603423274650433","0.031041478652535523"
"1154","300","0.4","0.3","0.2","0.05","0.6","0.75","300","3050","2847","203","0.06655737704918033","2847","731","0.3189237205686067","0.034037550995816866"
"1156","300","0.4","0.3","0.2","0.05","0.6","0.75","300","2923","2743","180","0.06158056790968183","2743","691","0.3170753137026841","0.027864262304388168"
"1157","300","0.4","0.3","0.2","0.05","0.6","0.75","300","2973","2757","216","0.07265388496468214","2757","685","0.31670198741778527","0.04085173661236942"
"1155","300","0.4","0.3","0.2","0.05","0.6","0.75","300","2945","2754","191","0.06485568760611206","2754","662","0.31786560419100646","0.03565371051280862"
"1158","300","0.4","0.3","0.2","0.05","0.6","0.75","300","2911","2705","206","0.07076605977327378","2705","673","0.3146176555418588","0.03485666828982555"
"1159","300","0.4","0.3","0.2","0.05","0.6","0.75","300","2980","2757","223","0.07483221476510067","2757","685","0.3162075643425643","0.031316027878172455"
"1160","300","0.4","0.3","0.2","0.05","0.6","0.75","300","2981","2801","180","0.060382422006038244","2801","684","0.31963743035786485","0.030316419185665123"
"1162","300","0.4","0.3","0.2","0.05","0.6","0.8","300","2953","2805","148","0.05011852353538774","2805","570","0.3083882782682175","0.040952622657254176"
"1161","300","0.4","0.3","0.2","0.05","0.6","0.8","300","2882","2724","158","0.054823039555863984","2724","555","0.31088379568933605","0.028109672518816603"
"1163","300","0.4","0.3","0.2","0.05","0.6","0.8","300","2928","2794","134","0.045765027322404374","2794","548","0.3085682973061296","0.03422815029381395"
"1167","300","0.4","0.3","0.2","0.05","0.6","0.8","300","2938","2788","150","0.05105513955071477","2788","517","0.31058157808835946","0.0298529804100815"
"1168","300","0.4","0.3","0.2","0.05","0.6","0.8","300","3013","2843","170","0.05642217059409227","2843","605","0.3115079205831261","0.0306221671081794"
"1164","300","0.4","0.3","0.2","0.05","0.6","0.8","300","2898","2759","139","0.04796411318150449","2759","530","0.30896471840361595","0.0327758173708365"
"1169","300","0.4","0.3","0.2","0.05","0.6","0.8","300","2929","2786","143","0.048822123591669514","2786","561","0.30976061389995835","0.0383001849419417"
"1166","300","0.4","0.3","0.2","0.05","0.6","0.8","300","2923","2785","138","0.047211768730756075","2785","559","0.31082116587339426","0.02878870927498822"
"1172","300","0.4","0.3","0.2","0.05","0.65","0.2","300","5180","1871","3309","0.6388030888030888","1871","1501","0.427418944735545","0.04541922499843142"
"1171","300","0.4","0.3","0.2","0.05","0.65","0.2","300","5346","1896","3450","0.6453423120089786","1896","1531","0.4228575033810538","0.061863925421106636"
"1174","300","0.4","0.3","0.2","0.05","0.65","0.2","300","5322","1876","3446","0.64750093949643","1876","1532","0.422212930285115","0.06073234044946259"
"1170","300","0.4","0.3","0.2","0.05","0.6","0.8","300","2938","2806","132","0.044928522804629","2806","556","0.30970951455340673","0.027489257164478"
"1165","300","0.4","0.3","0.2","0.05","0.6","0.8","300","2950","2784","166","0.05627118644067797","2784","558","0.30931218507173536","0.022080480578685984"
"1173","300","0.4","0.3","0.2","0.05","0.65","0.2","300","5157","1881","3276","0.6352530541012217","1881","1506","0.41101139842892703","0.07056882326272428"
"1175","300","0.4","0.3","0.2","0.05","0.65","0.2","300","5299","1897","3402","0.6420079260237781","1897","1512","0.4226889962527573","0.0723547641824961"
"1176","300","0.4","0.3","0.2","0.05","0.65","0.2","300","5214","1879","3335","0.6396240889911776","1879","1524","0.428722368568245","0.05412233165816821"
"1178","300","0.4","0.3","0.2","0.05","0.65","0.2","300","5133","1892","3241","0.6314046366647185","1892","1491","0.4235297225579652","0.057279115327551096"
"1177","300","0.4","0.3","0.2","0.05","0.65","0.2","300","5302","1890","3412","0.6435307431158054","1890","1506","0.41830886129419453","0.061591934058944135"
"1181","300","0.4","0.3","0.2","0.05","0.65","0.25","300","4724","2013","2711","0.5738780694326842","2013","1508","0.4145655935414264","0.05028480061017445"
"1179","300","0.4","0.3","0.2","0.05","0.65","0.2","300","5317","1888","3429","0.6449125446680459","1888","1518","0.41727294720737995","0.05701797173457315"
"1180","300","0.4","0.3","0.2","0.05","0.65","0.2","300","5190","1926","3264","0.6289017341040463","1926","1562","0.422344063410934","0.06981413016058582"
"1182","300","0.4","0.3","0.2","0.05","0.65","0.25","300","4661","1986","2675","0.5739111778588286","1986","1490","0.4247563402925568","0.04170190310316678"
"1183","300","0.4","0.3","0.2","0.05","0.65","0.25","300","4638","1979","2659","0.5733074601121173","1979","1471","0.40662704299246205","0.05192339291089158"
"1184","300","0.4","0.3","0.2","0.05","0.65","0.25","300","4682","1986","2696","0.5758222981631781","1986","1500","0.40967472863991067","0.048634156078227624"
"1185","300","0.4","0.3","0.2","0.05","0.65","0.25","300","4678","2000","2678","0.5724668661821292","2000","1467","0.4073815046655506","0.04343355456595248"
"1188","300","0.4","0.3","0.2","0.05","0.65","0.25","300","4575","1978","2597","0.5676502732240437","1978","1478","0.4075820499817612","0.0653168639701944"
"1186","300","0.4","0.3","0.2","0.05","0.65","0.25","300","4655","2015","2640","0.5671321160042965","2015","1536","0.41420337088272613","0.04823555370932069"
"1189","300","0.4","0.3","0.2","0.05","0.65","0.25","300","4593","1988","2605","0.5671674286958415","1988","1497","0.40104466759432533","0.05193906364752564"
"1187","300","0.4","0.3","0.2","0.05","0.65","0.25","300","4629","2010","2619","0.5657809462086844","2010","1520","0.41710439286612566","0.053758489306995415"
"1190","300","0.4","0.3","0.2","0.05","0.65","0.25","300","4666","2021","2645","0.5668666952421775","2021","1513","0.40538347052069973","0.053989182704093856"
"1193","300","0.4","0.3","0.2","0.05","0.65","0.3","300","4195","2119","2076","0.49487485101311085","2119","1485","0.40140128537181746","0.04837192942353932"
"1191","300","0.4","0.3","0.2","0.05","0.65","0.3","300","4206","2120","2086","0.49595815501664287","2120","1485","0.4108279208113818","0.039651236809769876"
"1194","300","0.4","0.3","0.2","0.05","0.65","0.3","300","4274","2111","2163","0.5060832943378568","2111","1452","0.4073433583972176","0.04538406049988298"
"1195","300","0.4","0.3","0.2","0.05","0.65","0.3","300","4145","2113","2032","0.4902291917973462","2113","1473","0.406515337966684","0.04860107453714928"
"1192","300","0.4","0.3","0.2","0.05","0.65","0.3","300","4201","2137","2064","0.49131159247798145","2137","1469","0.39920534656420387","0.04548351743768192"
"1196","300","0.4","0.3","0.2","0.05","0.65","0.3","300","4214","2075","2139","0.507593735168486","2075","1472","0.40549811575025224","0.04061865126381916"
"1198","300","0.4","0.3","0.2","0.05","0.65","0.3","300","4248","2084","2164","0.5094161958568738","2084","1490","0.40218165552317187","0.04896710859239254"
"1197","300","0.4","0.3","0.2","0.05","0.65","0.3","300","4265","2090","2175","0.5099648300117233","2090","1463","0.3991757628690732","0.0501147097058477"
"1199","300","0.4","0.3","0.2","0.05","0.65","0.3","300","4238","2090","2148","0.5068428504011326","2090","1426","0.40094444375333027","0.04816863737861334"
"1200","300","0.4","0.3","0.2","0.05","0.65","0.3","300","4219","2085","2134","0.5058070632851387","2085","1472","0.4001002509442033","0.047427257267218484"
"1204","300","0.4","0.3","0.2","0.05","0.65","0.35","300","3952","2219","1733","0.43851214574898784","2219","1415","0.39032981129056266","0.040510043957436785"
"1201","300","0.4","0.3","0.2","0.05","0.65","0.35","300","3957","2269","1688","0.42658579732120294","2269","1487","0.39844671891193445","0.03833194532465047"
"1203","300","0.4","0.3","0.2","0.05","0.65","0.35","300","3890","2191","1699","0.43676092544987144","2191","1500","0.40315485129721984","0.047081214095455085"
"1202","300","0.4","0.3","0.2","0.05","0.65","0.35","300","3883","2195","1688","0.43471542621684267","2195","1451","0.3916837046592459","0.03472429570299942"
"1205","300","0.4","0.3","0.2","0.05","0.65","0.35","300","3890","2232","1658","0.42622107969151674","2232","1472","0.39350218292953537","0.04625397436496988"
"1206","300","0.4","0.3","0.2","0.05","0.65","0.35","300","3888","2234","1654","0.4254115226337449","2234","1454","0.3979095224733298","0.04203943625335519"
"1207","300","0.4","0.3","0.2","0.05","0.65","0.35","300","4021","2258","1763","0.43844814722705794","2258","1482","0.3974671996580344","0.036821667390279436"
"1208","300","0.4","0.3","0.2","0.05","0.65","0.35","300","3896","2213","1683","0.4319815195071869","2213","1431","0.39864016738349906","0.052506146271735755"
"1209","300","0.4","0.3","0.2","0.05","0.65","0.35","300","3829","2214","1615","0.42178114390180205","2214","1418","0.39628166126251624","0.03820297834009787"
"1210","300","0.4","0.3","0.2","0.05","0.65","0.35","300","3856","2208","1648","0.42738589211618255","2208","1431","0.3949360640715797","0.04448304608355038"
"1211","300","0.4","0.3","0.2","0.05","0.65","0.4","300","3620","2339","1281","0.3538674033149171","2339","1400","0.37782279063579033","0.036586055801701885"
"1212","300","0.4","0.3","0.2","0.05","0.65","0.4","300","3643","2329","1314","0.3606917375789185","2329","1396","0.38294385530374986","0.02809673322644013"
"1213","300","0.4","0.3","0.2","0.05","0.65","0.4","300","3691","2338","1353","0.3665673259279328","2338","1378","0.3826690156194862","0.04078904304061227"
"1214","300","0.4","0.3","0.2","0.05","0.65","0.4","300","3629","2328","1301","0.3585009644530174","2328","1394","0.38920785665104274","0.04086301170637814"
"1215","300","0.4","0.3","0.2","0.05","0.65","0.4","300","3622","2338","1284","0.3545002760905577","2338","1391","0.3937606737419258","0.03329852345710071"
"1217","300","0.4","0.3","0.2","0.05","0.65","0.4","300","3606","2333","1273","0.35302273987798116","2333","1389","0.3744792174077891","0.043569550655746365"
"1216","300","0.4","0.3","0.2","0.05","0.65","0.4","300","3633","2336","1297","0.3570052298375998","2336","1438","0.3913485936225671","0.04791661921961469"
"1218","300","0.4","0.3","0.2","0.05","0.65","0.4","300","3602","2315","1287","0.3573014991671294","2315","1404","0.3939249517069693","0.04051691893013705"
"1219","300","0.4","0.3","0.2","0.05","0.65","0.4","300","3625","2353","1272","0.3508965517241379","2353","1402","0.3869292052515218","0.04249187442544426"
"1220","300","0.4","0.3","0.2","0.05","0.65","0.4","300","3615","2293","1322","0.3656984785615491","2293","1357","0.3821144582461597","0.03628875583797691"
"1221","300","0.4","0.3","0.2","0.05","0.65","0.45","300","3423","2425","998","0.29155711364300324","2425","1305","0.36808420556609944","0.04148984569526988"
"1223","300","0.4","0.3","0.2","0.05","0.65","0.45","300","3484","2465","1019","0.29247990815154995","2465","1400","0.378256804174384","0.03541588290266635"
"1222","300","0.4","0.3","0.2","0.05","0.65","0.45","300","3467","2429","1038","0.29939428901067205","2429","1353","0.3739388503636687","0.031332348242171314"
"1224","300","0.4","0.3","0.2","0.05","0.65","0.45","300","3416","2400","1016","0.297423887587822","2400","1300","0.37455662978089177","0.03286033986361264"
"1225","300","0.4","0.3","0.2","0.05","0.65","0.45","300","3397","2416","981","0.28878422137179866","2416","1321","0.3825442820309009","0.031336238762211574"
"1226","300","0.4","0.3","0.2","0.05","0.65","0.45","300","3499","2449","1050","0.30008573878250927","2449","1358","0.36603096163085574","0.036315031830248486"
"1227","300","0.4","0.3","0.2","0.05","0.65","0.45","300","3436","2432","1004","0.29220023282887075","2432","1338","0.36883942694119615","0.030698661829222734"
"1228","300","0.4","0.3","0.2","0.05","0.65","0.45","300","3437","2405","1032","0.3002618562700029","2405","1373","0.3735104765403907","0.034715146225408014"
"1230","300","0.4","0.3","0.2","0.05","0.65","0.45","300","3460","2447","1013","0.2927745664739884","2447","1361","0.37937510015227877","0.03034233250163043"
"1229","300","0.4","0.3","0.2","0.05","0.65","0.45","300","3464","2458","1006","0.29041570438799075","2458","1359","0.38114696136570086","0.02741444786888635"
"1231","300","0.4","0.3","0.2","0.05","0.65","0.5","300","3318","2514","804","0.2423146473779385","2514","1262","0.3657216688571387","0.04077208212070571"
"1232","300","0.4","0.3","0.2","0.05","0.65","0.5","300","3296","2511","785","0.23816747572815533","2511","1218","0.368324925481213","0.03486506293059118"
"1233","300","0.4","0.3","0.2","0.05","0.65","0.5","300","3281","2519","762","0.23224626638220056","2519","1246","0.35906744134567936","0.03335356118121376"
"1234","300","0.4","0.3","0.2","0.05","0.65","0.5","300","3319","2513","806","0.2428442301898162","2513","1257","0.37232376808846807","0.031078058159184713"
"1235","300","0.4","0.3","0.2","0.05","0.65","0.5","300","3280","2528","752","0.22926829268292684","2528","1247","0.3650800373417038","0.028615383854631804"
"1236","300","0.4","0.3","0.2","0.05","0.65","0.5","300","3339","2543","796","0.2383947289607667","2543","1269","0.36797993722418537","0.032328179930541774"
"1237","300","0.4","0.3","0.2","0.05","0.65","0.5","300","3283","2497","786","0.2394151690526957","2497","1214","0.35568985944553455","0.03258865206310149"
"1239","300","0.4","0.3","0.2","0.05","0.65","0.5","300","3308","2531","777","0.2348851269649335","2531","1269","0.367556698955913","0.0391660817457255"
"1238","300","0.4","0.3","0.2","0.05","0.65","0.5","300","3240","2472","768","0.23703703703703705","2472","1211","0.36137135864435316","0.032657321240939195"
"1240","300","0.4","0.3","0.2","0.05","0.65","0.5","300","3348","2588","760","0.2270011947431302","2588","1284","0.3617295088182428","0.033406114811924785"
"1241","300","0.4","0.3","0.2","0.05","0.65","0.55","300","3224","2609","615","0.19075682382133996","2609","1174","0.35793656579613253","0.029241864159580615"
"1242","300","0.4","0.3","0.2","0.05","0.65","0.55","300","3206","2602","604","0.1883967560823456","2602","1174","0.34712426136828617","0.036130455133918014"
"1244","300","0.4","0.3","0.2","0.05","0.65","0.55","300","3191","2610","581","0.18207458476966468","2610","1210","0.35964815948129064","0.02770174462590866"
"1243","300","0.4","0.3","0.2","0.05","0.65","0.55","300","3201","2628","573","0.1790065604498594","2628","1202","0.3535103391663822","0.04318946745418254"
"1245","300","0.4","0.3","0.2","0.05","0.65","0.55","300","3150","2571","579","0.1838095238095238","2571","1161","0.3502071879267629","0.034383296684301595"
"1246","300","0.4","0.3","0.2","0.05","0.65","0.55","300","3209","2626","583","0.1816765347460268","2626","1149","0.34604158055513584","0.031566038453302935"
"1247","300","0.4","0.3","0.2","0.05","0.65","0.55","300","3244","2622","622","0.19173859432799015","2622","1177","0.354674865997382","0.04081301282346689"
"1248","300","0.4","0.3","0.2","0.05","0.65","0.55","300","3161","2588","573","0.18127174944637772","2588","1166","0.3562110453575532","0.03181391433417902"
"1249","300","0.4","0.3","0.2","0.05","0.65","0.55","300","3183","2587","596","0.18724473766886585","2587","1156","0.35443852282174587","0.03712382832962335"
"1251","300","0.4","0.3","0.2","0.05","0.65","0.6","300","3095","2651","444","0.14345718901453958","2651","1098","0.34425060672516045","0.03374712122506004"
"1250","300","0.4","0.3","0.2","0.05","0.65","0.55","300","3155","2605","550","0.17432646592709986","2605","1164","0.35274879488198924","0.03217914464403558"
"1252","300","0.4","0.3","0.2","0.05","0.65","0.6","300","3084","2669","415","0.13456549935149156","2669","1046","0.34532213340431106","0.03491737683703536"
"1253","300","0.4","0.3","0.2","0.05","0.65","0.6","300","3106","2647","459","0.14777849323889247","2647","1046","0.34228236858310607","0.0337478244576036"
"1254","300","0.4","0.3","0.2","0.05","0.65","0.6","300","3145","2683","462","0.14689984101748807","2683","1076","0.3397231087314515","0.031503782287831524"
"1255","300","0.4","0.3","0.2","0.05","0.65","0.6","300","3098","2641","457","0.1475145255003228","2641","1031","0.347749331417525","0.035541070863899564"
"1256","300","0.4","0.3","0.2","0.05","0.65","0.6","300","3039","2606","433","0.1424810793024021","2606","1098","0.34256937668951826","0.031108867999364853"
"1258","300","0.4","0.3","0.2","0.05","0.65","0.6","300","3121","2647","474","0.1518743992310157","2647","1032","0.33905047035603125","0.04118206531154667"
"1257","300","0.4","0.3","0.2","0.05","0.65","0.6","300","3088","2653","435","0.1408678756476684","2653","1018","0.33954274210687735","0.035641185855197544"
"1259","300","0.4","0.3","0.2","0.05","0.65","0.6","300","3108","2638","470","0.15122265122265122","2638","1092","0.3427254878291021","0.03624028389705289"
"1260","300","0.4","0.3","0.2","0.05","0.65","0.6","300","3117","2657","460","0.1475777991658646","2657","1068","0.345339118102115","0.03272390457364909"
"1261","300","0.4","0.3","0.2","0.05","0.65","0.65","300","3020","2671","349","0.11556291390728476","2671","942","0.33264469495754184","0.030820995122000924"
"1262","300","0.4","0.3","0.2","0.05","0.65","0.65","300","3022","2715","307","0.1015883520847121","2715","929","0.33258813404843984","0.03541043174297996"
"1264","300","0.4","0.3","0.2","0.05","0.65","0.65","300","3039","2672","367","0.12076340901612373","2672","939","0.33299582101454356","0.031983506626673375"
"1265","300","0.4","0.3","0.2","0.05","0.65","0.65","300","3026","2656","370","0.12227362855254462","2656","946","0.333456508563314","0.03386375882265431"
"1263","300","0.4","0.3","0.2","0.05","0.65","0.65","300","3061","2714","347","0.11336164652074486","2714","971","0.33359692501992055","0.036164695528463166"
"1266","300","0.4","0.3","0.2","0.05","0.65","0.65","300","3022","2668","354","0.1171409662475182","2668","945","0.33638800279362024","0.04067499397691842"
"1268","300","0.4","0.3","0.2","0.05","0.65","0.65","300","3002","2653","349","0.11625582944703532","2653","921","0.33427368887374553","0.033390752542309506"
"1267","300","0.4","0.3","0.2","0.05","0.65","0.65","300","2985","2668","317","0.10619765494137354","2668","930","0.3336219155782783","0.0380828869108669"
"1269","300","0.4","0.3","0.2","0.05","0.65","0.65","300","2974","2634","340","0.11432414256893074","2634","942","0.33497071716486426","0.03419319936721206"
"1270","300","0.4","0.3","0.2","0.05","0.65","0.65","300","2995","2649","346","0.11552587646076795","2649","930","0.33311658945321065","0.03873718377310396"
"1271","300","0.4","0.3","0.2","0.05","0.65","0.7","300","2955","2667","288","0.09746192893401015","2667","810","0.32300059739446013","0.03392664079978942"
"1272","300","0.4","0.3","0.2","0.05","0.65","0.7","300","2965","2694","271","0.09139966273187183","2694","804","0.32481320201116537","0.026577795504033958"
"1273","300","0.4","0.3","0.2","0.05","0.65","0.7","300","2959","2695","264","0.08921933085501858","2695","793","0.3227524040072795","0.03344788599647643"
"1275","300","0.4","0.3","0.2","0.05","0.65","0.7","300","2990","2720","270","0.0903010033444816","2720","805","0.32280359041322865","0.03565477580229076"
"1274","300","0.4","0.3","0.2","0.05","0.65","0.7","300","3001","2747","254","0.0846384538487171","2747","846","0.3280932119919395","0.0311496764754521"
"1277","300","0.4","0.3","0.2","0.05","0.65","0.7","300","2991","2719","272","0.09093948512203276","2719","840","0.32571881462323565","0.032702142496800174"
"1278","300","0.4","0.3","0.2","0.05","0.65","0.7","300","2956","2716","240","0.08119079837618404","2716","818","0.32395200164016447","0.028421415748645675"
"1279","300","0.4","0.3","0.2","0.05","0.65","0.7","300","2953","2691","262","0.08872333220453776","2691","802","0.32754121855752844","0.02984995311284064"
"1276","300","0.4","0.3","0.2","0.05","0.65","0.7","300","3036","2773","263","0.08662714097496706","2773","832","0.3282773668900156","0.03172787609938136"
"1280","300","0.4","0.3","0.2","0.05","0.65","0.7","300","2992","2760","232","0.07754010695187166","2760","828","0.32768265587411527","0.03495559158299792"
"1281","300","0.4","0.3","0.2","0.05","0.65","0.75","300","2996","2808","188","0.06275033377837116","2808","689","0.31661220736976586","0.03565431075718025"
"1282","300","0.4","0.3","0.2","0.05","0.65","0.75","300","2911","2725","186","0.06389556853315012","2725","684","0.31882585088590226","0.0286895898049725"
"1284","300","0.4","0.3","0.2","0.05","0.65","0.75","300","2924","2721","203","0.06942544459644323","2721","702","0.317978956052622","0.031136439862163624"
"1283","300","0.4","0.3","0.2","0.05","0.65","0.75","300","2941","2738","203","0.06902414144848691","2738","741","0.31881462148681455","0.028171872205319654"
"1285","300","0.4","0.3","0.2","0.05","0.65","0.75","300","2969","2785","184","0.061973728528123946","2785","699","0.31747925448924125","0.03481289010640095"
"1286","300","0.4","0.3","0.2","0.05","0.65","0.75","300","2889","2707","182","0.06299757701626861","2707","706","0.31826096223158423","0.032572441997496114"
"1287","300","0.4","0.3","0.2","0.05","0.65","0.75","300","2978","2776","202","0.06783075889858965","2776","677","0.3165763844582067","0.029086862388357778"
"1288","300","0.4","0.3","0.2","0.05","0.65","0.75","300","3027","2811","216","0.07135777998017839","2811","726","0.31535694837779404","0.034245979012477855"
"1289","300","0.4","0.3","0.2","0.05","0.65","0.75","300","3024","2847","177","0.05853174603174603","2847","718","0.31704936375931697","0.033326844156750635"
"1290","300","0.4","0.3","0.2","0.05","0.65","0.75","300","3006","2824","182","0.06054557551563539","2824","686","0.3160637543226713","0.02895265138365871"
"1291","300","0.4","0.3","0.2","0.05","0.65","0.8","300","2986","2819","167","0.05592766242464836","2819","605","0.3115484769811868","0.028541609867499856"
"1294","300","0.4","0.3","0.2","0.05","0.65","0.8","300","2917","2767","150","0.051422694549194375","2767","536","0.31177069010679614","0.027717804007851624"
"1292","300","0.4","0.3","0.2","0.05","0.65","0.8","300","2949","2810","139","0.047134621905730756","2810","593","0.3129581643202562","0.025167344473843473"
"1293","300","0.4","0.3","0.2","0.05","0.65","0.8","300","2841","2731","110","0.03871876099964801","2731","542","0.31127163601316093","0.029595737451874833"
"1295","300","0.4","0.3","0.2","0.05","0.65","0.8","300","2918","2770","148","0.05071967100753941","2770","549","0.3110639302654772","0.0273487463394005"
"1296","300","0.4","0.3","0.2","0.05","0.65","0.8","300","2957","2817","140","0.047345282380791345","2817","577","0.31143023284986204","0.03127808836825585"
"1297","300","0.4","0.3","0.2","0.05","0.65","0.8","300","2943","2800","143","0.04858987427794767","2800","540","0.31216362556599836","0.02445751270404988"
"1300","300","0.4","0.3","0.2","0.05","0.65","0.8","300","2878","2746","132","0.04586518415566365","2746","553","0.3119058442354679","0.03164081164286661"
"1301","300","0.4","0.3","0.2","0.05","0.7","0.2","300","5095","1831","3264","0.6406280667320903","1831","1457","0.42846228676144116","0.0490660805692767"
"1298","300","0.4","0.3","0.2","0.05","0.65","0.8","300","2871","2714","157","0.054684778822709855","2714","557","0.31107651611717735","0.03410798552147643"
"1302","300","0.4","0.3","0.2","0.05","0.7","0.2","300","5182","1828","3354","0.6472404477035893","1828","1470","0.4280491525315047","0.0608338228914882"
"1299","300","0.4","0.3","0.2","0.05","0.65","0.8","300","2882","2759","123","0.042678695350451074","2759","549","0.30948448505749876","0.028835476504742014"
"1304","300","0.4","0.3","0.2","0.05","0.7","0.2","300","5099","1839","3260","0.6393410472641694","1839","1490","0.42635572029896807","0.06219107679159664"
"1303","300","0.4","0.3","0.2","0.05","0.7","0.2","300","5057","1843","3214","0.6355546766857821","1843","1475","0.43430540961606673","0.04489541982516295"
"1305","300","0.4","0.3","0.2","0.05","0.7","0.2","300","5099","1861","3238","0.6350264757795646","1861","1473","0.43266015732676794","0.05730307678482052"
"1306","300","0.4","0.3","0.2","0.05","0.7","0.2","300","5128","1827","3301","0.6437207488299532","1827","1483","0.42239483815683293","0.04639091230297944"
"1307","300","0.4","0.3","0.2","0.05","0.7","0.2","300","5151","1803","3348","0.6499708794408853","1803","1426","0.41247552092690937","0.06645551550399197"
"1308","300","0.4","0.3","0.2","0.05","0.7","0.2","300","5124","1860","3264","0.6370023419203747","1860","1486","0.429141504418589","0.06162813876812296"
"1309","300","0.4","0.3","0.2","0.05","0.7","0.2","300","5120","1821","3299","0.6443359375","1821","1443","0.4212764757882334","0.05327467247907516"
"1311","300","0.4","0.3","0.2","0.05","0.7","0.25","300","4569","1931","2638","0.5773692274020573","1931","1417","0.4065847965479527","0.05428113316889971"
"1310","300","0.4","0.3","0.2","0.05","0.7","0.2","300","5168","1831","3337","0.645704334365325","1831","1468","0.43603789663362025","0.03691182440969249"
"1312","300","0.4","0.3","0.2","0.05","0.7","0.25","300","4493","1937","2556","0.5688849321166258","1937","1457","0.4074016223281261","0.04769075703475703"
"1314","300","0.4","0.3","0.2","0.05","0.7","0.25","300","4542","1957","2585","0.5691325407309555","1957","1462","0.4114850909703191","0.045169258505275964"
"1313","300","0.4","0.3","0.2","0.05","0.7","0.25","300","4632","1950","2682","0.5790155440414507","1950","1449","0.4148791694812038","0.04894946121945495"
"1315","300","0.4","0.3","0.2","0.05","0.7","0.25","300","4668","1945","2723","0.5833333333333334","1945","1463","0.4153932478216843","0.045086456701168565"
"1316","300","0.4","0.3","0.2","0.05","0.7","0.25","300","4587","1922","2665","0.5809897536516242","1922","1457","0.4142273241291556","0.05065199626173495"
"1317","300","0.4","0.3","0.2","0.05","0.7","0.25","300","4506","1927","2579","0.5723479804704839","1927","1423","0.4153095416394156","0.0401023564360238"
"1318","300","0.4","0.3","0.2","0.05","0.7","0.25","300","4585","1929","2656","0.5792802617230098","1929","1444","0.41221845388268846","0.04196438361171719"
"1319","300","0.4","0.3","0.2","0.05","0.7","0.25","300","4524","1945","2579","0.5700707338638373","1945","1440","0.4183037096101871","0.040042034846811694"
"1320","300","0.4","0.3","0.2","0.05","0.7","0.25","300","4561","1945","2616","0.5735584301688226","1945","1443","0.4142616098561885","0.04689661340723042"
"1323","300","0.4","0.3","0.2","0.05","0.7","0.3","300","4142","2052","2090","0.5045871559633027","2052","1455","0.4193059929964828","0.04477705308368911"
"1324","300","0.4","0.3","0.2","0.05","0.7","0.3","300","4210","2047","2163","0.5137767220902613","2047","1406","0.4056113094107234","0.03754258626734203"
"1325","300","0.4","0.3","0.2","0.05","0.7","0.3","300","4088","2071","2017","0.4933953033268102","2071","1443","0.40421824226221353","0.03887255589195231"
"1321","300","0.4","0.3","0.2","0.05","0.7","0.3","300","4107","2069","2038","0.49622595568541517","2069","1433","0.4021726992123309","0.05205881050550648"
"1322","300","0.4","0.3","0.2","0.05","0.7","0.3","300","4269","2052","2217","0.5193253689388616","2052","1436","0.4102805775023146","0.039571463892897674"
"1326","300","0.4","0.3","0.2","0.05","0.7","0.3","300","4144","2062","2082","0.5024131274131274","2062","1439","0.40645300964991227","0.03749482043557923"
"1327","300","0.4","0.3","0.2","0.05","0.7","0.3","300","4110","2068","2042","0.4968369829683698","2068","1426","0.41271419339985066","0.03530596369751395"
"1328","300","0.4","0.3","0.2","0.05","0.7","0.3","300","4157","2060","2097","0.504450324753428","2060","1446","0.40846283301082037","0.026603511196817583"
"1329","300","0.4","0.3","0.2","0.05","0.7","0.3","300","4116","2067","2049","0.4978134110787172","2067","1429","0.41339955599808687","0.03423206885400923"
"1330","300","0.4","0.3","0.2","0.05","0.7","0.3","300","4189","2042","2147","0.5125328240630223","2042","1401","0.39845758624136385","0.06315588817503462"
"1331","300","0.4","0.3","0.2","0.05","0.7","0.35","300","3817","2170","1647","0.4314906995022269","2170","1386","0.39745402098823074","0.029986994742906396"
"1332","300","0.4","0.3","0.2","0.05","0.7","0.35","300","3776","2202","1574","0.4168432203389831","2202","1429","0.4031700144891129","0.036969894984915534"
"1334","300","0.4","0.3","0.2","0.05","0.7","0.35","300","3846","2188","1658","0.43109724388975557","2188","1429","0.39994154989705827","0.029943791354259362"
"1333","300","0.4","0.3","0.2","0.05","0.7","0.35","300","3784","2152","1632","0.4312896405919662","2152","1404","0.39607111648515786","0.04039144465111561"
"1335","300","0.4","0.3","0.2","0.05","0.7","0.35","300","3823","2170","1653","0.43238294533089194","2170","1422","0.3982483055144901","0.03951464107135705"
"1336","300","0.4","0.3","0.2","0.05","0.7","0.35","300","3829","2149","1680","0.43875685557586835","2149","1428","0.393389016757095","0.051728561829490274"
"1337","300","0.4","0.3","0.2","0.05","0.7","0.35","300","3892","2150","1742","0.447584789311408","2150","1369","0.3951239142511449","0.033846131209783484"
"1339","300","0.4","0.3","0.2","0.05","0.7","0.35","300","3879","2170","1709","0.4405774684196958","2170","1389","0.3992275032818073","0.04173764835193798"
"1338","300","0.4","0.3","0.2","0.05","0.7","0.35","300","3809","2182","1627","0.4271462326069835","2182","1430","0.3932885737176487","0.04803536672631069"
"1340","300","0.4","0.3","0.2","0.05","0.7","0.35","300","3809","2190","1619","0.4250459438172749","2190","1433","0.39862153359212765","0.03896338451617065"
"1341","300","0.4","0.3","0.2","0.05","0.7","0.4","300","3561","2273","1288","0.3616961527660769","2273","1369","0.39043263327612027","0.039704071256267494"
"1342","300","0.4","0.3","0.2","0.05","0.7","0.4","300","3556","2248","1308","0.3678290213723285","2248","1366","0.38183013884195766","0.044137581824577436"
"1343","300","0.4","0.3","0.2","0.05","0.7","0.4","300","3589","2286","1303","0.36305377542490946","2286","1356","0.38110697546003364","0.0401684852442168"
"1344","300","0.4","0.3","0.2","0.05","0.7","0.4","300","3529","2222","1307","0.37035987531878717","2222","1340","0.3933031813522629","0.038741342013239824"
"1345","300","0.4","0.3","0.2","0.05","0.7","0.4","300","3598","2301","1297","0.3604780433574208","2301","1382","0.38773476570908627","0.03461673089408767"
"1347","300","0.4","0.3","0.2","0.05","0.7","0.4","300","3553","2274","1279","0.3599774838164931","2274","1308","0.38202456672121843","0.04784966543230662"
"1349","300","0.4","0.3","0.2","0.05","0.7","0.4","300","3576","2255","1321","0.36940715883668906","2255","1354","0.38698180090024614","0.05187565436412289"
"1346","300","0.4","0.3","0.2","0.05","0.7","0.4","300","3644","2261","1383","0.3795279912184413","2261","1400","0.387474836762577","0.035550106310485684"
"1348","300","0.4","0.3","0.2","0.05","0.7","0.4","300","3543","2275","1268","0.357888794806661","2275","1355","0.38841320625638476","0.035789477777856696"
"1351","300","0.4","0.3","0.2","0.05","0.7","0.45","300","3311","2369","942","0.28450619148293566","2369","1362","0.37067477157845036","0.03984361891896731"
"1350","300","0.4","0.3","0.2","0.05","0.7","0.4","300","3575","2251","1324","0.37034965034965034","2251","1379","0.39223806246213944","0.02929062772446851"
"1353","300","0.4","0.3","0.2","0.05","0.7","0.45","300","3416","2388","1028","0.3009367681498829","2388","1348","0.38149955120002366","0.02762999190054818"
"1352","300","0.4","0.3","0.2","0.05","0.7","0.45","300","3405","2391","1014","0.29779735682819386","2391","1326","0.3862846482940935","0.03676256442964663"
"1354","300","0.4","0.3","0.2","0.05","0.7","0.45","300","3433","2404","1029","0.2997378386251092","2404","1307","0.3848075372351079","0.040334893070821325"
"1355","300","0.4","0.3","0.2","0.05","0.7","0.45","300","3389","2380","1009","0.2977279433461198","2380","1345","0.38060834817255523","0.0287767571159724"
"1356","300","0.4","0.3","0.2","0.05","0.7","0.45","300","3393","2403","990","0.2917771883289125","2403","1317","0.38193988034156207","0.03302555071290701"
"1357","300","0.4","0.3","0.2","0.05","0.7","0.45","300","3424","2393","1031","0.30110981308411217","2393","1303","0.3706705250343653","0.04421001399332986"
"1359","300","0.4","0.3","0.2","0.05","0.7","0.45","300","3372","2366","1006","0.29833926453143533","2366","1244","0.37618666457786604","0.0283324313873987"
"1358","300","0.4","0.3","0.2","0.05","0.7","0.45","300","3405","2351","1054","0.30954478707782673","2351","1298","0.3786485018101993","0.03699170657601567"
"1360","300","0.4","0.3","0.2","0.05","0.7","0.45","300","3425","2411","1014","0.29605839416058394","2411","1325","0.3699251944969589","0.02827928506970837"
"1362","300","0.4","0.3","0.2","0.05","0.7","0.5","300","3220","2493","727","0.22577639751552794","2493","1216","0.36239408082888214","0.03644745394030251"
"1361","300","0.4","0.3","0.2","0.05","0.7","0.5","300","3236","2477","759","0.23454882571075403","2477","1294","0.369939621000724","0.03862825861714294"
"1364","300","0.4","0.3","0.2","0.05","0.7","0.5","300","3254","2525","729","0.2240319606637984","2525","1276","0.3666590620273961","0.037443775766223035"
"1363","300","0.4","0.3","0.2","0.05","0.7","0.5","300","3254","2485","769","0.23632452366318377","2485","1237","0.36471418956667523","0.03227579115126633"
"1365","300","0.4","0.3","0.2","0.05","0.7","0.5","300","3253","2533","720","0.2213341530894559","2533","1252","0.3612960545108033","0.041797268976523014"
"1366","300","0.4","0.3","0.2","0.05","0.7","0.5","300","3290","2486","804","0.24437689969604864","2486","1238","0.3661170261592224","0.03664653473621034"
"1367","300","0.4","0.3","0.2","0.05","0.7","0.5","300","3268","2496","772","0.23623011015911874","2496","1225","0.36548235857083555","0.035306380824650214"
"1370","300","0.4","0.3","0.2","0.05","0.7","0.5","300","3294","2526","768","0.2331511839708561","2526","1270","0.366312248789144","0.04031181715535676"
"1368","300","0.4","0.3","0.2","0.05","0.7","0.5","300","3253","2485","768","0.2360897632954196","2485","1225","0.36122165440679616","0.027899113782846267"
"1371","300","0.4","0.3","0.2","0.05","0.7","0.55","300","3095","2521","574","0.18546042003231017","2521","1130","0.35042735191940255","0.030445283390758682"
"1369","300","0.4","0.3","0.2","0.05","0.7","0.5","300","3300","2509","791","0.2396969696969697","2509","1209","0.3564030227518536","0.04500644817155678"
"1374","300","0.4","0.3","0.2","0.05","0.7","0.55","300","3094","2495","599","0.1936005171299289","2495","1114","0.3529138059736406","0.026690195574494164"
"1373","300","0.4","0.3","0.2","0.05","0.7","0.55","300","3185","2576","609","0.1912087912087912","2576","1143","0.3601013769137278","0.035138899046701665"
"1372","300","0.4","0.3","0.2","0.05","0.7","0.55","300","3110","2562","548","0.1762057877813505","2562","1172","0.35930004606710053","0.03439644802919269"
"1375","300","0.4","0.3","0.2","0.05","0.7","0.55","300","3139","2550","589","0.187639375597324","2550","1143","0.35146496061815485","0.04014965771519159"
"1376","300","0.4","0.3","0.2","0.05","0.7","0.55","300","3211","2574","637","0.19838056680161945","2574","1162","0.35601521108110057","0.025922483398951774"
"1377","300","0.4","0.3","0.2","0.05","0.7","0.55","300","3156","2556","600","0.19011406844106463","2556","1115","0.35839958375854697","0.03419647867420954"
"1378","300","0.4","0.3","0.2","0.05","0.7","0.55","300","3111","2558","553","0.17775634844101576","2558","1155","0.3539027693670287","0.03314270018614573"
"1379","300","0.4","0.3","0.2","0.05","0.7","0.55","300","3143","2525","618","0.19662742602608974","2525","1133","0.35239852224773727","0.04001280376067707"
"1380","300","0.4","0.3","0.2","0.05","0.7","0.55","300","3149","2553","596","0.18926643378850427","2553","1147","0.355907887886682","0.04311371678347651"
"1381","300","0.4","0.3","0.2","0.05","0.7","0.6","300","3061","2632","429","0.1401502776870304","2632","1068","0.3479531590354556","0.03473724617151798"
"1382","300","0.4","0.3","0.2","0.05","0.7","0.6","300","3034","2606","428","0.14106789716545814","2606","990","0.34287523540414977","0.04131187113422554"
"1384","300","0.4","0.3","0.2","0.05","0.7","0.6","300","3078","2632","446","0.14489928525016244","2632","1052","0.3434515362262136","0.02638091051273646"
"1383","300","0.4","0.3","0.2","0.05","0.7","0.6","300","3023","2583","440","0.14555077737347005","2583","1025","0.34007045018700255","0.034705375471879435"
"1385","300","0.4","0.3","0.2","0.05","0.7","0.6","300","3065","2590","475","0.15497553017944535","2590","1015","0.3421608017905658","0.03609625960441662"
"1386","300","0.4","0.3","0.2","0.05","0.7","0.6","300","3085","2654","431","0.13970826580226905","2654","1083","0.3485158802435872","0.03718183418236392"
"1387","300","0.4","0.3","0.2","0.05","0.7","0.6","300","3056","2634","422","0.1380890052356021","2634","1025","0.34384234769495337","0.03521758976225577"
"1388","300","0.4","0.3","0.2","0.05","0.7","0.6","300","3075","2629","446","0.14504065040650407","2629","1075","0.3442156255156282","0.03186390707710263"
"1389","300","0.4","0.3","0.2","0.05","0.7","0.6","300","3088","2639","449","0.14540155440414507","2639","1045","0.34428897174256096","0.03430328807006894"
"1390","300","0.4","0.3","0.2","0.05","0.7","0.6","300","3097","2643","454","0.146593477558928","2643","1020","0.33863311674104435","0.034587569913345835"
"1391","300","0.4","0.3","0.2","0.05","0.7","0.65","300","3006","2662","344","0.11443779108449767","2662","945","0.3373095260876466","0.03689653793832085"
"1394","300","0.4","0.3","0.2","0.05","0.7","0.65","300","3060","2729","331","0.10816993464052288","2729","958","0.3346269417101073","0.03733483810647605"
"1393","300","0.4","0.3","0.2","0.05","0.7","0.65","300","3022","2681","341","0.1128391793514229","2681","950","0.3392689098014312","0.023833749166666505"
"1395","300","0.4","0.3","0.2","0.05","0.7","0.65","300","3011","2713","298","0.09897044171371637","2713","912","0.3349555278171833","0.02347742914003822"
"1392","300","0.4","0.3","0.2","0.05","0.7","0.65","300","2919","2606","313","0.10722850291195615","2606","914","0.33202207688269164","0.04318887484003766"
"1396","300","0.4","0.3","0.2","0.05","0.7","0.65","300","3023","2697","326","0.10783989414488919","2697","957","0.33860122048607855","0.02976291039181494"
"1397","300","0.4","0.3","0.2","0.05","0.7","0.65","300","3031","2695","336","0.11085450346420324","2695","970","0.3378079306102939","0.02710655969010574"
"1399","300","0.4","0.3","0.2","0.05","0.7","0.65","300","3051","2703","348","0.11406096361848574","2703","912","0.337352102415641","0.03355179512906381"
"1398","300","0.4","0.3","0.2","0.05","0.7","0.65","300","3004","2632","372","0.12383488681757657","2632","921","0.3340228919198909","0.03217035226728383"
"1400","300","0.4","0.3","0.2","0.05","0.7","0.65","300","3003","2665","338","0.11255411255411256","2665","967","0.33625107923499176","0.03475560390333061"
"1402","300","0.4","0.3","0.2","0.05","0.7","0.7","300","3030","2756","274","0.09042904290429044","2756","788","0.3279721637572646","0.02438948991895353"
"1401","300","0.4","0.3","0.2","0.05","0.7","0.7","300","2962","2711","251","0.08474004051316678","2711","774","0.32948661044113736","0.033393262673529295"
"1403","300","0.4","0.3","0.2","0.05","0.7","0.7","300","2966","2706","260","0.08766014834794336","2706","853","0.3255837498690369","0.03575739474987129"
"1405","300","0.4","0.3","0.2","0.05","0.7","0.7","300","3015","2734","281","0.09320066334991708","2734","806","0.32467464190397743","0.02648396078764529"
"1404","300","0.4","0.3","0.2","0.05","0.7","0.7","300","2933","2682","251","0.08557790658029321","2682","831","0.3280798090231967","0.03183331481533318"
"1406","300","0.4","0.3","0.2","0.05","0.7","0.7","300","2961","2707","254","0.08578183046268152","2707","756","0.3273790263684128","0.032077643919470517"
"1407","300","0.4","0.3","0.2","0.05","0.7","0.7","300","2968","2692","276","0.09299191374663072","2692","830","0.3315146191980039","0.032769831440708067"
"1408","300","0.4","0.3","0.2","0.05","0.7","0.7","300","2904","2665","239","0.08230027548209366","2665","838","0.323057635707677","0.030828313347599105"
"1409","300","0.4","0.3","0.2","0.05","0.7","0.7","300","2955","2736","219","0.07411167512690356","2736","828","0.3250985136455506","0.03293599799432615"
"1411","300","0.4","0.3","0.2","0.05","0.7","0.75","300","2883","2685","198","0.06867845993756504","2685","694","0.3174617406331927","0.032487359664867814"
"1410","300","0.4","0.3","0.2","0.05","0.7","0.7","300","2985","2711","274","0.09179229480737018","2711","802","0.32525125203328875","0.028642932442189965"
"1412","300","0.4","0.3","0.2","0.05","0.7","0.75","300","2920","2742","178","0.06095890410958904","2742","692","0.31929882802589016","0.026076016727061068"
"1413","300","0.4","0.3","0.2","0.05","0.7","0.75","300","2947","2754","193","0.0654903291482864","2754","722","0.3201245909331735","0.027098370275093035"
"1417","300","0.4","0.3","0.2","0.05","0.7","0.75","300","2939","2738","201","0.06839060905069752","2738","685","0.3206833307334074","0.032625447191974695"
"1416","300","0.4","0.3","0.2","0.05","0.7","0.75","300","2941","2757","184","0.06256375382522951","2757","706","0.3214438310450502","0.028318540362415708"
"1420","300","0.4","0.3","0.2","0.05","0.7","0.75","300","2906","2721","185","0.06366139022711631","2721","646","0.32049112221425935","0.03386538830237733"
"1414","300","0.4","0.3","0.2","0.05","0.7","0.75","300","2961","2766","195","0.06585612968591692","2766","667","0.3169685534878256","0.035836748302757106"
"1418","300","0.4","0.3","0.2","0.05","0.7","0.75","300","2925","2741","184","0.06290598290598291","2741","693","0.31684799581292156","0.027842123551113342"
"1421","300","0.4","0.3","0.2","0.05","0.7","0.8","300","2898","2742","156","0.053830227743271224","2742","565","0.31302138918857714","0.027728191548224982"
"1415","300","0.4","0.3","0.2","0.05","0.7","0.75","300","2959","2783","176","0.05947955390334572","2783","690","0.32272103549814335","0.03260911789458642"
"1423","300","0.4","0.3","0.2","0.05","0.7","0.8","300","2817","2680","137","0.04863329783457579","2680","538","0.3117356072411382","0.027114037779735773"
"1419","300","0.4","0.3","0.2","0.05","0.7","0.75","300","2904","2751","153","0.05268595041322314","2751","687","0.3206523091767819","0.02734790544031235"
"1422","300","0.4","0.3","0.2","0.05","0.7","0.8","300","2956","2813","143","0.048376184032476316","2813","589","0.3121193572729418","0.02870748296614804"
"1424","300","0.4","0.3","0.2","0.05","0.7","0.8","300","2954","2799","155","0.05247122545700745","2799","531","0.3106369069814031","0.034700642589898426"
"1425","300","0.4","0.3","0.2","0.05","0.7","0.8","300","2931","2772","159","0.05424769703172978","2772","535","0.3136107175955732","0.029341567897916542"
"1427","300","0.4","0.3","0.2","0.05","0.7","0.8","300","2957","2812","145","0.049036185322962465","2812","547","0.309881685955366","0.03529584889648683"
"1426","300","0.4","0.3","0.2","0.05","0.7","0.8","300","2924","2767","157","0.05369357045143639","2767","575","0.31367486516154625","0.030662899051234097"
"1428","300","0.4","0.3","0.2","0.05","0.7","0.8","300","2988","2834","154","0.051539491298527446","2834","529","0.31311624127212706","0.028712198179114447"
"1429","300","0.4","0.3","0.2","0.05","0.7","0.8","300","2959","2834","125","0.042244001351808044","2834","588","0.31636393495844545","0.028934803236852092"
"1430","300","0.4","0.3","0.2","0.05","0.7","0.8","300","2894","2744","150","0.051831375259156875","2744","563","0.3129008428012675","0.029795624131734907"
"1431","300","0.4","0.3","0.2","0.05","0.75","0.2","300","5019","1779","3240","0.6455469216975493","1779","1420","0.4222554202393652","0.049263235431810486"
"1432","300","0.4","0.3","0.2","0.05","0.75","0.2","300","5079","1774","3305","0.6507186454026384","1774","1401","0.41879380566684393","0.06098666389769138"
"1433","300","0.4","0.3","0.2","0.05","0.75","0.2","300","5021","1775","3246","0.6464847639912368","1775","1432","0.43098771740134234","0.051232582216764404"
"1434","300","0.4","0.3","0.2","0.05","0.75","0.2","300","4968","1758","3210","0.6461352657004831","1758","1414","0.41862328041426833","0.05210049378642054"
"1435","300","0.4","0.3","0.2","0.05","0.75","0.2","300","5008","1740","3268","0.652555910543131","1740","1401","0.4225247041868883","0.05883699799580763"
"1436","300","0.4","0.3","0.2","0.05","0.75","0.2","300","4888","1771","3117","0.637684124386252","1771","1415","0.4250287114804326","0.0582540715876391"
"1438","300","0.4","0.3","0.2","0.05","0.75","0.2","300","4982","1760","3222","0.6467282215977519","1760","1393","0.4226737045828745","0.060117835217196665"
"1440","300","0.4","0.3","0.2","0.05","0.75","0.2","300","5025","1799","3226","0.6419900497512437","1799","1474","0.4328064319454064","0.048613678435955716"
"1442","300","0.4","0.3","0.2","0.05","0.75","0.25","300","4522","1871","2651","0.5862450243255197","1871","1432","0.41087338972690673","0.04136975049053726"
"1439","300","0.4","0.3","0.2","0.05","0.75","0.2","300","4921","1783","3138","0.6376752692542166","1783","1437","0.42449710845704697","0.04588579369276323"
"1443","300","0.4","0.3","0.2","0.05","0.75","0.25","300","4434","1907","2527","0.569914298601714","1907","1457","0.4327001888751006","0.041032186363021916"
"1448","300","0.4","0.3","0.2","0.05","0.75","0.25","300","4517","1928","2589","0.5731680318795661","1928","1463","0.42853131473257083","0.04432073025290262"
"1445","300","0.4","0.3","0.2","0.05","0.75","0.25","300","4463","1890","2573","0.5765180371947121","1890","1398","0.4270277434705152","0.043760766080892285"
"1447","300","0.4","0.3","0.2","0.05","0.75","0.25","300","4533","1880","2653","0.5852636223251709","1880","1420","0.4138145528592488","0.04868220304849084"
"1444","300","0.4","0.3","0.2","0.05","0.75","0.25","300","4558","1899","2659","0.5833698990785432","1899","1404","0.42264514807842685","0.04017648196740032"
"1446","300","0.4","0.3","0.2","0.05","0.75","0.25","300","4594","1893","2701","0.5879407923378319","1893","1410","0.42056875667331806","0.0477415641630701"
"1437","300","0.4","0.3","0.2","0.05","0.75","0.2","300","4977","1770","3207","0.6443640747438216","1770","1443","0.4318158657154508","0.049214859853754615"
"1441","300","0.4","0.3","0.2","0.05","0.75","0.25","300","4386","1919","2467","0.5624715002279982","1919","1399","0.42800288002612175","0.039302658230149216"
"1450","300","0.4","0.3","0.2","0.05","0.75","0.25","300","4534","1921","2613","0.5763123070136744","1921","1442","0.42202510390055553","0.042130230926354324"
"1449","300","0.4","0.3","0.2","0.05","0.75","0.25","300","4490","1864","2626","0.5848552338530066","1864","1382","0.4157981751821994","0.04216018221173248"
"1452","300","0.4","0.3","0.2","0.05","0.75","0.3","300","4032","1994","2038","0.5054563492063492","1994","1394","0.4098926076035865","0.04321113175799933"
"1454","300","0.4","0.3","0.2","0.05","0.75","0.3","300","4108","2017","2091","0.5090068159688412","2017","1427","0.40812935106256193","0.047560698870574326"
"1455","300","0.4","0.3","0.2","0.05","0.75","0.3","300","4146","2012","2134","0.5147129763627593","2012","1415","0.4115579397865654","0.04031126332797899"
"1453","300","0.4","0.3","0.2","0.05","0.75","0.3","300","4138","2043","2095","0.5062832286128565","2043","1416","0.40254436778686753","0.04285339543346163"
"1451","300","0.4","0.3","0.2","0.05","0.75","0.3","300","4106","1997","2109","0.5136385776911836","1997","1427","0.4084023676464921","0.05597696066322989"
"1457","300","0.4","0.3","0.2","0.05","0.75","0.3","300","4046","2010","2036","0.5032130499258527","2010","1446","0.41074699909882134","0.03892755180546952"
"1458","300","0.4","0.3","0.2","0.05","0.75","0.3","300","4068","2007","2061","0.5066371681415929","2007","1425","0.41597805326867954","0.04326919731883477"
"1456","300","0.4","0.3","0.2","0.05","0.75","0.3","300","4071","2024","2047","0.5028248587570622","2024","1401","0.4023969553797953","0.05479544695524221"
"1459","300","0.4","0.3","0.2","0.05","0.75","0.3","300","4129","2015","2114","0.5119883749091789","2015","1425","0.413987635535843","0.048007277007903165"
"1461","300","0.4","0.3","0.2","0.05","0.75","0.35","300","3777","2132","1645","0.43553084458565","2132","1387","0.398986466848436","0.04038389683985396"
"1462","300","0.4","0.3","0.2","0.05","0.75","0.35","300","3694","2118","1576","0.42663779101245264","2118","1364","0.4068518847329268","0.04155480657339138"
"1463","300","0.4","0.3","0.2","0.05","0.75","0.35","300","3679","2077","1602","0.4354444142430008","2077","1360","0.40307280701194625","0.03873110371409621"
"1464","300","0.4","0.3","0.2","0.05","0.75","0.35","300","3753","2120","1633","0.4351185718092193","2120","1386","0.4029746976750511","0.039562294303483445"
"1466","300","0.4","0.3","0.2","0.05","0.75","0.35","300","3778","2140","1638","0.4335627316040233","2140","1411","0.3973241656825836","0.04478915763003946"
"1465","300","0.4","0.3","0.2","0.05","0.75","0.35","300","3778","2110","1668","0.44150344097406036","2110","1345","0.40766552094152764","0.03417320478213521"
"1467","300","0.4","0.3","0.2","0.05","0.75","0.35","300","3721","2127","1594","0.42837946788497716","2127","1377","0.3958961099029484","0.038151609379748555"
"1468","300","0.4","0.3","0.2","0.05","0.75","0.35","300","3793","2095","1698","0.4476667545478513","2095","1357","0.39196633016849974","0.034343436075384724"
"1460","300","0.4","0.3","0.2","0.05","0.75","0.3","300","4103","2032","2071","0.5047526200341214","2032","1415","0.4182732582184138","0.048131884167675026"
"1470","300","0.4","0.3","0.2","0.05","0.75","0.35","300","3754","2145","1609","0.42860948321790093","2145","1385","0.3905379655046048","0.04669907670783758"
"1473","300","0.4","0.3","0.2","0.05","0.75","0.4","300","3492","2251","1241","0.35538373424971365","2251","1327","0.3945614484201803","0.032459067537101434"
"1469","300","0.4","0.3","0.2","0.05","0.75","0.35","300","3748","2138","1610","0.4295624332977588","2138","1390","0.41241330875026255","0.03594817969510031"
"1474","300","0.4","0.3","0.2","0.05","0.75","0.4","300","3583","2282","1301","0.36310354451576893","2282","1351","0.38947528635968415","0.030389481292301"
"1471","300","0.4","0.3","0.2","0.05","0.75","0.4","300","3487","2217","1270","0.36420992256954404","2217","1357","0.399296755337744","0.0336426694358866"
"1472","300","0.4","0.3","0.2","0.05","0.75","0.4","300","3506","2261","1245","0.35510553337136336","2261","1364","0.39551048601758887","0.032023986935893846"
"1475","300","0.4","0.3","0.2","0.05","0.75","0.4","300","3548","2225","1323","0.37288613303269447","2225","1360","0.3941045412619306","0.044543198570142585"
"1476","300","0.4","0.3","0.2","0.05","0.75","0.4","300","3533","2246","1287","0.3642796490234928","2246","1348","0.3991953113722906","0.034178532365226895"
"1477","300","0.4","0.3","0.2","0.05","0.75","0.4","300","3473","2236","1237","0.3561762165274978","2236","1352","0.3945982323224519","0.040583034900351575"
"1478","300","0.4","0.3","0.2","0.05","0.75","0.4","300","3527","2253","1274","0.36121349588885737","2253","1389","0.38705916299237453","0.03798237849972278"
"1479","300","0.4","0.3","0.2","0.05","0.75","0.4","300","3520","2259","1261","0.35823863636363634","2259","1399","0.39924694074733863","0.034077255086575574"
"1480","300","0.4","0.3","0.2","0.05","0.75","0.4","300","3584","2208","1376","0.38392857142857145","2208","1345","0.3986778948992157","0.03043723746777185"
"1481","300","0.4","0.3","0.2","0.05","0.75","0.45","300","3397","2344","1053","0.30997939358257287","2344","1302","0.37019399796654756","0.03595257283465641"
"1482","300","0.4","0.3","0.2","0.05","0.75","0.45","300","3353","2344","1009","0.3009245451834178","2344","1270","0.3819987867872578","0.036262153460236035"
"1483","300","0.4","0.3","0.2","0.05","0.75","0.45","300","3364","2346","1018","0.30261593341260407","2346","1333","0.384812681041151","0.030821735118506464"
"1484","300","0.4","0.3","0.2","0.05","0.75","0.45","300","3376","2347","1029","0.30479857819905215","2347","1332","0.3863135188386234","0.03425385021573144"
"1485","300","0.4","0.3","0.2","0.05","0.75","0.45","300","3329","2340","989","0.2970862120756984","2340","1329","0.38779144643754115","0.04434445539556733"
"1486","300","0.4","0.3","0.2","0.05","0.75","0.45","300","3341","2328","1013","0.30320263394193353","2328","1285","0.3692322122648525","0.03968305887495896"
"1488","300","0.4","0.3","0.2","0.05","0.75","0.45","300","3383","2337","1046","0.30919302394324566","2337","1290","0.378177966349477","0.029760834346269867"
"1487","300","0.4","0.3","0.2","0.05","0.75","0.45","300","3331","2357","974","0.29240468327829483","2357","1307","0.37695755663707015","0.04008857906436341"
"1489","300","0.4","0.3","0.2","0.05","0.75","0.45","300","3399","2390","1009","0.29685201529861727","2390","1335","0.37878434296418456","0.033274729149841996"
"1490","300","0.4","0.3","0.2","0.05","0.75","0.45","300","3252","2333","919","0.28259532595325954","2333","1307","0.3750149562300679","0.04165029741363268"
"1491","300","0.4","0.3","0.2","0.05","0.75","0.5","300","3259","2491","768","0.23565510892911937","2491","1237","0.37726190495370154","0.032175568844338816"
"1494","300","0.4","0.3","0.2","0.05","0.75","0.5","300","3330","2506","824","0.24744744744744746","2506","1244","0.3671914620438193","0.03772199055291361"
"1492","300","0.4","0.3","0.2","0.05","0.75","0.5","300","3214","2435","779","0.24237710018668326","2435","1237","0.3700174037829786","0.03749444501433355"
"1493","300","0.4","0.3","0.2","0.05","0.75","0.5","300","3246","2455","791","0.24368453481207641","2455","1248","0.36429109628774803","0.03386599431683855"
"1496","300","0.4","0.3","0.2","0.05","0.75","0.5","300","3223","2463","760","0.2358051504809184","2463","1185","0.3666523810983026","0.033877154223659174"
"1495","300","0.4","0.3","0.2","0.05","0.75","0.5","300","3179","2427","752","0.23655237496067946","2427","1211","0.3689489495467529","0.030647085357283586"
"1499","300","0.4","0.3","0.2","0.05","0.75","0.5","300","3215","2446","769","0.23919129082426127","2446","1173","0.3612087133698845","0.038377840330771074"
"1497","300","0.4","0.3","0.2","0.05","0.75","0.5","300","3260","2453","807","0.24754601226993864","2453","1225","0.36066117804234527","0.04592569747375464"
"1498","300","0.4","0.3","0.2","0.05","0.75","0.5","300","3175","2436","739","0.23275590551181102","2436","1175","0.37014473676564075","0.03729324640150778"
"1500","300","0.4","0.3","0.2","0.05","0.75","0.5","300","3173","2410","763","0.24046643554995273","2410","1227","0.3731788082434958","0.036340953447458184"
"1501","300","0.4","0.3","0.2","0.05","0.75","0.55","300","3058","2521","537","0.17560497056899935","2521","1135","0.35703095413392966","0.03792200867007358"
"1502","300","0.4","0.3","0.2","0.05","0.75","0.55","300","3138","2541","597","0.19024856596558318","2541","1105","0.36207279302103273","0.04067995061332517"
"1504","300","0.4","0.3","0.2","0.05","0.75","0.55","300","3089","2504","585","0.18938167691809646","2504","1135","0.3569442925749234","0.03484908372019775"
"1503","300","0.4","0.3","0.2","0.05","0.75","0.55","300","3160","2560","600","0.189873417721519","2560","1189","0.36491680795100234","0.02939997841127908"
"1505","300","0.4","0.3","0.2","0.05","0.75","0.55","300","3093","2485","608","0.19657290656320725","2485","1115","0.35859374299225893","0.03235748597850708"
"1506","300","0.4","0.3","0.2","0.05","0.75","0.55","300","3119","2515","604","0.19365181147803784","2515","1190","0.359838427862968","0.031968123885971436"
"1508","300","0.4","0.3","0.2","0.05","0.75","0.55","300","3135","2513","622","0.19840510366826156","2513","1113","0.3643344421206176","0.033997012390705766"
"1507","300","0.4","0.3","0.2","0.05","0.75","0.55","300","3142","2526","616","0.196053469127944","2526","1127","0.3574482271334559","0.038661505077684864"
"1509","300","0.4","0.3","0.2","0.05","0.75","0.55","300","3105","2516","589","0.1896940418679549","2516","1139","0.35387384453278636","0.02688834491975296"
"1510","300","0.4","0.3","0.2","0.05","0.75","0.55","300","3166","2546","620","0.19583070120025267","2546","1200","0.36456538679864664","0.030061563265601474"
"1512","300","0.4","0.3","0.2","0.05","0.75","0.6","300","3059","2597","462","0.15102974828375287","2597","1113","0.353476931564839","0.02988486455954005"
"1511","300","0.4","0.3","0.2","0.05","0.75","0.6","300","3081","2586","495","0.16066212268743915","2586","1057","0.3426168613084237","0.035252573160754766"
"1513","300","0.4","0.3","0.2","0.05","0.75","0.6","300","3025","2557","468","0.1547107438016529","2557","1012","0.35045328195651765","0.030447521657031112"
"1514","300","0.4","0.3","0.2","0.05","0.75","0.6","300","3064","2594","470","0.15339425587467362","2594","1064","0.3501995190736257","0.03184869696905907"
"1515","300","0.4","0.3","0.2","0.05","0.75","0.6","300","3001","2562","439","0.14628457180939686","2562","1060","0.35334184900719584","0.030995601731084607"
"1516","300","0.4","0.3","0.2","0.05","0.75","0.6","300","3073","2615","458","0.14904002603319233","2615","1051","0.34429375773346377","0.03763675618513124"
"1518","300","0.4","0.3","0.2","0.05","0.75","0.6","300","3030","2621","409","0.13498349834983497","2621","1026","0.3406442620914594","0.031859984512736715"
"1517","300","0.4","0.3","0.2","0.05","0.75","0.6","300","3041","2593","448","0.14731996053929627","2593","996","0.351372965309991","0.03525036554660076"
"1519","300","0.4","0.3","0.2","0.05","0.75","0.6","300","3110","2645","465","0.1495176848874598","2645","1037","0.34587066169204933","0.030778408433678458"
"1521","300","0.4","0.3","0.2","0.05","0.75","0.65","300","3012","2645","367","0.12184594953519257","2645","911","0.33639342002551215","0.03589471636781756"
"1520","300","0.4","0.3","0.2","0.05","0.75","0.6","300","3029","2571","458","0.15120501815780785","2571","1014","0.3493297297015574","0.02991018166691395"
"1522","300","0.4","0.3","0.2","0.05","0.75","0.65","300","3046","2677","369","0.1211424819435325","2677","938","0.3396910683863558","0.03573177771750247"
"1524","300","0.4","0.3","0.2","0.05","0.75","0.65","300","3009","2683","326","0.10834164174144234","2683","993","0.33478175568874047","0.0268920340995195"
"1523","300","0.4","0.3","0.2","0.05","0.75","0.65","300","2983","2653","330","0.11062688568555146","2653","976","0.34161569452559903","0.03779997786543203"
"1525","300","0.4","0.3","0.2","0.05","0.75","0.65","300","3037","2703","334","0.10997695093842608","2703","951","0.3392041956882685","0.032609591079010264"
"1526","300","0.4","0.3","0.2","0.05","0.75","0.65","300","3008","2593","415","0.1379654255319149","2593","888","0.3350650713961871","0.03566452840475394"
"1527","300","0.4","0.3","0.2","0.05","0.75","0.65","300","2979","2673","306","0.1027190332326284","2673","992","0.3433272134208119","0.026080049780511098"
"1528","300","0.4","0.3","0.2","0.05","0.75","0.65","300","2970","2619","351","0.11818181818181818","2619","896","0.3391259258183776","0.035136192261929274"
"1529","300","0.4","0.3","0.2","0.05","0.75","0.65","300","2961","2647","314","0.1060452549814252","2647","964","0.3393580513950455","0.035275809208272224"
"1531","300","0.4","0.3","0.2","0.05","0.75","0.7","300","2898","2661","237","0.08178053830227744","2661","807","0.3278463047909992","0.03407558409036627"
"1533","300","0.4","0.3","0.2","0.05","0.75","0.7","300","2920","2688","232","0.07945205479452055","2688","828","0.3292150613522475","0.030893038767989704"
"1530","300","0.4","0.3","0.2","0.05","0.75","0.65","300","2969","2635","334","0.11249578982822499","2635","898","0.33221386468376385","0.036662382733333186"
"1532","300","0.4","0.3","0.2","0.05","0.75","0.7","300","2946","2678","268","0.09097080787508487","2678","827","0.3312089574899955","0.02482930583791098"
"1534","300","0.4","0.3","0.2","0.05","0.75","0.7","300","2904","2641","263","0.09056473829201102","2641","814","0.32548841631864384","0.04093803236492815"
"1536","300","0.4","0.3","0.2","0.05","0.75","0.7","300","2908","2666","242","0.08321870701513068","2666","813","0.3297649888794328","0.024678712189103946"
"1535","300","0.4","0.3","0.2","0.05","0.75","0.7","300","2964","2680","284","0.09581646423751687","2680","799","0.3263801160370136","0.030688377379239327"
"1537","300","0.4","0.3","0.2","0.05","0.75","0.7","300","2998","2709","289","0.09639759839893262","2709","834","0.3236049712883185","0.037270396488966004"
"1538","300","0.4","0.3","0.2","0.05","0.75","0.7","300","2932","2684","248","0.08458390177353342","2684","807","0.3310787026169569","0.026700244487119034"
"1540","300","0.4","0.3","0.2","0.05","0.75","0.7","300","2954","2687","267","0.09038591740013541","2687","809","0.3238722900050797","0.03321468104083845"
"1539","300","0.4","0.3","0.2","0.05","0.75","0.7","300","2948","2699","249","0.0844640434192673","2699","869","0.32622476347407764","0.037655161168232164"
"1543","300","0.4","0.3","0.2","0.05","0.75","0.75","300","2869","2691","178","0.06204252352736145","2691","669","0.31863517964063304","0.029187075984140356"
"1544","300","0.4","0.3","0.2","0.05","0.75","0.75","300","2929","2723","206","0.0703311710481393","2723","658","0.3211626384955982","0.031009509567091018"
"1541","300","0.4","0.3","0.2","0.05","0.75","0.75","300","2935","2724","211","0.07189097103918228","2724","663","0.3182265700375696","0.03431748532156113"
"1545","300","0.4","0.3","0.2","0.05","0.75","0.75","300","2890","2714","176","0.06089965397923876","2714","707","0.31658286773097644","0.034460841584738014"
"1542","300","0.4","0.3","0.2","0.05","0.75","0.75","300","2862","2693","169","0.05904961565338924","2693","643","0.31745232662953976","0.03251597716410914"
"1547","300","0.4","0.3","0.2","0.05","0.75","0.75","300","2832","2655","177","0.0625","2655","654","0.318824094113826","0.027504070396232122"
"1546","300","0.4","0.3","0.2","0.05","0.75","0.75","300","2923","2721","202","0.06910708176530961","2721","693","0.3197314763119853","0.0255224725052659"
"1549","300","0.4","0.3","0.2","0.05","0.75","0.75","300","2992","2776","216","0.07219251336898395","2776","699","0.31811463905180803","0.03372422791171506"
"1548","300","0.4","0.3","0.2","0.05","0.75","0.75","300","2931","2724","207","0.07062436028659161","2724","678","0.3213422809813012","0.03322989496338527"
"1550","300","0.4","0.3","0.2","0.05","0.75","0.75","300","2948","2756","192","0.06512890094979647","2756","635","0.31761027304615086","0.031682775622682"
"1551","300","0.4","0.3","0.2","0.05","0.75","0.8","300","2906","2746","160","0.05505849965588438","2746","570","0.31349132454615697","0.03515715794764228"
"1553","300","0.4","0.3","0.2","0.05","0.75","0.8","300","2915","2768","147","0.05042881646655232","2768","577","0.3130170290007239","0.03091161351480192"
"1552","300","0.4","0.3","0.2","0.05","0.75","0.8","300","2905","2775","130","0.04475043029259897","2775","535","0.31198291034763637","0.031342033327083185"
"1554","300","0.4","0.3","0.2","0.05","0.75","0.8","300","2880","2712","168","0.058333333333333334","2712","539","0.3107021089686601","0.0453612964222808"
"1555","300","0.4","0.3","0.2","0.05","0.75","0.8","300","2884","2724","160","0.05547850208044383","2724","552","0.31224561200219536","0.030381688613442575"
"1556","300","0.4","0.3","0.2","0.05","0.75","0.8","300","2912","2756","156","0.05357142857142857","2756","531","0.31314979201902704","0.033098267271432016"
"1558","300","0.4","0.3","0.2","0.05","0.75","0.8","300","2875","2706","169","0.058782608695652175","2706","549","0.31254750429333683","0.03651330667902459"
"1557","300","0.4","0.3","0.2","0.05","0.75","0.8","300","2951","2807","144","0.04879701796001355","2807","531","0.3149063093224675","0.03549874867825756"
"1561","300","0.4","0.3","0.2","0.05","0.8","0.2","300","4887","1733","3154","0.6453857172089217","1733","1366","0.4312580677885424","0.051869037247191774"
"1560","300","0.4","0.3","0.2","0.05","0.75","0.8","300","2869","2720","149","0.05193447194144301","2720","538","0.31231663777250485","0.03259396357135492"
"1559","300","0.4","0.3","0.2","0.05","0.75","0.8","300","2935","2782","153","0.05212947189097104","2782","596","0.3116917389142051","0.030614069825234628"
"1564","300","0.4","0.3","0.2","0.05","0.8","0.2","300","4898","1727","3171","0.6474071049407921","1727","1379","0.4309635797703271","0.05576406792002301"
"1563","300","0.4","0.3","0.2","0.05","0.8","0.2","300","4915","1708","3207","0.6524923702950153","1708","1387","0.4307414753623132","0.052815294762358606"
"1562","300","0.4","0.3","0.2","0.05","0.8","0.2","300","4865","1752","3113","0.6398766700924974","1752","1422","0.43825377991076225","0.05384391364707491"
"1566","300","0.4","0.3","0.2","0.05","0.8","0.2","300","4826","1702","3124","0.6473269788644841","1702","1377","0.4342527839785493","0.05874164535999004"
"1565","300","0.4","0.3","0.2","0.05","0.8","0.2","300","4897","1728","3169","0.6471308964672249","1728","1369","0.43091140320356097","0.0564701207206381"
"1567","300","0.4","0.3","0.2","0.05","0.8","0.2","300","4967","1706","3261","0.6565331185826455","1706","1372","0.423863969917613","0.05243616688920187"
"1568","300","0.4","0.3","0.2","0.05","0.8","0.2","300","4818","1742","3076","0.6384391863843919","1742","1401","0.42274056956261136","0.04323053966317778"
"1569","300","0.4","0.3","0.2","0.05","0.8","0.2","300","4926","1710","3216","0.6528623629719854","1710","1387","0.42584449421287585","0.06665714485850052"
"1570","300","0.4","0.3","0.2","0.05","0.8","0.2","300","4836","1720","3116","0.6443341604631927","1720","1384","0.42911155327821227","0.058794958197892794"
"1571","300","0.4","0.3","0.2","0.05","0.8","0.25","300","4432","1840","2592","0.5848375451263538","1840","1420","0.42467078529322894","0.04277872845542808"
"1572","300","0.4","0.3","0.2","0.05","0.8","0.25","300","4450","1847","2603","0.5849438202247191","1847","1371","0.43025339690821","0.040569692377685394"
"1573","300","0.4","0.3","0.2","0.05","0.8","0.25","300","4408","1855","2553","0.5791742286751361","1855","1370","0.41653389865390217","0.05240465934980201"
"1574","300","0.4","0.3","0.2","0.05","0.8","0.25","300","4400","1794","2606","0.5922727272727273","1794","1310","0.4108759636260436","0.06011611555413122"
"1575","300","0.4","0.3","0.2","0.05","0.8","0.25","300","4414","1850","2564","0.5808790212958768","1850","1351","0.4238551443141635","0.04298428127085856"
"1576","300","0.4","0.3","0.2","0.05","0.8","0.25","300","4481","1836","2645","0.5902700290113814","1836","1382","0.421529271772491","0.042194311128737144"
"1577","300","0.4","0.3","0.2","0.05","0.8","0.25","300","4396","1826","2570","0.5846223839854413","1826","1386","0.4311746569145769","0.04549814823006694"
"1578","300","0.4","0.3","0.2","0.05","0.8","0.25","300","4360","1845","2515","0.5768348623853211","1845","1375","0.4287788736213974","0.051586116271201535"
"1579","300","0.4","0.3","0.2","0.05","0.8","0.25","300","4562","1844","2718","0.5957913195966681","1844","1376","0.4283283327586228","0.03870128317472531"
"1580","300","0.4","0.3","0.2","0.05","0.8","0.25","300","4427","1843","2584","0.5836909871244635","1843","1358","0.4173859916006018","0.04279908032621959"
"1581","300","0.4","0.3","0.2","0.05","0.8","0.3","300","3964","1956","2008","0.5065590312815338","1956","1401","0.415704017954287","0.03630886928107778"
"1582","300","0.4","0.3","0.2","0.05","0.8","0.3","300","4085","1946","2139","0.5236230110159119","1946","1380","0.4197678859002538","0.03932543801330088"
"1583","300","0.4","0.3","0.2","0.05","0.8","0.3","300","3965","1952","2013","0.5076923076923077","1952","1377","0.41158298361796436","0.04768994857103092"
"1584","300","0.4","0.3","0.2","0.05","0.8","0.3","300","4000","1919","2081","0.52025","1919","1380","0.4131467857033245","0.043487399359058945"
"1585","300","0.4","0.3","0.2","0.05","0.8","0.3","300","4006","1973","2033","0.5074887668497254","1973","1364","0.4228390118851446","0.03610287547507022"
"1586","300","0.4","0.3","0.2","0.05","0.8","0.3","300","4042","1947","2095","0.5183077684314695","1947","1366","0.41473738852761716","0.05005313502444983"
"1587","300","0.4","0.3","0.2","0.05","0.8","0.3","300","4015","1969","2046","0.5095890410958904","1969","1375","0.4192881299935118","0.04199489169190583"
"1588","300","0.4","0.3","0.2","0.05","0.8","0.3","300","4001","2010","1991","0.4976255936015996","2010","1409","0.41025919798571847","0.0451539961219762"
"1589","300","0.4","0.3","0.2","0.05","0.8","0.3","300","4042","1964","2078","0.5141019297377536","1964","1371","0.4085613937030718","0.05462152332898074"
"1590","300","0.4","0.3","0.2","0.05","0.8","0.3","300","4025","1919","2106","0.5232298136645963","1919","1320","0.4151578749736877","0.0475242791278843"
"1591","300","0.4","0.3","0.2","0.05","0.8","0.35","300","3809","2083","1726","0.4531373063796272","2083","1376","0.40485492879521845","0.04042917092390119"
"1592","300","0.4","0.3","0.2","0.05","0.8","0.35","300","3750","2053","1697","0.45253333333333334","2053","1358","0.40006267923733313","0.03328435296711391"
"1594","300","0.4","0.3","0.2","0.05","0.8","0.35","300","3757","2090","1667","0.44370508384349217","2090","1337","0.4046765149378672","0.038940833772031065"
"1593","300","0.4","0.3","0.2","0.05","0.8","0.35","300","3738","2101","1637","0.4379347244515784","2101","1383","0.40183480563412405","0.04922004758181386"
"1596","300","0.4","0.3","0.2","0.05","0.8","0.35","300","3706","2060","1646","0.4441446303291959","2060","1321","0.399016857933085","0.03760180815727362"
"1597","300","0.4","0.3","0.2","0.05","0.8","0.35","300","3647","2065","1582","0.43378119001919385","2065","1378","0.4101793696513711","0.04459397055645186"
"1595","300","0.4","0.3","0.2","0.05","0.8","0.35","300","3752","2095","1657","0.44163113006396587","2095","1364","0.4068256485086232","0.03257877401897002"
"1598","300","0.4","0.3","0.2","0.05","0.8","0.35","300","3718","2065","1653","0.44459386767079073","2065","1327","0.40067261809174426","0.045389307489580005"
"1599","300","0.4","0.3","0.2","0.05","0.8","0.35","300","3679","2080","1599","0.43462897526501765","2080","1325","0.4053664098813252","0.045761218487006365"
"1600","300","0.4","0.3","0.2","0.05","0.8","0.35","300","3729","2090","1639","0.43952802359882004","2090","1355","0.4105490712519008","0.03201417216602735"
"1601","300","0.4","0.3","0.2","0.05","0.8","0.4","300","3501","2233","1268","0.3621822336475293","2233","1310","0.390876571831321","0.039590864935347005"
"1602","300","0.4","0.3","0.2","0.05","0.8","0.4","300","3515","2197","1318","0.3749644381223329","2197","1317","0.3898453399028729","0.03872300702835725"
"1603","300","0.4","0.3","0.2","0.05","0.8","0.4","300","3464","2162","1302","0.3758660508083141","2162","1329","0.395779567542221","0.03957807570168922"
"1605","300","0.4","0.3","0.2","0.05","0.8","0.4","300","3468","2191","1277","0.3682237600922722","2191","1280","0.4006537665863027","0.02934427606733572"
"1604","300","0.4","0.3","0.2","0.05","0.8","0.4","300","3547","2251","1296","0.36537919368480404","2251","1362","0.40050054668849006","0.03544924639568962"
"1606","300","0.4","0.3","0.2","0.05","0.8","0.4","300","3460","2226","1234","0.35664739884393065","2226","1328","0.38607140897189046","0.04180746336968604"
"1607","300","0.4","0.3","0.2","0.05","0.8","0.4","300","3493","2197","1296","0.371027769825365","2197","1333","0.3970472644924116","0.03934762024242451"
"1608","300","0.4","0.3","0.2","0.05","0.8","0.4","300","3424","2202","1222","0.35689252336448596","2202","1329","0.4020033060906943","0.03508341710479403"
"1611","300","0.4","0.3","0.2","0.05","0.8","0.45","300","3358","2354","1004","0.2989874925550923","2354","1220","0.37737759934568627","0.033688022171400815"
"1609","300","0.4","0.3","0.2","0.05","0.8","0.4","300","3476","2182","1294","0.3722669735327963","2182","1326","0.38569185062436984","0.039121632467137644"
"1610","300","0.4","0.3","0.2","0.05","0.8","0.4","300","3534","2215","1319","0.37323146576117716","2215","1342","0.40016042539507685","0.033757145205458486"
"1612","300","0.4","0.3","0.2","0.05","0.8","0.45","300","3305","2326","979","0.2962178517397882","2326","1272","0.38999062712405075","0.03416413776177571"
"1613","300","0.4","0.3","0.2","0.05","0.8","0.45","300","3312","2294","1018","0.3073671497584541","2294","1238","0.39213182694392656","0.042042647818123655"
"1614","300","0.4","0.3","0.2","0.05","0.8","0.45","300","3232","2269","963","0.2979579207920792","2269","1236","0.3754909328243303","0.03489804718328568"
"1615","300","0.4","0.3","0.2","0.05","0.8","0.45","300","3286","2299","987","0.30036518563603165","2299","1261","0.38754097488337597","0.03497564681912542"
"1617","300","0.4","0.3","0.2","0.05","0.8","0.45","300","3346","2313","1033","0.30872683801554096","2313","1281","0.3798493845116943","0.03701262990970351"
"1616","300","0.4","0.3","0.2","0.05","0.8","0.45","300","3354","2307","1047","0.31216457960644006","2307","1263","0.3803556201322951","0.039635205511017145"
"1618","300","0.4","0.3","0.2","0.05","0.8","0.45","300","3333","2281","1052","0.31563156315631563","2281","1196","0.38500242095328","0.039512695633115456"
"1619","300","0.4","0.3","0.2","0.05","0.8","0.45","300","3367","2352","1015","0.30145530145530147","2352","1252","0.38285122976891584","0.03670633895375204"
"1620","300","0.4","0.3","0.2","0.05","0.8","0.45","300","3331","2337","994","0.2984088862203543","2337","1286","0.3884378873501904","0.030548657577146515"
"1621","300","0.4","0.3","0.2","0.05","0.8","0.5","300","3245","2432","813","0.2505392912172573","2432","1251","0.37336038627479423","0.03614208359129112"
"1622","300","0.4","0.3","0.2","0.05","0.8","0.5","300","3205","2419","786","0.2452418096723869","2419","1185","0.37790221835066673","0.034154283239957534"
"1623","300","0.4","0.3","0.2","0.05","0.8","0.5","300","3144","2388","756","0.24045801526717558","2388","1203","0.36996169045121347","0.031993802489830706"
"1624","300","0.4","0.3","0.2","0.05","0.8","0.5","300","3244","2453","791","0.2438347718865598","2453","1223","0.37831126754587807","0.036368628110752234"
"1625","300","0.4","0.3","0.2","0.05","0.8","0.5","300","3237","2454","783","0.24189063948100092","2454","1265","0.3784658381726285","0.024820447869657536"
"1626","300","0.4","0.3","0.2","0.05","0.8","0.5","300","3182","2439","743","0.23350094280326839","2439","1183","0.3649358205533642","0.03787545389107227"
"1627","300","0.4","0.3","0.2","0.05","0.8","0.5","300","3183","2431","752","0.2362551052466227","2431","1242","0.36793618167795655","0.028186410914817273"
"1628","300","0.4","0.3","0.2","0.05","0.8","0.5","300","3215","2440","775","0.2410575427682737","2440","1259","0.3777326799190437","0.03276341960671649"
"1629","300","0.4","0.3","0.2","0.05","0.8","0.5","300","3140","2407","733","0.23343949044585988","2407","1202","0.36932090706876913","0.03288937846362372"
"1630","300","0.4","0.3","0.2","0.05","0.8","0.5","300","3234","2422","812","0.2510822510822511","2422","1166","0.3732468547450434","0.03655454168165056"
"1633","300","0.4","0.3","0.2","0.05","0.8","0.55","300","3104","2518","586","0.18878865979381443","2518","1174","0.360832356701455","0.03137427162521131"
"1631","300","0.4","0.3","0.2","0.05","0.8","0.55","300","3065","2478","587","0.19151712887438826","2478","1124","0.3643569326012288","0.03263435311312473"
"1632","300","0.4","0.3","0.2","0.05","0.8","0.55","300","3113","2513","600","0.19274012206874397","2513","1089","0.3540053624640194","0.029210694811406087"
"1634","300","0.4","0.3","0.2","0.05","0.8","0.55","300","3076","2492","584","0.18985695708712613","2492","1148","0.3646597836684931","0.028979608189010263"
"1635","300","0.4","0.3","0.2","0.05","0.8","0.55","300","3076","2465","611","0.19863459037711315","2465","1081","0.36198461700984275","0.03339627611161138"
"1636","300","0.4","0.3","0.2","0.05","0.8","0.55","300","3102","2523","579","0.18665377176015474","2523","1145","0.3630070663067955","0.03137369740661367"
"1637","300","0.4","0.3","0.2","0.05","0.8","0.55","300","3028","2471","557","0.18394980184940554","2471","1110","0.3654565693543482","0.03857931731995158"
"1638","300","0.4","0.3","0.2","0.05","0.8","0.55","300","3160","2536","624","0.19746835443037974","2536","1156","0.3650838760457135","0.033815836898595825"
"1640","300","0.4","0.3","0.2","0.05","0.8","0.55","300","3097","2488","609","0.19664191152728447","2488","1124","0.37041185588772074","0.028870021071876313"
"1639","300","0.4","0.3","0.2","0.05","0.8","0.55","300","3146","2548","598","0.19008264462809918","2548","1135","0.35998795272006967","0.02996862344470996"
"1641","300","0.4","0.3","0.2","0.05","0.8","0.6","300","3041","2623","418","0.13745478461032556","2623","1031","0.35101990399684835","0.03012977980500424"
"1642","300","0.4","0.3","0.2","0.05","0.8","0.6","300","3015","2556","459","0.15223880597014924","2556","1057","0.349952547390272","0.04122215259823845"
"1643","300","0.4","0.3","0.2","0.05","0.8","0.6","300","3049","2569","480","0.1574286651361102","2569","1037","0.34286060331504015","0.030145404637952726"
"1644","300","0.4","0.3","0.2","0.05","0.8","0.6","300","3051","2641","410","0.13438216978039988","2641","1023","0.3496470067296137","0.03312144135792761"
"1646","300","0.4","0.3","0.2","0.05","0.8","0.6","300","3078","2616","462","0.15009746588693956","2616","1068","0.34829296889248323","0.030873677642320043"
"1645","300","0.4","0.3","0.2","0.05","0.8","0.6","300","3035","2618","417","0.13739703459637562","2618","1021","0.34969904895619824","0.025458044921666922"
"1647","300","0.4","0.3","0.2","0.05","0.8","0.6","300","2995","2529","466","0.15559265442404008","2529","1027","0.3479006787818976","0.033889053563854014"
"1648","300","0.4","0.3","0.2","0.05","0.8","0.6","300","3060","2600","460","0.1503267973856209","2600","1061","0.34747821201783985","0.037220952535208185"
"1649","300","0.4","0.3","0.2","0.05","0.8","0.6","300","2993","2576","417","0.1393250918810558","2576","1078","0.3518161928159247","0.03762021108825159"
"1650","300","0.4","0.3","0.2","0.05","0.8","0.6","300","3057","2617","440","0.1439319594373569","2617","1049","0.347255008165552","0.033066593526541004"
"1651","300","0.4","0.3","0.2","0.05","0.8","0.65","300","2950","2631","319","0.10813559322033899","2631","972","0.3390794664472934","0.030058946160980243"
"1652","300","0.4","0.3","0.2","0.05","0.8","0.65","300","2938","2603","335","0.11402314499659633","2603","909","0.33534462622012","0.029356945074997906"
"1656","300","0.4","0.3","0.2","0.05","0.8","0.65","300","2986","2623","363","0.12156731413261888","2623","938","0.3447319493968841","0.03405264230226074"
"1655","300","0.4","0.3","0.2","0.05","0.8","0.65","300","2922","2600","322","0.11019849418206708","2600","902","0.3427061592784611","0.030825183637254543"
"1653","300","0.4","0.3","0.2","0.05","0.8","0.65","300","2995","2647","348","0.11619365609348915","2647","952","0.3412083787838642","0.032934409677367014"
"1657","300","0.4","0.3","0.2","0.05","0.8","0.65","300","2967","2659","308","0.10380856083586114","2659","913","0.33621285624146496","0.03668996024766768"
"1658","300","0.4","0.3","0.2","0.05","0.8","0.65","300","2927","2597","330","0.11274342330030748","2597","893","0.34008635139388227","0.030679655631378918"
"1659","300","0.4","0.3","0.2","0.05","0.8","0.65","300","2977","2664","313","0.10513940208263352","2664","930","0.34288317157443415","0.04302503158155552"
"1654","300","0.4","0.3","0.2","0.05","0.8","0.65","300","2966","2641","325","0.1095751854349292","2641","912","0.33836322140915964","0.026011214049798972"
"1661","300","0.4","0.3","0.2","0.05","0.8","0.7","300","2908","2643","265","0.09112792297111416","2643","776","0.32757671509437924","0.03720472905982059"
"1660","300","0.4","0.3","0.2","0.05","0.8","0.65","300","2946","2605","341","0.11575016972165648","2605","882","0.33621514535423813","0.03456635276073815"
"1662","300","0.4","0.3","0.2","0.05","0.8","0.7","300","2904","2643","261","0.08987603305785125","2643","781","0.3242016656194793","0.03238920659166653"
"1663","300","0.4","0.3","0.2","0.05","0.8","0.7","300","2949","2708","241","0.08172261783655477","2708","796","0.3280446094937156","0.0269676884305806"
"1664","300","0.4","0.3","0.2","0.05","0.8","0.7","300","2952","2705","247","0.0836720867208672","2705","779","0.32583577744022807","0.022903829966583588"
"1665","300","0.4","0.3","0.2","0.05","0.8","0.7","300","2955","2695","260","0.08798646362098139","2695","791","0.3297811084831474","0.030593107014011633"
"1666","300","0.4","0.3","0.2","0.05","0.8","0.7","300","2892","2627","265","0.09163208852005532","2627","796","0.33457658035557614","0.030246920624911328"
"1667","300","0.4","0.3","0.2","0.05","0.8","0.7","300","2919","2684","235","0.08050702295306612","2684","818","0.3261401568572584","0.03154481554117534"
"1668","300","0.4","0.3","0.2","0.05","0.8","0.7","300","2900","2656","244","0.08413793103448276","2656","795","0.33028423378855337","0.03414738329641131"
"1669","300","0.4","0.3","0.2","0.05","0.8","0.7","300","2930","2691","239","0.08156996587030717","2691","821","0.3297875131002143","0.026183319395578476"
"1670","300","0.4","0.3","0.2","0.05","0.8","0.7","300","2952","2687","265","0.08976964769647697","2687","795","0.33030140067750274","0.025594659541200382"
"1671","300","0.4","0.3","0.2","0.05","0.8","0.75","300","3000","2805","195","0.065","2805","692","0.32107518108430805","0.03154404921156062"
"1672","300","0.4","0.3","0.2","0.05","0.8","0.75","300","2939","2742","197","0.06702960190541","2742","673","0.31947654552747173","0.029904901249999824"
"1673","300","0.4","0.3","0.2","0.05","0.8","0.75","300","2895","2689","206","0.07115716753022452","2689","655","0.31687633121969244","0.03534250746648684"
"1674","300","0.4","0.3","0.2","0.05","0.8","0.75","300","2935","2713","222","0.07563884156729131","2713","707","0.32192617609835283","0.03647540347857003"
"1675","300","0.4","0.3","0.2","0.05","0.8","0.75","300","2928","2715","213","0.07274590163934426","2715","684","0.3208729131333766","0.03827838189692694"
"1676","300","0.4","0.3","0.2","0.05","0.8","0.75","300","2945","2741","204","0.06926994906621392","2741","704","0.32250757195221647","0.029092634318697765"
"1677","300","0.4","0.3","0.2","0.05","0.8","0.75","300","2891","2697","194","0.06710480802490487","2697","706","0.32259646205759","0.02590728660916391"
"1678","300","0.4","0.3","0.2","0.05","0.8","0.75","300","2953","2762","191","0.0646799864544531","2762","670","0.32011672407341324","0.031959111563541524"
"1681","300","0.4","0.3","0.2","0.05","0.8","0.8","300","2845","2700","145","0.050966608084358524","2700","565","0.3155255383475556","0.02563281383387186"
"1680","300","0.4","0.3","0.2","0.05","0.8","0.75","300","2902","2720","182","0.06271536871123363","2720","701","0.3241120180003687","0.03449065392828029"
"1679","300","0.4","0.3","0.2","0.05","0.8","0.75","300","2884","2683","201","0.06969486823855756","2683","675","0.3229683978238509","0.03218337820937484"
"1682","300","0.4","0.3","0.2","0.05","0.8","0.8","300","2844","2711","133","0.04676511954992968","2711","560","0.31568402757471725","0.038897902477450404"
"1683","300","0.4","0.3","0.2","0.05","0.8","0.8","300","2889","2758","131","0.04534440983039114","2758","534","0.3158607055444709","0.03149708106943215"
"1685","300","0.4","0.3","0.2","0.05","0.8","0.8","300","2914","2767","147","0.050446122168840084","2767","554","0.31122768515816673","0.03208515802187487"
"1684","300","0.4","0.3","0.2","0.05","0.8","0.8","300","2940","2775","165","0.05612244897959184","2775","541","0.3141746003142069","0.02666397074900493"
"1687","300","0.4","0.3","0.2","0.05","0.8","0.8","300","2861","2736","125","0.043691017126878715","2736","534","0.31313808518623837","0.034636940739572526"
"1686","300","0.4","0.3","0.2","0.05","0.8","0.8","300","2903","2761","142","0.04891491560454702","2761","507","0.31460472777271276","0.03269534372916656"
"1688","300","0.4","0.3","0.2","0.05","0.8","0.8","300","2895","2736","159","0.054922279792746116","2736","542","0.31357502496920986","0.030597418063385298"
"1689","300","0.4","0.3","0.2","0.05","0.8","0.8","300","2934","2779","155","0.05282890252215405","2779","549","0.31024612592390755","0.02719119489371339"
"1690","300","0.4","0.3","0.2","0.05","0.8","0.8","300","2842","2699","143","0.05031667839549613","2699","551","0.31465256003748004","0.030343913031344143"
