"BehaviorSpace results (NetLogo 7.0.3)","Table version 2.0"
"Experiments-06-05-ABM-D.nlogox"
"exp1_policy_grid"
"05/06/2026 14:44:36:067 +0200"
"min-pxcor","max-pxcor","min-pycor","max-pycor"
"-16","16","-16","16"
"[run number]","number-employees","initial-misconduct-propensity","initial-fear","learning-rate","baseline-recovery-rate","punishment-severity","reporter-protection","[step]","committed-misconduct-total","punished-misconduct-total","hidden-misconduct-total","hidden-misconduct-rate","reported-events-total","retaliation-events-total","mean [fear] of employees","mean [misconduct-propensity] of employees"
"15","300","0.4","0.3","0.2","0.05","0.2","0.25","300","25797","7594","18203","0.7056246850408963","7594","5682","0.5225518289948932","0.28661740087037474"
"17","300","0.4","0.3","0.2","0.05","0.2","0.25","300","26149","7709","18440","0.7051894909939195","7709","5756","0.5393072961059416","0.2775003823811183"
"24","300","0.4","0.3","0.2","0.05","0.2","0.3","300","24014","8516","15498","0.6453735321062714","8516","5916","0.5274929941122055","0.2585943031803954"
"23","300","0.4","0.3","0.2","0.05","0.2","0.3","300","23862","8444","15418","0.6461319252367781","8444","5911","0.5164693782789217","0.25816441866058576"
"19","300","0.4","0.3","0.2","0.05","0.2","0.25","300","25793","7610","18183","0.7049587097274455","7610","5707","0.5305010341376447","0.28188210343123876"
"14","300","0.4","0.3","0.2","0.05","0.2","0.25","300","25732","7634","18098","0.7033265972330173","7634","5731","0.5221399534371582","0.2827804695471996"
"18","300","0.4","0.3","0.2","0.05","0.2","0.25","300","25936","7716","18220","0.7024984577421345","7716","5739","0.5323464127657286","0.27970275033485015"
"12","300","0.4","0.3","0.2","0.05","0.2","0.25","300","26078","7631","18447","0.7073778664007976","7631","5760","0.5351104229509928","0.2809113700846055"
"10","300","0.4","0.3","0.2","0.05","0.2","0.2","300","27464","6781","20683","0.7530949606757937","6781","5379","0.5348790738784006","0.3021590952443173"
"11","300","0.4","0.3","0.2","0.05","0.2","0.25","300","25962","7590","18372","0.707649641784146","7590","5670","0.5259965234592221","0.2825980341312565"
"16","300","0.4","0.3","0.2","0.05","0.2","0.25","300","26035","7619","18416","0.7073554830036489","7619","5732","0.5295765561580769","0.28539600234187157"
"13","300","0.4","0.3","0.2","0.05","0.2","0.25","300","25784","7655","18129","0.7031104560968042","7655","5762","0.5311081167101702","0.28076913921272856"
"22","300","0.4","0.3","0.2","0.05","0.2","0.3","300","23964","8442","15522","0.6477215823735604","8442","5902","0.5290341455243296","0.25695429555554855"
"21","300","0.4","0.3","0.2","0.05","0.2","0.3","300","23994","8527","15467","0.6446194882053847","8527","5930","0.5222394845936286","0.2579546734370294"
"8","300","0.4","0.3","0.2","0.05","0.2","0.2","300","27538","6797","20741","0.7531774275546518","6797","5483","0.5338415287786384","0.30064414159003333"
"6","300","0.4","0.3","0.2","0.05","0.2","0.2","300","27580","6683","20897","0.7576867295141407","6683","5314","0.5301030377176618","0.30540932005950744"
"5","300","0.4","0.3","0.2","0.05","0.2","0.2","300","27625","6779","20846","0.754606334841629","6779","5442","0.5376717927651317","0.3005088840593268"
"9","300","0.4","0.3","0.2","0.05","0.2","0.2","300","27684","6752","20932","0.7561046091605259","6752","5360","0.5293357452909059","0.304825737091291"
"3","300","0.4","0.3","0.2","0.05","0.2","0.2","300","27671","6799","20872","0.7542914965125944","6799","5422","0.5248912949352426","0.30358733575527497"
"2","300","0.4","0.3","0.2","0.05","0.2","0.2","300","27823","6773","21050","0.7565683067965352","6773","5406","0.53165862907114","0.3025210104272636"
"1","300","0.4","0.3","0.2","0.05","0.2","0.2","300","27673","6745","20928","0.7562606150399306","6745","5404","0.5310661720624537","0.3027405692027263"
"20","300","0.4","0.3","0.2","0.05","0.2","0.25","300","25744","7561","18183","0.7063004972032318","7561","5639","0.5245582771720543","0.28416861795872944"
"4","300","0.4","0.3","0.2","0.05","0.2","0.2","300","27701","6727","20974","0.7571567813436338","6727","5384","0.5325668461361659","0.3012931044389325"
"7","300","0.4","0.3","0.2","0.05","0.2","0.2","300","27891","6760","21131","0.7576279086443656","6760","5422","0.532876455703989","0.30007986256660074"
"25","300","0.4","0.3","0.2","0.05","0.2","0.3","300","23795","8450","15345","0.6448833788611052","8450","5914","0.5257555736713796","0.25966777963568854"
"30","300","0.4","0.3","0.2","0.05","0.2","0.3","300","23955","8490","15465","0.6455854727614276","8490","5962","0.527633794891672","0.2591756471764226"
"28","300","0.4","0.3","0.2","0.05","0.2","0.3","300","23869","8516","15353","0.6432192383426202","8516","5895","0.5210504467944514","0.2563530399300704"
"26","300","0.4","0.3","0.2","0.05","0.2","0.3","300","23994","8526","15468","0.6446611652913228","8526","5991","0.5350925803887233","0.2552357391166684"
"27","300","0.4","0.3","0.2","0.05","0.2","0.3","300","23733","8427","15306","0.6449247882694982","8427","5853","0.5206182552203961","0.2603608673226546"
"34","300","0.4","0.3","0.2","0.05","0.2","0.35","300","21795","9261","12534","0.5750860289057124","9261","6004","0.5031663600318109","0.23506891954291537"
"32","300","0.4","0.3","0.2","0.05","0.2","0.35","300","21779","9267","12512","0.5744983699894394","9267","6132","0.5102179267484055","0.23880060894354216"
"33","300","0.4","0.3","0.2","0.05","0.2","0.35","300","21638","9249","12389","0.5725575376652186","9249","5991","0.5141062760092022","0.235973696437246"
"29","300","0.4","0.3","0.2","0.05","0.2","0.3","300","24049","8512","15537","0.6460559690631628","8512","5917","0.5263838239760043","0.25928803844050663"
"36","300","0.4","0.3","0.2","0.05","0.2","0.35","300","21729","9340","12389","0.5701596944175986","9340","6076","0.5078541294528266","0.23728490580433387"
"35","300","0.4","0.3","0.2","0.05","0.2","0.35","300","21928","9295","12633","0.5761127325793506","9295","6095","0.5085749373371851","0.23592044298300635"
"31","300","0.4","0.3","0.2","0.05","0.2","0.35","300","21979","9279","12700","0.5778242868192366","9279","6075","0.5094296730978073","0.23886491656026956"
"38","300","0.4","0.3","0.2","0.05","0.2","0.35","300","21874","9199","12675","0.5794550608027795","9199","5944","0.5152459682849624","0.22870504335531852"
"39","300","0.4","0.3","0.2","0.05","0.2","0.35","300","21623","9173","12450","0.5757757942931138","9173","5965","0.5005947762217844","0.23780418909170872"
"37","300","0.4","0.3","0.2","0.05","0.2","0.35","300","21870","9384","12486","0.5709190672153636","9384","6050","0.5198890826742134","0.23140947371601414"
"41","300","0.4","0.3","0.2","0.05","0.2","0.4","300","19450","9930","9520","0.48946015424164524","9930","5968","0.486714877035101","0.20479104055189687"
"40","300","0.4","0.3","0.2","0.05","0.2","0.35","300","21833","9258","12575","0.5759629918014015","9258","6052","0.5184082086492623","0.23292126503423774"
"43","300","0.4","0.3","0.2","0.05","0.2","0.4","300","19464","9908","9556","0.49095766543362107","9908","5930","0.4873903311730199","0.20521310027165002"
"42","300","0.4","0.3","0.2","0.05","0.2","0.4","300","19492","9975","9517","0.4882515903960599","9975","5974","0.49295599257747824","0.205264337050461"
"44","300","0.4","0.3","0.2","0.05","0.2","0.4","300","19440","9903","9537","0.4905864197530864","9903","5959","0.4957686025002445","0.21160732200505603"
"46","300","0.4","0.3","0.2","0.05","0.2","0.4","300","19347","9952","9395","0.48560500335969403","9952","5958","0.48726002260385487","0.21519679811254935"
"47","300","0.4","0.3","0.2","0.05","0.2","0.4","300","19466","9881","9585","0.49239699989725677","9881","5946","0.4877927908710164","0.21341415472263545"
"45","300","0.4","0.3","0.2","0.05","0.2","0.4","300","19470","9955","9515","0.4887005649717514","9955","6011","0.5023894734594461","0.20384258226359372"
"50","300","0.4","0.3","0.2","0.05","0.2","0.4","300","19386","9962","9424","0.4861240070153719","9962","5901","0.4901600976720052","0.20972592395572706"
"48","300","0.4","0.3","0.2","0.05","0.2","0.4","300","19600","9909","9691","0.4944387755102041","9909","5961","0.495006912386752","0.20567920090987332"
"49","300","0.4","0.3","0.2","0.05","0.2","0.4","300","19619","9931","9688","0.4938070238034558","9931","6011","0.49872368623032465","0.20859290360331995"
"54","300","0.4","0.3","0.2","0.05","0.2","0.45","300","17176","10407","6769","0.3940964136003726","10407","5726","0.464287457590151","0.18717317371144762"
"51","300","0.4","0.3","0.2","0.05","0.2","0.45","300","17416","10361","7055","0.40508727606798345","10361","5675","0.4652500198675658","0.18253423963300075"
"55","300","0.4","0.3","0.2","0.05","0.2","0.45","300","17189","10427","6762","0.3933911222293327","10427","5651","0.4676277796684038","0.1875700293250761"
"53","300","0.4","0.3","0.2","0.05","0.2","0.45","300","17359","10414","6945","0.4000806498070165","10414","5734","0.47237099588136233","0.18700224798477258"
"52","300","0.4","0.3","0.2","0.05","0.2","0.45","300","17127","10402","6725","0.39265487242365854","10402","5693","0.46874541818407256","0.18727074438460878"
"56","300","0.4","0.3","0.2","0.05","0.2","0.45","300","17300","10370","6930","0.4005780346820809","10370","5738","0.4620818659126645","0.1885721860954181"
"58","300","0.4","0.3","0.2","0.05","0.2","0.45","300","17228","10390","6838","0.3969120037148827","10390","5707","0.4689550883590723","0.18488273139549166"
"59","300","0.4","0.3","0.2","0.05","0.2","0.45","300","17352","10406","6946","0.40029967727063165","10406","5715","0.4758665765702539","0.1841630704922496"
"68","300","0.4","0.3","0.2","0.05","0.2","0.5","300","15218","10533","4685","0.3078591142068603","10533","5246","0.43972302271909997","0.16934253678600183"
"66","300","0.4","0.3","0.2","0.05","0.2","0.5","300","15376","10500","4876","0.3171175858480749","10500","5336","0.4421061263471653","0.16584089209508684"
"57","300","0.4","0.3","0.2","0.05","0.2","0.45","300","17427","10385","7042","0.4040856142766971","10385","5687","0.46570145286877734","0.18720797677598716"
"61","300","0.4","0.3","0.2","0.05","0.2","0.5","300","15322","10503","4819","0.3145150763607884","10503","5277","0.44036574928896227","0.17071625153410633"
"67","300","0.4","0.3","0.2","0.05","0.2","0.5","300","15311","10489","4822","0.3149369734178042","10489","5182","0.4339524830077397","0.16836816076260877"
"60","300","0.4","0.3","0.2","0.05","0.2","0.45","300","17302","10395","6907","0.3992024043463183","10395","5661","0.46417526134631715","0.18859087682472014"
"64","300","0.4","0.3","0.2","0.05","0.2","0.5","300","15186","10549","4637","0.3053470301593573","10549","5296","0.43704632702932494","0.17128652575956646"
"63","300","0.4","0.3","0.2","0.05","0.2","0.5","300","15248","10468","4780","0.31348373557187825","10468","5169","0.43727221063203975","0.16405465671675074"
"65","300","0.4","0.3","0.2","0.05","0.2","0.5","300","15266","10517","4749","0.3110834534259138","10517","5268","0.4442518732576327","0.16568196160617274"
"62","300","0.4","0.3","0.2","0.05","0.2","0.5","300","15314","10448","4866","0.3177484654564451","10448","5252","0.4392797925223214","0.1614082022666392"
"72","300","0.4","0.3","0.2","0.05","0.2","0.55","300","13584","10387","3197","0.23535041224970554","10387","4632","0.40933508667412005","0.14505663888080894"
"74","300","0.4","0.3","0.2","0.05","0.2","0.55","300","13584","10402","3182","0.23424617196702002","10402","4704","0.40937863210193","0.1466064093922441"
"69","300","0.4","0.3","0.2","0.05","0.2","0.5","300","15277","10525","4752","0.3110558355698108","10525","5282","0.4402339759688559","0.16470222479663035"
"73","300","0.4","0.3","0.2","0.05","0.2","0.55","300","13648","10420","3228","0.2365181711606096","10420","4714","0.4094143343003826","0.14660263382301156"
"70","300","0.4","0.3","0.2","0.05","0.2","0.5","300","15313","10477","4836","0.3158100959968654","10477","5341","0.4410380381625914","0.16753814096238678"
"75","300","0.4","0.3","0.2","0.05","0.2","0.55","300","13684","10449","3235","0.2364074831920491","10449","4731","0.4110544532870408","0.13818562421373515"
"71","300","0.4","0.3","0.2","0.05","0.2","0.55","300","13568","10407","3161","0.2329746462264151","10407","4711","0.41513005231826555","0.1488709634767705"
"80","300","0.4","0.3","0.2","0.05","0.2","0.55","300","13602","10514","3088","0.22702543743567122","10514","4689","0.4172906024375619","0.13436545414378237"
"77","300","0.4","0.3","0.2","0.05","0.2","0.55","300","13556","10403","3153","0.23259073473000885","10403","4649","0.4217859622690251","0.140308923368404"
"76","300","0.4","0.3","0.2","0.05","0.2","0.55","300","13613","10450","3163","0.23235142878131199","10450","4731","0.4173589716569096","0.13604971270854185"
"78","300","0.4","0.3","0.2","0.05","0.2","0.55","300","13606","10476","3130","0.2300455681317066","10476","4665","0.4075367361759237","0.14074914599598828"
"81","300","0.4","0.3","0.2","0.05","0.2","0.6","300","12258","10107","2151","0.17547723935389134","10107","4079","0.38214382122262136","0.13619160343590228"
"79","300","0.4","0.3","0.2","0.05","0.2","0.55","300","13635","10464","3171","0.23256325632563257","10464","4787","0.41693719142021457","0.14255119281976794"
"82","300","0.4","0.3","0.2","0.05","0.2","0.6","300","12261","10105","2156","0.17584210097055705","10105","4002","0.38761563778664065","0.13058188933113588"
"83","300","0.4","0.3","0.2","0.05","0.2","0.6","300","12275","10128","2147","0.17490835030549898","10128","4113","0.3959983125968149","0.12268780638329213"
"84","300","0.4","0.3","0.2","0.05","0.2","0.6","300","12092","10077","2015","0.16663910023155806","10077","4040","0.38553941855983825","0.12967281337586536"
"87","300","0.4","0.3","0.2","0.05","0.2","0.6","300","12310","10104","2206","0.17920389926888708","10104","4058","0.38303652056653575","0.12985337637371105"
"86","300","0.4","0.3","0.2","0.05","0.2","0.6","300","12275","10153","2122","0.17287169042769857","10153","4034","0.381049309417288","0.13342063117914302"
"85","300","0.4","0.3","0.2","0.05","0.2","0.6","300","12223","10104","2119","0.17336169516485314","10104","3941","0.3846984374771787","0.13080787117522258"
"88","300","0.4","0.3","0.2","0.05","0.2","0.6","300","12149","10098","2051","0.1688204790517738","10098","3991","0.3882326218127434","0.12692408809595135"
"91","300","0.4","0.3","0.2","0.05","0.2","0.65","300","11020","9699","1321","0.11987295825771326","9699","3339","0.36050862978522036","0.11775117091173685"
"89","300","0.4","0.3","0.2","0.05","0.2","0.6","300","12335","10138","2197","0.1781110660721524","10138","4056","0.3815708808610545","0.12417991713054502"
"92","300","0.4","0.3","0.2","0.05","0.2","0.65","300","11050","9699","1351","0.12226244343891403","9699","3321","0.35747360860204386","0.11112358659628142"
"93","300","0.4","0.3","0.2","0.05","0.2","0.65","300","10994","9656","1338","0.1217027469528834","9656","3439","0.3633868153651893","0.11854197440137713"
"94","300","0.4","0.3","0.2","0.05","0.2","0.65","300","11097","9659","1438","0.12958457240695684","9659","3408","0.3631168288510699","0.11475354479960725"
"96","300","0.4","0.3","0.2","0.05","0.2","0.65","300","11082","9674","1408","0.12705287854177946","9674","3356","0.3628638615210105","0.12277433766271274"
"90","300","0.4","0.3","0.2","0.05","0.2","0.6","300","12227","10080","2147","0.1755949946838963","10080","4103","0.3882865420068126","0.12848569096524012"
"95","300","0.4","0.3","0.2","0.05","0.2","0.65","300","11087","9653","1434","0.12934066925227744","9653","3412","0.36009246203589856","0.1179319670081735"
"97","300","0.4","0.3","0.2","0.05","0.2","0.65","300","11038","9670","1368","0.12393549556079","9670","3353","0.36086001851548277","0.12186948103975384"
"101","300","0.4","0.3","0.2","0.05","0.2","0.7","300","10098","9170","928","0.09189938601703307","9170","2754","0.34041876719187664","0.09650372455285673"
"98","300","0.4","0.3","0.2","0.05","0.2","0.65","300","11054","9654","1400","0.12665098606839154","9654","3332","0.36337684130624726","0.11875095055809967"
"100","300","0.4","0.3","0.2","0.05","0.2","0.65","300","11098","9684","1414","0.12741034420616326","9684","3399","0.363106878357916","0.11357489725889858"
"103","300","0.4","0.3","0.2","0.05","0.2","0.7","300","10095","9176","919","0.09103516592372461","9176","2744","0.34168793211530585","0.10567015976281967"
"104","300","0.4","0.3","0.2","0.05","0.2","0.7","300","10128","9194","934","0.09221958925750395","9194","2720","0.3434983543446452","0.10636370613719093"
"102","300","0.4","0.3","0.2","0.05","0.2","0.7","300","10128","9184","944","0.09320695102685624","9184","2764","0.3436231086371536","0.10398963821226008"
"105","300","0.4","0.3","0.2","0.05","0.2","0.7","300","10067","9182","885","0.08791099632462501","9182","2806","0.33965445648923215","0.1095115632245181"
"107","300","0.4","0.3","0.2","0.05","0.2","0.7","300","10096","9163","933","0.09241283676703645","9163","2724","0.34326893871513037","0.10389349836674099"
"99","300","0.4","0.3","0.2","0.05","0.2","0.65","300","11074","9725","1349","0.12181686834025646","9725","3374","0.36213133167018147","0.10841852026306481"
"108","300","0.4","0.3","0.2","0.05","0.2","0.7","300","10125","9179","946","0.0934320987654321","9179","2744","0.34169023446755237","0.1041716631075945"
"106","300","0.4","0.3","0.2","0.05","0.2","0.7","300","10092","9183","909","0.09007134363852556","9183","2664","0.34373525569455543","0.10607003465003416"
"109","300","0.4","0.3","0.2","0.05","0.2","0.7","300","10169","9209","960","0.09440456288720621","9209","2752","0.34349001130957313","0.10838296897703295"
"110","300","0.4","0.3","0.2","0.05","0.2","0.7","300","10118","9184","934","0.09231073334651117","9184","2734","0.3426365356954021","0.11126852261562258"
"116","300","0.4","0.3","0.2","0.05","0.2","0.75","300","9280","8660","620","0.0668103448275862","8660","2141","0.328035329471837","0.10381498137417917"
"117","300","0.4","0.3","0.2","0.05","0.2","0.75","300","9314","8661","653","0.07010951256173502","8661","2224","0.329293408391142","0.10509068767242469"
"111","300","0.4","0.3","0.2","0.05","0.2","0.75","300","9291","8645","646","0.06952965235173825","8645","2226","0.32794152533018817","0.10037574641555994"
"112","300","0.4","0.3","0.2","0.05","0.2","0.75","300","9345","8692","653","0.06987693953986089","8692","2227","0.3254550993807456","0.10064104356662591"
"114","300","0.4","0.3","0.2","0.05","0.2","0.75","300","9295","8647","648","0.06971490048413126","8647","2212","0.32522451834104693","0.10911345007367776"
"113","300","0.4","0.3","0.2","0.05","0.2","0.75","300","9303","8651","652","0.07008491884338386","8651","2223","0.33216320889504297","0.09592057619014066"
"119","300","0.4","0.3","0.2","0.05","0.2","0.75","300","9261","8680","581","0.06273620559334846","8680","2190","0.32801544269476435","0.09989332223112529"
"115","300","0.4","0.3","0.2","0.05","0.2","0.75","300","9272","8667","605","0.06525021570319241","8667","2156","0.3262212859076191","0.10374184277453267"
"120","300","0.4","0.3","0.2","0.05","0.2","0.75","300","9326","8648","678","0.0726999785545786","8648","2138","0.33052493947464306","0.0950503455371533"
"118","300","0.4","0.3","0.2","0.05","0.2","0.75","300","9317","8667","650","0.06976494579800364","8667","2159","0.3255369818400225","0.0995989729929778"
"123","300","0.4","0.3","0.2","0.05","0.2","0.8","300","8624","8172","452","0.05241187384044527","8172","1628","0.3163770067198449","0.08822347405760267"
"122","300","0.4","0.3","0.2","0.05","0.2","0.8","300","8560","8146","414","0.04836448598130841","8146","1633","0.31691819670678567","0.08579597663602598"
"125","300","0.4","0.3","0.2","0.05","0.2","0.8","300","8573","8119","454","0.052956957891053306","8119","1588","0.3165234728102998","0.0945704084400637"
"121","300","0.4","0.3","0.2","0.05","0.2","0.8","300","8607","8155","452","0.052515394446380856","8155","1629","0.31634811030765686","0.08858573005392109"
"124","300","0.4","0.3","0.2","0.05","0.2","0.8","300","8589","8129","460","0.05355687507276749","8129","1631","0.3165332880581939","0.09119144243141049"
"126","300","0.4","0.3","0.2","0.05","0.2","0.8","300","8564","8129","435","0.05079402148528725","8129","1690","0.31771277221577576","0.095487215668164"
"127","300","0.4","0.3","0.2","0.05","0.2","0.8","300","8608","8197","411","0.04774628252788104","8197","1642","0.3156118111134208","0.09021990356186613"
"128","300","0.4","0.3","0.2","0.05","0.2","0.8","300","8611","8182","429","0.049819997677389385","8182","1642","0.31839390546848845","0.08855499038404657"
"129","300","0.4","0.3","0.2","0.05","0.2","0.8","300","8623","8165","458","0.0531137655108431","8165","1600","0.3157764575622778","0.09193202900638803"
"131","300","0.4","0.3","0.2","0.05","0.25","0.2","300","25038","6073","18965","0.7574486780094257","6073","4898","0.5283977347265809","0.27150436879023165"
"132","300","0.4","0.3","0.2","0.05","0.25","0.2","300","24885","6118","18767","0.7541490857946554","6118","4905","0.5321556116480666","0.27286467915291873"
"133","300","0.4","0.3","0.2","0.05","0.25","0.2","300","24921","6221","18700","0.7503711729063842","6221","4915","0.5327478805526057","0.2708450242429626"
"134","300","0.4","0.3","0.2","0.05","0.25","0.2","300","25165","6081","19084","0.7583548579376118","6081","4859","0.5244714251789256","0.27575143805583113"
"136","300","0.4","0.3","0.2","0.05","0.25","0.2","300","24945","6104","18841","0.7553016636600521","6104","4861","0.531426361340969","0.2723744267183763"
"130","300","0.4","0.3","0.2","0.05","0.2","0.8","300","8659","8185","474","0.05474073218616468","8185","1653","0.3167646640011173","0.08519103866894352"
"135","300","0.4","0.3","0.2","0.05","0.25","0.2","300","25200","6074","19126","0.758968253968254","6074","4906","0.536087683515541","0.27028670982542397"
"139","300","0.4","0.3","0.2","0.05","0.25","0.2","300","24811","6069","18742","0.7553907541010035","6069","4886","0.5323416257387892","0.2726566718581419"
"140","300","0.4","0.3","0.2","0.05","0.25","0.2","300","25035","6103","18932","0.7562212901937287","6103","4895","0.5293205715038753","0.2732904412503465"
"138","300","0.4","0.3","0.2","0.05","0.25","0.2","300","24749","6090","18659","0.753929451695018","6090","4864","0.528820989874608","0.27320665720703474"
"137","300","0.4","0.3","0.2","0.05","0.25","0.2","300","24976","6115","18861","0.7551649583600256","6115","4865","0.526787496817764","0.2697741660580015"
"141","300","0.4","0.3","0.2","0.05","0.25","0.25","300","22946","6829","16117","0.7023882158110346","6829","5096","0.5178427477261394","0.25483294358066544"
"142","300","0.4","0.3","0.2","0.05","0.25","0.25","300","22921","6854","16067","0.7009729069412329","6854","5131","0.5244871157625678","0.24942075559673413"
"145","300","0.4","0.3","0.2","0.05","0.25","0.25","300","23190","6809","16381","0.7063820612332902","6809","5148","0.521994321325419","0.25290667105466386"
"146","300","0.4","0.3","0.2","0.05","0.25","0.25","300","23129","6843","16286","0.7041376626745643","6843","5100","0.5251558340826764","0.25235040232633865"
"143","300","0.4","0.3","0.2","0.05","0.25","0.25","300","22946","6806","16140","0.7033905691623813","6806","5076","0.5215222357146768","0.25449919793472536"
"144","300","0.4","0.3","0.2","0.05","0.25","0.25","300","23143","6815","16328","0.7055265090956229","6815","5140","0.5186259170595116","0.2535040215236478"
"147","300","0.4","0.3","0.2","0.05","0.25","0.25","300","22942","6820","16122","0.7027286199982564","6820","5157","0.5273214458024131","0.2536644023729646"
"150","300","0.4","0.3","0.2","0.05","0.25","0.25","300","23208","6802","16406","0.7069114098586694","6802","5125","0.5435427449847663","0.24348369384477436"
"149","300","0.4","0.3","0.2","0.05","0.25","0.25","300","23261","6716","16545","0.7112763853660634","6716","5044","0.5323146607185856","0.25179373003115135"
"148","300","0.4","0.3","0.2","0.05","0.25","0.25","300","23186","6820","16366","0.7058569826619512","6820","5108","0.519582412964746","0.2537040517407054"
"152","300","0.4","0.3","0.2","0.05","0.25","0.3","300","20898","7461","13437","0.6429801894918173","7461","5192","0.5192734934980989","0.22888047774293155"
"153","300","0.4","0.3","0.2","0.05","0.25","0.3","300","20945","7542","13403","0.6399140606349965","7542","5278","0.5269388646949976","0.21997779294504616"
"151","300","0.4","0.3","0.2","0.05","0.25","0.3","300","21087","7455","13632","0.6464646464646465","7455","5280","0.5167035249733095","0.22784381833354872"
"154","300","0.4","0.3","0.2","0.05","0.25","0.3","300","21067","7503","13564","0.6438505719846205","7503","5223","0.5126597312541309","0.23066551944008154"
"155","300","0.4","0.3","0.2","0.05","0.25","0.3","300","20825","7530","13295","0.6384153661464586","7530","5260","0.5082480056546362","0.2332189892506203"
"156","300","0.4","0.3","0.2","0.05","0.25","0.3","300","21064","7580","13484","0.6401443220660843","7580","5300","0.5231177251803324","0.21975135803247256"
"158","300","0.4","0.3","0.2","0.05","0.25","0.3","300","20939","7504","13435","0.6416256745785377","7504","5243","0.5114604599733319","0.2260520824611325"
"160","300","0.4","0.3","0.2","0.05","0.25","0.3","300","21020","7506","13514","0.6429115128449097","7506","5256","0.5167761766938455","0.22527268221098073"
"157","300","0.4","0.3","0.2","0.05","0.25","0.3","300","20821","7491","13330","0.640219009653715","7491","5262","0.5229420389640912","0.22352880687569163"
"159","300","0.4","0.3","0.2","0.05","0.25","0.3","300","20970","7492","13478","0.6427277062470196","7492","5254","0.5134291359679639","0.2337857833655002"
"162","300","0.4","0.3","0.2","0.05","0.25","0.35","300","18907","8122","10785","0.5704236526154335","8122","5304","0.5052027553877159","0.19851566267126192"
"161","300","0.4","0.3","0.2","0.05","0.25","0.35","300","18681","8166","10515","0.5628713666291955","8166","5290","0.512358017509394","0.1987167076008885"
"165","300","0.4","0.3","0.2","0.05","0.25","0.35","300","18524","8136","10388","0.5607860073418268","8136","5284","0.495650471599632","0.20503550057109507"
"163","300","0.4","0.3","0.2","0.05","0.25","0.35","300","18642","8091","10551","0.5659800450595429","8091","5268","0.5041514226654968","0.20972669082497758"
"164","300","0.4","0.3","0.2","0.05","0.25","0.35","300","18771","8120","10651","0.5674178253689202","8120","5337","0.5011362500765748","0.20997161893014477"
"166","300","0.4","0.3","0.2","0.05","0.25","0.35","300","18669","8178","10491","0.5619476136911458","8178","5258","0.5015802865188376","0.19668991075727493"
"167","300","0.4","0.3","0.2","0.05","0.25","0.35","300","18540","8165","10375","0.5596008629989212","8165","5332","0.5022802823749251","0.2077572826035306"
"168","300","0.4","0.3","0.2","0.05","0.25","0.35","300","18915","8116","10799","0.5709225482421358","8116","5292","0.5075970416633825","0.20359381951905162"
"170","300","0.4","0.3","0.2","0.05","0.25","0.35","300","18670","8132","10538","0.5644349223352972","8132","5296","0.4919245356635418","0.2007599646841388"
"169","300","0.4","0.3","0.2","0.05","0.25","0.35","300","18732","8105","10627","0.5673179585735639","8105","5269","0.5061630189609694","0.2033639748642125"
"171","300","0.4","0.3","0.2","0.05","0.25","0.4","300","16528","8539","7989","0.4833615682478219","8539","5138","0.48477986075221563","0.1715356328185587"
"172","300","0.4","0.3","0.2","0.05","0.25","0.4","300","16364","8580","7784","0.4756783182595942","8580","5114","0.47999865347998477","0.18125435989059402"
"173","300","0.4","0.3","0.2","0.05","0.25","0.4","300","16416","8584","7832","0.4770955165692008","8584","5142","0.4857401866300728","0.17071992955571522"
"175","300","0.4","0.3","0.2","0.05","0.25","0.4","300","16402","8617","7785","0.4746372393610535","8617","5135","0.48312447477214787","0.17494062869752364"
"174","300","0.4","0.3","0.2","0.05","0.25","0.4","300","16320","8573","7747","0.47469362745098037","8573","5131","0.48083344052819665","0.17788348602706247"
"176","300","0.4","0.3","0.2","0.05","0.25","0.4","300","16488","8596","7892","0.4786511402231926","8596","5159","0.4869105570142712","0.17435341241130684"
"178","300","0.4","0.3","0.2","0.05","0.25","0.4","300","16514","8616","7898","0.4782608695652174","8616","5167","0.4893574170844385","0.1719435558657921"
"177","300","0.4","0.3","0.2","0.05","0.25","0.4","300","16389","8641","7748","0.472756116907682","8641","5126","0.47751142271872726","0.18467228475576897"
"179","300","0.4","0.3","0.2","0.05","0.25","0.4","300","16489","8647","7842","0.47558978713081446","8647","5230","0.4779851399208","0.17541350352722682"
"180","300","0.4","0.3","0.2","0.05","0.25","0.4","300","16622","8576","8046","0.4840572734929611","8576","5232","0.4846353632248703","0.1769476359535154"
"181","300","0.4","0.3","0.2","0.05","0.25","0.45","300","14295","8837","5458","0.38181182231549493","8837","4839","0.4532601672434283","0.15457816308426067"
"182","300","0.4","0.3","0.2","0.05","0.25","0.45","300","14342","8873","5469","0.38132756937665596","8873","4896","0.45714906154838675","0.15007771729196429"
"183","300","0.4","0.3","0.2","0.05","0.25","0.45","300","14491","8828","5663","0.39079428610861916","8828","4906","0.4488823114730256","0.15471088364661328"
"185","300","0.4","0.3","0.2","0.05","0.25","0.45","300","14480","8838","5642","0.38964088397790053","8838","4969","0.45417076825772285","0.1563447460520948"
"186","300","0.4","0.3","0.2","0.05","0.25","0.45","300","14428","8847","5581","0.3868172996950374","8847","4844","0.45138910289046985","0.16220266430397326"
"187","300","0.4","0.3","0.2","0.05","0.25","0.45","300","14428","8891","5537","0.38376767396728584","8891","4867","0.4619847800791282","0.1509737474410094"
"188","300","0.4","0.3","0.2","0.05","0.25","0.45","300","14451","8935","5516","0.3817036883260674","8935","4959","0.46352666794757075","0.15369092673552634"
"184","300","0.4","0.3","0.2","0.05","0.25","0.45","300","14313","8841","5472","0.3823097883043387","8841","4837","0.458863903384009","0.1557598715660868"
"191","300","0.4","0.3","0.2","0.05","0.25","0.5","300","12732","8817","3915","0.30749293119698395","8817","4461","0.4383056246766201","0.1336220476136207"
"189","300","0.4","0.3","0.2","0.05","0.25","0.45","300","14404","8862","5542","0.38475423493474037","8862","4901","0.45909049371935984","0.15246082261226082"
"190","300","0.4","0.3","0.2","0.05","0.25","0.45","300","14495","8884","5611","0.38709899965505346","8884","4907","0.463980175714483","0.14822795133317457"
"192","300","0.4","0.3","0.2","0.05","0.25","0.5","300","12662","8873","3789","0.2992418259358711","8873","4320","0.417510463736315","0.1428116871052044"
"193","300","0.4","0.3","0.2","0.05","0.25","0.5","300","12599","8796","3803","0.3018493531232638","8796","4375","0.42565877461942053","0.13943800203567283"
"194","300","0.4","0.3","0.2","0.05","0.25","0.5","300","12700","8837","3863","0.3041732283464567","8837","4525","0.43916178640803544","0.13664841677333722"
"195","300","0.4","0.3","0.2","0.05","0.25","0.5","300","12635","8825","3810","0.30154333201424616","8825","4397","0.421886996707422","0.13609335785099644"
"196","300","0.4","0.3","0.2","0.05","0.25","0.5","300","12630","8837","3793","0.30031670625494855","8837","4413","0.4266433787733996","0.14062353381544507"
"197","300","0.4","0.3","0.2","0.05","0.25","0.5","300","12798","8874","3924","0.3066104078762307","8874","4443","0.4340507241918012","0.1279989713979536"
"198","300","0.4","0.3","0.2","0.05","0.25","0.5","300","12586","8854","3732","0.2965199427935802","8854","4459","0.4329098825029988","0.13396269725770008"
"200","300","0.4","0.3","0.2","0.05","0.25","0.5","300","12718","8825","3893","0.3061015883000472","8825","4392","0.43414291539676725","0.13637731522564522"
"199","300","0.4","0.3","0.2","0.05","0.25","0.5","300","12757","8862","3895","0.30532256800188134","8862","4438","0.4289825489996458","0.13406151030432076"
"201","300","0.4","0.3","0.2","0.05","0.25","0.55","300","11130","8749","2381","0.21392632524707997","8749","3914","0.40045964738720274","0.12241996915420371"
"202","300","0.4","0.3","0.2","0.05","0.25","0.55","300","11242","8704","2538","0.225760540829034","8704","3876","0.4010838215694081","0.11676986844462678"
"203","300","0.4","0.3","0.2","0.05","0.25","0.55","300","11280","8656","2624","0.2326241134751773","8656","3954","0.4045552605056572","0.11982055840237407"
"206","300","0.4","0.3","0.2","0.05","0.25","0.55","300","11134","8642","2492","0.22381893299802408","8642","3844","0.39746129770777944","0.1226237441546944"
"205","300","0.4","0.3","0.2","0.05","0.25","0.55","300","11156","8637","2519","0.22579777698099676","8637","3939","0.40111748859259044","0.12365771348956467"
"204","300","0.4","0.3","0.2","0.05","0.25","0.55","300","11197","8674","2523","0.22532821291417343","8674","3932","0.4062741996013026","0.11609080348483111"
"207","300","0.4","0.3","0.2","0.05","0.25","0.55","300","11118","8706","2412","0.2169454937938478","8706","3843","0.39707191959064037","0.1190579451787107"
"209","300","0.4","0.3","0.2","0.05","0.25","0.55","300","11150","8711","2439","0.21874439461883408","8711","3935","0.4037055109019766","0.11528056527266882"
"208","300","0.4","0.3","0.2","0.05","0.25","0.55","300","11215","8665","2550","0.22737405260811414","8665","3925","0.40224168302827173","0.12504435519388554"
"215","300","0.4","0.3","0.2","0.05","0.25","0.6","300","10071","8353","1718","0.17058881938238507","8353","3319","0.3767859746581799","0.10769015756922248"
"216","300","0.4","0.3","0.2","0.05","0.25","0.6","300","10035","8384","1651","0.1645241654210264","8384","3297","0.37886774896649145","0.1051921641502027"
"210","300","0.4","0.3","0.2","0.05","0.25","0.55","300","11188","8659","2529","0.22604576331784054","8659","3934","0.39856472315018493","0.11594097849570753"
"213","300","0.4","0.3","0.2","0.05","0.25","0.6","300","9982","8330","1652","0.16549789621318373","8330","3292","0.3768975911079029","0.1066093713300279"
"211","300","0.4","0.3","0.2","0.05","0.25","0.6","300","10014","8333","1681","0.16786498901537847","8333","3352","0.3777007403880205","0.11265331786128802"
"214","300","0.4","0.3","0.2","0.05","0.25","0.6","300","10052","8300","1752","0.17429367290091524","8300","3380","0.3753308942891253","0.10683247875892157"
"219","300","0.4","0.3","0.2","0.05","0.25","0.6","300","10007","8353","1654","0.1652843009893075","8353","3373","0.3737003897914305","0.10128420989067358"
"218","300","0.4","0.3","0.2","0.05","0.25","0.6","300","9911","8322","1589","0.16032690949450107","8322","3332","0.3765889067540822","0.11172773567615918"
"217","300","0.4","0.3","0.2","0.05","0.25","0.6","300","10022","8343","1679","0.16753143085212532","8343","3307","0.37543566777713966","0.10123173289835763"
"212","300","0.4","0.3","0.2","0.05","0.25","0.6","300","10002","8298","1704","0.17036592681463708","8298","3253","0.37459540323996104","0.1004700406307831"
"222","300","0.4","0.3","0.2","0.05","0.25","0.65","300","9103","7974","1129","0.12402504668790508","7974","2813","0.3504623206957937","0.09892444044478609"
"220","300","0.4","0.3","0.2","0.05","0.25","0.6","300","10005","8331","1674","0.16731634182908545","8331","3305","0.3753001012396713","0.10759422154337647"
"223","300","0.4","0.3","0.2","0.05","0.25","0.65","300","9031","7941","1090","0.12069538257114384","7941","2817","0.3579472574348073","0.09767994268709017"
"225","300","0.4","0.3","0.2","0.05","0.25","0.65","300","9133","7925","1208","0.13226760100733603","7925","2812","0.3571118420386094","0.09585267520161965"
"221","300","0.4","0.3","0.2","0.05","0.25","0.65","300","9009","7945","1064","0.11810411810411811","7945","2747","0.35502911121961567","0.08883938606444652"
"226","300","0.4","0.3","0.2","0.05","0.25","0.65","300","9077","7986","1091","0.1201938966618927","7986","2792","0.34951399583867065","0.09744404433660263"
"227","300","0.4","0.3","0.2","0.05","0.25","0.65","300","9067","7963","1104","0.12176022940333076","7963","2738","0.3554355371482361","0.0911572459063081"
"224","300","0.4","0.3","0.2","0.05","0.25","0.65","300","9130","7951","1179","0.12913472070098575","7951","2870","0.3618141599555537","0.0903254593701906"
"229","300","0.4","0.3","0.2","0.05","0.25","0.65","300","9047","7937","1110","0.1226926052835194","7937","2782","0.35546003946194915","0.10224913986874572"
"228","300","0.4","0.3","0.2","0.05","0.25","0.65","300","9112","7984","1128","0.1237928007023705","7984","2862","0.350571064539731","0.10099643905322245"
"230","300","0.4","0.3","0.2","0.05","0.25","0.65","300","9045","7950","1095","0.12106135986733002","7950","2760","0.356599369204412","0.09518256933648346"
"231","300","0.4","0.3","0.2","0.05","0.25","0.7","300","8230","7480","750","0.0911300121506683","7480","2257","0.3373534901875859","0.09707503698247891"
"232","300","0.4","0.3","0.2","0.05","0.25","0.7","300","8254","7538","716","0.08674582020838381","7538","2251","0.33632034426288404","0.08789977614500642"
"233","300","0.4","0.3","0.2","0.05","0.25","0.7","300","8266","7512","754","0.09121703363174449","7512","2214","0.33435289897685505","0.08648205648877418"
"234","300","0.4","0.3","0.2","0.05","0.25","0.7","300","8321","7543","778","0.09349837759884629","7543","2303","0.3386355292495873","0.0885688069812595"
"235","300","0.4","0.3","0.2","0.05","0.25","0.7","300","8291","7505","786","0.09480159208780606","7505","2257","0.3399692792854185","0.09190434429686749"
"237","300","0.4","0.3","0.2","0.05","0.25","0.7","300","8303","7511","792","0.09538720944237022","7511","2218","0.3380150719224737","0.09418242320753163"
"236","300","0.4","0.3","0.2","0.05","0.25","0.7","300","8326","7540","786","0.09440307470574105","7540","2188","0.33516367136171143","0.08282063369414959"
"240","300","0.4","0.3","0.2","0.05","0.25","0.7","300","8264","7495","769","0.093054211035818","7495","2197","0.3382291784585119","0.09701870125775149"
"241","300","0.4","0.3","0.2","0.05","0.25","0.75","300","7622","7119","503","0.06599317764366308","7119","1778","0.32412106614183034","0.07834315910757332"
"242","300","0.4","0.3","0.2","0.05","0.25","0.75","300","7647","7142","505","0.06603896953053486","7142","1756","0.3246883879278904","0.07082498073469645"
"238","300","0.4","0.3","0.2","0.05","0.25","0.7","300","8270","7533","737","0.08911729141475212","7533","2214","0.33686263645137715","0.09244152588216863"
"239","300","0.4","0.3","0.2","0.05","0.25","0.7","300","8259","7534","725","0.08778302457924689","7534","2251","0.3412421436294339","0.08160315231068387"
"244","300","0.4","0.3","0.2","0.05","0.25","0.75","300","7638","7119","519","0.06794972505891594","7119","1799","0.3259827290032929","0.07681404844350027"
"245","300","0.4","0.3","0.2","0.05","0.25","0.75","300","7563","7064","499","0.06597910881925162","7064","1782","0.3244087637751602","0.08204524509027364"
"243","300","0.4","0.3","0.2","0.05","0.25","0.75","300","7579","7062","517","0.06821480406386067","7062","1775","0.32757132474359674","0.09149385684314064"
"246","300","0.4","0.3","0.2","0.05","0.25","0.75","300","7645","7098","547","0.07155003270111183","7098","1826","0.32802763422269926","0.07253255920017429"
"247","300","0.4","0.3","0.2","0.05","0.25","0.75","300","7617","7086","531","0.06971248523040567","7086","1721","0.3263796351035008","0.07573783291922423"
"248","300","0.4","0.3","0.2","0.05","0.25","0.75","300","7613","7122","491","0.06449494286089584","7122","1745","0.3235102833232951","0.08345447823440558"
"250","300","0.4","0.3","0.2","0.05","0.25","0.75","300","7647","7119","528","0.0690466849744998","7119","1770","0.3273815566602194","0.08114216811515845"
"249","300","0.4","0.3","0.2","0.05","0.25","0.75","300","7635","7100","535","0.07007203667321546","7100","1708","0.32503246353593135","0.08116356180119912"
"251","300","0.4","0.3","0.2","0.05","0.25","0.8","300","7071","6680","391","0.055296280582661575","6680","1374","0.3150315185041946","0.06517195825647164"
"253","300","0.4","0.3","0.2","0.05","0.25","0.8","300","7055","6689","366","0.0518781006378455","6689","1315","0.31407527432306326","0.07135109357419679"
"252","300","0.4","0.3","0.2","0.05","0.25","0.8","300","7028","6682","346","0.04923164484917473","6682","1395","0.31469188566467","0.0711377079436571"
"255","300","0.4","0.3","0.2","0.05","0.25","0.8","300","7018","6670","348","0.049586776859504134","6670","1268","0.3152978058415409","0.078746185756148"
"254","300","0.4","0.3","0.2","0.05","0.25","0.8","300","7044","6648","396","0.056218057921635436","6648","1304","0.31300529878436056","0.07771484204164567"
"256","300","0.4","0.3","0.2","0.05","0.25","0.8","300","7030","6652","378","0.05376955903271693","6652","1331","0.31512334402049313","0.07575986117049957"
"257","300","0.4","0.3","0.2","0.05","0.25","0.8","300","7056","6666","390","0.055272108843537414","6666","1335","0.3143976381409748","0.06828509840103893"
"258","300","0.4","0.3","0.2","0.05","0.25","0.8","300","7058","6710","348","0.04930575233777274","6710","1382","0.3129174237462779","0.07684361408888166"
"259","300","0.4","0.3","0.2","0.05","0.25","0.8","300","7073","6687","386","0.05457373109006079","6687","1317","0.3155070318312646","0.06949705461388567"
"260","300","0.4","0.3","0.2","0.05","0.25","0.8","300","7071","6693","378","0.05345778532032244","6693","1314","0.31558964712036025","0.06690118452390523"
"262","300","0.4","0.3","0.2","0.05","0.3","0.2","300","22216","5572","16644","0.7491897731364782","5572","4445","0.5319389967660568","0.24156010871990904"
"263","300","0.4","0.3","0.2","0.05","0.3","0.2","300","22549","5527","17022","0.7548893520776975","5527","4482","0.5277058006445748","0.24240138704189068"
"261","300","0.4","0.3","0.2","0.05","0.3","0.2","300","22554","5556","16998","0.7536578877361","5556","4439","0.5414987908432886","0.2364956182645965"
"264","300","0.4","0.3","0.2","0.05","0.3","0.2","300","22307","5568","16739","0.7503922535526965","5568","4424","0.5317950723709659","0.24023263891599564"
"265","300","0.4","0.3","0.2","0.05","0.3","0.2","300","22359","5600","16759","0.749541571626638","5600","4498","0.530930683906223","0.24225770664076568"
"266","300","0.4","0.3","0.2","0.05","0.3","0.2","300","22348","5532","16816","0.752461070341865","5532","4456","0.5341769279373987","0.24421672965534805"
"267","300","0.4","0.3","0.2","0.05","0.3","0.2","300","22373","5573","16800","0.750905108836544","5573","4475","0.5350068543429084","0.24355775133946775"
"268","300","0.4","0.3","0.2","0.05","0.3","0.2","300","22534","5502","17032","0.7558356261649064","5502","4440","0.5219589352992415","0.24894005293854035"
"270","300","0.4","0.3","0.2","0.05","0.3","0.2","300","22600","5534","17066","0.7551327433628319","5534","4419","0.5225555862544737","0.2489967938574765"
"271","300","0.4","0.3","0.2","0.05","0.3","0.25","300","20449","6179","14270","0.6978336348965719","6179","4646","0.5290624128774774","0.21507790126989423"
"273","300","0.4","0.3","0.2","0.05","0.3","0.25","300","20441","6091","14350","0.7020204490974022","6091","4606","0.5187052212816246","0.22449545242257496"
"272","300","0.4","0.3","0.2","0.05","0.3","0.25","300","20368","6171","14197","0.6970247446975648","6171","4657","0.5235615012381232","0.22090555335605758"
"269","300","0.4","0.3","0.2","0.05","0.3","0.2","300","22341","5550","16791","0.7515778165704311","5550","4459","0.5318550179185898","0.2385061996237883"
"274","300","0.4","0.3","0.2","0.05","0.3","0.25","300","20195","6182","14013","0.6938846249071552","6182","4590","0.5097884756337987","0.22502701972851008"
"276","300","0.4","0.3","0.2","0.05","0.3","0.25","300","20415","6214","14201","0.6956159686505021","6214","4650","0.5250461050232327","0.21834741553443743"
"277","300","0.4","0.3","0.2","0.05","0.3","0.25","300","20514","6118","14396","0.7017646485327094","6118","4630","0.5237646412353266","0.22233507825330695"
"275","300","0.4","0.3","0.2","0.05","0.3","0.25","300","20385","6183","14202","0.6966887417218544","6183","4655","0.5333413836439889","0.21960901482204476"
"278","300","0.4","0.3","0.2","0.05","0.3","0.25","300","20367","6190","14177","0.6960769872833505","6190","4666","0.5168484386053755","0.2206124469648569"
"279","300","0.4","0.3","0.2","0.05","0.3","0.25","300","20321","6177","14144","0.6960287387431721","6177","4654","0.526357613471251","0.21902381486244138"
"280","300","0.4","0.3","0.2","0.05","0.3","0.25","300","20471","6126","14345","0.7007473987592203","6126","4626","0.5308377028864998","0.21725589841382686"
"281","300","0.4","0.3","0.2","0.05","0.3","0.3","300","17906","6694","11212","0.6261588294426449","6694","4569","0.5131571582868629","0.19744317782384552"
"282","300","0.4","0.3","0.2","0.05","0.3","0.3","300","18270","6699","11571","0.6333333333333333","6699","4670","0.5126278817780549","0.20220378073443684"
"283","300","0.4","0.3","0.2","0.05","0.3","0.3","300","18259","6623","11636","0.6372747686072622","6623","4665","0.5141988207240786","0.2029373555163646"
"284","300","0.4","0.3","0.2","0.05","0.3","0.3","300","18452","6665","11787","0.6387925428137872","6665","4676","0.5045131944325959","0.20401201521469697"
"285","300","0.4","0.3","0.2","0.05","0.3","0.3","300","18206","6703","11503","0.6318246731846644","6703","4647","0.5076010540395003","0.19954603917518948"
"286","300","0.4","0.3","0.2","0.05","0.3","0.3","300","18240","6691","11549","0.6331688596491228","6691","4687","0.5170432680181041","0.19610046975843032"
"287","300","0.4","0.3","0.2","0.05","0.3","0.3","300","18354","6634","11720","0.6385529039991282","6634","4686","0.506236456313507","0.20224709446384587"
"288","300","0.4","0.3","0.2","0.05","0.3","0.3","300","18141","6727","11414","0.6291825147456038","6727","4686","0.5201055532098676","0.19598385589784328"
"292","300","0.4","0.3","0.2","0.05","0.3","0.35","300","16062","7108","8954","0.557464823807745","7108","4707","0.4928037028580094","0.1742253676138998"
"291","300","0.4","0.3","0.2","0.05","0.3","0.35","300","15986","7132","8854","0.553859627173777","7132","4626","0.4838433319726449","0.17924902479302618"
"293","300","0.4","0.3","0.2","0.05","0.3","0.35","300","16022","7158","8864","0.5532392959680439","7158","4548","0.496777717293225","0.16410990326346062"
"294","300","0.4","0.3","0.2","0.05","0.3","0.35","300","16036","7118","8918","0.5561237216263407","7118","4615","0.48556039759961994","0.17943715377220917"
"290","300","0.4","0.3","0.2","0.05","0.3","0.3","300","18202","6735","11467","0.6299857158554005","6735","4742","0.5143169024185499","0.19554313404936283"
"289","300","0.4","0.3","0.2","0.05","0.3","0.3","300","18064","6710","11354","0.6285429583702391","6710","4654","0.5078815580476087","0.19987845751355407"
"295","300","0.4","0.3","0.2","0.05","0.3","0.35","300","15989","7111","8878","0.555256739008068","7111","4620","0.49426261846125213","0.16785926533391687"
"299","300","0.4","0.3","0.2","0.05","0.3","0.35","300","16008","7158","8850","0.552848575712144","7158","4639","0.5038485924898877","0.16487468130425936"
"296","300","0.4","0.3","0.2","0.05","0.3","0.35","300","15972","7139","8833","0.553030303030303","7139","4553","0.48987328167045346","0.17492629095099532"
"300","300","0.4","0.3","0.2","0.05","0.3","0.35","300","16127","7154","8973","0.5563961059093446","7154","4686","0.48532453829087263","0.17806530213381352"
"298","300","0.4","0.3","0.2","0.05","0.3","0.35","300","16026","7141","8885","0.5544115811805815","7141","4628","0.49666244552048255","0.1781629874643881"
"301","300","0.4","0.3","0.2","0.05","0.3","0.4","300","13878","7476","6402","0.461305663640294","7476","4396","0.4749630146585632","0.144522907131901"
"297","300","0.4","0.3","0.2","0.05","0.3","0.35","300","16005","7130","8875","0.5545142143080287","7130","4617","0.49813267339158573","0.17013715825132852"
"302","300","0.4","0.3","0.2","0.05","0.3","0.4","300","13913","7453","6460","0.4643139509810968","7453","4445","0.47303437875963944","0.1438335540094778"
"303","300","0.4","0.3","0.2","0.05","0.3","0.4","300","13825","7434","6391","0.4622784810126582","7434","4426","0.4745886101097896","0.14707605098747825"
"306","300","0.4","0.3","0.2","0.05","0.3","0.4","300","14039","7442","6597","0.4699052639076857","7442","4507","0.47870145788633606","0.15238756271955328"
"305","300","0.4","0.3","0.2","0.05","0.3","0.4","300","14044","7411","6633","0.47230133864995727","7411","4446","0.4713272126648666","0.14771018921984402"
"304","300","0.4","0.3","0.2","0.05","0.3","0.4","300","13987","7450","6537","0.4673625509401587","7450","4413","0.47405018352536965","0.15214104654933305"
"307","300","0.4","0.3","0.2","0.05","0.3","0.4","300","14010","7450","6560","0.46823697359029265","7450","4399","0.46783367781442015","0.15434106398221614"
"308","300","0.4","0.3","0.2","0.05","0.3","0.4","300","13827","7477","6350","0.4592464019671657","7477","4472","0.47606065247377916","0.1436710422142608"
"309","300","0.4","0.3","0.2","0.05","0.3","0.4","300","14079","7465","6614","0.46977768307408196","7465","4494","0.4770113602744903","0.1433285402341535"
"310","300","0.4","0.3","0.2","0.05","0.3","0.4","300","14018","7481","6537","0.4663290055642745","7481","4480","0.47328982464320757","0.1422549636757899"
"311","300","0.4","0.3","0.2","0.05","0.3","0.45","300","12091","7568","4523","0.3740798941361343","7568","4205","0.4455435189065963","0.12934198368377653"
"312","300","0.4","0.3","0.2","0.05","0.3","0.45","300","12176","7560","4616","0.3791064388961892","7560","4267","0.4381783279825828","0.13379350730447415"
"313","300","0.4","0.3","0.2","0.05","0.3","0.45","300","12137","7546","4591","0.37826481008486446","7546","4153","0.43824159289076825","0.13006748929239778"
"315","300","0.4","0.3","0.2","0.05","0.3","0.45","300","12109","7546","4563","0.37682715335700717","7546","4189","0.44839375567089007","0.13307580494411755"
"314","300","0.4","0.3","0.2","0.05","0.3","0.45","300","12113","7556","4557","0.37620738050028896","7556","4168","0.4502382392443988","0.13309612822176045"
"316","300","0.4","0.3","0.2","0.05","0.3","0.45","300","12047","7574","4473","0.3712957582800697","7574","4181","0.44997658387062095","0.12234809396117297"
"320","300","0.4","0.3","0.2","0.05","0.3","0.45","300","12174","7551","4623","0.37974371611631347","7551","4168","0.4436933364453961","0.12961195183958985"
"322","300","0.4","0.3","0.2","0.05","0.3","0.5","300","10628","7535","3093","0.29102371095220175","7535","3724","0.4220008905717692","0.10890055167771066"
"319","300","0.4","0.3","0.2","0.05","0.3","0.45","300","12090","7566","4524","0.3741935483870968","7566","4163","0.4538230724942237","0.1309207964485725"
"317","300","0.4","0.3","0.2","0.05","0.3","0.45","300","12141","7583","4558","0.37542212338357633","7583","4231","0.4496098575457892","0.12876305130669594"
"318","300","0.4","0.3","0.2","0.05","0.3","0.45","300","12052","7607","4445","0.3688184533687355","7607","4149","0.44704051653452903","0.12359393178021909"
"321","300","0.4","0.3","0.2","0.05","0.3","0.5","300","10602","7490","3112","0.2935295227315601","7490","3771","0.421876201358047","0.11063232606966675"
"323","300","0.4","0.3","0.2","0.05","0.3","0.5","300","10538","7460","3078","0.2920857847788954","7460","3767","0.42821154412045764","0.1137853649785463"
"324","300","0.4","0.3","0.2","0.05","0.3","0.5","300","10425","7480","2945","0.28249400479616305","7480","3754","0.41643344621181816","0.11257519567571833"
"326","300","0.4","0.3","0.2","0.05","0.3","0.5","300","10660","7503","3157","0.29615384615384616","7503","3791","0.41908814224647367","0.11075888674961623"
"331","300","0.4","0.3","0.2","0.05","0.3","0.55","300","9327","7287","2040","0.21871984560952074","7287","3360","0.3920460524864377","0.1005007530986407"
"327","300","0.4","0.3","0.2","0.05","0.3","0.5","300","10583","7473","3110","0.29386752338656336","7473","3709","0.4240009563505898","0.10772692937607088"
"328","300","0.4","0.3","0.2","0.05","0.3","0.5","300","10584","7551","3033","0.28656462585034015","7551","3743","0.4194814733396499","0.11008972527592203"
"325","300","0.4","0.3","0.2","0.05","0.3","0.5","300","10585","7504","3081","0.2910722720831365","7504","3773","0.4236537570784181","0.11617510118426239"
"330","300","0.4","0.3","0.2","0.05","0.3","0.5","300","10528","7498","3030","0.28780395136778114","7498","3721","0.42458695905781974","0.10657204991267621"
"329","300","0.4","0.3","0.2","0.05","0.3","0.5","300","10598","7482","3116","0.2940177391960747","7482","3741","0.41586814492173324","0.11307298215958139"
"332","300","0.4","0.3","0.2","0.05","0.3","0.55","300","9271","7245","2026","0.2185309028152303","7245","3340","0.4000897234146371","0.10051326703081552"
"333","300","0.4","0.3","0.2","0.05","0.3","0.55","300","9300","7236","2064","0.22193548387096773","7236","3319","0.39509728973101155","0.09718654098404067"
"334","300","0.4","0.3","0.2","0.05","0.3","0.55","300","9291","7310","1981","0.2132170918092778","7310","3327","0.3936936405126653","0.09963806599980773"
"335","300","0.4","0.3","0.2","0.05","0.3","0.55","300","9243","7319","1924","0.20815752461322082","7319","3275","0.39136897473209864","0.10776352604599446"
"337","300","0.4","0.3","0.2","0.05","0.3","0.55","300","9298","7326","1972","0.21208862120886213","7326","3248","0.38987084474361433","0.10037285399837512"
"336","300","0.4","0.3","0.2","0.05","0.3","0.55","300","9253","7324","1929","0.20847292769912462","7324","3260","0.3931832709188843","0.09918117558486364"
"339","300","0.4","0.3","0.2","0.05","0.3","0.55","300","9358","7304","2054","0.21949134430433853","7304","3203","0.39122344487157995","0.09797861770150564"
"338","300","0.4","0.3","0.2","0.05","0.3","0.55","300","9292","7257","2035","0.2190055962117951","7257","3180","0.38830584308577826","0.10799010409703956"
"340","300","0.4","0.3","0.2","0.05","0.3","0.55","300","9270","7266","2004","0.2161812297734628","7266","3295","0.39436865216155603","0.10177266443230064"
"341","300","0.4","0.3","0.2","0.05","0.3","0.6","300","8317","7041","1276","0.15342070458097873","7041","2870","0.3747912954740845","0.08516728823821436"
"342","300","0.4","0.3","0.2","0.05","0.3","0.6","300","8370","7047","1323","0.15806451612903225","7047","2828","0.3683298909943833","0.08421424102927125"
"343","300","0.4","0.3","0.2","0.05","0.3","0.6","300","8368","7040","1328","0.1586998087954111","7040","2854","0.3689239623720283","0.09342350461425616"
"344","300","0.4","0.3","0.2","0.05","0.3","0.6","300","8338","6963","1375","0.16490765171503957","6963","2735","0.36507568776226246","0.10163393266025862"
"346","300","0.4","0.3","0.2","0.05","0.3","0.6","300","8306","7004","1302","0.15675415362388634","7004","2754","0.37086915745172977","0.09321886221381342"
"345","300","0.4","0.3","0.2","0.05","0.3","0.6","300","8349","6998","1351","0.16181578632171517","6998","2825","0.3750755838501901","0.08656340868876906"
"347","300","0.4","0.3","0.2","0.05","0.3","0.6","300","8429","6988","1441","0.17095740894530786","6988","2947","0.3742978424922365","0.08903325708213188"
"349","300","0.4","0.3","0.2","0.05","0.3","0.6","300","8362","7000","1362","0.16287969385314519","7000","2851","0.37282890812969816","0.08258720004810938"
"348","300","0.4","0.3","0.2","0.05","0.3","0.6","300","8357","7043","1314","0.15723345698217064","7043","2790","0.3674968047007157","0.088958834787759"
"352","300","0.4","0.3","0.2","0.05","0.3","0.65","300","7581","6665","916","0.12082838675636459","6665","2363","0.3536235176571385","0.0846173058559032"
"350","300","0.4","0.3","0.2","0.05","0.3","0.6","300","8413","6999","1414","0.1680732200166409","6999","2772","0.3751065761778706","0.07890090978045729"
"354","300","0.4","0.3","0.2","0.05","0.3","0.65","300","7616","6680","936","0.12289915966386554","6680","2409","0.3544268091697031","0.08342885529535922"
"355","300","0.4","0.3","0.2","0.05","0.3","0.65","300","7568","6710","858","0.11337209302325581","6710","2274","0.35342953679582056","0.07739998032671297"
"351","300","0.4","0.3","0.2","0.05","0.3","0.65","300","7579","6669","910","0.12006861063464837","6669","2369","0.3509288126218071","0.0747650429238835"
"356","300","0.4","0.3","0.2","0.05","0.3","0.65","300","7581","6678","903","0.11911357340720222","6678","2335","0.35742408046274254","0.08602186108295892"
"357","300","0.4","0.3","0.2","0.05","0.3","0.65","300","7612","6686","926","0.12165002627430373","6686","2363","0.34747769100237735","0.08948632076678915"
"353","300","0.4","0.3","0.2","0.05","0.3","0.65","300","7536","6662","874","0.11597664543524416","6662","2303","0.3497258753128657","0.07673739808132177"
"358","300","0.4","0.3","0.2","0.05","0.3","0.65","300","7545","6669","876","0.11610337972166998","6669","2351","0.35230338380328374","0.08217733880195174"
"359","300","0.4","0.3","0.2","0.05","0.3","0.65","300","7598","6686","912","0.12003158725980521","6686","2383","0.3464581915014957","0.09131628910807259"
"360","300","0.4","0.3","0.2","0.05","0.3","0.65","300","7575","6633","942","0.12435643564356436","6633","2268","0.35117767207958056","0.07421193603190797"
"361","300","0.4","0.3","0.2","0.05","0.3","0.7","300","6938","6330","608","0.08763332372441626","6330","1878","0.3334166517632139","0.07086139310152367"
"363","300","0.4","0.3","0.2","0.05","0.3","0.7","300","6986","6330","656","0.09390208989407386","6330","1904","0.3367757086251694","0.07267213223824942"
"362","300","0.4","0.3","0.2","0.05","0.3","0.7","300","6910","6309","601","0.08697539797395079","6309","1937","0.33977837754034684","0.07169959374640594"
"364","300","0.4","0.3","0.2","0.05","0.3","0.7","300","6890","6301","589","0.08548621190130624","6301","1850","0.33051627796602234","0.07463634635286502"
"365","300","0.4","0.3","0.2","0.05","0.3","0.7","300","6952","6338","614","0.0883199079401611","6338","1940","0.33459707706686204","0.07234531969566137"
"366","300","0.4","0.3","0.2","0.05","0.3","0.7","300","6985","6352","633","0.09062276306370795","6352","1871","0.337745707228486","0.07385702518698167"
"367","300","0.4","0.3","0.2","0.05","0.3","0.7","300","6930","6275","655","0.09451659451659451","6275","1894","0.33953561158667483","0.0794507685773324"
"369","300","0.4","0.3","0.2","0.05","0.3","0.7","300","6899","6295","604","0.08754892013335266","6295","1901","0.33800129481087454","0.0732279852272095"
"371","300","0.4","0.3","0.2","0.05","0.3","0.75","300","6448","6011","437","0.06777295285359801","6011","1548","0.3243469541968609","0.06257672770909953"
"368","300","0.4","0.3","0.2","0.05","0.3","0.7","300","6914","6320","594","0.08591264101822389","6320","1905","0.33747749312036646","0.07309348504712725"
"370","300","0.4","0.3","0.2","0.05","0.3","0.7","300","6970","6325","645","0.09253945480631277","6325","1875","0.33599371839151987","0.06990643814375644"
"372","300","0.4","0.3","0.2","0.05","0.3","0.75","300","6447","6002","445","0.06902435241197456","6002","1480","0.3210388792522247","0.05949223322154629"
"374","300","0.4","0.3","0.2","0.05","0.3","0.75","300","6404","5951","453","0.070737039350406","5951","1442","0.32187615982659473","0.07257434482630698"
"375","300","0.4","0.3","0.2","0.05","0.3","0.75","300","6422","6001","421","0.06555590158829025","6001","1490","0.32076537416964945","0.06400017219433936"
"373","300","0.4","0.3","0.2","0.05","0.3","0.75","300","6447","6003","444","0.068869241507678","6003","1524","0.3231085001955459","0.05670740788564677"
"376","300","0.4","0.3","0.2","0.05","0.3","0.75","300","6378","5977","401","0.06287237378488554","5977","1488","0.3240364121799891","0.06547422555512251"
"379","300","0.4","0.3","0.2","0.05","0.3","0.75","300","6433","5985","448","0.06964091403699674","5985","1498","0.32135921706275467","0.07017238023778577"
"380","300","0.4","0.3","0.2","0.05","0.3","0.75","300","6419","6002","417","0.06496338993612712","6002","1418","0.32187986200644614","0.0696347795613423"
"377","300","0.4","0.3","0.2","0.05","0.3","0.75","300","6400","5973","427","0.06671875","5973","1483","0.3219154424068669","0.06847838554529438"
"378","300","0.4","0.3","0.2","0.05","0.3","0.75","300","6416","5986","430","0.06701995012468828","5986","1538","0.3238445948729504","0.06513861998639307"
"384","300","0.4","0.3","0.2","0.05","0.3","0.8","300","5921","5647","274","0.046275966897483534","5647","1173","0.31435743730708643","0.07114712568703893"
"382","300","0.4","0.3","0.2","0.05","0.3","0.8","300","5960","5671","289","0.04848993288590604","5671","1099","0.31349075151273853","0.05654104460884794"
"386","300","0.4","0.3","0.2","0.05","0.3","0.8","300","5953","5659","294","0.04938686376616832","5659","1153","0.3144067802945431","0.06362536589847348"
"385","300","0.4","0.3","0.2","0.05","0.3","0.8","300","5964","5639","325","0.05449362843729041","5639","1138","0.31428789251433725","0.053450242646374865"
"383","300","0.4","0.3","0.2","0.05","0.3","0.8","300","5954","5654","300","0.05038629492777964","5654","1175","0.3152417490743061","0.0650100663530271"
"387","300","0.4","0.3","0.2","0.05","0.3","0.8","300","5941","5648","293","0.04931829658306682","5648","1097","0.31311325919044797","0.05930343512896094"
"388","300","0.4","0.3","0.2","0.05","0.3","0.8","300","5962","5660","302","0.05065414290506542","5660","1098","0.31287011134604004","0.060935960216137855"
"389","300","0.4","0.3","0.2","0.05","0.3","0.8","300","5978","5654","324","0.054198728671796585","5654","1117","0.31367768360197346","0.06627123021192892"
"390","300","0.4","0.3","0.2","0.05","0.3","0.8","300","5949","5652","297","0.049924357034795766","5652","1104","0.31508762095153336","0.06425611315971048"
"381","300","0.4","0.3","0.2","0.05","0.3","0.8","300","5898","5606","292","0.049508307900983387","5606","1116","0.31383096639118613","0.0635186451132792"
"391","300","0.4","0.3","0.2","0.05","0.35","0.2","300","19970","5014","14956","0.7489233850776165","5014","4051","0.5160513640263285","0.22265830172495513"
"392","300","0.4","0.3","0.2","0.05","0.35","0.2","300","20247","4992","15255","0.7534449548081197","4992","3991","0.5195208879946422","0.22122193135037765"
"393","300","0.4","0.3","0.2","0.05","0.35","0.2","300","19945","5007","14938","0.74895963900727","5007","3997","0.5243291969629668","0.21599809672932888"
"394","300","0.4","0.3","0.2","0.05","0.35","0.2","300","19999","5085","14914","0.7457372868643433","5085","4072","0.5321942909343893","0.21219049993785466"
"395","300","0.4","0.3","0.2","0.05","0.35","0.2","300","20026","5063","14963","0.7471786677319485","5063","4023","0.5225595614798098","0.21451241039036945"
"396","300","0.4","0.3","0.2","0.05","0.35","0.2","300","19992","5040","14952","0.7478991596638656","5040","4037","0.5187533007428331","0.22288298756747557"
"398","300","0.4","0.3","0.2","0.05","0.35","0.2","300","20127","5005","15122","0.7513290604660406","5005","4028","0.5230857743958268","0.22312496072567523"
"397","300","0.4","0.3","0.2","0.05","0.35","0.2","300","20186","5019","15167","0.7513623303279501","5019","4026","0.5246323238783485","0.21493101437291898"
"400","300","0.4","0.3","0.2","0.05","0.35","0.2","300","20230","5052","15178","0.7502718734552645","5052","4033","0.5304587237216766","0.20682579130442738"
"401","300","0.4","0.3","0.2","0.05","0.35","0.25","300","17994","5517","12477","0.6933977992664221","5517","4137","0.5174961473122824","0.19592683165980504"
"402","300","0.4","0.3","0.2","0.05","0.35","0.25","300","17895","5502","12393","0.6925398155909472","5502","4136","0.5152293950440411","0.1971007084827661"
"399","300","0.4","0.3","0.2","0.05","0.35","0.2","300","20015","4996","15019","0.7503872095928054","4996","3974","0.5311018517306068","0.21601804101285785"
"403","300","0.4","0.3","0.2","0.05","0.35","0.25","300","18101","5565","12536","0.6925584221866196","5565","4158","0.5237173989049799","0.19562637651435882"
"404","300","0.4","0.3","0.2","0.05","0.35","0.25","300","18067","5566","12501","0.6919245032379476","5566","4157","0.5243439968183633","0.18555135293124786"
"405","300","0.4","0.3","0.2","0.05","0.35","0.25","300","18083","5521","12562","0.6946856163247249","5521","4125","0.5069956933997992","0.19318340349280605"
"406","300","0.4","0.3","0.2","0.05","0.35","0.25","300","18029","5550","12479","0.6921626268789173","5550","4156","0.5147699709459783","0.18974581072336802"
"407","300","0.4","0.3","0.2","0.05","0.35","0.25","300","18041","5537","12504","0.6930879662989856","5537","4158","0.5088868688138685","0.20013656269495236"
"410","300","0.4","0.3","0.2","0.05","0.35","0.25","300","18041","5529","12512","0.6935314006984091","5529","4178","0.5163424982962151","0.19520722978799535"
"408","300","0.4","0.3","0.2","0.05","0.35","0.25","300","17985","5492","12493","0.6946344175701974","5492","4147","0.519565355063936","0.19585812631105246"
"409","300","0.4","0.3","0.2","0.05","0.35","0.25","300","17940","5504","12436","0.6931995540691193","5504","4137","0.5158953564102989","0.19612137183260078"
"412","300","0.4","0.3","0.2","0.05","0.35","0.3","300","15777","5961","9816","0.6221715154972428","5961","4126","0.5118635789975872","0.16071336415390622"
"411","300","0.4","0.3","0.2","0.05","0.35","0.3","300","15915","5941","9974","0.6267043669494188","5941","4206","0.4990954584950753","0.1644519789643447"
"413","300","0.4","0.3","0.2","0.05","0.35","0.3","300","16063","5953","10110","0.6293967502957106","5953","4199","0.5114574805254527","0.16809839233845372"
"415","300","0.4","0.3","0.2","0.05","0.35","0.3","300","15809","5947","9862","0.6238218736162945","5947","4213","0.49903259272728034","0.17269935328067804"
"414","300","0.4","0.3","0.2","0.05","0.35","0.3","300","15745","5943","9802","0.6225468402667513","5943","4044","0.49843393007543263","0.1729390219844356"
"416","300","0.4","0.3","0.2","0.05","0.35","0.3","300","15921","5920","10001","0.6281640600464795","5920","4119","0.5077459909778741","0.16589184579478364"
"417","300","0.4","0.3","0.2","0.05","0.35","0.3","300","15818","5980","9838","0.621949677582501","5980","4162","0.5052002546127207","0.1712375511004579"
"421","300","0.4","0.3","0.2","0.05","0.35","0.35","300","13745","6261","7484","0.5444889050563841","6261","4193","0.49611034756347255","0.14841516532652077"
"420","300","0.4","0.3","0.2","0.05","0.35","0.3","300","15889","5906","9983","0.6282963056202404","5906","4197","0.5021959528731477","0.18014502968241003"
"422","300","0.4","0.3","0.2","0.05","0.35","0.35","300","13668","6282","7386","0.5403863037752414","6282","4044","0.48771047402327306","0.1493929987369899"
"418","300","0.4","0.3","0.2","0.05","0.35","0.3","300","15844","5966","9878","0.6234536733148195","5966","4228","0.5016951776728255","0.16857229218363334"
"419","300","0.4","0.3","0.2","0.05","0.35","0.3","300","15920","5940","9980","0.6268844221105527","5940","4169","0.5027208910465744","0.1747967414770817"
"425","300","0.4","0.3","0.2","0.05","0.35","0.35","300","13764","6288","7476","0.5431560592850916","6288","4112","0.4808860594989026","0.1492242589849699"
"423","300","0.4","0.3","0.2","0.05","0.35","0.35","300","13659","6264","7395","0.5414012738853503","6264","4093","0.476419105224342","0.15212775455105093"
"424","300","0.4","0.3","0.2","0.05","0.35","0.35","300","13717","6256","7461","0.5439235984544726","6256","4134","0.48455172853209916","0.15313171067506948"
"427","300","0.4","0.3","0.2","0.05","0.35","0.35","300","13910","6324","7586","0.5453630481667865","6324","4122","0.49111658047822554","0.14186751364296316"
"429","300","0.4","0.3","0.2","0.05","0.35","0.35","300","13660","6279","7381","0.5403367496339678","6279","4023","0.4788266528739651","0.15033773417941945"
"426","300","0.4","0.3","0.2","0.05","0.35","0.35","300","13909","6263","7646","0.5497160112157595","6263","4114","0.4885608852360291","0.13791438499995667"
"431","300","0.4","0.3","0.2","0.05","0.35","0.4","300","11803","6436","5367","0.45471490299076506","6436","3842","0.4650160166539437","0.13201321425106735"
"430","300","0.4","0.3","0.2","0.05","0.35","0.35","300","13694","6263","7431","0.542646414488097","6263","4069","0.48070215006870426","0.15389570570472888"
"428","300","0.4","0.3","0.2","0.05","0.35","0.35","300","13762","6303","7459","0.541999709344572","6303","4119","0.48610351258470824","0.14708436865425667"
"433","300","0.4","0.3","0.2","0.05","0.35","0.4","300","11732","6484","5248","0.4473235594953972","6484","3863","0.4589550748443735","0.1267505817530913"
"432","300","0.4","0.3","0.2","0.05","0.35","0.4","300","11851","6437","5414","0.4568390853092566","6437","3890","0.4543842647416346","0.1310534532822016"
"435","300","0.4","0.3","0.2","0.05","0.35","0.4","300","11728","6516","5212","0.44440654843110505","6516","3931","0.4639955572095057","0.12547083217450836"
"436","300","0.4","0.3","0.2","0.05","0.35","0.4","300","11674","6494","5180","0.44372108960082235","6494","3841","0.45500797600885856","0.12482894428832371"
"434","300","0.4","0.3","0.2","0.05","0.35","0.4","300","11990","6491","5499","0.4586321934945788","6491","3939","0.4632819783878149","0.1252575410817716"
"437","300","0.4","0.3","0.2","0.05","0.35","0.4","300","11738","6521","5217","0.4444539103765548","6521","3852","0.4679623631942415","0.11664790182406021"
"438","300","0.4","0.3","0.2","0.05","0.35","0.4","300","11768","6487","5281","0.4487593473827328","6487","3944","0.4563215728911108","0.13112589476642716"
"439","300","0.4","0.3","0.2","0.05","0.35","0.4","300","11706","6536","5170","0.4416538527250982","6536","3896","0.46190174959773816","0.12104024262240844"
"440","300","0.4","0.3","0.2","0.05","0.35","0.4","300","11822","6488","5334","0.4511926915919472","6488","3896","0.4656920741843527","0.12995723411348353"
"442","300","0.4","0.3","0.2","0.05","0.35","0.45","300","10276","6492","3784","0.3682366679641884","6492","3610","0.4389803144857106","0.10597256460035766"
"444","300","0.4","0.3","0.2","0.05","0.35","0.45","300","10280","6498","3782","0.36789883268482493","6498","3558","0.43541605058595184","0.11329318424267391"
"441","300","0.4","0.3","0.2","0.05","0.35","0.45","300","10180","6515","3665","0.3600196463654224","6515","3601","0.4373382790772058","0.10883193219847798"
"443","300","0.4","0.3","0.2","0.05","0.35","0.45","300","10169","6526","3643","0.35824564853967944","6526","3541","0.4364090154948701","0.10896486094546982"
"448","300","0.4","0.3","0.2","0.05","0.35","0.45","300","10387","6517","3870","0.37258111100413976","6517","3748","0.4319480070019705","0.11169997814758711"
"447","300","0.4","0.3","0.2","0.05","0.35","0.45","300","10258","6521","3737","0.3643010333398323","6521","3589","0.4283898079434951","0.11379337563343246"
"449","300","0.4","0.3","0.2","0.05","0.35","0.45","300","10345","6479","3866","0.3737071048815853","6479","3566","0.42991455603134643","0.11183191563121167"
"445","300","0.4","0.3","0.2","0.05","0.35","0.45","300","10176","6547","3629","0.35662342767295596","6547","3588","0.4381190480766592","0.10757833302194515"
"451","300","0.4","0.3","0.2","0.05","0.35","0.5","300","8950","6459","2491","0.2783240223463687","6459","3184","0.41459016373228663","0.08347071043776401"
"450","300","0.4","0.3","0.2","0.05","0.35","0.45","300","10164","6549","3615","0.35566706021251476","6549","3536","0.43644188448323895","0.10533577912002964"
"446","300","0.4","0.3","0.2","0.05","0.35","0.45","300","10241","6521","3720","0.36324577677961134","6521","3641","0.44290430845486384","0.10665195883329566"
"453","300","0.4","0.3","0.2","0.05","0.35","0.5","300","8811","6414","2397","0.27204630575417094","6414","3218","0.40956471856828136","0.08782305471530429"
"454","300","0.4","0.3","0.2","0.05","0.35","0.5","300","8901","6394","2507","0.28165374677002586","6394","3224","0.41733674954970845","0.09459964243362998"
"458","300","0.4","0.3","0.2","0.05","0.35","0.5","300","8903","6395","2508","0.28170279681006405","6395","3206","0.413096532170438","0.08777334467810895"
"456","300","0.4","0.3","0.2","0.05","0.35","0.5","300","8987","6418","2569","0.2858573495048403","6418","3207","0.41261431512145863","0.08592239960668438"
"457","300","0.4","0.3","0.2","0.05","0.35","0.5","300","8908","6423","2485","0.27896273013022005","6423","3194","0.4172672595900539","0.09512626828227695"
"459","300","0.4","0.3","0.2","0.05","0.35","0.5","300","8911","6411","2500","0.2805521265851195","6411","3172","0.41102805879547166","0.09618654237307059"
"461","300","0.4","0.3","0.2","0.05","0.35","0.55","300","7900","6213","1687","0.21354430379746836","6213","2835","0.3870400482438395","0.08951122804163804"
"455","300","0.4","0.3","0.2","0.05","0.35","0.5","300","8929","6440","2489","0.27875461977825067","6440","3269","0.41347958232349713","0.0912426730382941"
"452","300","0.4","0.3","0.2","0.05","0.35","0.5","300","8881","6472","2409","0.27125323724805767","6472","3260","0.41889213889414323","0.0915909237094976"
"460","300","0.4","0.3","0.2","0.05","0.35","0.5","300","9001","6395","2606","0.2895233862904122","6395","3221","0.40780381036629443","0.09488547408537307"
"462","300","0.4","0.3","0.2","0.05","0.35","0.55","300","7921","6225","1696","0.2141143794975382","6225","2816","0.39012590801732494","0.0791777463033178"
"466","300","0.4","0.3","0.2","0.05","0.35","0.55","300","7897","6204","1693","0.21438520957325566","6204","2825","0.38548673384413606","0.0927651009906169"
"465","300","0.4","0.3","0.2","0.05","0.35","0.55","300","7944","6236","1708","0.2150050352467271","6236","2844","0.38760943652155905","0.0809267151944136"
"464","300","0.4","0.3","0.2","0.05","0.35","0.55","300","7885","6228","1657","0.210145846544071","6228","2833","0.39245346433323613","0.07630956747948708"
"468","300","0.4","0.3","0.2","0.05","0.35","0.55","300","7890","6212","1678","0.2126742712294043","6212","2812","0.38718137949890813","0.08937118786272466"
"467","300","0.4","0.3","0.2","0.05","0.35","0.55","300","7986","6235","1751","0.2192587027297771","6235","2862","0.3894769928485873","0.07867074008508566"
"470","300","0.4","0.3","0.2","0.05","0.35","0.55","300","7873","6241","1632","0.2072907405055252","6241","2782","0.3882844245057272","0.08296472461171815"
"469","300","0.4","0.3","0.2","0.05","0.35","0.55","300","7925","6231","1694","0.2137539432176656","6231","2754","0.3810109416610718","0.07860242602447516"
"471","300","0.4","0.3","0.2","0.05","0.35","0.6","300","7063","5982","1081","0.15305111142573977","5982","2251","0.3629034673050732","0.07168008794508572"
"463","300","0.4","0.3","0.2","0.05","0.35","0.55","300","7885","6211","1674","0.2123018389346861","6211","2783","0.39150419027225736","0.08360316762453884"
"473","300","0.4","0.3","0.2","0.05","0.35","0.6","300","7141","5973","1168","0.16356252625682677","5973","2491","0.36996560676813106","0.07406590811981342"
"474","300","0.4","0.3","0.2","0.05","0.35","0.6","300","7175","6003","1172","0.16334494773519165","6003","2380","0.3655877609991203","0.07103565461198283"
"476","300","0.4","0.3","0.2","0.05","0.35","0.6","300","7110","5971","1139","0.160196905766526","5971","2468","0.3668938501357222","0.08243195472680302"
"477","300","0.4","0.3","0.2","0.05","0.35","0.6","300","7084","5964","1120","0.15810276679841898","5964","2393","0.3615802572004538","0.08153782724626807"
"472","300","0.4","0.3","0.2","0.05","0.35","0.6","300","7067","6024","1043","0.1475873779538701","6024","2337","0.36119760769734216","0.0696086031953099"
"482","300","0.4","0.3","0.2","0.05","0.35","0.65","300","6452","5672","780","0.12089274643521389","5672","2028","0.3449988346840835","0.07333256051485917"
"481","300","0.4","0.3","0.2","0.05","0.35","0.65","300","6445","5674","771","0.11962761830876649","5674","1959","0.34013067864258884","0.07010265261059866"
"478","300","0.4","0.3","0.2","0.05","0.35","0.6","300","7103","5983","1120","0.1576798535829931","5983","2366","0.3700027766539821","0.06812060675274538"
"480","300","0.4","0.3","0.2","0.05","0.35","0.6","300","7067","5975","1092","0.1545210131597566","5975","2345","0.362840894385551","0.0756727494145363"
"479","300","0.4","0.3","0.2","0.05","0.35","0.6","300","7062","5982","1080","0.15293118096856415","5982","2415","0.36697853647374107","0.07333086182610661"
"475","300","0.4","0.3","0.2","0.05","0.35","0.6","300","7119","5987","1132","0.15901109706419442","5987","2406","0.3670852681583307","0.0770511486321871"
"485","300","0.4","0.3","0.2","0.05","0.35","0.65","300","6453","5707","746","0.11560514489384782","5707","1962","0.33851845901869043","0.05673932683493907"
"483","300","0.4","0.3","0.2","0.05","0.35","0.65","300","6532","5689","843","0.1290569503980404","5689","2007","0.3476147921140995","0.06556106685384475"
"484","300","0.4","0.3","0.2","0.05","0.35","0.65","300","6503","5716","787","0.12102106719975396","5716","1953","0.34345377373576697","0.0680421348632938"
"486","300","0.4","0.3","0.2","0.05","0.35","0.65","300","6454","5701","753","0.11667183142237372","5701","2044","0.3489285736657651","0.07718366689749799"
"487","300","0.4","0.3","0.2","0.05","0.35","0.65","300","6560","5709","851","0.12972560975609757","5709","1966","0.3511942958318268","0.06998112611426507"
"488","300","0.4","0.3","0.2","0.05","0.35","0.65","300","6511","5729","782","0.12010443864229765","5729","2063","0.3474135515029866","0.06601095670688557"
"489","300","0.4","0.3","0.2","0.05","0.35","0.65","300","6456","5730","726","0.11245353159851301","5730","2012","0.35144618057677923","0.06467927297519097"
"492","300","0.4","0.3","0.2","0.05","0.35","0.7","300","6000","5429","571","0.09516666666666666","5429","1643","0.3335876833218574","0.05910752840675964"
"490","300","0.4","0.3","0.2","0.05","0.35","0.65","300","6453","5698","755","0.11699984503331784","5698","1961","0.3435632281778858","0.0713494532434289"
"491","300","0.4","0.3","0.2","0.05","0.35","0.7","300","5932","5407","525","0.0885030343897505","5407","1655","0.33263674587926934","0.06468257199334988"
"493","300","0.4","0.3","0.2","0.05","0.35","0.7","300","5942","5431","511","0.08599798047795355","5431","1635","0.3361229719430427","0.06857908242361162"
"496","300","0.4","0.3","0.2","0.05","0.35","0.7","300","5956","5430","526","0.08831430490261921","5430","1670","0.32942778884284907","0.06346789673023549"
"501","300","0.4","0.3","0.2","0.05","0.35","0.75","300","5517","5153","364","0.06597788653253579","5153","1300","0.3207183642026703","0.06846337782100272"
"503","300","0.4","0.3","0.2","0.05","0.35","0.75","300","5497","5123","374","0.0680371111515372","5123","1262","0.32041246524892036","0.07631863618024104"
"498","300","0.4","0.3","0.2","0.05","0.35","0.7","300","5899","5377","522","0.08848957450415325","5377","1632","0.3313101134694589","0.07233817901102718"
"502","300","0.4","0.3","0.2","0.05","0.35","0.75","300","5499","5124","375","0.06819421713038734","5124","1300","0.32043744195634266","0.05604815822432519"
"497","300","0.4","0.3","0.2","0.05","0.35","0.7","300","5971","5442","529","0.08859487523027969","5442","1677","0.3335040957842792","0.05832763840055031"
"494","300","0.4","0.3","0.2","0.05","0.35","0.7","300","5973","5439","534","0.08940231039678553","5439","1570","0.3336140256914865","0.06367831710428823"
"499","300","0.4","0.3","0.2","0.05","0.35","0.7","300","5948","5433","515","0.08658372562205784","5433","1527","0.33015973349629896","0.06746710418080556"
"504","300","0.4","0.3","0.2","0.05","0.35","0.75","300","5602","5215","387","0.06908247054623348","5215","1326","0.3210028843763741","0.052406627958742125"
"505","300","0.4","0.3","0.2","0.05","0.35","0.75","300","5527","5138","389","0.07038176225800614","5138","1245","0.32102739404623","0.05630792925614951"
"507","300","0.4","0.3","0.2","0.05","0.35","0.75","300","5561","5163","398","0.07156986153569501","5163","1308","0.32131551673917375","0.05129323425108786"
"500","300","0.4","0.3","0.2","0.05","0.35","0.7","300","5930","5401","529","0.08920741989881956","5401","1669","0.3300975978827305","0.06978813997820536"
"495","300","0.4","0.3","0.2","0.05","0.35","0.7","300","5928","5410","518","0.08738191632928476","5410","1643","0.32929381599016166","0.0706521373837356"
"508","300","0.4","0.3","0.2","0.05","0.35","0.75","300","5524","5166","358","0.06480811006517016","5166","1243","0.3206158805849206","0.06128795848480231"
"506","300","0.4","0.3","0.2","0.05","0.35","0.75","300","5551","5171","380","0.06845613402990453","5171","1274","0.3205397527795453","0.0583019664647683"
"509","300","0.4","0.3","0.2","0.05","0.35","0.75","300","5529","5154","375","0.06782419967444384","5154","1288","0.32120987593197337","0.06130989289991998"
"510","300","0.4","0.3","0.2","0.05","0.35","0.75","300","5554","5161","393","0.07075981274756932","5161","1298","0.32228091061113373","0.055013998505418195"
"511","300","0.4","0.3","0.2","0.05","0.35","0.8","300","5205","4912","293","0.056292026897214215","4912","972","0.3135410473493569","0.05428656916081132"
"512","300","0.4","0.3","0.2","0.05","0.35","0.8","300","5202","4918","284","0.05459438677431757","4918","981","0.31292377199110033","0.05332025691807905"
"514","300","0.4","0.3","0.2","0.05","0.35","0.8","300","5241","4926","315","0.06010303377218088","4926","1000","0.31309951584339046","0.061719315576475954"
"513","300","0.4","0.3","0.2","0.05","0.35","0.8","300","5182","4923","259","0.049980702431493634","4923","983","0.3115637876030957","0.05212937916416285"
"515","300","0.4","0.3","0.2","0.05","0.35","0.8","300","5163","4896","267","0.051714119697850086","4896","962","0.3145425270460686","0.05493587046828284"
"517","300","0.4","0.3","0.2","0.05","0.35","0.8","300","5244","4977","267","0.05091533180778032","4977","941","0.3135410065571346","0.04591778214641084"
"518","300","0.4","0.3","0.2","0.05","0.35","0.8","300","5164","4903","261","0.0505422153369481","4903","951","0.3141009885967158","0.04539939664153782"
"516","300","0.4","0.3","0.2","0.05","0.35","0.8","300","5171","4899","272","0.05260104428543802","4899","1003","0.3128524754100768","0.05156965019198863"
"519","300","0.4","0.3","0.2","0.05","0.35","0.8","300","5164","4894","270","0.052285050348567","4894","1007","0.313653441396688","0.05822744454168736"
"520","300","0.4","0.3","0.2","0.05","0.35","0.8","300","5213","4928","285","0.05467101477076539","4928","972","0.3123779252883285","0.04814308289698737"
"521","300","0.4","0.3","0.2","0.05","0.4","0.2","300","18056","4487","13569","0.7514953478068233","4487","3594","0.5207340170703483","0.19427349074631267"
"522","300","0.4","0.3","0.2","0.05","0.4","0.2","300","17758","4551","13207","0.7437211397679919","4551","3664","0.5141374544490015","0.19724130835221915"
"523","300","0.4","0.3","0.2","0.05","0.4","0.2","300","17910","4569","13341","0.744891122278057","4569","3654","0.5252116634818609","0.1911966244851766"
"524","300","0.4","0.3","0.2","0.05","0.4","0.2","300","17956","4577","13379","0.7450991312096236","4577","3653","0.5114210205903804","0.19645154677882792"
"526","300","0.4","0.3","0.2","0.05","0.4","0.2","300","18045","4522","13523","0.7494042671100027","4522","3644","0.5126858571712882","0.1979532475131639"
"525","300","0.4","0.3","0.2","0.05","0.4","0.2","300","17949","4568","13381","0.7455011421249095","4568","3669","0.5171047666727911","0.1912641904612732"
"527","300","0.4","0.3","0.2","0.05","0.4","0.2","300","17636","4631","13005","0.7374121115899297","4631","3689","0.5193970663455235","0.1894677132149344"
"528","300","0.4","0.3","0.2","0.05","0.4","0.2","300","17872","4599","13273","0.7426700984780662","4599","3661","0.513073485810875","0.19383670694463193"
"529","300","0.4","0.3","0.2","0.05","0.4","0.2","300","17835","4525","13310","0.7462853938884216","4525","3652","0.5163705942512742","0.1979731506051546"
"532","300","0.4","0.3","0.2","0.05","0.4","0.25","300","15811","4967","10844","0.6858516222882803","4967","3705","0.5127705418127102","0.17093110081454452"
"531","300","0.4","0.3","0.2","0.05","0.4","0.25","300","15812","5017","10795","0.6827093346825196","5017","3699","0.5126272752025133","0.16798917945417363"
"533","300","0.4","0.3","0.2","0.05","0.4","0.25","300","15915","4977","10938","0.6872761545711593","4977","3688","0.5074169220536585","0.1677986871839844"
"530","300","0.4","0.3","0.2","0.05","0.4","0.2","300","18099","4538","13561","0.7492679153544395","4538","3681","0.5188841473801459","0.19611134784656623"
"534","300","0.4","0.3","0.2","0.05","0.4","0.25","300","15933","4992","10941","0.6866880060252306","4992","3726","0.4986616555957208","0.17146053100612246"
"535","300","0.4","0.3","0.2","0.05","0.4","0.25","300","15919","4912","11007","0.6914379043909793","4912","3716","0.5041507000365941","0.1782162677084914"
"536","300","0.4","0.3","0.2","0.05","0.4","0.25","300","15851","4969","10882","0.6865182007444325","4969","3718","0.5077507636422873","0.17124644101761186"
"537","300","0.4","0.3","0.2","0.05","0.4","0.25","300","15799","5004","10795","0.6832710931071587","5004","3759","0.5173285729412647","0.16402318933290866"
"541","300","0.4","0.3","0.2","0.05","0.4","0.3","300","13703","5290","8413","0.6139531489454864","5290","3751","0.5025576365176633","0.15229183027055376"
"539","300","0.4","0.3","0.2","0.05","0.4","0.25","300","15856","4959","10897","0.6872477295660948","4959","3694","0.5094953123978773","0.16467681231202683"
"543","300","0.4","0.3","0.2","0.05","0.4","0.3","300","13811","5257","8554","0.619361378611252","5257","3711","0.48518930425418155","0.15309199587614886"
"544","300","0.4","0.3","0.2","0.05","0.4","0.3","300","13690","5309","8381","0.6121986851716581","5309","3686","0.5040305996038554","0.145871623302554"
"540","300","0.4","0.3","0.2","0.05","0.4","0.25","300","15824","5013","10811","0.6832027300303337","5013","3721","0.5146637106504266","0.16876439062034584"
"538","300","0.4","0.3","0.2","0.05","0.4","0.25","300","15838","4960","10878","0.6868291450940776","4960","3706","0.4964754967913902","0.17080946476431702"
"542","300","0.4","0.3","0.2","0.05","0.4","0.3","300","13642","5315","8327","0.6103943703269316","5315","3758","0.4982236869902292","0.14741779758255327"
"545","300","0.4","0.3","0.2","0.05","0.4","0.3","300","13639","5353","8286","0.607522545641176","5353","3727","0.48733916680408784","0.14679527625483918"
"546","300","0.4","0.3","0.2","0.05","0.4","0.3","300","13746","5313","8433","0.6134875600174596","5313","3722","0.48878186331534673","0.15541645004582053"
"547","300","0.4","0.3","0.2","0.05","0.4","0.3","300","13790","5267","8523","0.6180565627266135","5267","3691","0.49366205165628846","0.15197842953529186"
"548","300","0.4","0.3","0.2","0.05","0.4","0.3","300","13634","5377","8257","0.6056183071732434","5377","3739","0.5048535635721952","0.1424603677725851"
"549","300","0.4","0.3","0.2","0.05","0.4","0.3","300","13676","5328","8348","0.610412401286926","5328","3684","0.5026181951031699","0.1473215507291243"
"550","300","0.4","0.3","0.2","0.05","0.4","0.3","300","13569","5297","8272","0.6096248802417275","5297","3714","0.4960965874096506","0.14858479253891207"
"551","300","0.4","0.3","0.2","0.05","0.4","0.35","300","11841","5547","6294","0.5315429440081074","5547","3669","0.47341532676286313","0.12877636573515167"
"552","300","0.4","0.3","0.2","0.05","0.4","0.35","300","11736","5539","6197","0.5280334014996592","5539","3584","0.4660310969584311","0.13321126628275404"
"553","300","0.4","0.3","0.2","0.05","0.4","0.35","300","11662","5577","6085","0.5217801406276796","5577","3611","0.47315944763009826","0.12501479099686744"
"554","300","0.4","0.3","0.2","0.05","0.4","0.35","300","11740","5557","6183","0.5266609880749574","5557","3615","0.46469318367567475","0.12991666552246842"
"556","300","0.4","0.3","0.2","0.05","0.4","0.35","300","11851","5522","6329","0.5340477596827272","5522","3663","0.47678998600366584","0.12289216808485634"
"555","300","0.4","0.3","0.2","0.05","0.4","0.35","300","11848","5555","6293","0.5311444969615124","5555","3656","0.479415539228089","0.1263302506762814"
"558","300","0.4","0.3","0.2","0.05","0.4","0.35","300","11865","5549","6316","0.5323219553308048","5549","3595","0.47491938261895456","0.11813453325566312"
"557","300","0.4","0.3","0.2","0.05","0.4","0.35","300","11839","5579","6260","0.5287608750739082","5579","3602","0.4744590121024178","0.12643024848959145"
"559","300","0.4","0.3","0.2","0.05","0.4","0.35","300","11867","5568","6299","0.5307996966377349","5568","3672","0.4807615028856674","0.12250016973857449"
"560","300","0.4","0.3","0.2","0.05","0.4","0.35","300","11934","5537","6397","0.5360315066197419","5537","3533","0.4700253986468359","0.12167893124704456"
"561","300","0.4","0.3","0.2","0.05","0.4","0.4","300","10092","5706","4386","0.4346016646848989","5706","3382","0.46120120999956715","0.09130613608906835"
"564","300","0.4","0.3","0.2","0.05","0.4","0.4","300","10047","5690","4357","0.43366178958893203","5690","3369","0.44753666724262986","0.10981457015738454"
"563","300","0.4","0.3","0.2","0.05","0.4","0.4","300","10135","5643","4492","0.4432165762210163","5643","3428","0.4464614889276307","0.10436513673380987"
"562","300","0.4","0.3","0.2","0.05","0.4","0.4","300","10114","5645","4469","0.44186276448487244","5645","3417","0.4507613726598771","0.10688402758063946"
"565","300","0.4","0.3","0.2","0.05","0.4","0.4","300","10142","5617","4525","0.4461644646026425","5617","3406","0.4465754580318661","0.10893778449882068"
"566","300","0.4","0.3","0.2","0.05","0.4","0.4","300","10211","5675","4536","0.44422681421995885","5675","3410","0.45118057823660856","0.10579347116771029"
"567","300","0.4","0.3","0.2","0.05","0.4","0.4","300","10231","5681","4550","0.44472681067344344","5681","3422","0.4477986061077451","0.10572406865295081"
"568","300","0.4","0.3","0.2","0.05","0.4","0.4","300","10131","5651","4480","0.4422070871582272","5651","3427","0.4506881276273424","0.10984014098066093"
"570","300","0.4","0.3","0.2","0.05","0.4","0.4","300","10158","5677","4481","0.44113014372908055","5677","3393","0.45067330015889484","0.10508434106243271"
"569","300","0.4","0.3","0.2","0.05","0.4","0.4","300","10076","5681","4395","0.43618499404525607","5681","3411","0.4547700983193629","0.10891472302861513"
"572","300","0.4","0.3","0.2","0.05","0.4","0.45","300","8770","5652","3118","0.3555302166476625","5652","3119","0.4291838278946875","0.09445011765890474"
"571","300","0.4","0.3","0.2","0.05","0.4","0.45","300","8690","5645","3045","0.3504027617951669","5645","3106","0.426297967619618","0.09471178727223462"
"573","300","0.4","0.3","0.2","0.05","0.4","0.45","300","8814","5689","3125","0.354549580213297","5689","3119","0.4227884872012268","0.08223000761435813"
"574","300","0.4","0.3","0.2","0.05","0.4","0.45","300","8779","5652","3127","0.3561909101264381","5652","3120","0.4222742940087351","0.09638406583761601"
"575","300","0.4","0.3","0.2","0.05","0.4","0.45","300","8715","5605","3110","0.3568559954102123","5605","3118","0.43069896599372576","0.09731952371047757"
"576","300","0.4","0.3","0.2","0.05","0.4","0.45","300","8686","5671","3015","0.3471102924245913","5671","3117","0.4227158792901566","0.08943062682074777"
"578","300","0.4","0.3","0.2","0.05","0.4","0.45","300","8720","5662","3058","0.3506880733944954","5662","3114","0.4338578943931806","0.08738714004115682"
"577","300","0.4","0.3","0.2","0.05","0.4","0.45","300","8672","5683","2989","0.34467250922509224","5683","3078","0.42521323171080555","0.09122960617964772"
"579","300","0.4","0.3","0.2","0.05","0.4","0.45","300","8724","5638","3086","0.35373681797340667","5638","3138","0.42468202686220297","0.09908256484332119"
"580","300","0.4","0.3","0.2","0.05","0.4","0.45","300","8768","5672","3096","0.3531021897810219","5672","3128","0.4282099750143369","0.08554770685612935"
"581","300","0.4","0.3","0.2","0.05","0.4","0.5","300","7724","5565","2159","0.2795183842568617","5565","2807","0.3974712803290835","0.08542700180243838"
"582","300","0.4","0.3","0.2","0.05","0.4","0.5","300","7639","5560","2079","0.27215604136667104","5560","2764","0.40545080019099183","0.07907092292198735"
"583","300","0.4","0.3","0.2","0.05","0.4","0.5","300","7629","5574","2055","0.26936688950058985","5574","2737","0.40793600667329594","0.0757151951398836"
"584","300","0.4","0.3","0.2","0.05","0.4","0.5","300","7676","5501","2175","0.2833507034914018","5501","2767","0.4047414689218129","0.0844698633021185"
"585","300","0.4","0.3","0.2","0.05","0.4","0.5","300","7656","5567","2089","0.27285788923719956","5567","2824","0.4035538193519467","0.08507353909112689"
"586","300","0.4","0.3","0.2","0.05","0.4","0.5","300","7606","5578","2028","0.2666316066263476","5578","2848","0.4127288764538893","0.07330085866295002"
"588","300","0.4","0.3","0.2","0.05","0.4","0.5","300","7578","5572","2006","0.2647136447611507","5572","2722","0.3971495997882257","0.0813810777584339"
"587","300","0.4","0.3","0.2","0.05","0.4","0.5","300","7647","5571","2076","0.2714790113770106","5571","2827","0.406800108479839","0.07728485468625984"
"589","300","0.4","0.3","0.2","0.05","0.4","0.5","300","7629","5561","2068","0.2710709136190851","5561","2710","0.4059518912584094","0.06964403492709514"
"590","300","0.4","0.3","0.2","0.05","0.4","0.5","300","7629","5579","2050","0.26871149560886093","5579","2780","0.4068214184357888","0.07612400479234258"
"591","300","0.4","0.3","0.2","0.05","0.4","0.55","300","6827","5400","1427","0.20902299692397833","5400","2467","0.38387480890009285","0.06569597605707042"
"593","300","0.4","0.3","0.2","0.05","0.4","0.55","300","6773","5389","1384","0.20434076480141738","5389","2420","0.37686726317008","0.07023156052041162"
"592","300","0.4","0.3","0.2","0.05","0.4","0.55","300","6774","5340","1434","0.21169176262178918","5340","2381","0.37087388389496206","0.07051281213461823"
"594","300","0.4","0.3","0.2","0.05","0.4","0.55","300","6804","5384","1420","0.2087007642563198","5384","2441","0.38424798896389656","0.07063856801284778"
"595","300","0.4","0.3","0.2","0.05","0.4","0.55","300","6811","5391","1420","0.20848627220672442","5391","2413","0.38013004053460486","0.06758592010678982"
"596","300","0.4","0.3","0.2","0.05","0.4","0.55","300","6792","5382","1410","0.20759717314487633","5382","2445","0.37601295786763195","0.07980206755099864"
"597","300","0.4","0.3","0.2","0.05","0.4","0.55","300","6800","5368","1432","0.21058823529411766","5368","2419","0.37614526736586507","0.07586203859092921"
"598","300","0.4","0.3","0.2","0.05","0.4","0.55","300","6797","5415","1382","0.20332499632190673","5415","2410","0.37852400482382503","0.06624284698539014"
"599","300","0.4","0.3","0.2","0.05","0.4","0.55","300","6793","5372","1421","0.2091859266892389","5372","2332","0.3727452130116573","0.07227445068195984"
"600","300","0.4","0.3","0.2","0.05","0.4","0.55","300","6837","5402","1435","0.20988737750475356","5402","2382","0.37615441057296034","0.06460905618260246"
"601","300","0.4","0.3","0.2","0.05","0.4","0.6","300","6213","5187","1026","0.1651376146788991","5187","2125","0.3619542220659029","0.06767642358293705"
"602","300","0.4","0.3","0.2","0.05","0.4","0.6","300","6190","5212","978","0.1579967689822294","5212","2065","0.35428811541454264","0.0671502464184942"
"603","300","0.4","0.3","0.2","0.05","0.4","0.6","300","6119","5198","921","0.15051478999836573","5198","2058","0.3604383916216309","0.06109201592676044"
"604","300","0.4","0.3","0.2","0.05","0.4","0.6","300","6098","5197","901","0.14775336175795342","5197","2078","0.363671675766009","0.06188107383512089"
"605","300","0.4","0.3","0.2","0.05","0.4","0.6","300","6146","5183","963","0.15668727627725348","5183","2090","0.36020384578064474","0.07078331940751212"
"607","300","0.4","0.3","0.2","0.05","0.4","0.6","300","6122","5204","918","0.14995099640640314","5204","2091","0.35863331404968846","0.06558735637874859"
"606","300","0.4","0.3","0.2","0.05","0.4","0.6","300","6171","5197","974","0.15783503484038244","5197","2061","0.361648813579896","0.05978378518394096"
"608","300","0.4","0.3","0.2","0.05","0.4","0.6","300","6183","5189","994","0.16076338347080704","5189","2087","0.36533639930795353","0.07012845578050889"
"609","300","0.4","0.3","0.2","0.05","0.4","0.6","300","6212","5206","1006","0.16194462330972312","5206","2086","0.3606409135513132","0.06369760889408667"
"610","300","0.4","0.3","0.2","0.05","0.4","0.6","300","6136","5170","966","0.15743155149934812","5170","2096","0.36234008940159557","0.07286815120805737"
"611","300","0.4","0.3","0.2","0.05","0.4","0.65","300","5689","4985","704","0.12374758305501846","4985","1738","0.34483204428560477","0.06084664319394262"
"613","300","0.4","0.3","0.2","0.05","0.4","0.65","300","5625","4981","644","0.11448888888888889","4981","1693","0.3405748744940499","0.05959144935186824"
"612","300","0.4","0.3","0.2","0.05","0.4","0.65","300","5629","4968","661","0.11742760703499734","4968","1743","0.34357149785064184","0.06116434190035908"
"614","300","0.4","0.3","0.2","0.05","0.4","0.65","300","5589","4969","620","0.11093218822687421","4969","1810","0.3448217726318569","0.05707551936664133"
"615","300","0.4","0.3","0.2","0.05","0.4","0.65","300","5620","4975","645","0.11476868327402136","4975","1814","0.34389066560776743","0.05620915240185127"
"616","300","0.4","0.3","0.2","0.05","0.4","0.65","300","5607","4999","608","0.10843588371678259","4999","1730","0.3414506345157576","0.05533666232577979"
"621","300","0.4","0.3","0.2","0.05","0.4","0.7","300","5229","4767","462","0.08835341365461848","4767","1506","0.3330623191945259","0.05789833072483905"
"617","300","0.4","0.3","0.2","0.05","0.4","0.65","300","5647","4966","681","0.12059500619798123","4966","1659","0.3388811307282289","0.05749484757452701"
"620","300","0.4","0.3","0.2","0.05","0.4","0.65","300","5617","4958","659","0.11732241410005341","4958","1760","0.3400049126363768","0.07048225371824657"
"618","300","0.4","0.3","0.2","0.05","0.4","0.65","300","5629","4979","650","0.11547344110854503","4979","1659","0.3423832542298766","0.056902092872247914"
"619","300","0.4","0.3","0.2","0.05","0.4","0.65","300","5605","4956","649","0.11578947368421053","4956","1760","0.34115741170023967","0.06670819496729893"
"622","300","0.4","0.3","0.2","0.05","0.4","0.7","300","5209","4757","452","0.08677289306968708","4757","1396","0.33327261339052766","0.053420209961553895"
"623","300","0.4","0.3","0.2","0.05","0.4","0.7","300","5230","4768","462","0.08833652007648184","4768","1437","0.3312179846584143","0.0552334157353097"
"624","300","0.4","0.3","0.2","0.05","0.4","0.7","300","5253","4755","498","0.09480296973158195","4755","1403","0.33305223301948755","0.058814111999008045"
"625","300","0.4","0.3","0.2","0.05","0.4","0.7","300","5233","4760","473","0.09038792279763042","4760","1416","0.32938494071275953","0.05754094789742344"
"626","300","0.4","0.3","0.2","0.05","0.4","0.7","300","5200","4769","431","0.08288461538461539","4769","1453","0.3328612350948688","0.05920352570129038"
"627","300","0.4","0.3","0.2","0.05","0.4","0.7","300","5239","4748","491","0.09372017560603169","4748","1434","0.33057686927336327","0.062499112382958584"
"629","300","0.4","0.3","0.2","0.05","0.4","0.7","300","5175","4729","446","0.08618357487922705","4729","1436","0.3326144966858564","0.061777776263331245"
"628","300","0.4","0.3","0.2","0.05","0.4","0.7","300","5212","4750","462","0.0886415963161934","4750","1430","0.3305707421581491","0.05719918836000119"
"630","300","0.4","0.3","0.2","0.05","0.4","0.7","300","5193","4735","458","0.08819564798767572","4735","1455","0.33301212689040016","0.05858202651036611"
"633","300","0.4","0.3","0.2","0.05","0.4","0.75","300","4872","4562","310","0.0636288998357964","4562","1094","0.32057855832183874","0.04853867823604096"
"632","300","0.4","0.3","0.2","0.05","0.4","0.75","300","4885","4556","329","0.06734902763561924","4556","1152","0.32374589976074464","0.0463758642020975"
"634","300","0.4","0.3","0.2","0.05","0.4","0.75","300","4885","4538","347","0.07103377686796315","4538","1170","0.3196817963863166","0.05290510969816638"
"635","300","0.4","0.3","0.2","0.05","0.4","0.75","300","4905","4533","372","0.07584097859327217","4533","1137","0.32133215346012384","0.043695190134324303"
"636","300","0.4","0.3","0.2","0.05","0.4","0.75","300","4899","4571","328","0.06695243927332109","4571","1155","0.3213912037621338","0.048788933232692525"
"631","300","0.4","0.3","0.2","0.05","0.4","0.75","300","4893","4571","322","0.06580829756795423","4571","1167","0.32109577961541247","0.04932661634980271"
"637","300","0.4","0.3","0.2","0.05","0.4","0.75","300","4900","4575","325","0.0663265306122449","4575","1097","0.3226894978544507","0.0435888004442354"
"641","300","0.4","0.3","0.2","0.05","0.4","0.8","300","4567","4343","224","0.04904751477994307","4343","856","0.3115838239608454","0.045190987509245335"
"640","300","0.4","0.3","0.2","0.05","0.4","0.75","300","4911","4571","340","0.06923233557320302","4571","1145","0.32259115900868557","0.047554761558570406"
"638","300","0.4","0.3","0.2","0.05","0.4","0.75","300","4854","4543","311","0.06407086938607334","4543","1107","0.3179477506085273","0.054699723258489936"
"644","300","0.4","0.3","0.2","0.05","0.4","0.8","300","4589","4356","233","0.05077358901721508","4356","830","0.31220735895203844","0.052499375740899135"
"643","300","0.4","0.3","0.2","0.05","0.4","0.8","300","4565","4334","231","0.05060240963855422","4334","874","0.3113776379035443","0.042904044113194185"
"639","300","0.4","0.3","0.2","0.05","0.4","0.75","300","4884","4550","334","0.06838656838656838","4550","1185","0.32104633059133386","0.06103203858739935"
"645","300","0.4","0.3","0.2","0.05","0.4","0.8","300","4552","4314","238","0.05228471001757469","4314","883","0.3152291127647579","0.041971135173640414"
"642","300","0.4","0.3","0.2","0.05","0.4","0.8","300","4600","4392","208","0.04521739130434783","4392","885","0.3116045832158185","0.04640325070787825"
"646","300","0.4","0.3","0.2","0.05","0.4","0.8","300","4610","4365","245","0.05314533622559653","4365","842","0.3120652952609958","0.04756770944824997"
"647","300","0.4","0.3","0.2","0.05","0.4","0.8","300","4610","4342","268","0.05813449023861171","4342","868","0.3134282915147149","0.05028445985765173"
"648","300","0.4","0.3","0.2","0.05","0.4","0.8","300","4597","4364","233","0.05068522949749837","4364","898","0.3127738479150303","0.04439395308213351"
"649","300","0.4","0.3","0.2","0.05","0.4","0.8","300","4618","4382","236","0.051104374187960155","4382","912","0.31146837861459453","0.04121252790839578"
"650","300","0.4","0.3","0.2","0.05","0.4","0.8","300","4593","4358","235","0.05116481602438493","4358","838","0.3124502151158813","0.05143736429101906"
"651","300","0.4","0.3","0.2","0.05","0.45","0.2","300","15835","4116","11719","0.7400694663719608","4116","3280","0.5005823326005923","0.17775520088256858"
"652","300","0.4","0.3","0.2","0.05","0.45","0.2","300","15917","4147","11770","0.7394609536973048","4147","3326","0.5125348021508035","0.1678582350640271"
"654","300","0.4","0.3","0.2","0.05","0.45","0.2","300","15576","4200","11376","0.7303543913713405","4200","3347","0.5108233045216315","0.17400828434222268"
"653","300","0.4","0.3","0.2","0.05","0.45","0.2","300","16048","4065","11983","0.74669740777667","4065","3295","0.5249583778761022","0.17144266772019792"
"655","300","0.4","0.3","0.2","0.05","0.45","0.2","300","15703","4184","11519","0.7335540979430683","4184","3314","0.5123824961122303","0.17324909738286892"
"656","300","0.4","0.3","0.2","0.05","0.45","0.2","300","15642","4194","11448","0.7318757192174914","4194","3296","0.510294935698951","0.17686699407030448"
"657","300","0.4","0.3","0.2","0.05","0.45","0.2","300","15723","4184","11539","0.7338930229599949","4184","3333","0.5168663224976354","0.16733276547010228"
"659","300","0.4","0.3","0.2","0.05","0.45","0.2","300","15830","4187","11643","0.7355022109917877","4187","3361","0.517652892628466","0.16469725178691122"
"658","300","0.4","0.3","0.2","0.05","0.45","0.2","300","15797","4112","11685","0.739697410900804","4112","3346","0.5154231647397282","0.17830860712082647"
"661","300","0.4","0.3","0.2","0.05","0.45","0.25","300","13801","4509","9292","0.6732845445982175","4509","3332","0.5045450136230477","0.1446035670460373"
"663","300","0.4","0.3","0.2","0.05","0.45","0.25","300","13924","4479","9445","0.6783251939097961","4479","3330","0.508628935704165","0.14354107327852847"
"662","300","0.4","0.3","0.2","0.05","0.45","0.25","300","13832","4491","9341","0.6753181029496819","4491","3371","0.5015960485817701","0.14769691347000644"
"664","300","0.4","0.3","0.2","0.05","0.45","0.25","300","13983","4481","9502","0.6795394407494815","4481","3366","0.5043793253239222","0.14835927737695942"
"665","300","0.4","0.3","0.2","0.05","0.45","0.25","300","13739","4473","9266","0.674430453453672","4473","3351","0.5082422076983044","0.14723266221391798"
"660","300","0.4","0.3","0.2","0.05","0.45","0.2","300","16029","4118","11911","0.7430906482001373","4118","3301","0.514764636933072","0.17164222713111094"
"668","300","0.4","0.3","0.2","0.05","0.45","0.25","300","13890","4502","9388","0.6758819294456444","4502","3369","0.5055876097596461","0.14710016141910884"
"666","300","0.4","0.3","0.2","0.05","0.45","0.25","300","13962","4442","9520","0.6818507377166595","4442","3325","0.5084281258369546","0.1510763572248125"
"667","300","0.4","0.3","0.2","0.05","0.45","0.25","300","13972","4466","9506","0.6803607214428857","4466","3345","0.5083462612822257","0.14139725414762783"
"670","300","0.4","0.3","0.2","0.05","0.45","0.25","300","14022","4450","9572","0.6826415632577378","4450","3326","0.5039321788017058","0.14326602752146889"
"669","300","0.4","0.3","0.2","0.05","0.45","0.25","300","13822","4460","9362","0.677326002025756","4460","3338","0.49590886136482776","0.14939437496989286"
"671","300","0.4","0.3","0.2","0.05","0.45","0.3","300","11869","4698","7171","0.6041789535765439","4698","3254","0.48454253800610475","0.1320787759608948"
"672","300","0.4","0.3","0.2","0.05","0.45","0.3","300","11975","4766","7209","0.6020041753653445","4766","3304","0.4941191312209345","0.1191387447122274"
"673","300","0.4","0.3","0.2","0.05","0.45","0.3","300","11829","4731","7098","0.6000507227998986","4731","3275","0.48829650315124457","0.12560369386136216"
"674","300","0.4","0.3","0.2","0.05","0.45","0.3","300","11983","4751","7232","0.6035216556788784","4751","3371","0.4953208936131381","0.12528941933251087"
"675","300","0.4","0.3","0.2","0.05","0.45","0.3","300","11839","4780","7059","0.5962496832502745","4780","3323","0.4936250454107041","0.12202829642351451"
"676","300","0.4","0.3","0.2","0.05","0.45","0.3","300","12141","4739","7402","0.6096697141915822","4739","3311","0.4876742662569375","0.12560010340043212"
"677","300","0.4","0.3","0.2","0.05","0.45","0.3","300","12031","4745","7286","0.6056021943313108","4745","3361","0.4943743883120667","0.12361135795969797"
"679","300","0.4","0.3","0.2","0.05","0.45","0.3","300","11791","4739","7052","0.5980832838605716","4739","3268","0.49030315680488284","0.12319070613431006"
"678","300","0.4","0.3","0.2","0.05","0.45","0.3","300","12006","4733","7273","0.6057804431117775","4733","3351","0.47626424097574055","0.12992918693550315"
"680","300","0.4","0.3","0.2","0.05","0.45","0.3","300","12031","4725","7306","0.6072645665364476","4725","3308","0.4878207989200762","0.12547625277760913"
"681","300","0.4","0.3","0.2","0.05","0.45","0.35","300","10326","4922","5404","0.5233391439085803","4922","3225","0.4702902285183377","0.10023029733665753"
"682","300","0.4","0.3","0.2","0.05","0.45","0.35","300","10236","4895","5341","0.5217858538491599","4895","3147","0.46449020396043467","0.11384504315535257"
"683","300","0.4","0.3","0.2","0.05","0.45","0.35","300","10178","4896","5282","0.5189624680683828","4896","3153","0.4659418462365129","0.10814840559177136"
"686","300","0.4","0.3","0.2","0.05","0.45","0.35","300","10238","4918","5320","0.5196327407696816","4918","3179","0.4624286079952479","0.10523067020794676"
"684","300","0.4","0.3","0.2","0.05","0.45","0.35","300","10038","4940","5098","0.5078700936441523","4940","3224","0.4712690981134892","0.11395283555769896"
"685","300","0.4","0.3","0.2","0.05","0.45","0.35","300","10172","4906","5266","0.517695635076681","4906","3230","0.4685406668734187","0.09818098481349187"
"687","300","0.4","0.3","0.2","0.05","0.45","0.35","300","10114","4926","5188","0.5129523432865335","4926","3140","0.45867830541827714","0.10306375152225489"
"688","300","0.4","0.3","0.2","0.05","0.45","0.35","300","10174","4919","5255","0.5165126793788087","4919","3185","0.46780754784618095","0.11207284685010988"
"690","300","0.4","0.3","0.2","0.05","0.45","0.35","300","10133","4924","5209","0.5140629625974539","4924","3208","0.4658341613014279","0.11335294525845949"
"691","300","0.4","0.3","0.2","0.05","0.45","0.4","300","8827","4968","3859","0.4371813753257052","4968","3007","0.4441165628108298","0.0852578570873147"
"693","300","0.4","0.3","0.2","0.05","0.45","0.4","300","8683","4968","3715","0.4278475181388921","4968","2923","0.43890591349408653","0.09369831637268922"
"692","300","0.4","0.3","0.2","0.05","0.45","0.4","300","8723","4982","3741","0.42886621575146167","4982","2956","0.43747934916500497","0.08171080743767678"
"694","300","0.4","0.3","0.2","0.05","0.45","0.4","300","8692","5000","3692","0.4247583985273815","5000","2968","0.4438989718198623","0.09495017411049589"
"689","300","0.4","0.3","0.2","0.05","0.45","0.35","300","10097","4940","5157","0.5107457660691295","4940","3201","0.46854848576282193","0.10898633030567906"
"695","300","0.4","0.3","0.2","0.05","0.45","0.4","300","8765","4966","3799","0.4334284084426697","4966","3030","0.45390370045415823","0.0874752821774527"
"696","300","0.4","0.3","0.2","0.05","0.45","0.4","300","8701","4961","3740","0.42983565107458915","4961","2997","0.44498656135122244","0.10249626987204907"
"697","300","0.4","0.3","0.2","0.05","0.45","0.4","300","8676","4975","3701","0.42657906869525125","4975","2995","0.44670748298214186","0.08527241376948068"
"699","300","0.4","0.3","0.2","0.05","0.45","0.4","300","8814","4954","3860","0.4379396414794645","4954","3013","0.4416736493797684","0.09063208034315336"
"698","300","0.4","0.3","0.2","0.05","0.45","0.4","300","8857","4982","3875","0.4375070565654285","4982","3038","0.4366508667461293","0.08715673067771272"
"700","300","0.4","0.3","0.2","0.05","0.45","0.4","300","8637","4966","3671","0.42503183975917563","4966","2953","0.447819797021131","0.08573743194510636"
"701","300","0.4","0.3","0.2","0.05","0.45","0.45","300","7518","4976","2542","0.33812184091513703","4976","2788","0.41824963780055957","0.07878255356428877"
"702","300","0.4","0.3","0.2","0.05","0.45","0.45","300","7502","4931","2571","0.3427086110370568","4931","2703","0.41589945468447137","0.08753059471820249"
"704","300","0.4","0.3","0.2","0.05","0.45","0.45","300","7522","4942","2580","0.34299388460515823","4942","2669","0.4241593870687138","0.07635692644662687"
"703","300","0.4","0.3","0.2","0.05","0.45","0.45","300","7568","4953","2615","0.3455338266384778","4953","2737","0.4285655930766863","0.07476758822470897"
"706","300","0.4","0.3","0.2","0.05","0.45","0.45","300","7434","4942","2492","0.3352165725047081","4942","2694","0.4098711107393746","0.07514333686413764"
"705","300","0.4","0.3","0.2","0.05","0.45","0.45","300","7514","5006","2508","0.3337769496939047","5006","2751","0.42457806382052193","0.07546773277112177"
"707","300","0.4","0.3","0.2","0.05","0.45","0.45","300","7578","4921","2657","0.3506202164159409","4921","2714","0.4112894913840055","0.08118522120843814"
"708","300","0.4","0.3","0.2","0.05","0.45","0.45","300","7564","4981","2583","0.341485986250661","4981","2783","0.42657889832770074","0.07458267370043956"
"709","300","0.4","0.3","0.2","0.05","0.45","0.45","300","7531","4956","2575","0.3419200637365556","4956","2755","0.41287613046393706","0.08005074946424107"
"710","300","0.4","0.3","0.2","0.05","0.45","0.45","300","7527","4963","2564","0.34064036136575","4963","2739","0.4212211746999377","0.0764506598231051"
"712","300","0.4","0.3","0.2","0.05","0.45","0.5","300","6658","4884","1774","0.2664463802943827","4884","2454","0.39723138106567496","0.0719513830380334"
"711","300","0.4","0.3","0.2","0.05","0.45","0.5","300","6615","4845","1770","0.2675736961451247","4845","2424","0.3956321775375111","0.07380074810278926"
"713","300","0.4","0.3","0.2","0.05","0.45","0.5","300","6688","4879","1809","0.2704844497607656","4879","2396","0.3976985330316676","0.06371408971895907"
"714","300","0.4","0.3","0.2","0.05","0.45","0.5","300","6649","4871","1778","0.26740863287712435","4871","2496","0.40311509387058436","0.07637254251910316"
"715","300","0.4","0.3","0.2","0.05","0.45","0.5","300","6642","4875","1767","0.2660343270099368","4875","2455","0.39882742429713597","0.06771293790535962"
"719","300","0.4","0.3","0.2","0.05","0.45","0.5","300","6665","4867","1798","0.26976744186046514","4867","2437","0.3957255501578818","0.06941727123107727"
"716","300","0.4","0.3","0.2","0.05","0.45","0.5","300","6562","4846","1716","0.26150563852484","4846","2393","0.40141615372976003","0.06206678848582484"
"717","300","0.4","0.3","0.2","0.05","0.45","0.5","300","6625","4867","1758","0.2653584905660377","4867","2421","0.39716411967971665","0.07328344036203749"
"720","300","0.4","0.3","0.2","0.05","0.45","0.5","300","6610","4872","1738","0.2629349470499244","4872","2469","0.4045516365186991","0.07026631681824848"
"721","300","0.4","0.3","0.2","0.05","0.45","0.55","300","5920","4725","1195","0.20185810810810811","4725","2123","0.37199661308366444","0.06611626094995164"
"723","300","0.4","0.3","0.2","0.05","0.45","0.55","300","5925","4712","1213","0.20472573839662447","4712","2150","0.37933529173671504","0.060625914949666564"
"722","300","0.4","0.3","0.2","0.05","0.45","0.55","300","6006","4780","1226","0.20412920412920413","4780","2160","0.37582789091956637","0.05108059265613922"
"718","300","0.4","0.3","0.2","0.05","0.45","0.5","300","6649","4865","1784","0.2683110242141675","4865","2441","0.39964230164318815","0.07178734694553059"
"724","300","0.4","0.3","0.2","0.05","0.45","0.55","300","5961","4732","1229","0.20617346082872","4732","2164","0.3777196956675523","0.06897645485553953"
"725","300","0.4","0.3","0.2","0.05","0.45","0.55","300","5912","4732","1180","0.19959404600811909","4732","2127","0.3747427441845408","0.057205179803878285"
"726","300","0.4","0.3","0.2","0.05","0.45","0.55","300","5926","4754","1172","0.19777252784340196","4754","2111","0.3767852254937051","0.06369168830197461"
"727","300","0.4","0.3","0.2","0.05","0.45","0.55","300","5889","4718","1171","0.1988453048055697","4718","2102","0.3713111629958832","0.06229490393880205"
"729","300","0.4","0.3","0.2","0.05","0.45","0.55","300","5970","4746","1224","0.2050251256281407","4746","2046","0.37058115670185915","0.0733230735863917"
"730","300","0.4","0.3","0.2","0.05","0.45","0.55","300","6001","4731","1270","0.21163139476753876","4731","2117","0.3701895563751703","0.06462292584779547"
"731","300","0.4","0.3","0.2","0.05","0.45","0.6","300","5422","4609","813","0.149944669863519","4609","1791","0.3514707153091377","0.057676177713129204"
"732","300","0.4","0.3","0.2","0.05","0.45","0.6","300","5494","4583","911","0.16581725518747725","4583","1852","0.3543215757909301","0.06020393131182643"
"728","300","0.4","0.3","0.2","0.05","0.45","0.55","300","5994","4736","1258","0.20987654320987653","4736","2106","0.37150608219553627","0.06607592437616804"
"733","300","0.4","0.3","0.2","0.05","0.45","0.6","300","5451","4586","865","0.15868647954503762","4586","1890","0.35910822060540115","0.05070341309951713"
"734","300","0.4","0.3","0.2","0.05","0.45","0.6","300","5420","4552","868","0.16014760147601476","4552","1799","0.3529276714985681","0.06473610242712682"
"735","300","0.4","0.3","0.2","0.05","0.45","0.6","300","5426","4627","799","0.14725396240324365","4627","1827","0.35597675176456856","0.05886502352423763"
"736","300","0.4","0.3","0.2","0.05","0.45","0.6","300","5445","4576","869","0.1595959595959596","4576","1837","0.35674521875027726","0.05315938748201138"
"737","300","0.4","0.3","0.2","0.05","0.45","0.6","300","5421","4543","878","0.16196273750230586","4543","1870","0.3584580309714067","0.05927259047794928"
"739","300","0.4","0.3","0.2","0.05","0.45","0.6","300","5434","4590","844","0.15531836584468164","4590","1798","0.3589436687313879","0.05565918536636707"
"738","300","0.4","0.3","0.2","0.05","0.45","0.6","300","5485","4592","893","0.16280765724703739","4592","1831","0.35234990653433806","0.06302622588725827"
"740","300","0.4","0.3","0.2","0.05","0.45","0.6","300","5403","4571","832","0.15398852489357764","4571","1845","0.355695825413596","0.062338283560974594"
"744","300","0.4","0.3","0.2","0.05","0.45","0.65","300","5028","4417","611","0.12151949085123309","4417","1512","0.3424692335530596","0.06918549882098195"
"745","300","0.4","0.3","0.2","0.05","0.45","0.65","300","4983","4411","572","0.11479028697571744","4411","1560","0.33946837307563754","0.05205717686871623"
"743","300","0.4","0.3","0.2","0.05","0.45","0.65","300","5078","4460","618","0.1217014572666404","4460","1521","0.34032660948197213","0.052911295498173944"
"746","300","0.4","0.3","0.2","0.05","0.45","0.65","300","5016","4429","587","0.11702551834130781","4429","1576","0.3436418997828931","0.051771527829383504"
"741","300","0.4","0.3","0.2","0.05","0.45","0.65","300","5070","4420","650","0.1282051282051282","4420","1583","0.35049420379697177","0.0488798431652348"
"748","300","0.4","0.3","0.2","0.05","0.45","0.65","300","4969","4413","556","0.11189374119541155","4413","1511","0.34529817439257066","0.046982189958817644"
"742","300","0.4","0.3","0.2","0.05","0.45","0.65","300","5039","4443","596","0.11827743599920619","4443","1555","0.3398904105012211","0.059648566827608496"
"749","300","0.4","0.3","0.2","0.05","0.45","0.65","300","5038","4465","573","0.11373560936879715","4465","1526","0.33921840586500523","0.0615215048316598"
"750","300","0.4","0.3","0.2","0.05","0.45","0.65","300","5005","4415","590","0.11788211788211789","4415","1561","0.3431963072214929","0.05700018792701101"
"751","300","0.4","0.3","0.2","0.05","0.45","0.7","300","4673","4250","423","0.09052000855981168","4250","1282","0.3311161353308218","0.04744466084506209"
"753","300","0.4","0.3","0.2","0.05","0.45","0.7","300","4663","4237","426","0.09135749517478019","4237","1275","0.33401054146544595","0.051270288946525154"
"747","300","0.4","0.3","0.2","0.05","0.45","0.65","300","5030","4429","601","0.1194831013916501","4429","1581","0.3457830679736359","0.05460807773662878"
"752","300","0.4","0.3","0.2","0.05","0.45","0.7","300","4686","4248","438","0.09346991037131883","4248","1283","0.32959685786468157","0.04671940034851956"
"754","300","0.4","0.3","0.2","0.05","0.45","0.7","300","4655","4275","380","0.08163265306122448","4275","1299","0.33034074549144254","0.03754134460554376"
"755","300","0.4","0.3","0.2","0.05","0.45","0.7","300","4702","4282","420","0.0893236920459379","4282","1303","0.32904977248662076","0.044181634835895156"
"758","300","0.4","0.3","0.2","0.05","0.45","0.7","300","4723","4284","439","0.09294939656997671","4284","1293","0.33016740704383424","0.05398703874521724"
"757","300","0.4","0.3","0.2","0.05","0.45","0.7","300","4662","4255","407","0.0873015873015873","4255","1279","0.33099086420368323","0.05221182864332674"
"759","300","0.4","0.3","0.2","0.05","0.45","0.7","300","4694","4248","446","0.0950149126544525","4248","1256","0.3362172021570166","0.043918681151740496"
"756","300","0.4","0.3","0.2","0.05","0.45","0.7","300","4663","4269","394","0.08449496032597041","4269","1278","0.3308040695977504","0.05542291880754097"
"761","300","0.4","0.3","0.2","0.05","0.45","0.75","300","4387","4120","267","0.06086163665374972","4120","996","0.32038283105648957","0.0387069600014515"
"760","300","0.4","0.3","0.2","0.05","0.45","0.7","300","4670","4266","404","0.08650963597430407","4266","1259","0.327869591893801","0.05309242634212389"
"763","300","0.4","0.3","0.2","0.05","0.45","0.75","300","4409","4105","304","0.0689498752551599","4105","1029","0.31917587738953596","0.040486070544030056"
"762","300","0.4","0.3","0.2","0.05","0.45","0.75","300","4377","4104","273","0.06237148732008225","4104","1042","0.319048112627844","0.041694178543107606"
"764","300","0.4","0.3","0.2","0.05","0.45","0.75","300","4390","4080","310","0.07061503416856492","4080","1101","0.32135487992045253","0.04715930983410088"
"765","300","0.4","0.3","0.2","0.05","0.45","0.75","300","4412","4122","290","0.0657298277425204","4122","1012","0.3187729863000869","0.048251099997516755"
"766","300","0.4","0.3","0.2","0.05","0.45","0.75","300","4405","4092","313","0.07105561861521","4092","1052","0.31883579040630183","0.04188887201131304"
"768","300","0.4","0.3","0.2","0.05","0.45","0.75","300","4413","4090","323","0.0731928393383186","4090","1018","0.3212892783047981","0.04431913780859322"
"767","300","0.4","0.3","0.2","0.05","0.45","0.75","300","4421","4114","307","0.06944130287265325","4114","1016","0.3202482657686088","0.05079155171768229"
"770","300","0.4","0.3","0.2","0.05","0.45","0.75","300","4379","4092","287","0.06554007764329756","4092","982","0.31771976043468775","0.050639079593472316"
"772","300","0.4","0.3","0.2","0.05","0.45","0.8","300","4214","3979","235","0.05576649264356905","3979","802","0.31408529409026475","0.04379154414602527"
"769","300","0.4","0.3","0.2","0.05","0.45","0.75","300","4418","4111","307","0.06948845631507469","4111","1035","0.3198674241728871","0.04640122562247342"
"771","300","0.4","0.3","0.2","0.05","0.45","0.8","300","4156","3955","201","0.04836381135707411","3955","780","0.3118629028530618","0.05318457662036313"
"773","300","0.4","0.3","0.2","0.05","0.45","0.8","300","4177","3964","213","0.050993536030644","3964","842","0.3128335354617857","0.03992970355267507"
"774","300","0.4","0.3","0.2","0.05","0.45","0.8","300","4144","3936","208","0.05019305019305019","3936","756","0.3113549093335808","0.03894918651149591"
"777","300","0.4","0.3","0.2","0.05","0.45","0.8","300","4147","3932","215","0.05184470701712081","3932","793","0.3109034914566902","0.05026430840781089"
"775","300","0.4","0.3","0.2","0.05","0.45","0.8","300","4161","3953","208","0.04998798365777457","3953","820","0.31406930626657703","0.038624380848677864"
"778","300","0.4","0.3","0.2","0.05","0.45","0.8","300","4181","3963","218","0.052140636211432674","3963","804","0.31185454616601554","0.03767338302577929"
"779","300","0.4","0.3","0.2","0.05","0.45","0.8","300","4179","3961","218","0.052165589854032066","3961","780","0.31317074806222744","0.03648053154257485"
"776","300","0.4","0.3","0.2","0.05","0.45","0.8","300","4159","3946","213","0.05121423419091128","3946","824","0.31269596322109666","0.03995406075581895"
"780","300","0.4","0.3","0.2","0.05","0.45","0.8","300","4135","3941","194","0.04691656590084643","3941","763","0.31086018654320646","0.04716865957103784"
"782","300","0.4","0.3","0.2","0.05","0.5","0.2","300","14049","3801","10248","0.7294469357249627","3801","3030","0.5036354049069952","0.15594336680754886"
"781","300","0.4","0.3","0.2","0.05","0.5","0.2","300","13993","3785","10208","0.7295076109483313","3785","3008","0.5012463229060373","0.1592909538613262"
"785","300","0.4","0.3","0.2","0.05","0.5","0.2","300","13978","3793","10185","0.7286450135927887","3793","3036","0.5100758003117304","0.14169571880978793"
"784","300","0.4","0.3","0.2","0.05","0.5","0.2","300","13973","3811","10162","0.727259715164961","3811","3054","0.5107793849353022","0.150881129643841"
"783","300","0.4","0.3","0.2","0.05","0.5","0.2","300","14240","3766","10474","0.7355337078651686","3766","2978","0.4981184419220053","0.15978941905725003"
"786","300","0.4","0.3","0.2","0.05","0.5","0.2","300","14148","3793","10355","0.7319055696918292","3793","3024","0.5192680556532651","0.15433259140485386"
"787","300","0.4","0.3","0.2","0.05","0.5","0.2","300","14120","3808","10312","0.7303116147308781","3808","3033","0.49462282440530997","0.16053240384752362"
"788","300","0.4","0.3","0.2","0.05","0.5","0.2","300","14073","3756","10317","0.7331059475591558","3756","3049","0.5092932198698524","0.1591056717882227"
"789","300","0.4","0.3","0.2","0.05","0.5","0.2","300","14101","3804","10297","0.7302318984469186","3804","3040","0.5171810386063399","0.15083881347565511"
"791","300","0.4","0.3","0.2","0.05","0.5","0.25","300","12198","4028","8170","0.6697819314641744","4028","3079","0.5017720494231693","0.1328997195923182"
"792","300","0.4","0.3","0.2","0.05","0.5","0.25","300","12158","4037","8121","0.6679552557986511","4037","2955","0.49003582783042277","0.14501186340268585"
"790","300","0.4","0.3","0.2","0.05","0.5","0.2","300","14023","3782","10241","0.7303002210653926","3782","3031","0.5021114655424831","0.1622645105617238"
"793","300","0.4","0.3","0.2","0.05","0.5","0.25","300","12166","4045","8121","0.6675160282755219","4045","3007","0.49629100299512685","0.12963972331801654"
"794","300","0.4","0.3","0.2","0.05","0.5","0.25","300","12115","4047","8068","0.6659513000412711","4047","3036","0.5055545097017007","0.1268373384145715"
"795","300","0.4","0.3","0.2","0.05","0.5","0.25","300","12352","4041","8311","0.6728465025906736","4041","3029","0.4953656672473942","0.13183843400601386"
"797","300","0.4","0.3","0.2","0.05","0.5","0.25","300","12110","4064","8046","0.6644095788604459","4064","3061","0.5010677055741817","0.1311345160800317"
"796","300","0.4","0.3","0.2","0.05","0.5","0.25","300","12250","4056","8194","0.6688979591836735","4056","3045","0.49859536742530897","0.13243317242223773"
"799","300","0.4","0.3","0.2","0.05","0.5","0.25","300","12357","4003","8354","0.6760540584284211","4003","2982","0.48720013933553663","0.14097783623464738"
"798","300","0.4","0.3","0.2","0.05","0.5","0.25","300","12204","4039","8165","0.6690429367420518","4039","3062","0.49943209014392437","0.12719320434338718"
"800","300","0.4","0.3","0.2","0.05","0.5","0.25","300","12276","4042","8234","0.6707396546106223","4042","3073","0.505723026292811","0.12992996403775875"
"801","300","0.4","0.3","0.2","0.05","0.5","0.3","300","10419","4247","6172","0.5923793070352241","4247","3033","0.4826723066021035","0.11379088626427723"
"802","300","0.4","0.3","0.2","0.05","0.5","0.3","300","10310","4242","6068","0.5885548011639186","4242","3003","0.48752790916681277","0.11855699372823619"
"803","300","0.4","0.3","0.2","0.05","0.5","0.3","300","10418","4238","6180","0.5932040698790555","4238","2971","0.48080980952882774","0.11272220662587154"
"804","300","0.4","0.3","0.2","0.05","0.5","0.3","300","10503","4230","6273","0.5972579263067695","4230","2993","0.48370925256244457","0.11733317158465184"
"805","300","0.4","0.3","0.2","0.05","0.5","0.3","300","10424","4221","6203","0.5950690713737529","4221","2970","0.48597672235871564","0.09626388122768913"
"806","300","0.4","0.3","0.2","0.05","0.5","0.3","300","10386","4237","6149","0.5920469863277489","4237","2943","0.48461345884995627","0.11071204510968516"
"807","300","0.4","0.3","0.2","0.05","0.5","0.3","300","10517","4208","6309","0.5998858990206333","4208","3022","0.47606605928232476","0.11726151515838137"
"808","300","0.4","0.3","0.2","0.05","0.5","0.3","300","10555","4202","6353","0.6018948365703458","4202","2972","0.4855988577012859","0.10878728486574762"
"811","300","0.4","0.3","0.2","0.05","0.5","0.35","300","8814","4368","4446","0.504424778761062","4368","2791","0.467175488987617","0.07570217950457744"
"810","300","0.4","0.3","0.2","0.05","0.5","0.3","300","10361","4272","6089","0.5876845864298813","4272","2961","0.4754534569702272","0.11536735706882618"
"809","300","0.4","0.3","0.2","0.05","0.5","0.3","300","10355","4271","6084","0.5875422501207146","4271","2947","0.4794809340286491","0.11161614895168642"
"812","300","0.4","0.3","0.2","0.05","0.5","0.35","300","8871","4375","4496","0.5068199752000901","4375","2837","0.4599128557695058","0.09175638069149418"
"814","300","0.4","0.3","0.2","0.05","0.5","0.35","300","8887","4377","4510","0.507482840103522","4377","2860","0.46681943186578007","0.09037564418956036"
"813","300","0.4","0.3","0.2","0.05","0.5","0.35","300","8817","4381","4436","0.5031189747079505","4381","2801","0.45600716732545415","0.09380880867515665"
"817","300","0.4","0.3","0.2","0.05","0.5","0.35","300","8779","4390","4389","0.49994304590500055","4390","2847","0.452738444893533","0.09890971707776892"
"815","300","0.4","0.3","0.2","0.05","0.5","0.35","300","8783","4413","4370","0.49755208926334965","4413","2855","0.46659742787984754","0.08234736815093023"
"816","300","0.4","0.3","0.2","0.05","0.5","0.35","300","8909","4352","4557","0.5115052194410147","4352","2849","0.45757878785666956","0.09807377184365818"
"818","300","0.4","0.3","0.2","0.05","0.5","0.35","300","8797","4382","4415","0.5018756394225304","4382","2843","0.46007965889014213","0.09097104778923999"
"820","300","0.4","0.3","0.2","0.05","0.5","0.35","300","8911","4379","4532","0.5085848950735047","4379","2888","0.4623823429976788","0.09074159386250842"
"819","300","0.4","0.3","0.2","0.05","0.5","0.35","300","8984","4380","4604","0.51246660730187","4380","2867","0.4686586635493324","0.09123076339363471"
"821","300","0.4","0.3","0.2","0.05","0.5","0.4","300","7671","4421","3250","0.4236735758049798","4421","2681","0.43448764625302516","0.07692374958970606"
"822","300","0.4","0.3","0.2","0.05","0.5","0.4","300","7582","4432","3150","0.4154576628857821","4432","2652","0.4350263964942975","0.07983145915681839"
"823","300","0.4","0.3","0.2","0.05","0.5","0.4","300","7430","4432","2998","0.4034993270524899","4432","2662","0.4287713854344284","0.07954255275309796"
"824","300","0.4","0.3","0.2","0.05","0.5","0.4","300","7640","4410","3230","0.42277486910994766","4410","2643","0.4365453921313568","0.08594521036341886"
"825","300","0.4","0.3","0.2","0.05","0.5","0.4","300","7522","4398","3124","0.4153150757777187","4398","2645","0.43073096135877714","0.08359889956707138"
"826","300","0.4","0.3","0.2","0.05","0.5","0.4","300","7631","4400","3231","0.42340453413707246","4400","2667","0.42679086598858373","0.07660995111363163"
"828","300","0.4","0.3","0.2","0.05","0.5","0.4","300","7496","4415","3081","0.41101921024546423","4415","2696","0.4291647515986589","0.08345544666968588"
"827","300","0.4","0.3","0.2","0.05","0.5","0.4","300","7537","4430","3107","0.41223298394586705","4430","2604","0.4350257253585845","0.08279922498274517"
"829","300","0.4","0.3","0.2","0.05","0.5","0.4","300","7465","4418","3047","0.40817146684527794","4418","2602","0.44511889604643673","0.07926737756502349"
"830","300","0.4","0.3","0.2","0.05","0.5","0.4","300","7623","4382","3241","0.4251606978879706","4382","2674","0.42829843348864427","0.08468189466861253"
"831","300","0.4","0.3","0.2","0.05","0.5","0.45","300","6574","4375","2199","0.33449954365682993","4375","2411","0.4142242062870501","0.0684538160195388"
"832","300","0.4","0.3","0.2","0.05","0.5","0.45","300","6588","4406","2182","0.3312082574377656","4406","2379","0.4101152847464855","0.07865311859726376"
"834","300","0.4","0.3","0.2","0.05","0.5","0.45","300","6669","4380","2289","0.34322986954565904","4380","2385","0.41133438810969813","0.06912921017056307"
"833","300","0.4","0.3","0.2","0.05","0.5","0.45","300","6572","4385","2187","0.33277541083384055","4385","2395","0.4109900825709385","0.07159587300752333"
"835","300","0.4","0.3","0.2","0.05","0.5","0.45","300","6612","4405","2207","0.3337870538415003","4405","2443","0.4155980147917331","0.07077924062777172"
"836","300","0.4","0.3","0.2","0.05","0.5","0.45","300","6702","4385","2317","0.3457176962100865","4385","2450","0.4224408261036987","0.06756110135068605"
"837","300","0.4","0.3","0.2","0.05","0.5","0.45","300","6559","4402","2157","0.3288611068760482","4402","2417","0.4120964922496151","0.07989757172113265"
"838","300","0.4","0.3","0.2","0.05","0.5","0.45","300","6715","4398","2317","0.34504839910647805","4398","2458","0.4120291315084282","0.07511343311417236"
"839","300","0.4","0.3","0.2","0.05","0.5","0.45","300","6678","4382","2296","0.3438155136268344","4382","2409","0.4178210344413223","0.06881165132964964"
"841","300","0.4","0.3","0.2","0.05","0.5","0.5","300","5793","4287","1506","0.25996892801657173","4287","2154","0.39867470897626944","0.05919524694636737"
"843","300","0.4","0.3","0.2","0.05","0.5","0.5","300","5843","4308","1535","0.26270751326373437","4308","2164","0.39590320999790285","0.06193641236419607"
"842","300","0.4","0.3","0.2","0.05","0.5","0.5","300","5916","4356","1560","0.26369168356997974","4356","2207","0.38915113396578316","0.055874741569431355"
"840","300","0.4","0.3","0.2","0.05","0.5","0.45","300","6559","4423","2136","0.3256593992986736","4423","2448","0.41241080479999603","0.07199182241737791"
"844","300","0.4","0.3","0.2","0.05","0.5","0.5","300","5835","4297","1538","0.26358183376178235","4297","2216","0.39686097725630975","0.05548610314211049"
"845","300","0.4","0.3","0.2","0.05","0.5","0.5","300","5835","4298","1537","0.26341045415595543","4298","2175","0.3883825888660873","0.06239802148069478"
"846","300","0.4","0.3","0.2","0.05","0.5","0.5","300","5814","4322","1492","0.2566219470244238","4322","2106","0.3937569496992945","0.05527460675142325"
"847","300","0.4","0.3","0.2","0.05","0.5","0.5","300","5856","4332","1524","0.26024590163934425","4332","2172","0.39209986679431297","0.06668206900516029"
"848","300","0.4","0.3","0.2","0.05","0.5","0.5","300","5848","4319","1529","0.26145690834473323","4319","2175","0.38805880426691447","0.06839158695097317"
"849","300","0.4","0.3","0.2","0.05","0.5","0.5","300","5838","4312","1526","0.26139088729016785","4312","2175","0.3882400632167481","0.06481255713167405"
"850","300","0.4","0.3","0.2","0.05","0.5","0.5","300","5937","4326","1611","0.2713491662455786","4326","2158","0.3900280737797593","0.06730758346341408"
"851","300","0.4","0.3","0.2","0.05","0.5","0.55","300","5344","4242","1102","0.2062125748502994","4242","1987","0.37367631707141236","0.05890192390811074"
"853","300","0.4","0.3","0.2","0.05","0.5","0.55","300","5321","4228","1093","0.20541251644427738","4228","1927","0.37457234497678876","0.057220924056037945"
"852","300","0.4","0.3","0.2","0.05","0.5","0.55","300","5332","4271","1061","0.19898724681170293","4271","1938","0.37218426094153145","0.05820316080965053"
"854","300","0.4","0.3","0.2","0.05","0.5","0.55","300","5265","4230","1035","0.19658119658119658","4230","1922","0.37427349967147616","0.05678516374077758"
"855","300","0.4","0.3","0.2","0.05","0.5","0.55","300","5330","4243","1087","0.20393996247654783","4243","1905","0.3735532217728987","0.056026998343587854"
"856","300","0.4","0.3","0.2","0.05","0.5","0.55","300","5313","4238","1075","0.2023338979860719","4238","1891","0.3691436582431023","0.04593998659218182"
"857","300","0.4","0.3","0.2","0.05","0.5","0.55","300","5318","4245","1073","0.2017675817976683","4245","1941","0.3716107681355106","0.05629927149315874"
"858","300","0.4","0.3","0.2","0.05","0.5","0.55","300","5275","4236","1039","0.19696682464454976","4236","1856","0.36947511345910117","0.0558997349680433"
"860","300","0.4","0.3","0.2","0.05","0.5","0.55","300","5324","4216","1108","0.20811419984973703","4216","1882","0.3712801173230946","0.063834039223733"
"861","300","0.4","0.3","0.2","0.05","0.5","0.6","300","4900","4114","786","0.16040816326530613","4114","1651","0.3576207739076923","0.054609524098155816"
"859","300","0.4","0.3","0.2","0.05","0.5","0.55","300","5314","4212","1102","0.20737674068498307","4212","1861","0.3754112007329164","0.05184689914169574"
"862","300","0.4","0.3","0.2","0.05","0.5","0.6","300","4893","4157","736","0.15041896586960965","4157","1658","0.35699125108847807","0.0421440970769997"
"863","300","0.4","0.3","0.2","0.05","0.5","0.6","300","4881","4145","736","0.15078877279246056","4145","1664","0.3529594247283448","0.03970391644373932"
"865","300","0.4","0.3","0.2","0.05","0.5","0.6","300","4810","4107","703","0.14615384615384616","4107","1612","0.35372415597465173","0.04942245831453043"
"867","300","0.4","0.3","0.2","0.05","0.5","0.6","300","4874","4148","726","0.14895363151415675","4148","1610","0.35178765131526374","0.05259243280659487"
"864","300","0.4","0.3","0.2","0.05","0.5","0.6","300","4877","4142","735","0.15070740209144967","4142","1600","0.36087232017569465","0.050347437871533805"
"866","300","0.4","0.3","0.2","0.05","0.5","0.6","300","4894","4149","745","0.15222721700040867","4149","1664","0.35390184510391925","0.05275997963669592"
"868","300","0.4","0.3","0.2","0.05","0.5","0.6","300","4843","4107","736","0.1519719182325005","4107","1643","0.35509412455524064","0.05544150835328387"
"870","300","0.4","0.3","0.2","0.05","0.5","0.6","300","4891","4154","737","0.1506849315068493","4154","1675","0.3598066966198048","0.04761411721681059"
"869","300","0.4","0.3","0.2","0.05","0.5","0.6","300","4893","4121","772","0.1577764152871449","4121","1676","0.3571180699151608","0.05381102833233005"
"871","300","0.4","0.3","0.2","0.05","0.5","0.65","300","4607","4045","562","0.12198827870631647","4045","1420","0.34470002053292437","0.042274585224150174"
"872","300","0.4","0.3","0.2","0.05","0.5","0.65","300","4519","4002","517","0.11440584200044257","4002","1408","0.3363718174891162","0.0524803562940682"
"873","300","0.4","0.3","0.2","0.05","0.5","0.65","300","4507","4030","477","0.10583536720656757","4030","1432","0.3413475407919023","0.04535559755818749"
"874","300","0.4","0.3","0.2","0.05","0.5","0.65","300","4519","4001","518","0.11462712989599469","4001","1481","0.3428609154663503","0.05811321447661665"
"875","300","0.4","0.3","0.2","0.05","0.5","0.65","300","4545","4000","545","0.11991199119911991","4000","1389","0.3427082299434656","0.0557068304857863"
"876","300","0.4","0.3","0.2","0.05","0.5","0.65","300","4496","4018","478","0.10631672597864769","4018","1420","0.3383136841283517","0.048345535386019954"
"877","300","0.4","0.3","0.2","0.05","0.5","0.65","300","4539","4009","530","0.11676580744657414","4009","1389","0.3384236301644935","0.047359235832259004"
"878","300","0.4","0.3","0.2","0.05","0.5","0.65","300","4548","4018","530","0.11653474054529464","4018","1430","0.33733785983715725","0.04388928531593563"
"879","300","0.4","0.3","0.2","0.05","0.5","0.65","300","4537","3986","551","0.12144588935419881","3986","1350","0.3389385800823195","0.05775324628151837"
"880","300","0.4","0.3","0.2","0.05","0.5","0.65","300","4541","4012","529","0.11649416428099538","4012","1409","0.34159083458957484","0.045719215801489105"
"881","300","0.4","0.3","0.2","0.05","0.5","0.7","300","4237","3885","352","0.08307764928015104","3885","1141","0.3290242585797359","0.044057930266467246"
"882","300","0.4","0.3","0.2","0.05","0.5","0.7","300","4270","3888","382","0.08946135831381732","3888","1168","0.32632597171802463","0.04467611806716003"
"883","300","0.4","0.3","0.2","0.05","0.5","0.7","300","4271","3901","370","0.08663076562865839","3901","1198","0.3296397668316575","0.05561266204999756"
"884","300","0.4","0.3","0.2","0.05","0.5","0.7","300","4247","3885","362","0.08523663762655992","3885","1129","0.3280102745546156","0.04154766142538527"
"888","300","0.4","0.3","0.2","0.05","0.5","0.7","300","4271","3882","389","0.0910793725122922","3882","1205","0.3284813946228906","0.042192392822157136"
"887","300","0.4","0.3","0.2","0.05","0.5","0.7","300","4211","3877","334","0.0793160769413441","3877","1166","0.3336298670037738","0.03747187203300517"
"885","300","0.4","0.3","0.2","0.05","0.5","0.7","300","4290","3899","391","0.09114219114219115","3899","1193","0.3297077602817505","0.04118395523903861"
"886","300","0.4","0.3","0.2","0.05","0.5","0.7","300","4257","3869","388","0.09114399812074231","3869","1188","0.3317607200944534","0.031297167503962386"
"891","300","0.4","0.3","0.2","0.05","0.5","0.75","300","4040","3783","257","0.06361386138613861","3783","920","0.3194630699367579","0.034995474371401464"
"889","300","0.4","0.3","0.2","0.05","0.5","0.7","300","4269","3891","378","0.08854532677442024","3891","1172","0.32681095728563175","0.05277143876241943"
"890","300","0.4","0.3","0.2","0.05","0.5","0.7","300","4225","3883","342","0.08094674556213018","3883","1187","0.32921247314737107","0.04198710229328491"
"892","300","0.4","0.3","0.2","0.05","0.5","0.75","300","4026","3759","267","0.06631892697466468","3759","928","0.31563806396477967","0.04535104742074425"
"893","300","0.4","0.3","0.2","0.05","0.5","0.75","300","3981","3723","258","0.06480783722682742","3723","959","0.32062340619256696","0.04916424888256138"
"894","300","0.4","0.3","0.2","0.05","0.5","0.75","300","3996","3744","252","0.06306306306306306","3744","949","0.3246650150938963","0.03550597513155436"
"896","300","0.4","0.3","0.2","0.05","0.5","0.75","300","3984","3739","245","0.06149598393574297","3739","935","0.32171747327785144","0.04150818933860154"
"895","300","0.4","0.3","0.2","0.05","0.5","0.75","300","4041","3762","279","0.06904231625835189","3762","937","0.3205887016463826","0.04456019405057752"
"897","300","0.4","0.3","0.2","0.05","0.5","0.75","300","4029","3755","274","0.06800694961528915","3755","875","0.31839052231244014","0.036974353208343025"
"898","300","0.4","0.3","0.2","0.05","0.5","0.75","300","4011","3750","261","0.06507105459985041","3750","935","0.319564590826068","0.04725902432930436"
"899","300","0.4","0.3","0.2","0.05","0.5","0.75","300","4039","3791","248","0.061401336964595196","3791","980","0.32056733807254745","0.0406160059799846"
"900","300","0.4","0.3","0.2","0.05","0.5","0.75","300","4083","3770","313","0.0766593191280921","3770","989","0.3200671613227666","0.04287249374386963"
"902","300","0.4","0.3","0.2","0.05","0.5","0.8","300","3852","3637","215","0.05581516095534787","3637","699","0.31272087213958005","0.039322022818724454"
"903","300","0.4","0.3","0.2","0.05","0.5","0.8","300","3826","3631","195","0.050967067433350756","3631","686","0.3119011345512275","0.04864059225191514"
"901","300","0.4","0.3","0.2","0.05","0.5","0.8","300","3847","3656","191","0.049649077203015334","3656","717","0.3104815840537633","0.04185765156483255"
"904","300","0.4","0.3","0.2","0.05","0.5","0.8","300","3839","3668","171","0.044542849700442824","3668","738","0.31131530235931737","0.04631891250551674"
"905","300","0.4","0.3","0.2","0.05","0.5","0.8","300","3878","3675","203","0.052346570397111915","3675","727","0.31322244296200913","0.03627045789552453"
"906","300","0.4","0.3","0.2","0.05","0.5","0.8","300","3868","3650","218","0.05635987590486039","3650","715","0.3141847732153386","0.03843924398485723"
"907","300","0.4","0.3","0.2","0.05","0.5","0.8","300","3870","3674","196","0.050645994832041345","3674","687","0.3109359412820963","0.03420209956178823"
"908","300","0.4","0.3","0.2","0.05","0.5","0.8","300","3834","3626","208","0.05425143453312467","3626","715","0.3122659396720237","0.044881796385933925"
"910","300","0.4","0.3","0.2","0.05","0.5","0.8","300","3853","3643","210","0.054502984687256686","3643","751","0.3139323205839499","0.03668663996079089"
"909","300","0.4","0.3","0.2","0.05","0.5","0.8","300","3810","3634","176","0.046194225721784776","3634","744","0.313210711828722","0.038325123598600894"
"913","300","0.4","0.3","0.2","0.05","0.55","0.2","300","12596","3436","9160","0.7272149888853604","3436","2736","0.4909144552635645","0.13258200328169228"
"911","300","0.4","0.3","0.2","0.05","0.55","0.2","300","12239","3445","8794","0.7185227551270529","3445","2729","0.5000168583353315","0.13944795885314804"
"914","300","0.4","0.3","0.2","0.05","0.55","0.2","300","12552","3475","9077","0.7231516889738687","3475","2784","0.5133033174825189","0.12928744705790604"
"912","300","0.4","0.3","0.2","0.05","0.55","0.2","300","12438","3458","8980","0.7219810258884065","3458","2761","0.49915868395347246","0.13404508736235496"
"915","300","0.4","0.3","0.2","0.05","0.55","0.2","300","12537","3455","9082","0.7244157294408551","3455","2755","0.4976927087335208","0.13642671640272863"
"917","300","0.4","0.3","0.2","0.05","0.55","0.2","300","12545","3456","9089","0.7245117576723794","3456","2787","0.507757691802723","0.14039495125941617"
"916","300","0.4","0.3","0.2","0.05","0.55","0.2","300","12575","3452","9123","0.7254870775347912","3452","2795","0.522798898618209","0.12005260934841436"
"920","300","0.4","0.3","0.2","0.05","0.55","0.2","300","12344","3462","8882","0.7195398574206092","3462","2718","0.5015348841844678","0.14549111198776135"
"919","300","0.4","0.3","0.2","0.05","0.55","0.2","300","12571","3418","9153","0.7281043671943361","3418","2743","0.49573325406806956","0.13265188139825368"
"918","300","0.4","0.3","0.2","0.05","0.55","0.2","300","12658","3430","9228","0.7290251224522042","3430","2727","0.5065660476014177","0.13149381809750066"
"921","300","0.4","0.3","0.2","0.05","0.55","0.25","300","10470","3695","6775","0.6470869149952244","3695","2732","0.4851645876326356","0.10996696812832338"
"922","300","0.4","0.3","0.2","0.05","0.55","0.25","300","10970","3619","7351","0.6701002734731085","3619","2730","0.4848357943374821","0.12664480482852025"
"923","300","0.4","0.3","0.2","0.05","0.55","0.25","300","10738","3628","7110","0.6621344756937977","3628","2742","0.49310111694233344","0.11663329793815318"
"924","300","0.4","0.3","0.2","0.05","0.55","0.25","300","10690","3658","7032","0.6578110383536016","3658","2753","0.48470294943847353","0.11488354912066719"
"925","300","0.4","0.3","0.2","0.05","0.55","0.25","300","10861","3628","7233","0.6659607770923488","3628","2768","0.49162101174943396","0.11498887655944467"
"926","300","0.4","0.3","0.2","0.05","0.55","0.25","300","10599","3645","6954","0.6560996320407586","3645","2711","0.48490527024618313","0.11811536312399679"
"927","300","0.4","0.3","0.2","0.05","0.55","0.25","300","10768","3634","7134","0.662518573551263","3634","2702","0.4807601479371661","0.12574846764007552"
"928","300","0.4","0.3","0.2","0.05","0.55","0.25","300","10745","3631","7114","0.6620753838994882","3631","2719","0.4862738945109916","0.12054777841345747"
"929","300","0.4","0.3","0.2","0.05","0.55","0.25","300","10747","3639","7108","0.661393877361124","3639","2716","0.48755175549612007","0.10314611118664915"
"930","300","0.4","0.3","0.2","0.05","0.55","0.25","300","10653","3680","6973","0.6545574016708908","3680","2765","0.49323089970272493","0.11015328723493904"
"931","300","0.4","0.3","0.2","0.05","0.55","0.3","300","9086","3822","5264","0.5793528505392912","3822","2643","0.47483685228663536","0.09602869547134524"
"934","300","0.4","0.3","0.2","0.05","0.55","0.3","300","9081","3833","5248","0.5779099218147781","3833","2657","0.47293222865818585","0.09167822297129796"
"932","300","0.4","0.3","0.2","0.05","0.55","0.3","300","9204","3826","5378","0.5843111690569318","3826","2644","0.4665313769071122","0.10583128777811465"
"933","300","0.4","0.3","0.2","0.05","0.55","0.3","300","9289","3824","5465","0.5883302831305846","3824","2698","0.47883151670628177","0.0889692304308588"
"935","300","0.4","0.3","0.2","0.05","0.55","0.3","300","9075","3815","5260","0.5796143250688706","3815","2674","0.46484849738535056","0.09969442210237892"
"938","300","0.4","0.3","0.2","0.05","0.55","0.3","300","8984","3802","5182","0.5768032056990204","3802","2629","0.4574520474153229","0.11048303936405321"
"937","300","0.4","0.3","0.2","0.05","0.55","0.3","300","9198","3790","5408","0.5879539030223961","3790","2677","0.46909457813164285","0.10332818621877814"
"936","300","0.4","0.3","0.2","0.05","0.55","0.3","300","9201","3794","5407","0.5876535159221824","3794","2728","0.4652037623646032","0.10268775313194187"
"939","300","0.4","0.3","0.2","0.05","0.55","0.3","300","9211","3806","5405","0.5867983932254912","3806","2680","0.4778174637605604","0.09119738401464965"
"940","300","0.4","0.3","0.2","0.05","0.55","0.3","300","9150","3807","5343","0.5839344262295082","3807","2677","0.4681891820319629","0.09670409098971806"
"941","300","0.4","0.3","0.2","0.05","0.55","0.35","300","7740","3906","3834","0.49534883720930234","3906","2569","0.4476567362522013","0.08341245636396695"
"943","300","0.4","0.3","0.2","0.05","0.55","0.35","300","7632","3934","3698","0.48453878406708595","3934","2491","0.4450529604714033","0.0844232776453779"
"942","300","0.4","0.3","0.2","0.05","0.55","0.35","300","7740","3887","3853","0.49780361757105945","3887","2503","0.43835593242916254","0.07973600327524971"
"944","300","0.4","0.3","0.2","0.05","0.55","0.35","300","7753","3924","3829","0.4938733393525087","3924","2570","0.4576213537414134","0.0835538162870087"
"945","300","0.4","0.3","0.2","0.05","0.55","0.35","300","7642","3891","3751","0.49084009421617375","3891","2538","0.4470536600963759","0.07915993161885189"
"946","300","0.4","0.3","0.2","0.05","0.55","0.35","300","7824","3890","3934","0.5028118609406953","3890","2514","0.4566995457159064","0.0744509351568633"
"947","300","0.4","0.3","0.2","0.05","0.55","0.35","300","7723","3932","3791","0.49087142302214165","3932","2526","0.4435569922484543","0.08290179875475409"
"948","300","0.4","0.3","0.2","0.05","0.55","0.35","300","7807","3921","3886","0.497758421929038","3921","2524","0.4430991225846789","0.08405776571602314"
"949","300","0.4","0.3","0.2","0.05","0.55","0.35","300","7847","3927","3920","0.49955396966993754","3927","2578","0.46360850904735135","0.06856641710320317"
"950","300","0.4","0.3","0.2","0.05","0.55","0.35","300","7888","3860","4028","0.5106490872210954","3860","2512","0.4452116129945959","0.08922666370534213"
"952","300","0.4","0.3","0.2","0.05","0.55","0.4","300","6701","3941","2760","0.41187882405611104","3941","2383","0.4311012676112013","0.07197603548915618"
"953","300","0.4","0.3","0.2","0.05","0.55","0.4","300","6578","3975","2603","0.3957129826695044","3975","2358","0.423806656119186","0.06312982567556592"
"951","300","0.4","0.3","0.2","0.05","0.55","0.4","300","6748","3936","2812","0.4167160640189686","3936","2370","0.4250897866187649","0.07713968139173005"
"954","300","0.4","0.3","0.2","0.05","0.55","0.4","300","6724","3947","2777","0.4129982153480071","3947","2366","0.4374232202464727","0.0746934262771754"
"956","300","0.4","0.3","0.2","0.05","0.55","0.4","300","6777","3946","2831","0.41773646156116273","3946","2360","0.4277480313085913","0.06807431399321372"
"955","300","0.4","0.3","0.2","0.05","0.55","0.4","300","6675","3925","2750","0.41198501872659177","3925","2380","0.43000933235385136","0.07521742858825042"
"957","300","0.4","0.3","0.2","0.05","0.55","0.4","300","6668","3947","2721","0.40806838632273545","3947","2355","0.425879855738745","0.07232655380881456"
"958","300","0.4","0.3","0.2","0.05","0.55","0.4","300","6675","3925","2750","0.41198501872659177","3925","2331","0.4269706269800275","0.07244413141058127"
"959","300","0.4","0.3","0.2","0.05","0.55","0.4","300","6763","3947","2816","0.4163832618660358","3947","2368","0.42732278764911863","0.058685545158529834"
"961","300","0.4","0.3","0.2","0.05","0.55","0.45","300","5883","3952","1931","0.32823389427163013","3952","2183","0.403855049271627","0.05718051366452656"
"960","300","0.4","0.3","0.2","0.05","0.55","0.4","300","6723","3946","2777","0.4130596459913729","3946","2415","0.4332613729242626","0.07696330781140716"
"963","300","0.4","0.3","0.2","0.05","0.55","0.45","300","5867","3980","1887","0.3216294528719959","3980","2111","0.4010909568394744","0.0621868011680491"
"962","300","0.4","0.3","0.2","0.05","0.55","0.45","300","5897","3941","1956","0.3316940817364762","3941","2197","0.4085313851148036","0.05818203304892931"
"964","300","0.4","0.3","0.2","0.05","0.55","0.45","300","5939","3945","1994","0.33574675871358817","3945","2210","0.41868296604940936","0.055944025751100135"
"966","300","0.4","0.3","0.2","0.05","0.55","0.45","300","5883","3928","1955","0.3323134455209927","3928","2127","0.4030536184718918","0.07520535062008958"
"965","300","0.4","0.3","0.2","0.05","0.55","0.45","300","5939","3925","2014","0.33911432901161814","3925","2142","0.4169888226089614","0.05751531968859865"
"967","300","0.4","0.3","0.2","0.05","0.55","0.45","300","5973","3934","2039","0.34136949606562866","3934","2169","0.40974425252349733","0.05831879018037516"
"968","300","0.4","0.3","0.2","0.05","0.55","0.45","300","5851","3945","1906","0.32575628097761067","3945","2176","0.4146031445780498","0.05887233761255433"
"969","300","0.4","0.3","0.2","0.05","0.55","0.45","300","5872","3939","1933","0.3291893732970027","3939","2225","0.41744141808317425","0.058115166041644815"
"970","300","0.4","0.3","0.2","0.05","0.55","0.45","300","5890","3932","1958","0.332427843803056","3932","2156","0.4131240081239565","0.06943394487225193"
"971","300","0.4","0.3","0.2","0.05","0.55","0.5","300","5250","3924","1326","0.25257142857142856","3924","1981","0.3974460680983109","0.05254844698759292"
"972","300","0.4","0.3","0.2","0.05","0.55","0.5","300","5244","3911","1333","0.2541952707856598","3911","1922","0.3876414653413721","0.05964495199256457"
"973","300","0.4","0.3","0.2","0.05","0.55","0.5","300","5253","3949","1304","0.24823910146582906","3949","1992","0.3902935545584672","0.051702672492687535"
"974","300","0.4","0.3","0.2","0.05","0.55","0.5","300","5250","3908","1342","0.25561904761904763","3908","2004","0.38474267731563183","0.06266420091647766"
"975","300","0.4","0.3","0.2","0.05","0.55","0.5","300","5263","3892","1371","0.260497814934448","3892","1964","0.3930196379203733","0.058661598832694076"
"976","300","0.4","0.3","0.2","0.05","0.55","0.5","300","5309","3905","1404","0.26445658316067056","3905","1996","0.3960562648900576","0.05837120712930594"
"978","300","0.4","0.3","0.2","0.05","0.55","0.5","300","5232","3886","1346","0.257262996941896","3886","1958","0.39214254505239293","0.05608094876585145"
"981","300","0.4","0.3","0.2","0.05","0.55","0.55","300","4829","3862","967","0.20024849865396563","3862","1748","0.3653809170996164","0.047457162309959444"
"979","300","0.4","0.3","0.2","0.05","0.55","0.5","300","5244","3886","1358","0.2589626239511823","3886","1940","0.3841625626651741","0.06542473319950824"
"977","300","0.4","0.3","0.2","0.05","0.55","0.5","300","5242","3876","1366","0.26058756199923694","3876","1933","0.39250316820646586","0.05609540461421493"
"980","300","0.4","0.3","0.2","0.05","0.55","0.5","300","5254","3874","1380","0.2626570232204035","3874","1959","0.3837761892033694","0.06920079893664825"
"982","300","0.4","0.3","0.2","0.05","0.55","0.55","300","4746","3831","915","0.19279393173198484","3831","1719","0.36548159694630405","0.052491086330151655"
"983","300","0.4","0.3","0.2","0.05","0.55","0.55","300","4777","3849","928","0.19426418254134395","3849","1725","0.3700834008506751","0.041831841893780614"
"984","300","0.4","0.3","0.2","0.05","0.55","0.55","300","4757","3827","930","0.19550136640739962","3827","1754","0.36194161572849015","0.05326452712808858"
"985","300","0.4","0.3","0.2","0.05","0.55","0.55","300","4786","3875","911","0.19034684496447973","3875","1748","0.36435351541060274","0.05262708833538862"
"986","300","0.4","0.3","0.2","0.05","0.55","0.55","300","4764","3808","956","0.20067170445004198","3808","1749","0.36871771985892804","0.05322426634904587"
"988","300","0.4","0.3","0.2","0.05","0.55","0.55","300","4847","3848","999","0.20610687022900764","3848","1717","0.3674666081204067","0.05021647833850337"
"987","300","0.4","0.3","0.2","0.05","0.55","0.55","300","4855","3860","995","0.20494335736354274","3860","1764","0.37227816139271946","0.0522512732610807"
"989","300","0.4","0.3","0.2","0.05","0.55","0.55","300","4792","3829","963","0.20095993322203673","3829","1709","0.36958938776264155","0.05105681506278557"
"991","300","0.4","0.3","0.2","0.05","0.55","0.6","300","4467","3793","674","0.15088426236847996","3793","1492","0.35050447963340753","0.047151017194418963"
"990","300","0.4","0.3","0.2","0.05","0.55","0.55","300","4811","3833","978","0.2032841405113282","3833","1720","0.361465211709652","0.05787078036869179"
"993","300","0.4","0.3","0.2","0.05","0.55","0.6","300","4469","3749","720","0.16110986797941373","3749","1515","0.3570563495959393","0.053891914668001695"
"992","300","0.4","0.3","0.2","0.05","0.55","0.6","300","4474","3797","677","0.151318730442557","3797","1526","0.35523526509075776","0.04484189590817117"
"994","300","0.4","0.3","0.2","0.05","0.55","0.6","300","4426","3758","668","0.1509263443289652","3758","1545","0.3603073358259567","0.046677114849569"
"995","300","0.4","0.3","0.2","0.05","0.55","0.6","300","4413","3785","628","0.14230682075685475","3785","1500","0.35173421481505796","0.05244584913869392"
"996","300","0.4","0.3","0.2","0.05","0.55","0.6","300","4476","3783","693","0.15482573726541554","3783","1518","0.3518110884934975","0.04328649322996304"
"998","300","0.4","0.3","0.2","0.05","0.55","0.6","300","4433","3773","660","0.1488833746898263","3773","1506","0.35269495406772067","0.05277232682965492"
"997","300","0.4","0.3","0.2","0.05","0.55","0.6","300","4396","3758","638","0.1451319381255687","3758","1495","0.3542888655851171","0.044020040369522256"
"999","300","0.4","0.3","0.2","0.05","0.55","0.6","300","4435","3769","666","0.15016910935738445","3769","1543","0.35726415925676247","0.04594882181456779"
"1001","300","0.4","0.3","0.2","0.05","0.55","0.65","300","4141","3645","496","0.11977783144168075","3645","1265","0.33872842182594404","0.049191616763298376"
"1000","300","0.4","0.3","0.2","0.05","0.55","0.6","300","4478","3773","705","0.1574363555158553","3773","1514","0.35592194899972945","0.040190924099996715"
"1003","300","0.4","0.3","0.2","0.05","0.55","0.65","300","4193","3709","484","0.1154304793703792","3709","1264","0.3406656198943416","0.04939173905046817"
"1002","300","0.4","0.3","0.2","0.05","0.55","0.65","300","4176","3674","502","0.12021072796934866","3674","1246","0.3425563496905144","0.04192291196389649"
"1006","300","0.4","0.3","0.2","0.05","0.55","0.65","300","4163","3661","502","0.12058611578188806","3661","1295","0.3409737642052844","0.0357489734963107"
"1005","300","0.4","0.3","0.2","0.05","0.55","0.65","300","4161","3676","485","0.11655851958663782","3676","1291","0.3418377520959279","0.05114870827736797"
"1004","300","0.4","0.3","0.2","0.05","0.55","0.65","300","4148","3661","487","0.11740597878495661","3661","1307","0.3425765262803826","0.041812754701589266"
"1007","300","0.4","0.3","0.2","0.05","0.55","0.65","300","4169","3693","476","0.11417606140561286","3693","1327","0.3366047499354423","0.05131980912079002"
"1008","300","0.4","0.3","0.2","0.05","0.55","0.65","300","4210","3693","517","0.12280285035629454","3693","1335","0.34538157705762634","0.0520809969598425"
"1011","300","0.4","0.3","0.2","0.05","0.55","0.7","300","3967","3610","357","0.08999243761028485","3610","1051","0.3307087184031801","0.04252385804643056"
"1009","300","0.4","0.3","0.2","0.05","0.55","0.65","300","4204","3689","515","0.1225023786869648","3689","1290","0.33863220455599846","0.03888968486980316"
"1010","300","0.4","0.3","0.2","0.05","0.55","0.65","300","4207","3706","501","0.11908723555978132","3706","1295","0.3354559669545654","0.049065053208826766"
"1013","300","0.4","0.3","0.2","0.05","0.55","0.7","300","3939","3572","367","0.09317085554709317","3572","1025","0.32932751909783375","0.040292833806454854"
"1012","300","0.4","0.3","0.2","0.05","0.55","0.7","300","3948","3566","382","0.09675785207700101","3566","1041","0.32635827382284643","0.03818472597902902"
"1014","300","0.4","0.3","0.2","0.05","0.55","0.7","300","3948","3613","335","0.0848530901722391","3613","1140","0.3292313446241309","0.05179131295635243"
"1016","300","0.4","0.3","0.2","0.05","0.55","0.7","300","3953","3617","336","0.08499873513786997","3617","1054","0.32914708753451677","0.04891500697366323"
"1018","300","0.4","0.3","0.2","0.05","0.55","0.7","300","3910","3553","357","0.09130434782608696","3553","1053","0.32410255972698837","0.04177848409077658"
"1015","300","0.4","0.3","0.2","0.05","0.55","0.7","300","3947","3609","338","0.08563465923486192","3609","1104","0.32828344653248726","0.04952608276670932"
"1017","300","0.4","0.3","0.2","0.05","0.55","0.7","300","3961","3613","348","0.0878566018682151","3613","1097","0.32891031100180046","0.03942006543206314"
"1019","300","0.4","0.3","0.2","0.05","0.55","0.7","300","3915","3599","316","0.08071519795657726","3599","1074","0.3319135710557082","0.04085425186095848"
"1020","300","0.4","0.3","0.2","0.05","0.55","0.7","300","3932","3607","325","0.08265513733468972","3607","1080","0.33202988285887736","0.03752036091053672"
"1021","300","0.4","0.3","0.2","0.05","0.55","0.75","300","3691","3461","230","0.062313736114874015","3461","874","0.31880329777361177","0.047136005714739186"
"1022","300","0.4","0.3","0.2","0.05","0.55","0.75","300","3767","3493","274","0.0727369259357579","3493","886","0.31835838302113717","0.04295516559438627"
"1023","300","0.4","0.3","0.2","0.05","0.55","0.75","300","3770","3526","244","0.06472148541114059","3526","896","0.31942532270430446","0.04156359803149251"
"1024","300","0.4","0.3","0.2","0.05","0.55","0.75","300","3711","3514","197","0.05308542171921315","3514","870","0.319668235694467","0.03483554537105579"
"1025","300","0.4","0.3","0.2","0.05","0.55","0.75","300","3752","3511","241","0.06423240938166311","3511","874","0.3194997900467221","0.03725607288396906"
"1026","300","0.4","0.3","0.2","0.05","0.55","0.75","300","3706","3482","224","0.060442525634106854","3482","866","0.3208510994677547","0.034457482008084885"
"1027","300","0.4","0.3","0.2","0.05","0.55","0.75","300","3758","3493","265","0.07051623203831825","3493","905","0.322279075881961","0.03840661150642713"
"1028","300","0.4","0.3","0.2","0.05","0.55","0.75","300","3797","3548","249","0.06557808796418226","3548","896","0.32004683638977877","0.0346271033559476"
"1029","300","0.4","0.3","0.2","0.05","0.55","0.75","300","3756","3521","235","0.06256656017039404","3521","898","0.32082043107209957","0.034641191628800874"
"1031","300","0.4","0.3","0.2","0.05","0.55","0.8","300","3602","3420","182","0.05052748473070516","3420","700","0.31343257217515025","0.0363085647689666"
"1030","300","0.4","0.3","0.2","0.05","0.55","0.75","300","3729","3484","245","0.06570126039152588","3484","849","0.3184765588233182","0.044444309090701885"
"1033","300","0.4","0.3","0.2","0.05","0.55","0.8","300","3560","3383","177","0.049719101123595504","3383","642","0.31031940968056293","0.039224647860082694"
"1032","300","0.4","0.3","0.2","0.05","0.55","0.8","300","3565","3386","179","0.05021037868162693","3386","668","0.31029380624054725","0.03557426914663917"
"1034","300","0.4","0.3","0.2","0.05","0.55","0.8","300","3627","3426","201","0.055417700578990904","3426","687","0.3109071840073177","0.03743958673893175"
"1036","300","0.4","0.3","0.2","0.05","0.55","0.8","300","3574","3393","181","0.0506435366536094","3393","672","0.31268713609880694","0.04988457877999926"
"1035","300","0.4","0.3","0.2","0.05","0.55","0.8","300","3555","3375","180","0.05063291139240506","3375","695","0.31248031495339645","0.035209477014555346"
"1037","300","0.4","0.3","0.2","0.05","0.55","0.8","300","3547","3384","163","0.0459543276007894","3384","645","0.3110827297956663","0.03845372454882083"
"1038","300","0.4","0.3","0.2","0.05","0.55","0.8","300","3601","3387","214","0.059427936684254376","3387","691","0.3133915819953865","0.03601539270672562"
"1040","300","0.4","0.3","0.2","0.05","0.55","0.8","300","3646","3447","199","0.05458036204059243","3447","658","0.311674820663125","0.03382947588040588"
"1039","300","0.4","0.3","0.2","0.05","0.55","0.8","300","3596","3399","197","0.05478309232480534","3399","657","0.312143499527684","0.03724425549471853"
"1041","300","0.4","0.3","0.2","0.05","0.6","0.2","300","11089","3106","7983","0.7199026061863107","3106","2456","0.4905961713998234","0.12533420760597394"
"1042","300","0.4","0.3","0.2","0.05","0.6","0.2","300","11205","3150","8055","0.7188755020080321","3150","2518","0.49636335728920716","0.11613270993692476"
"1043","300","0.4","0.3","0.2","0.05","0.6","0.2","300","11056","3136","7920","0.7163531114327062","3136","2510","0.48601674652543103","0.12807638153976283"
"1044","300","0.4","0.3","0.2","0.05","0.6","0.2","300","11274","3122","8152","0.7230796522973213","3122","2482","0.49495166696386766","0.12252345933754519"
"1045","300","0.4","0.3","0.2","0.05","0.6","0.2","300","11142","3149","7993","0.7173756955663256","3149","2542","0.4925789565262573","0.12442754044220311"
"1046","300","0.4","0.3","0.2","0.05","0.6","0.2","300","10878","3183","7695","0.7073910645339216","3183","2517","0.4919588432263348","0.1352509858024757"
"1047","300","0.4","0.3","0.2","0.05","0.6","0.2","300","11222","3105","8117","0.7233113527000534","3105","2515","0.5097406213385651","0.11213702154656403"
"1048","300","0.4","0.3","0.2","0.05","0.6","0.2","300","10942","3144","7798","0.7126667885212941","3144","2489","0.4951445236052976","0.11834595632250358"
"1050","300","0.4","0.3","0.2","0.05","0.6","0.2","300","11355","3108","8247","0.7262879788639366","3108","2530","0.49587728097486417","0.11785504410354783"
"1049","300","0.4","0.3","0.2","0.05","0.6","0.2","300","11322","3116","8206","0.7247836071365483","3116","2484","0.4831949675347087","0.12016458353786964"
"1051","300","0.4","0.3","0.2","0.05","0.6","0.25","300","9445","3315","6130","0.6490206458443621","3315","2504","0.4787295165569691","0.10659448308646192"
"1052","300","0.4","0.3","0.2","0.05","0.6","0.25","300","9605","3295","6310","0.6569495054659031","3295","2468","0.4815553568720381","0.1073397209587709"
"1053","300","0.4","0.3","0.2","0.05","0.6","0.25","300","9566","3327","6239","0.6522057286222036","3327","2499","0.473680571092647","0.10101887990305655"
"1054","300","0.4","0.3","0.2","0.05","0.6","0.25","300","9470","3327","6143","0.6486800422386484","3327","2502","0.49029426910524637","0.09666912287487583"
"1056","300","0.4","0.3","0.2","0.05","0.6","0.25","300","9453","3333","6120","0.6474135195176135","3333","2507","0.47325081328181434","0.09418863445316805"
"1057","300","0.4","0.3","0.2","0.05","0.6","0.25","300","9523","3300","6223","0.6534705449963247","3300","2485","0.48563105492345393","0.0983122221005834"
"1055","300","0.4","0.3","0.2","0.05","0.6","0.25","300","9532","3313","6219","0.6524339068401175","3313","2461","0.48191428008003667","0.0885393863561042"
"1058","300","0.4","0.3","0.2","0.05","0.6","0.25","300","9648","3296","6352","0.6583747927031509","3296","2499","0.48938979133204613","0.09422755772658095"
"1059","300","0.4","0.3","0.2","0.05","0.6","0.25","300","9624","3303","6321","0.6567955112219451","3303","2486","0.4729116953809258","0.10482671639726324"
"1060","300","0.4","0.3","0.2","0.05","0.6","0.25","300","9515","3286","6229","0.6546505517603783","3286","2475","0.4815973282342347","0.1012614504658374"
"1062","300","0.4","0.3","0.2","0.05","0.6","0.3","300","8022","3447","4575","0.5703066566940912","3447","2406","0.4611962306864705","0.08802117929605549"
"1063","300","0.4","0.3","0.2","0.05","0.6","0.3","300","8048","3455","4593","0.5707007952286283","3455","2403","0.4601407663927254","0.09095223808141317"
"1061","300","0.4","0.3","0.2","0.05","0.6","0.3","300","8065","3462","4603","0.5707377557346559","3462","2434","0.4777527871189198","0.0836517923521221"
"1064","300","0.4","0.3","0.2","0.05","0.6","0.3","300","8122","3427","4695","0.5780595912336863","3427","2402","0.45683036847669894","0.07921149561613676"
"1065","300","0.4","0.3","0.2","0.05","0.6","0.3","300","8082","3446","4636","0.5736203909923286","3446","2427","0.4598159116428141","0.08728416715309183"
"1066","300","0.4","0.3","0.2","0.05","0.6","0.3","300","8024","3434","4590","0.5720338983050848","3434","2410","0.45989307049629957","0.08838559994489521"
"1067","300","0.4","0.3","0.2","0.05","0.6","0.3","300","8042","3438","4604","0.5724944043770206","3438","2413","0.469367075399851","0.08310550100914926"
"1068","300","0.4","0.3","0.2","0.05","0.6","0.3","300","8112","3430","4682","0.5771696252465484","3430","2386","0.46468634478085147","0.08439161994908329"
"1069","300","0.4","0.3","0.2","0.05","0.6","0.3","300","8118","3411","4707","0.5798226164079823","3411","2416","0.4622419999606898","0.09777362940842099"
"1070","300","0.4","0.3","0.2","0.05","0.6","0.3","300","8077","3448","4629","0.5731088275349758","3448","2384","0.45565248325968694","0.08450497442870525"
"1071","300","0.4","0.3","0.2","0.05","0.6","0.35","300","6793","3545","3248","0.4781392610039747","3545","2307","0.4474450765167434","0.061631922873024284"
"1072","300","0.4","0.3","0.2","0.05","0.6","0.35","300","6827","3531","3296","0.4827889263219569","3531","2295","0.4488564865695242","0.07768907311204673"
"1073","300","0.4","0.3","0.2","0.05","0.6","0.35","300","6971","3525","3446","0.49433366805336393","3525","2326","0.44916235542633987","0.07426917504611862"
"1074","300","0.4","0.3","0.2","0.05","0.6","0.35","300","6902","3541","3361","0.4869603013619241","3541","2262","0.44892064001868043","0.0736298141658868"
"1075","300","0.4","0.3","0.2","0.05","0.6","0.35","300","6937","3537","3400","0.49012541444428426","3537","2307","0.44104126725975995","0.07850330255709095"
"1076","300","0.4","0.3","0.2","0.05","0.6","0.35","300","6950","3512","3438","0.49467625899280576","3512","2331","0.44847072407327876","0.06930144746661579"
"1077","300","0.4","0.3","0.2","0.05","0.6","0.35","300","6897","3517","3380","0.4900681455705379","3517","2309","0.4528677596569664","0.07311897828339052"
"1078","300","0.4","0.3","0.2","0.05","0.6","0.35","300","6840","3543","3297","0.4820175438596491","3543","2307","0.43904818425812353","0.07682716775671795"
"1079","300","0.4","0.3","0.2","0.05","0.6","0.35","300","6917","3526","3391","0.4902414341477519","3526","2320","0.4546184378676468","0.06985304939386029"
"1080","300","0.4","0.3","0.2","0.05","0.6","0.35","300","6871","3541","3330","0.48464561199243195","3541","2253","0.4352294892690992","0.07474650666644456"
"1081","300","0.4","0.3","0.2","0.05","0.6","0.4","300","5947","3603","2344","0.3941483100723054","3603","2147","0.42503438317843856","0.05646158495528361"
"1083","300","0.4","0.3","0.2","0.05","0.6","0.4","300","6021","3553","2468","0.40989868792559375","3553","2144","0.42433023788872515","0.0610261887234639"
"1082","300","0.4","0.3","0.2","0.05","0.6","0.4","300","5985","3578","2407","0.402172096908939","3578","2204","0.4354511558974257","0.05593034710687373"
"1084","300","0.4","0.3","0.2","0.05","0.6","0.4","300","5929","3564","2365","0.39888682745825604","3564","2132","0.4137776517306822","0.07161318693922068"
"1086","300","0.4","0.3","0.2","0.05","0.6","0.4","300","6012","3555","2457","0.4086826347305389","3555","2112","0.4282897754382958","0.06300292654907093"
"1085","300","0.4","0.3","0.2","0.05","0.6","0.4","300","5929","3591","2338","0.39433293978748524","3591","2146","0.43394342231270516","0.062099503670827276"
"1088","300","0.4","0.3","0.2","0.05","0.6","0.4","300","6028","3568","2460","0.40809555408095555","3568","2136","0.42910580262658804","0.06218465444457852"
"1087","300","0.4","0.3","0.2","0.05","0.6","0.4","300","6020","3580","2440","0.4053156146179402","3580","2164","0.4140513436729748","0.05719439558672725"
"1089","300","0.4","0.3","0.2","0.05","0.6","0.4","300","6050","3573","2477","0.40942148760330577","3573","2156","0.4160700190814124","0.060544404755793695"
"1090","300","0.4","0.3","0.2","0.05","0.6","0.4","300","6052","3546","2506","0.4140779907468605","3546","2102","0.41982631708855045","0.057201592744163796"
"1091","300","0.4","0.3","0.2","0.05","0.6","0.45","300","5306","3594","1712","0.3226535996984546","3594","1957","0.3990539853605309","0.06032465804044462"
"1092","300","0.4","0.3","0.2","0.05","0.6","0.45","300","5269","3576","1693","0.32131334219016894","3576","1956","0.40073060733610155","0.056662966302728046"
"1093","300","0.4","0.3","0.2","0.05","0.6","0.45","300","5240","3576","1664","0.31755725190839695","3576","2007","0.4109973372077428","0.07239579738506954"
"1094","300","0.4","0.3","0.2","0.05","0.6","0.45","300","5302","3562","1740","0.32817804602036965","3562","1948","0.3973863166917593","0.0679532904435674"
"1095","300","0.4","0.3","0.2","0.05","0.6","0.45","300","5238","3571","1667","0.3182512409316533","3571","1951","0.3966751868350589","0.05728937626151409"
"1097","300","0.4","0.3","0.2","0.05","0.6","0.45","300","5279","3559","1720","0.3258192839552946","3559","1985","0.41168802392819376","0.05942638485755756"
"1096","300","0.4","0.3","0.2","0.05","0.6","0.45","300","5359","3579","1780","0.33215152080612054","3579","1976","0.4079434123114544","0.03989687348661119"
"1098","300","0.4","0.3","0.2","0.05","0.6","0.45","300","5335","3585","1750","0.3280224929709466","3585","2003","0.40245588600044296","0.05966399036320305"
"1099","300","0.4","0.3","0.2","0.05","0.6","0.45","300","5280","3573","1707","0.32329545454545455","3573","1910","0.39652349900944484","0.06536945882980773"
"1100","300","0.4","0.3","0.2","0.05","0.6","0.45","300","5233","3587","1646","0.3145423275367858","3587","1971","0.4095708321331204","0.05058885022271714"
"1101","300","0.4","0.3","0.2","0.05","0.6","0.5","300","4750","3531","1219","0.25663157894736843","3531","1789","0.38697094036226237","0.042429567567588436"
"1102","300","0.4","0.3","0.2","0.05","0.6","0.5","300","4857","3581","1276","0.2627136092238007","3581","1775","0.39056860596408116","0.04037625102460528"
"1103","300","0.4","0.3","0.2","0.05","0.6","0.5","300","4805","3595","1210","0.2518210197710718","3595","1786","0.3863811710018695","0.04826677384801612"
"1104","300","0.4","0.3","0.2","0.05","0.6","0.5","300","4776","3568","1208","0.2529313232830821","3568","1785","0.38873479059904664","0.05820939124134255"
"1105","300","0.4","0.3","0.2","0.05","0.6","0.5","300","4790","3588","1202","0.2509394572025052","3588","1809","0.389138297015995","0.04801023931448276"
"1106","300","0.4","0.3","0.2","0.05","0.6","0.5","300","4759","3578","1181","0.24816137844084893","3578","1780","0.38277610698084913","0.06358511754502105"
"1107","300","0.4","0.3","0.2","0.05","0.6","0.5","300","4827","3593","1234","0.255645328361301","3593","1718","0.3795808354352328","0.04845188855095087"
"1110","300","0.4","0.3","0.2","0.05","0.6","0.5","300","4874","3564","1310","0.26877308165777597","3564","1798","0.38054246068693975","0.05205538465474514"
"1109","300","0.4","0.3","0.2","0.05","0.6","0.5","300","4737","3534","1203","0.2539582013932869","3534","1794","0.3852466986673973","0.058312938642173094"
"1111","300","0.4","0.3","0.2","0.05","0.6","0.55","300","4449","3554","895","0.20116880197797257","3554","1580","0.36774372723262416","0.04709751321198802"
"1108","300","0.4","0.3","0.2","0.05","0.6","0.5","300","4774","3556","1218","0.25513196480938416","3556","1795","0.3801737333034941","0.05149300322754421"
"1112","300","0.4","0.3","0.2","0.05","0.6","0.55","300","4373","3515","858","0.1962039789618111","3515","1535","0.3629697485560668","0.04737948298590423"
"1113","300","0.4","0.3","0.2","0.05","0.6","0.55","300","4349","3530","819","0.1883191538284663","3530","1563","0.3716495880477757","0.04082852634051223"
"1114","300","0.4","0.3","0.2","0.05","0.6","0.55","300","4447","3580","867","0.1949628963346076","3580","1604","0.3746848143310077","0.04415361102317916"
"1115","300","0.4","0.3","0.2","0.05","0.6","0.55","300","4414","3527","887","0.20095151789759855","3527","1591","0.36668173033153395","0.04556742689967756"
"1116","300","0.4","0.3","0.2","0.05","0.6","0.55","300","4345","3521","824","0.18964326812428078","3521","1572","0.3670338121423121","0.04624605660319068"
"1117","300","0.4","0.3","0.2","0.05","0.6","0.55","300","4408","3523","885","0.20077132486388385","3523","1623","0.37537324810859946","0.04614420554746122"
"1118","300","0.4","0.3","0.2","0.05","0.6","0.55","300","4417","3566","851","0.19266470455059995","3566","1630","0.37212433124762967","0.051372949737323426"
"1119","300","0.4","0.3","0.2","0.05","0.6","0.55","300","4396","3550","846","0.1924476797088262","3550","1586","0.36638252148520656","0.05320977854434706"
"1120","300","0.4","0.3","0.2","0.05","0.6","0.55","300","4422","3534","888","0.20081411126187246","3534","1574","0.36472910299833494","0.04674399400303332"
"1121","300","0.4","0.3","0.2","0.05","0.6","0.6","300","4123","3491","632","0.1532864419112297","3491","1421","0.350505555385717","0.040654560003636875"
"1122","300","0.4","0.3","0.2","0.05","0.6","0.6","300","4084","3480","604","0.14789422135161606","3480","1403","0.34995726081859474","0.04733777258560836"
"1123","300","0.4","0.3","0.2","0.05","0.6","0.6","300","4077","3480","597","0.14643119941133187","3480","1416","0.3566801207537446","0.03979030076978081"
"1124","300","0.4","0.3","0.2","0.05","0.6","0.6","300","4067","3506","561","0.13793951315465947","3506","1402","0.35353193642548175","0.04874542866693047"
"1125","300","0.4","0.3","0.2","0.05","0.6","0.6","300","4136","3504","632","0.1528046421663443","3504","1445","0.3605696397546282","0.03968448364540044"
"1126","300","0.4","0.3","0.2","0.05","0.6","0.6","300","4139","3508","631","0.1524522831601836","3508","1421","0.3511766793659006","0.0525944948012428"
"1127","300","0.4","0.3","0.2","0.05","0.6","0.6","300","4128","3507","621","0.1504360465116279","3507","1407","0.35933703022763364","0.03701494393738162"
"1128","300","0.4","0.3","0.2","0.05","0.6","0.6","300","4121","3490","631","0.15311817520019413","3490","1428","0.35541937582496974","0.04545105014453346"
"1130","300","0.4","0.3","0.2","0.05","0.6","0.6","300","4137","3500","637","0.15397631133671744","3500","1413","0.35309827209717753","0.029049953861946747"
"1133","300","0.4","0.3","0.2","0.05","0.6","0.65","300","3847","3387","460","0.11957369378736678","3387","1182","0.3392167169241174","0.039851686757699824"
"1131","300","0.4","0.3","0.2","0.05","0.6","0.65","300","3854","3430","424","0.11001556824078879","3430","1205","0.340580308866805","0.04585302041377786"
"1132","300","0.4","0.3","0.2","0.05","0.6","0.65","300","3831","3391","440","0.11485251892456277","3391","1204","0.34094000200724855","0.038736682243336866"
"1134","300","0.4","0.3","0.2","0.05","0.6","0.65","300","3830","3422","408","0.10652741514360313","3422","1194","0.34451686632887296","0.040291880951198365"
"1129","300","0.4","0.3","0.2","0.05","0.6","0.6","300","4143","3486","657","0.15858073859522084","3486","1400","0.34924907937185984","0.040026634805896494"
"1135","300","0.4","0.3","0.2","0.05","0.6","0.65","300","3854","3423","431","0.11183186299948106","3423","1144","0.3337479897783067","0.03640807529170597"
"1136","300","0.4","0.3","0.2","0.05","0.6","0.65","300","3845","3418","427","0.11105331599479844","3418","1176","0.33703753120330854","0.0335918997054382"
"1137","300","0.4","0.3","0.2","0.05","0.6","0.65","300","3827","3404","423","0.11053044159916384","3404","1153","0.33248468417697913","0.04294684827512473"
"1138","300","0.4","0.3","0.2","0.05","0.6","0.65","300","3858","3394","464","0.12026956972524624","3394","1198","0.3417406168756746","0.03417817792903639"
"1139","300","0.4","0.3","0.2","0.05","0.6","0.65","300","3840","3402","438","0.1140625","3402","1206","0.3352362962850585","0.04460611128420811"
"1140","300","0.4","0.3","0.2","0.05","0.6","0.65","300","3839","3374","465","0.12112529304506382","3374","1163","0.3396429608986619","0.05645319193075393"
"1141","300","0.4","0.3","0.2","0.05","0.6","0.7","300","3652","3338","314","0.0859802847754655","3338","978","0.32421981730231036","0.037950259477326755"
"1144","300","0.4","0.3","0.2","0.05","0.6","0.7","300","3694","3369","325","0.08798050893340552","3369","965","0.3256748336279634","0.03043345581585577"
"1143","300","0.4","0.3","0.2","0.05","0.6","0.7","300","3626","3329","297","0.08190843905129619","3329","980","0.32911670801044224","0.034001299538144826"
"1142","300","0.4","0.3","0.2","0.05","0.6","0.7","300","3687","3359","328","0.08896121508001086","3359","1006","0.3288138696139592","0.04121318079745753"
"1145","300","0.4","0.3","0.2","0.05","0.6","0.7","300","3683","3348","335","0.09095845777898452","3348","969","0.32636576075792206","0.033267726536965844"
"1146","300","0.4","0.3","0.2","0.05","0.6","0.7","300","3661","3345","316","0.086315214422289","3345","1021","0.32475934148333757","0.04978233380255725"
"1147","300","0.4","0.3","0.2","0.05","0.6","0.7","300","3674","3344","330","0.08982035928143713","3344","994","0.3282767953296902","0.04156196573629"
"1148","300","0.4","0.3","0.2","0.05","0.6","0.7","300","3619","3321","298","0.08234318872616744","3321","996","0.3261294505233088","0.04301328377522029"
"1149","300","0.4","0.3","0.2","0.05","0.6","0.7","300","3683","3361","322","0.08742872658159109","3361","1038","0.32719934698936126","0.0390128659654077"
"1151","300","0.4","0.3","0.2","0.05","0.6","0.75","300","3496","3286","210","0.060068649885583525","3286","830","0.3199668686051881","0.03622239026751142"
"1150","300","0.4","0.3","0.2","0.05","0.6","0.7","300","3698","3365","333","0.09004867495943754","3365","989","0.3299989105947774","0.03524449597970051"
"1152","300","0.4","0.3","0.2","0.05","0.6","0.75","300","3525","3281","244","0.06921985815602837","3281","809","0.3198175992354249","0.0396131782243007"
"1154","300","0.4","0.3","0.2","0.05","0.6","0.75","300","3508","3292","216","0.06157354618015964","3292","816","0.31705100923055995","0.028949027553792726"
"1153","300","0.4","0.3","0.2","0.05","0.6","0.75","300","3540","3327","213","0.06016949152542373","3327","835","0.3182826986270801","0.0308049667968614"
"1155","300","0.4","0.3","0.2","0.05","0.6","0.75","300","3530","3289","241","0.06827195467422097","3289","834","0.3192883095953049","0.03556090167598119"
"1157","300","0.4","0.3","0.2","0.05","0.6","0.75","300","3574","3346","228","0.063794068270845","3346","850","0.32163188218094085","0.02935061944907805"
"1156","300","0.4","0.3","0.2","0.05","0.6","0.75","300","3493","3276","217","0.06212424849699399","3276","804","0.32060587839007537","0.03369589777622624"
"1159","300","0.4","0.3","0.2","0.05","0.6","0.75","300","3547","3299","248","0.06991824076684522","3299","868","0.32088512067229047","0.039433240941652695"
"1158","300","0.4","0.3","0.2","0.05","0.6","0.75","300","3539","3311","228","0.06442497880757277","3311","854","0.3200465554773082","0.03893816475329373"
"1160","300","0.4","0.3","0.2","0.05","0.6","0.75","300","3554","3324","230","0.06471581316826111","3324","834","0.3236472654479787","0.035769202488068357"
"1161","300","0.4","0.3","0.2","0.05","0.6","0.8","300","3389","3212","177","0.05222779580997344","3212","655","0.3106317024088533","0.039969326043753875"
"1162","300","0.4","0.3","0.2","0.05","0.6","0.8","300","3405","3213","192","0.05638766519823789","3213","641","0.3110281922513416","0.04501498100051313"
"1163","300","0.4","0.3","0.2","0.05","0.6","0.8","300","3439","3275","164","0.0476882814771736","3275","669","0.31326531455289713","0.03310964206537692"
"1164","300","0.4","0.3","0.2","0.05","0.6","0.8","300","3459","3273","186","0.053772766695576756","3273","669","0.31237235229793486","0.03974229728824117"
"1166","300","0.4","0.3","0.2","0.05","0.6","0.8","300","3375","3206","169","0.050074074074074076","3206","613","0.3115539456172503","0.03791248825970653"
"1165","300","0.4","0.3","0.2","0.05","0.6","0.8","300","3417","3260","157","0.04594673690371671","3260","667","0.3127735707476095","0.03647403099955022"
"1167","300","0.4","0.3","0.2","0.05","0.6","0.8","300","3401","3246","155","0.0455748309320788","3246","648","0.31074916201084957","0.03752644911542821"
"1168","300","0.4","0.3","0.2","0.05","0.6","0.8","300","3448","3271","177","0.05133410672853828","3271","619","0.3115041014288775","0.03236532421521023"
"1169","300","0.4","0.3","0.2","0.05","0.6","0.8","300","3422","3233","189","0.055230859146697835","3233","641","0.3142253935376331","0.02761969425351877"
"1170","300","0.4","0.3","0.2","0.05","0.6","0.8","300","3374","3202","172","0.05097806757557795","3202","645","0.3130892618443774","0.040828811358330254"
"1171","300","0.4","0.3","0.2","0.05","0.65","0.2","300","10180","2849","7331","0.7201375245579568","2849","2322","0.48270565302541085","0.10675966560700495"
"1172","300","0.4","0.3","0.2","0.05","0.65","0.2","300","9966","2863","7103","0.712723259080875","2863","2288","0.48401834857139475","0.11202964677427213"
"1173","300","0.4","0.3","0.2","0.05","0.65","0.2","300","9983","2878","7105","0.7117099068416308","2878","2310","0.48884238200163016","0.10095585833629867"
"1174","300","0.4","0.3","0.2","0.05","0.65","0.2","300","10172","2845","7327","0.7203106567046795","2845","2304","0.4911423457248092","0.11100318671289033"
"1175","300","0.4","0.3","0.2","0.05","0.65","0.2","300","9861","2889","6972","0.7070276848189839","2889","2300","0.4911890383081025","0.09629394629653634"
"1176","300","0.4","0.3","0.2","0.05","0.65","0.2","300","10004","2885","7119","0.7116153538584566","2885","2323","0.49695822575566095","0.09747987977889669"
"1177","300","0.4","0.3","0.2","0.05","0.65","0.2","300","9835","2882","6953","0.7069649211997966","2882","2282","0.48573622281954","0.10819060436259702"
"1178","300","0.4","0.3","0.2","0.05","0.65","0.2","300","10051","2848","7203","0.7166451099393095","2848","2289","0.4868562077477921","0.10502101817763822"
"1180","300","0.4","0.3","0.2","0.05","0.65","0.2","300","9862","2877","6985","0.7082741837355506","2877","2287","0.48631237991670856","0.11284914733982641"
"1181","300","0.4","0.3","0.2","0.05","0.65","0.25","300","8426","3036","5390","0.639686684073107","3036","2293","0.4756748846178952","0.08927262987044597"
"1179","300","0.4","0.3","0.2","0.05","0.65","0.2","300","9957","2877","7080","0.7110575474540525","2877","2313","0.48870531982850224","0.0988602860977939"
"1182","300","0.4","0.3","0.2","0.05","0.65","0.25","300","8344","3064","5280","0.6327900287631831","3064","2272","0.4795703763328356","0.0816621411876683"
"1183","300","0.4","0.3","0.2","0.05","0.65","0.25","300","8362","3048","5314","0.6354939009806266","3048","2243","0.48441644334197587","0.08101369279100377"
"1185","300","0.4","0.3","0.2","0.05","0.65","0.25","300","8343","3023","5320","0.6376603140357185","3023","2310","0.48139807491817665","0.08761540467481431"
"1184","300","0.4","0.3","0.2","0.05","0.65","0.25","300","8484","3014","5470","0.6447430457331448","3014","2292","0.4699043855028314","0.09286877703741873"
"1187","300","0.4","0.3","0.2","0.05","0.65","0.25","300","8345","3042","5303","0.6354703415218694","3042","2176","0.46751589167136065","0.08029283337826419"
"1186","300","0.4","0.3","0.2","0.05","0.65","0.25","300","8473","3034","5439","0.6419213973799127","3034","2258","0.4794487736450103","0.0842288550017349"
"1188","300","0.4","0.3","0.2","0.05","0.65","0.25","300","8442","3031","5411","0.6409618573797679","3031","2259","0.47633876632380584","0.09014128934986415"
"1189","300","0.4","0.3","0.2","0.05","0.65","0.25","300","8429","3033","5396","0.64017083877091","3033","2237","0.4685362276494285","0.10534466532220225"
"1190","300","0.4","0.3","0.2","0.05","0.65","0.25","300","8344","3024","5320","0.6375838926174496","3024","2212","0.4837548843296678","0.07069229369077651"
"1191","300","0.4","0.3","0.2","0.05","0.65","0.3","300","7219","3131","4088","0.5662834187560604","3131","2210","0.46063829725622574","0.07031072235517795"
"1192","300","0.4","0.3","0.2","0.05","0.65","0.3","300","7244","3138","4106","0.5668139149641083","3138","2212","0.45793490710398915","0.0750611988975526"
"1193","300","0.4","0.3","0.2","0.05","0.65","0.3","300","7184","3130","4054","0.5643095768374164","3130","2143","0.4546860239256285","0.07762876629614208"
"1194","300","0.4","0.3","0.2","0.05","0.65","0.3","300","7374","3101","4273","0.5794684024952536","3101","2239","0.4670991658359448","0.06943441440682381"
"1195","300","0.4","0.3","0.2","0.05","0.65","0.3","300","7208","3139","4069","0.564511653718091","3139","2188","0.4528163712519219","0.06842770029870766"
"1196","300","0.4","0.3","0.2","0.05","0.65","0.3","300","7176","3120","4056","0.5652173913043478","3120","2161","0.45307607957260426","0.07606313588876303"
"1199","300","0.4","0.3","0.2","0.05","0.65","0.3","300","7113","3145","3968","0.5578518206101505","3145","2169","0.4536280695664635","0.07667120271014229"
"1197","300","0.4","0.3","0.2","0.05","0.65","0.3","300","7281","3133","4148","0.5697019640159319","3133","2151","0.452874023258494","0.06444536405973404"
"1198","300","0.4","0.3","0.2","0.05","0.65","0.3","300","7125","3159","3966","0.5566315789473684","3159","2190","0.4587274489790239","0.07910135350593653"
"1200","300","0.4","0.3","0.2","0.05","0.65","0.3","300","7044","3138","3906","0.5545144804088586","3138","2181","0.4634919044927325","0.06784014625636275"
"1201","300","0.4","0.3","0.2","0.05","0.65","0.35","300","6125","3218","2907","0.47461224489795917","3218","2089","0.43761794475797644","0.06369179055225391"
"1202","300","0.4","0.3","0.2","0.05","0.65","0.35","300","6205","3216","2989","0.48170829975825946","3216","2110","0.44501671370372947","0.06693841053741116"
"1203","300","0.4","0.3","0.2","0.05","0.65","0.35","300","6246","3221","3025","0.48430995837335894","3221","2122","0.43594431256106825","0.06846923437164691"
"1204","300","0.4","0.3","0.2","0.05","0.65","0.35","300","6224","3206","3018","0.48489717223650386","3206","2119","0.4499665301767527","0.06093222644629796"
"1205","300","0.4","0.3","0.2","0.05","0.65","0.35","300","6228","3202","3026","0.48587026332691075","3202","2092","0.4421526208997181","0.06250259114746386"
"1206","300","0.4","0.3","0.2","0.05","0.65","0.35","300","6175","3214","2961","0.47951417004048585","3214","2056","0.44046381965516246","0.06669369287166002"
"1207","300","0.4","0.3","0.2","0.05","0.65","0.35","300","6122","3213","2909","0.47517151257758905","3213","2119","0.44573624222485553","0.06484231843244326"
"1208","300","0.4","0.3","0.2","0.05","0.65","0.35","300","6270","3207","3063","0.48851674641148324","3207","2107","0.4309564335848473","0.07072281878029664"
"1209","300","0.4","0.3","0.2","0.05","0.65","0.35","300","6192","3200","2992","0.48320413436692505","3200","2100","0.42947741623263797","0.0818249795542856"
"1210","300","0.4","0.3","0.2","0.05","0.65","0.35","300","6167","3209","2958","0.4796497486622345","3209","2096","0.43617512065337893","0.06856910952169872"
"1211","300","0.4","0.3","0.2","0.05","0.65","0.4","300","5451","3285","2166","0.39735828288387454","3285","1998","0.42517584843743755","0.046139909489206876"
"1212","300","0.4","0.3","0.2","0.05","0.65","0.4","300","5510","3222","2288","0.41524500907441014","3222","1906","0.3992939887213002","0.07744307278309824"
"1213","300","0.4","0.3","0.2","0.05","0.65","0.4","300","5539","3262","2277","0.4110850333995306","3262","1930","0.4139000219333263","0.059613962973038476"
"1214","300","0.4","0.3","0.2","0.05","0.65","0.4","300","5448","3278","2170","0.39831130690161526","3278","1948","0.4253466007093869","0.052769691014401945"
"1215","300","0.4","0.3","0.2","0.05","0.65","0.4","300","5390","3291","2099","0.3894248608534323","3291","1952","0.41547546995286966","0.06058205423552552"
"1216","300","0.4","0.3","0.2","0.05","0.65","0.4","300","5443","3270","2173","0.3992283667095352","3270","1960","0.4279017265538993","0.05162237146463308"
"1217","300","0.4","0.3","0.2","0.05","0.65","0.4","300","5429","3262","2167","0.39915269847117335","3262","1944","0.41889368114035547","0.059111048291034154"
"1218","300","0.4","0.3","0.2","0.05","0.65","0.4","300","5397","3241","2156","0.39948119325551235","3241","1954","0.41382115537429404","0.06744323638843305"
"1219","300","0.4","0.3","0.2","0.05","0.65","0.4","300","5386","3260","2126","0.3947270701819532","3260","1967","0.41963107188264476","0.06264157958349931"
"1220","300","0.4","0.3","0.2","0.05","0.65","0.4","300","5443","3266","2177","0.39996325555759693","3266","1914","0.4126855935370239","0.05696589762595051"
"1221","300","0.4","0.3","0.2","0.05","0.65","0.45","300","4894","3288","1606","0.3281569268492031","3288","1846","0.4111866368170167","0.0437585576147913"
"1223","300","0.4","0.3","0.2","0.05","0.65","0.45","300","4880","3279","1601","0.32807377049180325","3279","1821","0.4110677158800794","0.04796033499060282"
"1222","300","0.4","0.3","0.2","0.05","0.65","0.45","300","4822","3317","1505","0.31211115719618415","3317","1831","0.4029662443002713","0.051631517493862036"
"1225","300","0.4","0.3","0.2","0.05","0.65","0.45","300","4826","3301","1525","0.3159966846249482","3301","1820","0.3994072287449626","0.05095258154662962"
"1224","300","0.4","0.3","0.2","0.05","0.65","0.45","300","4982","3319","1663","0.33380168606985144","3319","1856","0.40558667997268943","0.043291859730819185"
"1226","300","0.4","0.3","0.2","0.05","0.65","0.45","300","4887","3311","1576","0.322488234090444","3311","1827","0.4068679691785768","0.047541132396684435"
"1227","300","0.4","0.3","0.2","0.05","0.65","0.45","300","4846","3267","1579","0.3258357408171688","3267","1794","0.4013910289387967","0.06538870779440156"
"1228","300","0.4","0.3","0.2","0.05","0.65","0.45","300","4908","3331","1577","0.3213121434392828","3331","1866","0.40152241360205726","0.04553078012501395"
"1229","300","0.4","0.3","0.2","0.05","0.65","0.45","300","4835","3296","1539","0.31830403309203725","3296","1837","0.40089616315454535","0.05496146066459705"
"1230","300","0.4","0.3","0.2","0.05","0.65","0.45","300","4853","3276","1577","0.324953636925613","3276","1779","0.3964072367616179","0.054009148645480176"
"1231","300","0.4","0.3","0.2","0.05","0.65","0.5","300","4421","3285","1136","0.2569554399457136","3285","1627","0.37651596332969933","0.05736642092882095"
"1232","300","0.4","0.3","0.2","0.05","0.65","0.5","300","4412","3279","1133","0.2567996373526745","3279","1676","0.3808946484429275","0.03948723278600399"
"1234","300","0.4","0.3","0.2","0.05","0.65","0.5","300","4416","3255","1161","0.26290760869565216","3255","1595","0.37591119634284337","0.055727197648832445"
"1233","300","0.4","0.3","0.2","0.05","0.65","0.5","300","4388","3285","1103","0.2513673655423883","3285","1627","0.3821730574935941","0.042814095959274774"
"1235","300","0.4","0.3","0.2","0.05","0.65","0.5","300","4459","3312","1147","0.2572325633550123","3312","1673","0.38862367815553484","0.048377733203615186"
"1236","300","0.4","0.3","0.2","0.05","0.65","0.5","300","4426","3265","1161","0.2623136014460009","3265","1631","0.3800924973384953","0.04364785597741151"
"1237","300","0.4","0.3","0.2","0.05","0.65","0.5","300","4431","3307","1124","0.2536673437147371","3307","1635","0.38384055709903986","0.04171401273362336"
"1238","300","0.4","0.3","0.2","0.05","0.65","0.5","300","4402","3285","1117","0.2537482962289868","3285","1707","0.39172409193928237","0.03598202093028142"
"1239","300","0.4","0.3","0.2","0.05","0.65","0.5","300","4402","3278","1124","0.25533848250795094","3278","1638","0.3902766555003121","0.03683486272837604"
"1240","300","0.4","0.3","0.2","0.05","0.65","0.5","300","4380","3278","1102","0.25159817351598174","3278","1637","0.3859532832306996","0.040310884684816126"
"1241","300","0.4","0.3","0.2","0.05","0.65","0.55","300","4028","3242","786","0.1951340615690169","3242","1473","0.3668077066666292","0.0476798387363622"
"1242","300","0.4","0.3","0.2","0.05","0.65","0.55","300","4034","3237","797","0.19757064947942488","3237","1521","0.3657199881627852","0.043188325355876446"
"1243","300","0.4","0.3","0.2","0.05","0.65","0.55","300","4069","3267","802","0.1971000245760629","3267","1532","0.36791994899278135","0.042179754181539374"
"1244","300","0.4","0.3","0.2","0.05","0.65","0.55","300","4115","3280","835","0.20291616038882138","3280","1522","0.3708665049364717","0.03477639886290319"
"1245","300","0.4","0.3","0.2","0.05","0.65","0.55","300","4047","3262","785","0.19397084259945638","3262","1479","0.36409579643408246","0.043475425699483115"
"1246","300","0.4","0.3","0.2","0.05","0.65","0.55","300","4062","3276","786","0.1935007385524372","3276","1422","0.36004776455559956","0.03904563661883557"
"1247","300","0.4","0.3","0.2","0.05","0.65","0.55","300","4066","3309","757","0.18617806197737333","3309","1497","0.3736059905970425","0.04133812284715519"
"1248","300","0.4","0.3","0.2","0.05","0.65","0.55","300","4137","3262","875","0.21150592216582065","3262","1459","0.365787706818152","0.04657719259135536"
"1250","300","0.4","0.3","0.2","0.05","0.65","0.55","300","4069","3257","812","0.19955763086753503","3257","1493","0.3678252003586108","0.05677861996930858"
"1249","300","0.4","0.3","0.2","0.05","0.65","0.55","300","4083","3274","809","0.19813862356110704","3274","1472","0.3646917818066143","0.04049179764346021"
"1251","300","0.4","0.3","0.2","0.05","0.65","0.6","300","3820","3243","577","0.15104712041884816","3243","1325","0.35294946508265274","0.042715212687632946"
"1252","300","0.4","0.3","0.2","0.05","0.65","0.6","300","3848","3253","595","0.1546257796257796","3253","1295","0.3542222474902961","0.03465888106289626"
"1253","300","0.4","0.3","0.2","0.05","0.65","0.6","300","3797","3217","580","0.1527521727679747","3217","1285","0.3494895294708366","0.04985917606673936"
"1254","300","0.4","0.3","0.2","0.05","0.65","0.6","300","3755","3215","540","0.14380825565912117","3215","1286","0.3536304310250958","0.04897271999586766"
"1255","300","0.4","0.3","0.2","0.05","0.65","0.6","300","3788","3232","556","0.146779303062302","3232","1352","0.3585588454930705","0.04703968440888056"
"1257","300","0.4","0.3","0.2","0.05","0.65","0.6","300","3800","3252","548","0.14421052631578948","3252","1301","0.3516185788193378","0.04209129454857063"
"1256","300","0.4","0.3","0.2","0.05","0.65","0.6","300","3815","3260","555","0.145478374836173","3260","1297","0.34695160735391756","0.03403336397829084"
"1258","300","0.4","0.3","0.2","0.05","0.65","0.6","300","3824","3224","600","0.15690376569037656","3224","1318","0.3506039365021957","0.046004865262596006"
"1259","300","0.4","0.3","0.2","0.05","0.65","0.6","300","3837","3228","609","0.15871774824081314","3228","1286","0.3478664644312247","0.03704905165303621"
"1260","300","0.4","0.3","0.2","0.05","0.65","0.6","300","3822","3224","598","0.1564625850340136","3224","1256","0.3547111408466997","0.047677754100313836"
"1261","300","0.4","0.3","0.2","0.05","0.65","0.65","300","3638","3213","425","0.11682242990654206","3213","1139","0.34488754336050376","0.036965495217879014"
"1263","300","0.4","0.3","0.2","0.05","0.65","0.65","300","3669","3232","437","0.11910602343962932","3232","1157","0.3431191269139724","0.041630842287194735"
"1262","300","0.4","0.3","0.2","0.05","0.65","0.65","300","3637","3229","408","0.11218036843552379","3229","1112","0.3363460868454888","0.03994891949092291"
"1264","300","0.4","0.3","0.2","0.05","0.65","0.65","300","3589","3203","386","0.10755084981889106","3203","1114","0.3460449082327161","0.034921419197830504"
"1265","300","0.4","0.3","0.2","0.05","0.65","0.65","300","3608","3220","388","0.10753880266075388","3220","1116","0.33934084541133047","0.05193911114726098"
"1266","300","0.4","0.3","0.2","0.05","0.65","0.65","300","3604","3203","401","0.11126526082130965","3203","1143","0.3369129568930755","0.03463243113122564"
"1268","300","0.4","0.3","0.2","0.05","0.65","0.65","300","3630","3227","403","0.11101928374655648","3227","1102","0.341766480523376","0.033819355398559174"
"1267","300","0.4","0.3","0.2","0.05","0.65","0.65","300","3617","3207","410","0.11335360796239978","3207","1119","0.34118751210742765","0.04103883825197677"
"1270","300","0.4","0.3","0.2","0.05","0.65","0.65","300","3627","3206","421","0.11607389026743865","3206","1104","0.3364797678315983","0.03769055453424672"
"1269","300","0.4","0.3","0.2","0.05","0.65","0.65","300","3628","3176","452","0.12458654906284454","3176","1118","0.3432019742181126","0.03512067239950841"
"1271","300","0.4","0.3","0.2","0.05","0.65","0.7","300","3467","3179","288","0.08306893567926162","3179","979","0.329747471081045","0.0431748709216113"
"1272","300","0.4","0.3","0.2","0.05","0.65","0.7","300","3471","3145","326","0.09392106021319505","3145","923","0.32512559615850267","0.042035632285943356"
"1273","300","0.4","0.3","0.2","0.05","0.65","0.7","300","3437","3164","273","0.07942973523421588","3164","975","0.3330229407141644","0.03279673329257824"
"1275","300","0.4","0.3","0.2","0.05","0.65","0.7","300","3456","3166","290","0.08391203703703703","3166","937","0.3294745095491273","0.039096596623324625"
"1274","300","0.4","0.3","0.2","0.05","0.65","0.7","300","3478","3173","305","0.08769407705577918","3173","893","0.3243220375685876","0.0367833239945868"
"1276","300","0.4","0.3","0.2","0.05","0.65","0.7","300","3472","3184","288","0.08294930875576037","3184","952","0.33041055495018434","0.034557576852969896"
"1277","300","0.4","0.3","0.2","0.05","0.65","0.7","300","3471","3158","313","0.09017574186113513","3158","975","0.32976972387925946","0.035225209748948674"
"1278","300","0.4","0.3","0.2","0.05","0.65","0.7","300","3489","3167","322","0.09229005445686443","3167","936","0.330983885903935","0.03330637717511388"
"1280","300","0.4","0.3","0.2","0.05","0.65","0.7","300","3503","3193","310","0.08849557522123894","3193","922","0.33155617944040994","0.03868394895120051"
"1281","300","0.4","0.3","0.2","0.05","0.65","0.75","300","3376","3149","227","0.06723933649289099","3149","760","0.3186945503843149","0.0337601687069717"
"1279","300","0.4","0.3","0.2","0.05","0.65","0.7","300","3517","3193","324","0.09212396929201024","3193","939","0.32637067526863855","0.04705086986625297"
"1282","300","0.4","0.3","0.2","0.05","0.65","0.75","300","3357","3162","195","0.0580875781948168","3162","752","0.318637812014666","0.03570064247001127"
"1283","300","0.4","0.3","0.2","0.05","0.65","0.75","300","3373","3156","217","0.06433442039727245","3156","793","0.3218415495078411","0.03693311624813223"
"1285","300","0.4","0.3","0.2","0.05","0.65","0.75","300","3362","3151","211","0.06276026174895895","3151","770","0.3207955802071286","0.0408515410574151"
"1284","300","0.4","0.3","0.2","0.05","0.65","0.75","300","3419","3192","227","0.06639368236326411","3192","806","0.3210214070841994","0.029438790389126623"
"1286","300","0.4","0.3","0.2","0.05","0.65","0.75","300","3309","3091","218","0.06588093079480206","3091","757","0.32134355905266304","0.0404257582575741"
"1287","300","0.4","0.3","0.2","0.05","0.65","0.75","300","3395","3151","244","0.07187039764359351","3151","808","0.3187986328940156","0.03813527256835857"
"1288","300","0.4","0.3","0.2","0.05","0.65","0.75","300","3363","3139","224","0.06660719595599167","3139","767","0.3191416862568569","0.032556795447307385"
"1289","300","0.4","0.3","0.2","0.05","0.65","0.75","300","3369","3128","241","0.07153457999406353","3128","821","0.3239614028721825","0.04173312648501456"
"1290","300","0.4","0.3","0.2","0.05","0.65","0.75","300","3368","3136","232","0.0688836104513064","3136","791","0.31973692976570683","0.041171663015475174"
"1291","300","0.4","0.3","0.2","0.05","0.65","0.8","300","3271","3105","166","0.05074900642005503","3105","638","0.31240292269990766","0.0376920915427396"
"1292","300","0.4","0.3","0.2","0.05","0.65","0.8","300","3251","3075","176","0.05413718855736696","3075","584","0.31243490360487325","0.03504318463326402"
"1293","300","0.4","0.3","0.2","0.05","0.65","0.8","300","3289","3112","177","0.053815749467923384","3112","604","0.31328333002841363","0.03215783017085441"
"1294","300","0.4","0.3","0.2","0.05","0.65","0.8","300","3311","3141","170","0.05134400483237692","3141","642","0.31209421929952114","0.03514654532001916"
"1295","300","0.4","0.3","0.2","0.05","0.65","0.8","300","3281","3108","173","0.052727826882048155","3108","646","0.3147068024984775","0.03530888658311684"
"1296","300","0.4","0.3","0.2","0.05","0.65","0.8","300","3240","3082","158","0.04876543209876543","3082","636","0.3129419925595215","0.03606712133422409"
"1297","300","0.4","0.3","0.2","0.05","0.65","0.8","300","3262","3088","174","0.05334150827713059","3088","626","0.31498340663017077","0.031425873669228284"
"1298","300","0.4","0.3","0.2","0.05","0.65","0.8","300","3300","3129","171","0.05181818181818182","3129","648","0.311921080820435","0.026187983719387874"
"1299","300","0.4","0.3","0.2","0.05","0.65","0.8","300","3253","3079","174","0.05348908699661851","3079","609","0.3110984598337077","0.03373161765084249"
"1300","300","0.4","0.3","0.2","0.05","0.65","0.8","300","3262","3107","155","0.04751686082158185","3107","636","0.3142945201597743","0.040672320652178365"
"1301","300","0.4","0.3","0.2","0.05","0.7","0.2","300","8880","2644","6236","0.7022522522522523","2644","2113","0.4754757704522869","0.10416458978446935"
"1303","300","0.4","0.3","0.2","0.05","0.7","0.2","300","9012","2603","6409","0.7111628939192188","2603","2091","0.47146844489713013","0.09991203319053774"
"1302","300","0.4","0.3","0.2","0.05","0.7","0.2","300","8781","2661","6120","0.6969593440382644","2661","2101","0.47331512240034895","0.10470204572365258"
"1304","300","0.4","0.3","0.2","0.05","0.7","0.2","300","8813","2653","6160","0.698967434471803","2653","2093","0.474070912269907","0.10161973984229063"
"1305","300","0.4","0.3","0.2","0.05","0.7","0.2","300","8741","2650","6091","0.6968310261983754","2650","2121","0.48893522619911284","0.09046827288795314"
"1306","300","0.4","0.3","0.2","0.05","0.7","0.2","300","8930","2637","6293","0.7047032474804031","2637","2114","0.4800785213955763","0.10312179159451616"
"1308","300","0.4","0.3","0.2","0.05","0.7","0.2","300","8933","2638","6295","0.7046904735251316","2638","2103","0.4861016084053992","0.08481120180499344"
"1307","300","0.4","0.3","0.2","0.05","0.7","0.2","300","8727","2649","6078","0.696459264352011","2649","2099","0.4734039453401401","0.09416503754208123"
"1309","300","0.4","0.3","0.2","0.05","0.7","0.2","300","8902","2655","6247","0.7017524151875983","2655","2143","0.47865707678229646","0.10443380510929968"
"1310","300","0.4","0.3","0.2","0.05","0.7","0.2","300","8762","2647","6115","0.6979000228258389","2647","2128","0.4840678052172547","0.09913087887363513"
"1311","300","0.4","0.3","0.2","0.05","0.7","0.25","300","7528","2754","4774","0.6341657810839533","2754","2037","0.47227968582653856","0.07325910789544453"
"1312","300","0.4","0.3","0.2","0.05","0.7","0.25","300","7548","2770","4778","0.6330153683094859","2770","2061","0.4723050597354568","0.07263016205462308"
"1313","300","0.4","0.3","0.2","0.05","0.7","0.25","300","7581","2771","4810","0.6344809391900804","2771","2100","0.4601693551574409","0.08394756251348477"
"1314","300","0.4","0.3","0.2","0.05","0.7","0.25","300","7471","2773","4698","0.6288314817293535","2773","2028","0.46597083664025374","0.08526641258588517"
"1315","300","0.4","0.3","0.2","0.05","0.7","0.25","300","7643","2757","4886","0.6392777705089624","2757","2089","0.455014833331653","0.08390115697915691"
"1316","300","0.4","0.3","0.2","0.05","0.7","0.25","300","7572","2777","4795","0.6332540940306391","2777","2087","0.4716274057974768","0.07265809531107563"
"1317","300","0.4","0.3","0.2","0.05","0.7","0.25","300","7649","2770","4879","0.6378611583213492","2770","2088","0.46381381460502213","0.08226620666674701"
"1318","300","0.4","0.3","0.2","0.05","0.7","0.25","300","7546","2786","4760","0.6307977736549165","2786","2064","0.4642392708794796","0.07436432020841434"
"1320","300","0.4","0.3","0.2","0.05","0.7","0.25","300","7468","2765","4703","0.6297536154258169","2765","2082","0.47370174365767315","0.07151527661188684"
"1319","300","0.4","0.3","0.2","0.05","0.7","0.25","300","7563","2766","4797","0.6342721142403808","2766","2091","0.4692996779492524","0.0825265584708478"
"1322","300","0.4","0.3","0.2","0.05","0.7","0.3","300","6468","2896","3572","0.5522572665429808","2896","2002","0.4393042976736592","0.07855085048971479"
"1321","300","0.4","0.3","0.2","0.05","0.7","0.3","300","6504","2869","3635","0.5588868388683886","2869","2026","0.45397759774219265","0.053355778610085426"
"1323","300","0.4","0.3","0.2","0.05","0.7","0.3","300","6456","2856","3600","0.5576208178438662","2856","1993","0.44497345089706264","0.06808509789241222"
"1324","300","0.4","0.3","0.2","0.05","0.7","0.3","300","6429","2882","3547","0.5517187743039353","2882","2051","0.45131945155126973","0.07987284303210415"
"1325","300","0.4","0.3","0.2","0.05","0.7","0.3","300","6548","2873","3675","0.561240073304826","2873","2069","0.4386339542817665","0.06566405911808129"
"1326","300","0.4","0.3","0.2","0.05","0.7","0.3","300","6528","2855","3673","0.5626531862745098","2855","1973","0.4376731050421706","0.07598735935891765"
"1327","300","0.4","0.3","0.2","0.05","0.7","0.3","300","6492","2899","3593","0.5534504004929144","2899","2024","0.449418959585806","0.06724605824582155"
"1328","300","0.4","0.3","0.2","0.05","0.7","0.3","300","6554","2887","3667","0.5595056454073848","2887","2016","0.4514038027509838","0.07704724985685453"
"1329","300","0.4","0.3","0.2","0.05","0.7","0.3","300","6521","2891","3630","0.5566630884833614","2891","1986","0.4441952119323155","0.06747825199803362"
"1331","300","0.4","0.3","0.2","0.05","0.7","0.35","300","5626","2984","2642","0.4696054034838251","2984","1921","0.4302810500779351","0.059103811297056316"
"1333","300","0.4","0.3","0.2","0.05","0.7","0.35","300","5671","2952","2719","0.4794568859107741","2952","1914","0.4320985281940487","0.06160774609671121"
"1330","300","0.4","0.3","0.2","0.05","0.7","0.3","300","6447","2882","3565","0.5529703738172793","2882","1993","0.45369082499303953","0.07044960563681112"
"1332","300","0.4","0.3","0.2","0.05","0.7","0.35","300","5610","2938","2672","0.47629233511586455","2938","1916","0.43442741334829954","0.0635555067057331"
"1334","300","0.4","0.3","0.2","0.05","0.7","0.35","300","5702","2945","2757","0.48351455629603646","2945","1961","0.4351465632818663","0.05893994827095848"
"1335","300","0.4","0.3","0.2","0.05","0.7","0.35","300","5674","2910","2764","0.48713429679238635","2910","1897","0.4332336574748341","0.0742631605486785"
"1336","300","0.4","0.3","0.2","0.05","0.7","0.35","300","5617","2987","2630","0.46822147053587326","2987","1956","0.4339106924703311","0.05736285991251395"
"1337","300","0.4","0.3","0.2","0.05","0.7","0.35","300","5606","2979","2627","0.4686050660007135","2979","1907","0.4300081715338753","0.060955740044726"
"1338","300","0.4","0.3","0.2","0.05","0.7","0.35","300","5631","2944","2687","0.4771798969987569","2944","1946","0.43332413210369947","0.060142813342464845"
"1339","300","0.4","0.3","0.2","0.05","0.7","0.35","300","5631","2916","2715","0.4821523708044752","2916","1892","0.4356686952647386","0.0663172403765626"
"1340","300","0.4","0.3","0.2","0.05","0.7","0.35","300","5627","2966","2661","0.47289852496889995","2966","1968","0.4394621262664104","0.07048633246498769"
"1341","300","0.4","0.3","0.2","0.05","0.7","0.4","300","4959","3016","1943","0.391812865497076","3016","1798","0.4155678675754908","0.04527773080798861"
"1342","300","0.4","0.3","0.2","0.05","0.7","0.4","300","4938","3022","1916","0.3880113406237343","3022","1802","0.42112771014117484","0.05714832710577851"
"1343","300","0.4","0.3","0.2","0.05","0.7","0.4","300","5017","3045","1972","0.3930635838150289","3045","1855","0.4121930434970766","0.0535235383356756"
"1344","300","0.4","0.3","0.2","0.05","0.7","0.4","300","4972","3035","1937","0.3895816572807723","3035","1838","0.40246028484010654","0.06792332246084132"
"1346","300","0.4","0.3","0.2","0.05","0.7","0.4","300","4989","3000","1989","0.3986770895971137","3000","1797","0.40975195784477186","0.04325602109073021"
"1345","300","0.4","0.3","0.2","0.05","0.7","0.4","300","4992","3033","1959","0.39242788461538464","3033","1804","0.4107005035758963","0.04957904212011901"
"1347","300","0.4","0.3","0.2","0.05","0.7","0.4","300","4964","3024","1940","0.39081385979049155","3024","1791","0.41676867603018886","0.04814162602759101"
"1348","300","0.4","0.3","0.2","0.05","0.7","0.4","300","4908","3009","1899","0.386919315403423","3009","1859","0.4305299893695205","0.04725911068172798"
"1349","300","0.4","0.3","0.2","0.05","0.7","0.4","300","4976","2996","1980","0.3979099678456592","2996","1791","0.4118703039603479","0.06111894169171509"
"1350","300","0.4","0.3","0.2","0.05","0.7","0.4","300","4935","2988","1947","0.3945288753799392","2988","1803","0.42030521444316044","0.05046303936157523"
"1351","300","0.4","0.3","0.2","0.05","0.7","0.45","300","4494","3067","1427","0.3175344904316867","3067","1734","0.3973597344561629","0.04013417661314307"
"1352","300","0.4","0.3","0.2","0.05","0.7","0.45","300","4523","3038","1485","0.32832191023656865","3038","1678","0.3938235496209852","0.049682358683394864"
"1354","300","0.4","0.3","0.2","0.05","0.7","0.45","300","4442","3010","1432","0.3223773075191355","3010","1631","0.3949293490619274","0.05930035768440792"
"1353","300","0.4","0.3","0.2","0.05","0.7","0.45","300","4423","3055","1368","0.3092923355188786","3055","1639","0.3939648663907031","0.05635353770850349"
"1355","300","0.4","0.3","0.2","0.05","0.7","0.45","300","4520","3048","1472","0.3256637168141593","3048","1680","0.4059275228286809","0.043975171966584375"
"1358","300","0.4","0.3","0.2","0.05","0.7","0.45","300","4407","3049","1358","0.30814613115498074","3049","1631","0.39120454592817205","0.04720986081012387"
"1357","300","0.4","0.3","0.2","0.05","0.7","0.45","300","4462","3035","1427","0.31981174361272974","3035","1677","0.3960973778999918","0.05900259507845706"
"1356","300","0.4","0.3","0.2","0.05","0.7","0.45","300","4491","3055","1436","0.31975061233578267","3055","1679","0.39983912320126097","0.0452985340372872"
"1359","300","0.4","0.3","0.2","0.05","0.7","0.45","300","4489","3045","1444","0.321675206059256","3045","1707","0.40005672582749685","0.0512610050850603"
"1360","300","0.4","0.3","0.2","0.05","0.7","0.45","300","4502","3054","1448","0.3216348289649045","3054","1707","0.3992306011891127","0.05196420303555128"
"1361","300","0.4","0.3","0.2","0.05","0.7","0.5","300","4166","3062","1104","0.2650024003840615","3062","1561","0.381366681129124","0.0455853916474204"
"1362","300","0.4","0.3","0.2","0.05","0.7","0.5","300","4128","3054","1074","0.2601744186046512","3054","1586","0.3867258906078406","0.03757903475030055"
"1363","300","0.4","0.3","0.2","0.05","0.7","0.5","300","4114","3076","1038","0.25230918813806513","3076","1542","0.3798279642745082","0.044847716558971365"
"1364","300","0.4","0.3","0.2","0.05","0.7","0.5","300","4123","3082","1041","0.2524860538442881","3082","1543","0.3785083380352165","0.046792825668615264"
"1365","300","0.4","0.3","0.2","0.05","0.7","0.5","300","4104","3058","1046","0.2548732943469786","3058","1549","0.37711717555522034","0.03940631100145685"
"1366","300","0.4","0.3","0.2","0.05","0.7","0.5","300","4078","3067","1011","0.24791564492398235","3067","1523","0.38307776786434394","0.03821739854234803"
"1367","300","0.4","0.3","0.2","0.05","0.7","0.5","300","4118","3072","1046","0.2540067994171928","3072","1535","0.38253987537265144","0.043198969833630724"
"1368","300","0.4","0.3","0.2","0.05","0.7","0.5","300","4108","3082","1026","0.24975657254138267","3082","1510","0.37839771572380193","0.040695338679319126"
"1370","300","0.4","0.3","0.2","0.05","0.7","0.5","300","4018","3037","981","0.24415131906421106","3037","1508","0.3756632382891561","0.045619320693205026"
"1369","300","0.4","0.3","0.2","0.05","0.7","0.5","300","4092","3058","1034","0.25268817204301075","3058","1524","0.3738298681416564","0.0497536251911932"
"1371","300","0.4","0.3","0.2","0.05","0.7","0.55","300","3836","3080","756","0.19708029197080293","3080","1383","0.36957716873373814","0.043825160610308944"
"1372","300","0.4","0.3","0.2","0.05","0.7","0.55","300","3867","3125","742","0.19188001034393587","3125","1395","0.36588790898477586","0.04380308452797012"
"1373","300","0.4","0.3","0.2","0.05","0.7","0.55","300","3843","3082","761","0.1980223783502472","3082","1375","0.3705341151084561","0.04413483320150887"
"1374","300","0.4","0.3","0.2","0.05","0.7","0.55","300","3817","3070","747","0.19570343201467122","3070","1346","0.3662088556964312","0.03954626571186866"
"1375","300","0.4","0.3","0.2","0.05","0.7","0.55","300","3832","3080","752","0.19624217118997914","3080","1439","0.3676956886386162","0.047342559084343136"
"1376","300","0.4","0.3","0.2","0.05","0.7","0.55","300","3838","3096","742","0.19332985930171964","3096","1326","0.3681861806226438","0.04448283265084536"
"1377","300","0.4","0.3","0.2","0.05","0.7","0.55","300","3774","3058","716","0.1897191308956015","3058","1354","0.36990221044754723","0.044450981908449046"
"1379","300","0.4","0.3","0.2","0.05","0.7","0.55","300","3884","3148","736","0.18949536560247168","3148","1398","0.3579836048196033","0.03466864645830952"
"1380","300","0.4","0.3","0.2","0.05","0.7","0.55","300","3847","3098","749","0.19469716662334285","3098","1400","0.3682291542790656","0.03899605169547279"
"1382","300","0.4","0.3","0.2","0.05","0.7","0.6","300","3617","3064","553","0.1528891346419685","3064","1195","0.3557849501295483","0.03818501168600592"
"1381","300","0.4","0.3","0.2","0.05","0.7","0.6","300","3636","3077","559","0.15374037403740373","3077","1245","0.35393590064463787","0.0330723237968704"
"1378","300","0.4","0.3","0.2","0.05","0.7","0.55","300","3851","3086","765","0.1986497013762659","3086","1370","0.366361939587922","0.041379283433628386"
"1383","300","0.4","0.3","0.2","0.05","0.7","0.6","300","3688","3090","598","0.1621475054229935","3090","1267","0.3574378631430416","0.037289242276562766"
"1384","300","0.4","0.3","0.2","0.05","0.7","0.6","300","3644","3091","553","0.1517563117453348","3091","1221","0.3494913128594883","0.041184857872374754"
"1385","300","0.4","0.3","0.2","0.05","0.7","0.6","300","3593","3072","521","0.1450041747843028","3072","1225","0.35239786342478613","0.03642996636012577"
"1386","300","0.4","0.3","0.2","0.05","0.7","0.6","300","3635","3070","565","0.15543328748280605","3070","1208","0.3505185676791544","0.035575184227993994"
"1387","300","0.4","0.3","0.2","0.05","0.7","0.6","300","3656","3118","538","0.14715536105032823","3118","1280","0.351775296587833","0.040182921496737724"
"1388","300","0.4","0.3","0.2","0.05","0.7","0.6","300","3672","3113","559","0.1522331154684096","3113","1226","0.3499698661781941","0.051097850280211285"
"1389","300","0.4","0.3","0.2","0.05","0.7","0.6","300","3647","3076","571","0.1565670414038936","3076","1239","0.35845755142255525","0.042525926428249844"
"1390","300","0.4","0.3","0.2","0.05","0.7","0.6","300","3590","3039","551","0.15348189415041782","3039","1230","0.34963094205790085","0.053789998349502974"
"1391","300","0.4","0.3","0.2","0.05","0.7","0.65","300","3475","3034","441","0.1269064748201439","3034","1030","0.34003254673350203","0.04145932462583091"
"1392","300","0.4","0.3","0.2","0.05","0.7","0.65","300","3507","3098","409","0.11662389506700883","3098","1154","0.3428737902474246","0.03635479071813278"
"1394","300","0.4","0.3","0.2","0.05","0.7","0.65","300","3494","3083","411","0.11763022323983972","3083","1026","0.3336928206356949","0.04232687617106903"
"1393","300","0.4","0.3","0.2","0.05","0.7","0.65","300","3451","3036","415","0.12025499855114459","3036","1066","0.33554447772633167","0.05127353267123048"
"1396","300","0.4","0.3","0.2","0.05","0.7","0.65","300","3454","3053","401","0.11609727851766068","3053","1075","0.3387478581218449","0.03611421252264834"
"1395","300","0.4","0.3","0.2","0.05","0.7","0.65","300","3527","3121","406","0.11511199319535016","3121","1120","0.34640510556634846","0.025822902000706312"
"1397","300","0.4","0.3","0.2","0.05","0.7","0.65","300","3476","3089","387","0.11133486766398158","3089","1090","0.34956095459506725","0.029670497078549917"
"1398","300","0.4","0.3","0.2","0.05","0.7","0.65","300","3496","3097","399","0.11413043478260869","3097","1033","0.3400558171299345","0.03974941123987984"
"1401","300","0.4","0.3","0.2","0.05","0.7","0.7","300","3376","3045","331","0.09804502369668247","3045","880","0.330915447249626","0.030868212563135624"
"1400","300","0.4","0.3","0.2","0.05","0.7","0.65","300","3491","3107","384","0.10999713549126325","3107","1086","0.344126748030084","0.026347077362178947"
"1399","300","0.4","0.3","0.2","0.05","0.7","0.65","300","3498","3094","404","0.115494568324757","3094","1114","0.3391967274596935","0.045696898930108"
"1402","300","0.4","0.3","0.2","0.05","0.7","0.7","300","3362","3057","305","0.09071980963712076","3057","951","0.33033029532830316","0.03205300959035062"
"1403","300","0.4","0.3","0.2","0.05","0.7","0.7","300","3361","3051","310","0.09223445403153824","3051","875","0.3310131095675369","0.03512499251229396"
"1405","300","0.4","0.3","0.2","0.05","0.7","0.7","300","3346","3046","300","0.08965929468021518","3046","851","0.3258999004401734","0.039111940387435"
"1404","300","0.4","0.3","0.2","0.05","0.7","0.7","300","3347","3066","281","0.0839557812966836","3066","920","0.32837977383899014","0.038354320958477545"
"1406","300","0.4","0.3","0.2","0.05","0.7","0.7","300","3357","3083","274","0.0816204944891272","3083","916","0.3268197436617913","0.0360307908004079"
"1407","300","0.4","0.3","0.2","0.05","0.7","0.7","300","3357","3078","279","0.08310991957104558","3078","913","0.33108893452367755","0.03139582785932431"
"1408","300","0.4","0.3","0.2","0.05","0.7","0.7","300","3327","3036","291","0.08746618575293057","3036","918","0.329287790323559","0.030402120119254618"
"1409","300","0.4","0.3","0.2","0.05","0.7","0.7","300","3295","3002","293","0.08892261001517451","3002","941","0.335183868081086","0.02983542549180486"
"1410","300","0.4","0.3","0.2","0.05","0.7","0.7","300","3350","3049","301","0.08985074626865672","3049","932","0.3305852755814452","0.02760002720886853"
"1411","300","0.4","0.3","0.2","0.05","0.7","0.75","300","3241","3015","226","0.0697315643319963","3015","729","0.3192318850353445","0.040030439753161576"
"1412","300","0.4","0.3","0.2","0.05","0.7","0.75","300","3290","3077","213","0.06474164133738602","3077","768","0.3255032824440132","0.03194832961893323"
"1413","300","0.4","0.3","0.2","0.05","0.7","0.75","300","3261","3038","223","0.0683839313094143","3038","807","0.32076277105783113","0.03741194101707353"
"1414","300","0.4","0.3","0.2","0.05","0.7","0.75","300","3251","3050","201","0.061827130113811135","3050","752","0.3188122113664676","0.02557038303030243"
"1415","300","0.4","0.3","0.2","0.05","0.7","0.75","300","3269","3060","209","0.06393392474762924","3060","787","0.3205877752230257","0.029982298594192044"
"1416","300","0.4","0.3","0.2","0.05","0.7","0.75","300","3256","3048","208","0.06388206388206388","3048","763","0.32090209457424146","0.03164226869888064"
"1417","300","0.4","0.3","0.2","0.05","0.7","0.75","300","3234","3017","217","0.0670995670995671","3017","738","0.32197465988193974","0.029943779207090113"
"1418","300","0.4","0.3","0.2","0.05","0.7","0.75","300","3290","3069","221","0.06717325227963526","3069","706","0.3199252463782565","0.04224847833884795"
"1419","300","0.4","0.3","0.2","0.05","0.7","0.75","300","3241","3037","204","0.06294353594569577","3037","747","0.32222861088941046","0.030640746298683907"
"1420","300","0.4","0.3","0.2","0.05","0.7","0.75","300","3229","3011","218","0.06751316196965004","3011","760","0.3222437348782028","0.027612231276229523"
"1421","300","0.4","0.3","0.2","0.05","0.7","0.8","300","3168","3010","158","0.049873737373737376","3010","578","0.3138250010524673","0.02937917443394459"
"1422","300","0.4","0.3","0.2","0.05","0.7","0.8","300","3208","3030","178","0.05548628428927681","3030","594","0.313209457106268","0.03415090440432819"
"1423","300","0.4","0.3","0.2","0.05","0.7","0.8","300","3190","3021","169","0.05297805642633229","3021","606","0.311579694050816","0.03180033248527632"
"1424","300","0.4","0.3","0.2","0.05","0.7","0.8","300","3157","2977","180","0.05701615457713019","2977","597","0.3147191388445209","0.03581058271442804"
"1425","300","0.4","0.3","0.2","0.05","0.7","0.8","300","3194","3033","161","0.0504070131496556","3033","571","0.31156704313313577","0.038131712505710375"
"1426","300","0.4","0.3","0.2","0.05","0.7","0.8","300","3128","2981","147","0.04699488491048593","2981","573","0.3141273342087914","0.04468795312482556"
"1427","300","0.4","0.3","0.2","0.05","0.7","0.8","300","3140","2979","161","0.051273885350318474","2979","592","0.31104872100216063","0.039123797894700454"
"1428","300","0.4","0.3","0.2","0.05","0.7","0.8","300","3157","2998","159","0.050364269876465","2998","588","0.31058981268895075","0.03771349970346491"
"1430","300","0.4","0.3","0.2","0.05","0.7","0.8","300","3187","3018","169","0.0530279259491685","3018","608","0.31246055156854247","0.03482090580494795"
"1429","300","0.4","0.3","0.2","0.05","0.7","0.8","300","3207","3042","165","0.05144995322731525","3042","610","0.3123130417357734","0.03781211820214037"
"1431","300","0.4","0.3","0.2","0.05","0.75","0.2","300","8028","2436","5592","0.6965620328849028","2436","1965","0.4786399402526373","0.08337608241485069"
"1432","300","0.4","0.3","0.2","0.05","0.75","0.2","300","8031","2434","5597","0.6969244178807122","2434","1922","0.47700066760534765","0.08894580121383175"
"1433","300","0.4","0.3","0.2","0.05","0.75","0.2","300","8027","2440","5587","0.6960259125451601","2440","1962","0.47419710753050603","0.08920342818529813"
"1434","300","0.4","0.3","0.2","0.05","0.75","0.2","300","8106","2420","5686","0.7014557118184062","2420","1977","0.4834313409460234","0.08137380084269624"
"1435","300","0.4","0.3","0.2","0.05","0.75","0.2","300","7967","2447","5520","0.6928580394125768","2447","1959","0.46986744298641725","0.0908810487976324"
"1437","300","0.4","0.3","0.2","0.05","0.75","0.2","300","8102","2434","5668","0.6995803505307332","2434","1926","0.47171359056640016","0.08779314609273872"
"1436","300","0.4","0.3","0.2","0.05","0.75","0.2","300","8201","2420","5781","0.7049140348737959","2420","1982","0.4837957823722323","0.08499692088313154"
"1438","300","0.4","0.3","0.2","0.05","0.75","0.2","300","8224","2433","5791","0.7041585603112841","2433","1941","0.48163206099219685","0.08189421623552448"
"1439","300","0.4","0.3","0.2","0.05","0.75","0.2","300","7970","2454","5516","0.6920953575909661","2454","1946","0.4845779138142537","0.08345959190057"
"1440","300","0.4","0.3","0.2","0.05","0.75","0.2","300","7988","2458","5530","0.6922884326489734","2458","1930","0.47969476396250976","0.0770119142043345"
"1441","300","0.4","0.3","0.2","0.05","0.75","0.25","300","7007","2543","4464","0.63707720850578","2543","1923","0.46210784631106244","0.08189727063022613"
"1442","300","0.4","0.3","0.2","0.05","0.75","0.25","300","6981","2577","4404","0.6308551783412119","2577","1945","0.4627949956842406","0.07456539663844351"
"1444","300","0.4","0.3","0.2","0.05","0.75","0.25","300","6802","2548","4254","0.6254042928550426","2548","1901","0.46145133060475096","0.0769407543872589"
"1443","300","0.4","0.3","0.2","0.05","0.75","0.25","300","6994","2523","4471","0.6392622247640835","2523","1889","0.4560536444043731","0.08240906780890594"
"1445","300","0.4","0.3","0.2","0.05","0.75","0.25","300","6789","2571","4218","0.62129916040654","2571","1933","0.46398519489516615","0.07330835498403003"
"1446","300","0.4","0.3","0.2","0.05","0.75","0.25","300","6967","2548","4419","0.6342758719678484","2548","1927","0.4618715350275268","0.07178585361019615"
"1447","300","0.4","0.3","0.2","0.05","0.75","0.25","300","6880","2550","4330","0.6293604651162791","2550","1902","0.45706248278095046","0.0793672456842585"
"1448","300","0.4","0.3","0.2","0.05","0.75","0.25","300","6923","2549","4374","0.6318070200780008","2549","1947","0.4663645383679733","0.07974721343727348"
"1449","300","0.4","0.3","0.2","0.05","0.75","0.25","300","6768","2578","4190","0.6190898345153665","2578","1914","0.4551797460603949","0.06270543925141864"
"1450","300","0.4","0.3","0.2","0.05","0.75","0.25","300","6894","2573","4321","0.6267769074557586","2573","1911","0.4522920218809452","0.06864760441187188"
"1451","300","0.4","0.3","0.2","0.05","0.75","0.3","300","5884","2650","3234","0.5496261046906866","2650","1832","0.4496246162303057","0.07686337321428004"
"1454","300","0.4","0.3","0.2","0.05","0.75","0.3","300","5921","2648","3273","0.5527782469177503","2648","1876","0.45220238361636994","0.06137827470006641"
"1452","300","0.4","0.3","0.2","0.05","0.75","0.3","300","5881","2669","3212","0.5461656180921612","2669","1838","0.43824754434318036","0.06729863971066931"
"1453","300","0.4","0.3","0.2","0.05","0.75","0.3","300","5981","2664","3317","0.5545895335228223","2664","1881","0.44275710893436476","0.07174890906881495"
"1455","300","0.4","0.3","0.2","0.05","0.75","0.3","300","5914","2640","3274","0.5536016232668245","2640","1839","0.44182817098867466","0.06837373935478586"
"1456","300","0.4","0.3","0.2","0.05","0.75","0.3","300","6017","2671","3346","0.5560910752866877","2671","1892","0.4459465200926643","0.0688048431051989"
"1457","300","0.4","0.3","0.2","0.05","0.75","0.3","300","6052","2649","3403","0.5622934567085262","2649","1877","0.4448360594902948","0.05963288861922172"
"1458","300","0.4","0.3","0.2","0.05","0.75","0.3","300","5896","2678","3218","0.5457937584803256","2678","1850","0.4409599829456543","0.058286977869278805"
"1459","300","0.4","0.3","0.2","0.05","0.75","0.3","300","5861","2660","3201","0.5461525336973213","2660","1873","0.4486880212641242","0.07726286135402678"
"1460","300","0.4","0.3","0.2","0.05","0.75","0.3","300","5891","2664","3227","0.5477847564080801","2664","1877","0.4566763153178097","0.06338859673532438"
"1461","300","0.4","0.3","0.2","0.05","0.75","0.35","300","5311","2735","2576","0.4850310675955564","2735","1774","0.43918837899642094","0.050048023376053435"
"1463","300","0.4","0.3","0.2","0.05","0.75","0.35","300","5243","2726","2517","0.48006866297921036","2726","1769","0.4309448104765258","0.05633343952843174"
"1462","300","0.4","0.3","0.2","0.05","0.75","0.35","300","5235","2728","2507","0.47889207258834765","2728","1767","0.4280625457937765","0.05573430363102694"
"1464","300","0.4","0.3","0.2","0.05","0.75","0.35","300","5232","2713","2519","0.48146024464831805","2713","1799","0.43605420427977587","0.0600859669185287"
"1466","300","0.4","0.3","0.2","0.05","0.75","0.35","300","5149","2734","2415","0.4690231112837444","2734","1751","0.4274893582956804","0.06691033010351756"
"1465","300","0.4","0.3","0.2","0.05","0.75","0.35","300","5231","2738","2493","0.4765819155037278","2738","1747","0.4318791861465935","0.044998792781885344"
"1468","300","0.4","0.3","0.2","0.05","0.75","0.35","300","5246","2750","2496","0.4757910789172703","2750","1801","0.4354634861607602","0.041358734820481476"
"1467","300","0.4","0.3","0.2","0.05","0.75","0.35","300","5257","2723","2534","0.48202396804260983","2723","1771","0.41816305609047716","0.05036949843668586"
"1469","300","0.4","0.3","0.2","0.05","0.75","0.35","300","5136","2709","2427","0.4725467289719626","2709","1740","0.42731301918351156","0.058506788764587085"
"1471","300","0.4","0.3","0.2","0.05","0.75","0.4","300","4676","2797","1879","0.4018391787852866","2797","1716","0.4135202726490908","0.05680810603959152"
"1470","300","0.4","0.3","0.2","0.05","0.75","0.35","300","5166","2739","2427","0.46980255516840885","2739","1755","0.43118881053434127","0.0649270346142843"
"1472","300","0.4","0.3","0.2","0.05","0.75","0.4","300","4691","2804","1887","0.40225964613088894","2804","1715","0.4208289723487311","0.044908413317102415"
"1473","300","0.4","0.3","0.2","0.05","0.75","0.4","300","4607","2807","1800","0.3907097894508357","2807","1714","0.4165803461649001","0.0539898708321369"
"1474","300","0.4","0.3","0.2","0.05","0.75","0.4","300","4596","2813","1783","0.38794604003481287","2813","1661","0.40392784006934523","0.049660379660815185"
"1475","300","0.4","0.3","0.2","0.05","0.75","0.4","300","4615","2797","1818","0.39393282773564464","2797","1668","0.4044477376459735","0.04924212785405165"
"1476","300","0.4","0.3","0.2","0.05","0.75","0.4","300","4625","2822","1803","0.3898378378378378","2822","1694","0.42015303610618776","0.049591084739641196"
"1477","300","0.4","0.3","0.2","0.05","0.75","0.4","300","4621","2814","1807","0.3910409002380437","2814","1715","0.4103156956010791","0.04969386976269013"
"1479","300","0.4","0.3","0.2","0.05","0.75","0.4","300","4612","2816","1796","0.38941890719861233","2816","1698","0.4134282343657977","0.05004249550205529"
"1478","300","0.4","0.3","0.2","0.05","0.75","0.4","300","4615","2800","1815","0.39328277356446373","2800","1697","0.41878411081209993","0.04742499703281424"
"1481","300","0.4","0.3","0.2","0.05","0.75","0.45","300","4207","2866","1341","0.3187544568576183","2866","1522","0.40633676940285246","0.03630840907068268"
"1480","300","0.4","0.3","0.2","0.05","0.75","0.4","300","4627","2827","1800","0.38902096390749946","2827","1686","0.416587549572189","0.03738298321399931"
"1482","300","0.4","0.3","0.2","0.05","0.75","0.45","300","4174","2855","1319","0.31600383325347386","2855","1593","0.39630768718729176","0.045613203721875356"
"1483","300","0.4","0.3","0.2","0.05","0.75","0.45","300","4184","2882","1302","0.31118546845124284","2882","1607","0.40359303800318524","0.044973837313657755"
"1484","300","0.4","0.3","0.2","0.05","0.75","0.45","300","4203","2895","1308","0.3112062812276945","2895","1631","0.4009503100641588","0.042764316779846365"
"1485","300","0.4","0.3","0.2","0.05","0.75","0.45","300","4230","2859","1371","0.324113475177305","2859","1597","0.3890407722922674","0.04770439523448815"
"1486","300","0.4","0.3","0.2","0.05","0.75","0.45","300","4198","2861","1337","0.3184849928537399","2861","1563","0.39917561829413867","0.04210135219617392"
"1487","300","0.4","0.3","0.2","0.05","0.75","0.45","300","4234","2838","1396","0.3297118564005668","2838","1586","0.41114230506896904","0.035351858121864844"
"1489","300","0.4","0.3","0.2","0.05","0.75","0.45","300","4172","2870","1302","0.31208053691275167","2870","1562","0.39572631449213","0.04675046887655026"
"1490","300","0.4","0.3","0.2","0.05","0.75","0.45","300","4181","2851","1330","0.3181057163358048","2851","1586","0.40373387124067106","0.045921303493137576"
"1488","300","0.4","0.3","0.2","0.05","0.75","0.45","300","4219","2895","1324","0.3138184403887177","2895","1608","0.39180352991499356","0.05035043902901346"
"1491","300","0.4","0.3","0.2","0.05","0.75","0.5","300","3894","2918","976","0.25064201335387776","2918","1472","0.38848754688296316","0.03684551825781913"
"1492","300","0.4","0.3","0.2","0.05","0.75","0.5","300","3879","2917","962","0.2480020623872132","2917","1408","0.37827228247929834","0.041453254687828074"
"1494","300","0.4","0.3","0.2","0.05","0.75","0.5","300","3886","2915","971","0.2498713329902213","2915","1446","0.37927677312618446","0.035111038773534345"
"1493","300","0.4","0.3","0.2","0.05","0.75","0.5","300","3928","2882","1046","0.26629327902240324","2882","1432","0.38111558078353486","0.041165617703103285"
"1495","300","0.4","0.3","0.2","0.05","0.75","0.5","300","3879","2886","993","0.2559938128383604","2886","1439","0.37921932109367246","0.04799472660450393"
"1498","300","0.4","0.3","0.2","0.05","0.75","0.5","300","3872","2906","966","0.24948347107438015","2906","1492","0.3878957588788092","0.03985729379524346"
"1496","300","0.4","0.3","0.2","0.05","0.75","0.5","300","3858","2902","956","0.24779678589942974","2902","1469","0.37672432017729673","0.04315442025333537"
"1499","300","0.4","0.3","0.2","0.05","0.75","0.5","300","3868","2950","918","0.23733195449844882","2950","1401","0.3880349787041348","0.0378223771145755"
"1497","300","0.4","0.3","0.2","0.05","0.75","0.5","300","3834","2919","915","0.23865414710485133","2919","1439","0.3870125588691713","0.046150759287485986"
"1500","300","0.4","0.3","0.2","0.05","0.75","0.5","300","3885","2919","966","0.24864864864864866","2919","1458","0.38068998304518037","0.045411895048705034"
"1501","300","0.4","0.3","0.2","0.05","0.75","0.55","300","3670","2924","746","0.20326975476839237","2924","1364","0.3645582717211267","0.03533586867638681"
"1504","300","0.4","0.3","0.2","0.05","0.75","0.55","300","3596","2957","639","0.17769744160177975","2957","1310","0.3624553015800352","0.050091744401731426"
"1502","300","0.4","0.3","0.2","0.05","0.75","0.55","300","3633","2949","684","0.18827415359207267","2949","1355","0.37936489906202936","0.04123194921712954"
"1503","300","0.4","0.3","0.2","0.05","0.75","0.55","300","3678","2931","747","0.2030995106035889","2931","1321","0.3628671209708467","0.049511592216876954"
"1505","300","0.4","0.3","0.2","0.05","0.75","0.55","300","3622","2950","672","0.18553285477636663","2950","1330","0.3659312978591923","0.0433769870695839"
"1508","300","0.4","0.3","0.2","0.05","0.75","0.55","300","3623","2903","720","0.19873033397736684","2903","1347","0.3669847169196757","0.03559663845319581"
"1506","300","0.4","0.3","0.2","0.05","0.75","0.55","300","3668","2945","723","0.1971101417666303","2945","1378","0.37051733886775884","0.036873541759300674"
"1507","300","0.4","0.3","0.2","0.05","0.75","0.55","300","3679","2972","707","0.1921717858113618","2972","1358","0.3701396397524464","0.03471377416944086"
"1509","300","0.4","0.3","0.2","0.05","0.75","0.55","300","3708","2957","751","0.20253505933117583","2957","1342","0.36187973606731166","0.04235770001910691"
"1510","300","0.4","0.3","0.2","0.05","0.75","0.55","300","3572","2917","655","0.18337066069428892","2917","1327","0.3670178750671439","0.03372324017406224"
"1511","300","0.4","0.3","0.2","0.05","0.75","0.6","300","3442","2969","473","0.13742010459035445","2969","1229","0.35214052031763887","0.03945131350575646"
"1512","300","0.4","0.3","0.2","0.05","0.75","0.6","300","3530","3014","516","0.1461756373937677","3014","1229","0.35459403994529387","0.03419257428095679"
"1513","300","0.4","0.3","0.2","0.05","0.75","0.6","300","3514","2977","537","0.15281730221969267","2977","1204","0.349003121031626","0.03369616670912617"
"1514","300","0.4","0.3","0.2","0.05","0.75","0.6","300","3470","2957","513","0.14783861671469742","2957","1189","0.3526493302650423","0.034015711645827354"
"1515","300","0.4","0.3","0.2","0.05","0.75","0.6","300","3463","2922","541","0.1562229280970257","2922","1213","0.3583921595763893","0.0369529090329548"
"1516","300","0.4","0.3","0.2","0.05","0.75","0.6","300","3444","2927","517","0.15011614401858303","2927","1125","0.35751475660693527","0.039349441958803154"
"1517","300","0.4","0.3","0.2","0.05","0.75","0.6","300","3462","2964","498","0.1438474870017331","2964","1177","0.35062457380171075","0.0397204031075997"
"1518","300","0.4","0.3","0.2","0.05","0.75","0.6","300","3501","2970","531","0.15167095115681234","2970","1218","0.3538934299773122","0.04137478013202296"
"1519","300","0.4","0.3","0.2","0.05","0.75","0.6","300","3494","2981","513","0.14682312535775616","2981","1210","0.35513688860700965","0.03710720310030537"
"1520","300","0.4","0.3","0.2","0.05","0.75","0.6","300","3499","2978","521","0.14889968562446412","2978","1215","0.35579314417403746","0.02712159889880346"
"1521","300","0.4","0.3","0.2","0.05","0.75","0.65","300","3380","2961","419","0.12396449704142012","2961","1038","0.3503244411303733","0.029450057506304764"
"1522","300","0.4","0.3","0.2","0.05","0.75","0.65","300","3338","2941","397","0.1189334931096465","2941","1039","0.3402770551366997","0.038955235705562904"
"1523","300","0.4","0.3","0.2","0.05","0.75","0.65","300","3337","2953","384","0.11507341923883728","2953","1089","0.34181976014909776","0.03565948934449223"
"1524","300","0.4","0.3","0.2","0.05","0.75","0.65","300","3275","2933","342","0.10442748091603053","2933","1039","0.34870630070119335","0.03678425921695327"
"1526","300","0.4","0.3","0.2","0.05","0.75","0.65","300","3403","2990","413","0.12136350279165442","2990","1069","0.33611725862024944","0.03739998151567296"
"1525","300","0.4","0.3","0.2","0.05","0.75","0.65","300","3295","2935","360","0.10925644916540213","2935","988","0.34109830568805743","0.03444797254118317"
"1527","300","0.4","0.3","0.2","0.05","0.75","0.65","300","3270","2905","365","0.11162079510703364","2905","1020","0.33862559862481734","0.03839238053917314"
"1530","300","0.4","0.3","0.2","0.05","0.75","0.65","300","3355","2962","393","0.11713859910581222","2962","1027","0.34508037290618615","0.03425473534810066"
"1528","300","0.4","0.3","0.2","0.05","0.75","0.65","300","3321","2948","373","0.11231556760012044","2948","1020","0.34400418840366487","0.03902873848855453"
"1531","300","0.4","0.3","0.2","0.05","0.75","0.7","300","3213","2911","302","0.09399315281668223","2911","861","0.32885332321817556","0.03632943467309537"
"1532","300","0.4","0.3","0.2","0.05","0.75","0.7","300","3186","2904","282","0.08851224105461393","2904","908","0.3328628575076155","0.04208117828769699"
"1529","300","0.4","0.3","0.2","0.05","0.75","0.65","300","3309","2964","345","0.1042611060743427","2964","1003","0.33562761992395795","0.038392825370419555"
"1533","300","0.4","0.3","0.2","0.05","0.75","0.7","300","3193","2897","296","0.09270278734732226","2897","880","0.328373769092152","0.025321849559534423"
"1534","300","0.4","0.3","0.2","0.05","0.75","0.7","300","3188","2928","260","0.08155583437892096","2928","851","0.33172962390638794","0.036759022188833486"
"1535","300","0.4","0.3","0.2","0.05","0.75","0.7","300","3251","2958","293","0.09012611504152568","2958","907","0.3277647669224322","0.03383086669186277"
"1536","300","0.4","0.3","0.2","0.05","0.75","0.7","300","3218","2953","265","0.08234928527035426","2953","856","0.32879782131193414","0.03567983109560515"
"1537","300","0.4","0.3","0.2","0.05","0.75","0.7","300","3280","2957","323","0.09847560975609757","2957","895","0.33369680796630646","0.028342247714314168"
"1538","300","0.4","0.3","0.2","0.05","0.75","0.7","300","3248","2954","294","0.09051724137931035","2954","869","0.32948726951405904","0.03371897027569522"
"1539","300","0.4","0.3","0.2","0.05","0.75","0.7","300","3235","2941","294","0.09088098918083462","2941","901","0.3286857588686285","0.03658567476921073"
"1540","300","0.4","0.3","0.2","0.05","0.75","0.7","300","3203","2914","289","0.0902279113331252","2914","864","0.3312458192939464","0.03294067740911002"
"1541","300","0.4","0.3","0.2","0.05","0.75","0.75","300","3127","2910","217","0.06939558682443236","2910","722","0.319217888789005","0.027152363297487506"
"1543","300","0.4","0.3","0.2","0.05","0.75","0.75","300","3156","2953","203","0.06432192648922687","2953","750","0.3223652231011949","0.02864494960526768"
"1542","300","0.4","0.3","0.2","0.05","0.75","0.75","300","3135","2911","224","0.07145135566188197","2911","723","0.3200054997329004","0.03377124118478277"
"1544","300","0.4","0.3","0.2","0.05","0.75","0.75","300","3136","2931","205","0.06536989795918367","2931","751","0.32188639271829783","0.03707301750177243"
"1545","300","0.4","0.3","0.2","0.05","0.75","0.75","300","3148","2941","207","0.06575603557814486","2941","748","0.32140131890690155","0.037271827619662995"
"1546","300","0.4","0.3","0.2","0.05","0.75","0.75","300","3133","2916","217","0.06926268751994893","2916","697","0.32193778787413385","0.03748838581810341"
"1547","300","0.4","0.3","0.2","0.05","0.75","0.75","300","3162","2961","201","0.0635673624288425","2961","707","0.315389888199237","0.03466947084684051"
"1548","300","0.4","0.3","0.2","0.05","0.75","0.75","300","3183","2982","201","0.06314797360980208","2982","739","0.3238392158887105","0.030552213551758883"
"1549","300","0.4","0.3","0.2","0.05","0.75","0.75","300","3133","2938","195","0.06224066390041494","2938","750","0.3228248461408584","0.03442462978828679"
"1551","300","0.4","0.3","0.2","0.05","0.75","0.8","300","3132","2951","181","0.05779054916985951","2951","606","0.3121556799106317","0.04855291033110697"
"1550","300","0.4","0.3","0.2","0.05","0.75","0.75","300","3197","2970","227","0.07100406631216766","2970","779","0.3207394180853299","0.030204913819069094"
"1552","300","0.4","0.3","0.2","0.05","0.75","0.8","300","3111","2954","157","0.05046608807457409","2954","567","0.3115508851840169","0.03405183439462097"
"1555","300","0.4","0.3","0.2","0.05","0.75","0.8","300","3032","2892","140","0.04617414248021108","2892","626","0.3154397110168888","0.029698765793807168"
"1557","300","0.4","0.3","0.2","0.05","0.75","0.8","300","3094","2938","156","0.05042016806722689","2938","599","0.3142447693856714","0.035195360426960434"
"1554","300","0.4","0.3","0.2","0.05","0.75","0.8","300","3106","2943","163","0.052479072762395364","2943","583","0.31380859735720557","0.027392664254631213"
"1558","300","0.4","0.3","0.2","0.05","0.75","0.8","300","3151","3008","143","0.04538241827991114","3008","595","0.31443261237343817","0.028240626080035566"
"1553","300","0.4","0.3","0.2","0.05","0.75","0.8","300","3083","2924","159","0.05157314304249108","2924","595","0.3151034713844899","0.028017667772099752"
"1556","300","0.4","0.3","0.2","0.05","0.75","0.8","300","3107","2935","172","0.05535886707434825","2935","597","0.3168537350263055","0.03009958556840227"
"1559","300","0.4","0.3","0.2","0.05","0.75","0.8","300","3010","2865","145","0.04817275747508306","2865","555","0.3139825289470228","0.03284541425936534"
"1560","300","0.4","0.3","0.2","0.05","0.75","0.8","300","3079","2938","141","0.04579408898993179","2938","574","0.31216862874805656","0.03257112730791612"
"1561","300","0.4","0.3","0.2","0.05","0.8","0.2","300","7253","2276","4977","0.6861988142837446","2276","1822","0.4699193976263581","0.08330363809231771"
"1562","300","0.4","0.3","0.2","0.05","0.8","0.2","300","7431","2262","5169","0.6955995155429956","2262","1815","0.4711239922312003","0.08016754804896269"
"1563","300","0.4","0.3","0.2","0.05","0.8","0.2","300","7315","2274","5041","0.689131920710868","2274","1859","0.47826762846753523","0.07732721513512976"
"1565","300","0.4","0.3","0.2","0.05","0.8","0.2","300","7466","2269","5197","0.6960889365121886","2269","1823","0.4726891099535979","0.0790688119255708"
"1564","300","0.4","0.3","0.2","0.05","0.8","0.2","300","7293","2248","5045","0.6917592211709859","2248","1825","0.4651968150582053","0.09086394750880998"
"1566","300","0.4","0.3","0.2","0.05","0.8","0.2","300","7547","2251","5296","0.7017357890552537","2251","1813","0.47765523933759607","0.07377695343546223"
"1567","300","0.4","0.3","0.2","0.05","0.8","0.2","300","7417","2262","5155","0.6950249426992046","2262","1783","0.4745968939179056","0.06933159235062682"
"1568","300","0.4","0.3","0.2","0.05","0.8","0.2","300","7432","2262","5170","0.6956404736275565","2262","1828","0.4742985529443836","0.0796928890715754"
"1569","300","0.4","0.3","0.2","0.05","0.8","0.2","300","7406","2268","5138","0.6937618147448015","2268","1836","0.47718765141068736","0.07066522694247243"
"1570","300","0.4","0.3","0.2","0.05","0.8","0.2","300","7356","2254","5102","0.6935834692767808","2254","1826","0.4764721377221666","0.07249750148344414"
"1571","300","0.4","0.3","0.2","0.05","0.8","0.25","300","6383","2382","4001","0.6268212439291869","2382","1815","0.4586399205366784","0.0720726891894401"
"1572","300","0.4","0.3","0.2","0.05","0.8","0.25","300","6252","2372","3880","0.6206014075495841","2372","1795","0.4595141275179433","0.06890358239292213"
"1573","300","0.4","0.3","0.2","0.05","0.8","0.25","300","6224","2374","3850","0.618573264781491","2374","1752","0.4596428752959898","0.06809087274228676"
"1574","300","0.4","0.3","0.2","0.05","0.8","0.25","300","6388","2363","4025","0.6300876643706951","2363","1797","0.46069874041102793","0.07214527635445733"
"1575","300","0.4","0.3","0.2","0.05","0.8","0.25","300","6412","2368","4044","0.6306924516531504","2368","1773","0.46426007697497057","0.06652359160201735"
"1576","300","0.4","0.3","0.2","0.05","0.8","0.25","300","6366","2383","3983","0.6256676091737354","2383","1775","0.4545290998917027","0.07795509968372978"
"1578","300","0.4","0.3","0.2","0.05","0.8","0.25","300","6303","2378","3925","0.6227193399968269","2378","1788","0.4564965783246333","0.07602980737115063"
"1577","300","0.4","0.3","0.2","0.05","0.8","0.25","300","6232","2377","3855","0.618581514762516","2377","1754","0.4492155482004489","0.07433917136737707"
"1580","300","0.4","0.3","0.2","0.05","0.8","0.25","300","6347","2375","3972","0.6258074680951631","2375","1785","0.45204891434141026","0.0895570019332852"
"1579","300","0.4","0.3","0.2","0.05","0.8","0.25","300","6213","2374","3839","0.6178979558989216","2374","1794","0.46236560986559927","0.06140583499780373"
"1582","300","0.4","0.3","0.2","0.05","0.8","0.3","300","5441","2482","2959","0.5438338540709429","2482","1736","0.4408083473850516","0.06159429583518127"
"1581","300","0.4","0.3","0.2","0.05","0.8","0.3","300","5509","2483","3026","0.5492829914685061","2483","1752","0.445743339032112","0.05853360058174444"
"1583","300","0.4","0.3","0.2","0.05","0.8","0.3","300","5574","2481","3093","0.5548977395048439","2481","1736","0.451699433913744","0.059448390159013265"
"1584","300","0.4","0.3","0.2","0.05","0.8","0.3","300","5541","2491","3050","0.5504421584551525","2491","1744","0.446089892886989","0.04172470151044735"
"1585","300","0.4","0.3","0.2","0.05","0.8","0.3","300","5460","2477","2983","0.5463369963369963","2477","1704","0.4436404228419692","0.05726061310886028"
"1586","300","0.4","0.3","0.2","0.05","0.8","0.3","300","5490","2468","3022","0.5504553734061931","2468","1736","0.4349276389969445","0.06016981896680961"
"1588","300","0.4","0.3","0.2","0.05","0.8","0.3","300","5532","2514","3018","0.5455531453362256","2514","1734","0.45760286043836107","0.047944668221466695"
"1587","300","0.4","0.3","0.2","0.05","0.8","0.3","300","5521","2503","3018","0.5466401014309002","2503","1741","0.4426428259599849","0.054427370192146135"
"1589","300","0.4","0.3","0.2","0.05","0.8","0.3","300","5393","2495","2898","0.5373632486556648","2495","1731","0.4437583563659308","0.051790799841423575"
"1590","300","0.4","0.3","0.2","0.05","0.8","0.3","300","5403","2503","2900","0.5367388487877105","2503","1720","0.44593478273192017","0.052258002733891584"
"1591","300","0.4","0.3","0.2","0.05","0.8","0.35","300","4820","2554","2266","0.4701244813278008","2554","1655","0.4282936862266509","0.049628915086103266"
"1592","300","0.4","0.3","0.2","0.05","0.8","0.35","300","4906","2602","2304","0.4696290256828373","2602","1707","0.43382603970386224","0.05459256531765603"
"1594","300","0.4","0.3","0.2","0.05","0.8","0.35","300","4828","2576","2252","0.4664457332228666","2576","1668","0.4252253215167932","0.05804407766898065"
"1593","300","0.4","0.3","0.2","0.05","0.8","0.35","300","4910","2562","2348","0.47820773930753563","2562","1693","0.42951101550671844","0.044576297300783205"
"1596","300","0.4","0.3","0.2","0.05","0.8","0.35","300","4831","2584","2247","0.46512109294142","2584","1655","0.43012686627368063","0.043809209543746085"
"1595","300","0.4","0.3","0.2","0.05","0.8","0.35","300","4929","2556","2373","0.48143639683505784","2556","1673","0.43061713765083104","0.050774284087434944"
"1597","300","0.4","0.3","0.2","0.05","0.8","0.35","300","4883","2548","2335","0.4781896375179193","2548","1666","0.4231692080719603","0.049741813225874884"
"1598","300","0.4","0.3","0.2","0.05","0.8","0.35","300","4876","2588","2288","0.4692370795734208","2588","1700","0.4177754889635034","0.058865394152309194"
"1599","300","0.4","0.3","0.2","0.05","0.8","0.35","300","4845","2584","2261","0.4666666666666667","2584","1664","0.43178292309892213","0.04193072624752017"
"1600","300","0.4","0.3","0.2","0.05","0.8","0.35","300","4903","2590","2313","0.4717519885784214","2590","1688","0.4267331426858051","0.06219243265763361"
"1601","300","0.4","0.3","0.2","0.05","0.8","0.4","300","4377","2629","1748","0.39936029243774274","2629","1549","0.41453508991454613","0.05216789608187718"
"1602","300","0.4","0.3","0.2","0.05","0.8","0.4","300","4376","2654","1722","0.39351005484460694","2654","1586","0.4234189859397713","0.03998308570231578"
"1603","300","0.4","0.3","0.2","0.05","0.8","0.4","300","4414","2644","1770","0.40099682827367467","2644","1619","0.40902457256030617","0.04607302631302455"
"1604","300","0.4","0.3","0.2","0.05","0.8","0.4","300","4424","2647","1777","0.4016726943942134","2647","1589","0.4220437050145855","0.056485297556177476"
"1605","300","0.4","0.3","0.2","0.05","0.8","0.4","300","4328","2665","1663","0.3842421441774492","2665","1549","0.41433808153172996","0.04368394735805677"
"1606","300","0.4","0.3","0.2","0.05","0.8","0.4","300","4375","2666","1709","0.39062857142857144","2666","1602","0.42593025496866","0.03719113948548614"
"1607","300","0.4","0.3","0.2","0.05","0.8","0.4","300","4397","2645","1752","0.3984534910166022","2645","1592","0.40894673494649314","0.051109113420603286"
"1608","300","0.4","0.3","0.2","0.05","0.8","0.4","300","4392","2664","1728","0.39344262295081966","2664","1541","0.4119858858326105","0.042390409498171154"
"1609","300","0.4","0.3","0.2","0.05","0.8","0.4","300","4347","2659","1688","0.38831377961812746","2659","1583","0.40747318745984135","0.04252270299041083"
"1610","300","0.4","0.3","0.2","0.05","0.8","0.4","300","4363","2701","1662","0.38093055237222095","2701","1591","0.41456864273674315","0.04356052624769011"
"1611","300","0.4","0.3","0.2","0.05","0.8","0.45","300","4043","2769","1274","0.31511254019292606","2769","1531","0.39015683080631086","0.04251352899709522"
"1612","300","0.4","0.3","0.2","0.05","0.8","0.45","300","3984","2762","1222","0.30672690763052207","2762","1491","0.4000073576230328","0.0440473661855167"
"1613","300","0.4","0.3","0.2","0.05","0.8","0.45","300","4001","2764","1237","0.3091727068232942","2764","1512","0.3968223589483895","0.04185635878707261"
"1614","300","0.4","0.3","0.2","0.05","0.8","0.45","300","3956","2712","1244","0.31445904954499493","2712","1512","0.4011908097041619","0.04780416329554521"
"1615","300","0.4","0.3","0.2","0.05","0.8","0.45","300","4021","2724","1297","0.32255657796568016","2724","1456","0.39729622660214997","0.03871651468911656"
"1616","300","0.4","0.3","0.2","0.05","0.8","0.45","300","3969","2742","1227","0.309145880574452","2742","1462","0.39496648039675847","0.03495289148437006"
"1617","300","0.4","0.3","0.2","0.05","0.8","0.45","300","3971","2699","1272","0.3203223369428356","2699","1522","0.3989386929367154","0.044280950826957405"
"1618","300","0.4","0.3","0.2","0.05","0.8","0.45","300","3984","2718","1266","0.3177710843373494","2718","1518","0.4040808989845287","0.041716355874022525"
"1619","300","0.4","0.3","0.2","0.05","0.8","0.45","300","3974","2718","1256","0.3160543532964268","2718","1476","0.4008009487367904","0.04659519515196307"
"1620","300","0.4","0.3","0.2","0.05","0.8","0.45","300","4031","2753","1278","0.3170429173902258","2753","1515","0.39397828365461723","0.04426910624496676"
"1621","300","0.4","0.3","0.2","0.05","0.8","0.5","300","3698","2800","898","0.24283396430502974","2800","1398","0.39117588928041197","0.04497556278822412"
"1622","300","0.4","0.3","0.2","0.05","0.8","0.5","300","3672","2743","929","0.2529956427015251","2743","1359","0.3761906670849909","0.04538480098476388"
"1624","300","0.4","0.3","0.2","0.05","0.8","0.5","300","3692","2806","886","0.2399783315276273","2806","1401","0.3888412693520646","0.030683854695547748"
"1623","300","0.4","0.3","0.2","0.05","0.8","0.5","300","3706","2765","941","0.25391257420399355","2765","1334","0.3810112649295997","0.03218626879721963"
"1625","300","0.4","0.3","0.2","0.05","0.8","0.5","300","3704","2775","929","0.2508099352051836","2775","1343","0.3796664193678147","0.04011313463737624"
"1627","300","0.4","0.3","0.2","0.05","0.8","0.5","300","3620","2746","874","0.24143646408839778","2746","1363","0.3782432126016379","0.0561091570184063"
"1626","300","0.4","0.3","0.2","0.05","0.8","0.5","300","3739","2818","921","0.2463225461353303","2818","1403","0.38560922378208645","0.050823036168764255"
"1628","300","0.4","0.3","0.2","0.05","0.8","0.5","300","3759","2802","957","0.25458898643256184","2802","1447","0.3877488604404575","0.036064683145704525"
"1631","300","0.4","0.3","0.2","0.05","0.8","0.55","300","3475","2803","672","0.19338129496402878","2803","1236","0.3627504257222502","0.035737875273561495"
"1629","300","0.4","0.3","0.2","0.05","0.8","0.5","300","3722","2771","951","0.2555077915099409","2771","1376","0.3846901634301051","0.03570772414250649"
"1630","300","0.4","0.3","0.2","0.05","0.8","0.5","300","3730","2793","937","0.25120643431635387","2793","1420","0.38236159357232224","0.0362973106672595"
"1632","300","0.4","0.3","0.2","0.05","0.8","0.55","300","3440","2785","655","0.19040697674418605","2785","1233","0.36632734496728286","0.036726154030046546"
"1633","300","0.4","0.3","0.2","0.05","0.8","0.55","300","3561","2853","708","0.1988205560235889","2853","1280","0.3665300660783428","0.03406368431520626"
"1635","300","0.4","0.3","0.2","0.05","0.8","0.55","300","3487","2796","691","0.19816461141382277","2796","1275","0.37263652973704553","0.04059518251403631"
"1634","300","0.4","0.3","0.2","0.05","0.8","0.55","300","3543","2860","683","0.19277448489980242","2860","1264","0.3661240068069464","0.03578982863262842"
"1636","300","0.4","0.3","0.2","0.05","0.8","0.55","300","3520","2830","690","0.19602272727272727","2830","1253","0.3587599163366199","0.045162223256943024"
"1637","300","0.4","0.3","0.2","0.05","0.8","0.55","300","3552","2851","701","0.1973536036036036","2851","1318","0.3754089385436749","0.040418317483747385"
"1638","300","0.4","0.3","0.2","0.05","0.8","0.55","300","3583","2850","733","0.20457716996929948","2850","1273","0.3714697951808718","0.033173014387857205"
"1639","300","0.4","0.3","0.2","0.05","0.8","0.55","300","3495","2822","673","0.19256080114449214","2822","1293","0.3650044511759811","0.03127953097864544"
"1640","300","0.4","0.3","0.2","0.05","0.8","0.55","300","3492","2820","672","0.19243986254295534","2820","1241","0.35906055905416523","0.04240124288093847"
"1641","300","0.4","0.3","0.2","0.05","0.8","0.6","300","3425","2869","556","0.16233576642335767","2869","1102","0.34960150967987275","0.03278323591658398"
"1642","300","0.4","0.3","0.2","0.05","0.8","0.6","300","3353","2844","509","0.1518043543095735","2844","1103","0.34788269314842807","0.03915413128380454"
"1643","300","0.4","0.3","0.2","0.05","0.8","0.6","300","3375","2863","512","0.1517037037037037","2863","1096","0.3485645409501247","0.03942635280524692"
"1644","300","0.4","0.3","0.2","0.05","0.8","0.6","300","3301","2803","498","0.1508633747349288","2803","1081","0.35210762233045273","0.033878742838280934"
"1645","300","0.4","0.3","0.2","0.05","0.8","0.6","300","3388","2869","519","0.15318772136953956","2869","1178","0.35632435307776145","0.0380610201714001"
"1646","300","0.4","0.3","0.2","0.05","0.8","0.6","300","3352","2816","536","0.15990453460620524","2816","1110","0.358134843951905","0.03270102798711445"
"1647","300","0.4","0.3","0.2","0.05","0.8","0.6","300","3410","2874","536","0.15718475073313784","2874","1181","0.3605274488121418","0.030396770044006195"
"1649","300","0.4","0.3","0.2","0.05","0.8","0.6","300","3393","2867","526","0.1550250515767757","2867","1182","0.35895013441249074","0.03072556665728461"
"1648","300","0.4","0.3","0.2","0.05","0.8","0.6","300","3367","2864","503","0.1493911493911494","2864","1125","0.3543627868504771","0.034339973262278244"
"1650","300","0.4","0.3","0.2","0.05","0.8","0.6","300","3388","2862","526","0.1552538370720189","2862","1180","0.3547204714050596","0.05162782547211062"
"1651","300","0.4","0.3","0.2","0.05","0.8","0.65","300","3268","2892","376","0.11505507955936352","2892","1006","0.34391321351528875","0.03630781058032205"
"1652","300","0.4","0.3","0.2","0.05","0.8","0.65","300","3245","2873","372","0.11463790446841295","2873","1015","0.3398391920019235","0.03393928883213441"
"1653","300","0.4","0.3","0.2","0.05","0.8","0.65","300","3237","2867","370","0.1143033673154155","2867","1002","0.3446690468179335","0.03630597799535435"
"1654","300","0.4","0.3","0.2","0.05","0.8","0.65","300","3222","2847","375","0.11638733705772812","2847","1014","0.33835901083194697","0.038389589420894064"
"1656","300","0.4","0.3","0.2","0.05","0.8","0.65","300","3226","2841","385","0.11934283942963422","2841","983","0.3432663571896909","0.038320436638156846"
"1655","300","0.4","0.3","0.2","0.05","0.8","0.65","300","3207","2832","375","0.11693171188026193","2832","970","0.3351090507810898","0.0327041560592918"
"1657","300","0.4","0.3","0.2","0.05","0.8","0.65","300","3259","2872","387","0.11874808223381406","2872","1044","0.3462590038247285","0.027758412357679448"
"1658","300","0.4","0.3","0.2","0.05","0.8","0.65","300","3180","2831","349","0.10974842767295598","2831","978","0.3422278063938927","0.03326237357125722"
"1659","300","0.4","0.3","0.2","0.05","0.8","0.65","300","3178","2808","370","0.11642542479546884","2808","974","0.3374005558770638","0.03507627426150706"
"1660","300","0.4","0.3","0.2","0.05","0.8","0.65","300","3220","2872","348","0.10807453416149068","2872","985","0.3358234493221854","0.041181454010018034"
"1661","300","0.4","0.3","0.2","0.05","0.8","0.7","300","3146","2872","274","0.08709472345835982","2872","887","0.3320575794008494","0.03483692825077249"
"1662","300","0.4","0.3","0.2","0.05","0.8","0.7","300","3169","2882","287","0.09056484695487535","2882","865","0.33123020850342866","0.03899958930140142"
"1663","300","0.4","0.3","0.2","0.05","0.8","0.7","300","3174","2871","303","0.09546313799621928","2871","851","0.32788886713573334","0.03862058586321614"
"1664","300","0.4","0.3","0.2","0.05","0.8","0.7","300","3092","2800","292","0.0944372574385511","2800","838","0.3358211734239618","0.04020569266952965"
"1665","300","0.4","0.3","0.2","0.05","0.8","0.7","300","3145","2875","270","0.08585055643879173","2875","869","0.33300653160651783","0.030019661328108724"
"1666","300","0.4","0.3","0.2","0.05","0.8","0.7","300","3131","2845","286","0.09134461833280103","2845","850","0.3332626959715869","0.038537638188079745"
"1667","300","0.4","0.3","0.2","0.05","0.8","0.7","300","3163","2886","277","0.08757508694277584","2886","861","0.33431027833648985","0.030614001288364202"
"1668","300","0.4","0.3","0.2","0.05","0.8","0.7","300","3149","2892","257","0.08161321054302953","2892","873","0.32944172527963783","0.03892889139739625"
"1669","300","0.4","0.3","0.2","0.05","0.8","0.7","300","3164","2877","287","0.09070796460176991","2877","859","0.3304781770020473","0.03408342046172862"
"1670","300","0.4","0.3","0.2","0.05","0.8","0.7","300","3156","2867","289","0.09157160963244614","2867","850","0.33242007034487003","0.02777350305853984"
"1671","300","0.4","0.3","0.2","0.05","0.8","0.75","300","3115","2876","239","0.07672552166934189","2876","755","0.32381844534181636","0.032374834925078005"
"1672","300","0.4","0.3","0.2","0.05","0.8","0.75","300","3023","2850","173","0.057227919285478004","2850","712","0.32129336851544904","0.032320507973789596"
"1674","300","0.4","0.3","0.2","0.05","0.8","0.75","300","3092","2874","218","0.0705045278137128","2874","760","0.3217356884408736","0.029822251097014797"
"1673","300","0.4","0.3","0.2","0.05","0.8","0.75","300","3101","2862","239","0.07707191228635923","2862","760","0.3207887886815724","0.04113457033745594"
"1675","300","0.4","0.3","0.2","0.05","0.8","0.75","300","3084","2886","198","0.06420233463035019","2886","754","0.3223770750177234","0.03098734486622625"
"1676","300","0.4","0.3","0.2","0.05","0.8","0.75","300","3050","2882","168","0.05508196721311476","2882","720","0.320142895954901","0.032457321585683936"
"1677","300","0.4","0.3","0.2","0.05","0.8","0.75","300","2986","2788","198","0.06630944407233758","2788","659","0.32025983497025656","0.028332018044932083"
"1679","300","0.4","0.3","0.2","0.05","0.8","0.75","300","3044","2853","191","0.06274638633377136","2853","706","0.31918206470288096","0.027136863943005386"
"1678","300","0.4","0.3","0.2","0.05","0.8","0.75","300","3067","2862","205","0.06684056080860776","2862","718","0.3202386311847034","0.03760264333342562"
"1680","300","0.4","0.3","0.2","0.05","0.8","0.75","300","3096","2888","208","0.06718346253229975","2888","734","0.32073468393286814","0.031638262497460407"
"1681","300","0.4","0.3","0.2","0.05","0.8","0.8","300","2982","2831","151","0.05063715627095909","2831","551","0.31426660426300285","0.0358852605908726"
"1682","300","0.4","0.3","0.2","0.05","0.8","0.8","300","3038","2874","164","0.053982883475971036","2874","604","0.3171116922095573","0.027483769108823743"
"1683","300","0.4","0.3","0.2","0.05","0.8","0.8","300","3073","2885","188","0.06117800195248942","2885","588","0.3141303427609522","0.026787207582508892"
"1684","300","0.4","0.3","0.2","0.05","0.8","0.8","300","3072","2895","177","0.0576171875","2895","598","0.31408599810226284","0.027329210840537955"
"1685","300","0.4","0.3","0.2","0.05","0.8","0.8","300","3030","2889","141","0.046534653465346534","2889","577","0.3134403776524016","0.02740788689718937"
"1686","300","0.4","0.3","0.2","0.05","0.8","0.8","300","3060","2907","153","0.05","2907","599","0.31508977889720724","0.026413421229394978"
"1687","300","0.4","0.3","0.2","0.05","0.8","0.8","300","3042","2895","147","0.048323471400394474","2895","588","0.31630093994383846","0.031655418186808955"
"1688","300","0.4","0.3","0.2","0.05","0.8","0.8","300","3005","2842","163","0.05424292845257903","2842","584","0.31282093368393066","0.03204363130120844"
"1689","300","0.4","0.3","0.2","0.05","0.8","0.8","300","3006","2856","150","0.0499001996007984","2856","567","0.3122092742060127","0.03201706887565851"
"1690","300","0.4","0.3","0.2","0.05","0.8","0.8","300","2988","2827","161","0.053882195448460506","2827","524","0.3115824478700608","0.03694494319427016"
