"BehaviorSpace results (NetLogo 7.0.3)","Table version 2.0"
"Experiments-06-05-ABM-B.nlogox"
"exp1_policy_grid"
"05/06/2026 14:40:57:992 +0200"
"min-pxcor","max-pxcor","min-pycor","max-pycor"
"-16","16","-16","16"
"[run number]","number-employees","initial-misconduct-propensity","initial-fear","learning-rate","baseline-recovery-rate","punishment-severity","reporter-protection","[step]","committed-misconduct-total","punished-misconduct-total","hidden-misconduct-total","hidden-misconduct-rate","reported-events-total","retaliation-events-total","mean [fear] of employees","mean [misconduct-propensity] of employees"
"21","300","0.4","0.3","0.2","0.05","0.2","0.3","300","10368","4840","5528","0.533179012345679","4840","3399","0.4271085191836001","0.11136316038961001"
"22","300","0.4","0.3","0.2","0.05","0.2","0.3","300","10261","4839","5422","0.5284085371796121","4839","3382","0.42319495773168336","0.10664309290706336"
"13","300","0.4","0.3","0.2","0.05","0.2","0.25","300","11832","4656","7176","0.6064908722109533","4656","3506","0.4393993339135789","0.12141238317615105"
"18","300","0.4","0.3","0.2","0.05","0.2","0.25","300","11754","4648","7106","0.60456014973626","4648","3523","0.43810426843482864","0.12529871574057672"
"24","300","0.4","0.3","0.2","0.05","0.2","0.3","300","10467","4823","5644","0.5392184962262349","4823","3395","0.4217508055452998","0.11407569716294189"
"16","300","0.4","0.3","0.2","0.05","0.2","0.25","300","11773","4695","7078","0.6012061496644865","4695","3544","0.4384001924443304","0.12490304228310385"
"14","300","0.4","0.3","0.2","0.05","0.2","0.25","300","11775","4626","7149","0.6071337579617835","4626","3478","0.43565643645079805","0.12969193315044994"
"23","300","0.4","0.3","0.2","0.05","0.2","0.3","300","10325","4825","5500","0.5326876513317191","4825","3432","0.4228165267792463","0.11263492178358323"
"19","300","0.4","0.3","0.2","0.05","0.2","0.25","300","11734","4691","7043","0.6002215783194137","4691","3519","0.4404793657098429","0.12236563972617617"
"15","300","0.4","0.3","0.2","0.05","0.2","0.25","300","11675","4703","6972","0.5971734475374733","4703","3523","0.43513037266391297","0.1242112556014234"
"7","300","0.4","0.3","0.2","0.05","0.2","0.2","300","13426","4429","8997","0.6701176821093401","4429","3549","0.44362905809490466","0.1448548790458819"
"12","300","0.4","0.3","0.2","0.05","0.2","0.25","300","11855","4642","7213","0.608435259384226","4642","3470","0.43091504641577105","0.1288892265100915"
"2","300","0.4","0.3","0.2","0.05","0.2","0.2","300","13619","4419","9200","0.6755268375064248","4419","3568","0.454423212464247","0.13907727222755073"
"17","300","0.4","0.3","0.2","0.05","0.2","0.25","300","11733","4615","7118","0.6066649620727862","4615","3437","0.4295712645723462","0.13277427898822014"
"3","300","0.4","0.3","0.2","0.05","0.2","0.2","300","13526","4415","9111","0.673591601360343","4415","3543","0.4456330591392955","0.14105202379846585"
"6","300","0.4","0.3","0.2","0.05","0.2","0.2","300","13272","4433","8839","0.6659885473176612","4433","3537","0.45228940671452156","0.1371071819855475"
"10","300","0.4","0.3","0.2","0.05","0.2","0.2","300","13475","4417","9058","0.6722077922077923","4417","3554","0.4535549946319495","0.1463283491007147"
"11","300","0.4","0.3","0.2","0.05","0.2","0.25","300","11678","4659","7019","0.6010446994348347","4659","3507","0.4370694815486113","0.1232482091056563"
"4","300","0.4","0.3","0.2","0.05","0.2","0.2","300","13464","4385","9079","0.6743166963755199","4385","3518","0.4525590593220126","0.1445515279532919"
"25","300","0.4","0.3","0.2","0.05","0.2","0.3","300","10212","4867","5345","0.52340383862123","4867","3388","0.4186939893149998","0.11158503092973185"
"20","300","0.4","0.3","0.2","0.05","0.2","0.25","300","11836","4662","7174","0.6061169313957419","4662","3505","0.4389587815950232","0.1194361676843728"
"26","300","0.4","0.3","0.2","0.05","0.2","0.3","300","10136","4833","5303","0.5231846882399369","4833","3360","0.4116390448195329","0.12398250628790373"
"8","300","0.4","0.3","0.2","0.05","0.2","0.2","300","13482","4408","9074","0.6730455422044207","4408","3537","0.44648616779082007","0.14265963850915697"
"9","300","0.4","0.3","0.2","0.05","0.2","0.2","300","13425","4422","9003","0.6706145251396648","4422","3525","0.4454202022133463","0.14976881248443863"
"1","300","0.4","0.3","0.2","0.05","0.2","0.2","300","13440","4437","9003","0.6698660714285715","4437","3519","0.45068759228464406","0.1412286783272733"
"28","300","0.4","0.3","0.2","0.05","0.2","0.3","300","10164","4852","5312","0.52262888626525","4852","3457","0.423865030513338","0.11216897659013068"
"5","300","0.4","0.3","0.2","0.05","0.2","0.2","300","13472","4389","9083","0.6742131828978623","4389","3537","0.4405256897556155","0.15303455102404906"
"27","300","0.4","0.3","0.2","0.05","0.2","0.3","300","10158","4804","5354","0.5270722583185666","4804","3376","0.41746299344986526","0.1161279462211743"
"31","300","0.4","0.3","0.2","0.05","0.2","0.35","300","9048","4981","4067","0.4494916003536693","4981","3231","0.4055540465159012","0.09660024698951589"
"30","300","0.4","0.3","0.2","0.05","0.2","0.3","300","10198","4854","5344","0.5240243184938224","4854","3370","0.4228070909322564","0.10412636948258384"
"33","300","0.4","0.3","0.2","0.05","0.2","0.35","300","8889","4977","3912","0.4400944988187648","4977","3178","0.3982628430322919","0.10391743241833062"
"34","300","0.4","0.3","0.2","0.05","0.2","0.35","300","9075","4984","4091","0.4507988980716253","4984","3216","0.4142694975112202","0.0958937308881889"
"38","300","0.4","0.3","0.2","0.05","0.2","0.35","300","8922","4988","3934","0.4409325263393858","4988","3215","0.412626937714896","0.09685640991761107"
"37","300","0.4","0.3","0.2","0.05","0.2","0.35","300","9053","4976","4077","0.45034795095548436","4976","3215","0.41076735541558396","0.08969952388430778"
"35","300","0.4","0.3","0.2","0.05","0.2","0.35","300","8917","4988","3929","0.44061904227879334","4988","3269","0.41134048410820195","0.08978953838152275"
"29","300","0.4","0.3","0.2","0.05","0.2","0.3","300","10306","4863","5443","0.528138948185523","4863","3356","0.4259519748866685","0.10666027785716294"
"36","300","0.4","0.3","0.2","0.05","0.2","0.35","300","8996","5004","3992","0.4437527790128946","5004","3252","0.4049572197596375","0.1021353625622108"
"32","300","0.4","0.3","0.2","0.05","0.2","0.35","300","8998","4988","4010","0.44565458990886864","4988","3216","0.4077732682199984","0.09364400563237481"
"39","300","0.4","0.3","0.2","0.05","0.2","0.35","300","8985","4985","4000","0.44518642181413465","4985","3260","0.40987872221981625","0.09896730307071253"
"44","300","0.4","0.3","0.2","0.05","0.2","0.4","300","8154","5055","3099","0.3800588668138337","5055","3023","0.3914337979705075","0.079678405985521"
"46","300","0.4","0.3","0.2","0.05","0.2","0.4","300","8012","5061","2951","0.36832251622566153","5061","3045","0.3947674402829971","0.08045653273399041"
"42","300","0.4","0.3","0.2","0.05","0.2","0.4","300","7971","5041","2930","0.36758248651361186","5041","3018","0.39458875206411576","0.09132928441783685"
"40","300","0.4","0.3","0.2","0.05","0.2","0.35","300","9024","4984","4040","0.44769503546099293","4984","3239","0.4138561762243794","0.08647014154551387"
"45","300","0.4","0.3","0.2","0.05","0.2","0.4","300","8031","5044","2987","0.37193375669281536","5044","3056","0.3908838608617569","0.08562740034303543"
"43","300","0.4","0.3","0.2","0.05","0.2","0.4","300","8119","5040","3079","0.37923389579997535","5040","2997","0.39518334749442824","0.08075791330387845"
"41","300","0.4","0.3","0.2","0.05","0.2","0.4","300","7851","5087","2764","0.35205706279454846","5087","3031","0.39313393395121843","0.0775398558666106"
"50","300","0.4","0.3","0.2","0.05","0.2","0.4","300","8113","5074","3039","0.37458400098607175","5074","3011","0.39662444774215255","0.07488887205181352"
"52","300","0.4","0.3","0.2","0.05","0.2","0.45","300","7271","5123","2148","0.2954201622885435","5123","2773","0.37956440921220763","0.06401201067960059"
"47","300","0.4","0.3","0.2","0.05","0.2","0.4","300","8042","5050","2992","0.372046754538672","5050","3005","0.3952298436372493","0.08404815709236844"
"53","300","0.4","0.3","0.2","0.05","0.2","0.45","300","7180","5101","2079","0.2895543175487465","5101","2792","0.3778608519609581","0.09131025184570803"
"54","300","0.4","0.3","0.2","0.05","0.2","0.45","300","7252","5105","2147","0.29605626034197463","5105","2804","0.3799709126036576","0.07344547341718889"
"48","300","0.4","0.3","0.2","0.05","0.2","0.4","300","8002","5069","2933","0.3665333666583354","5069","3025","0.39861080904818036","0.07349512026895139"
"56","300","0.4","0.3","0.2","0.05","0.2","0.45","300","7286","5102","2184","0.29975295086467196","5102","2856","0.3842414800346107","0.07287622280168009"
"57","300","0.4","0.3","0.2","0.05","0.2","0.45","300","7353","5078","2275","0.30939752481980143","5078","2834","0.3804070275147829","0.07151718799419716"
"55","300","0.4","0.3","0.2","0.05","0.2","0.45","300","7290","5109","2181","0.29917695473251027","5109","2777","0.37861355048408574","0.07978048975838042"
"51","300","0.4","0.3","0.2","0.05","0.2","0.45","300","7255","5091","2164","0.29827705031013096","5091","2780","0.3778467851351978","0.08594792711540443"
"58","300","0.4","0.3","0.2","0.05","0.2","0.45","300","7226","5099","2127","0.2943537226681428","5099","2833","0.3762396485998509","0.08428668264397164"
"59","300","0.4","0.3","0.2","0.05","0.2","0.45","300","7336","5092","2244","0.3058887677208288","5092","2855","0.37878163075399407","0.08066046705772224"
"61","300","0.4","0.3","0.2","0.05","0.2","0.5","300","6619","5116","1503","0.22707357606889259","5116","2539","0.3656698753143055","0.07342945016224209"
"64","300","0.4","0.3","0.2","0.05","0.2","0.5","300","6681","5098","1583","0.23694057775782068","5098","2547","0.36675426482804213","0.07005206390392961"
"63","300","0.4","0.3","0.2","0.05","0.2","0.5","300","6646","5085","1561","0.23487812217875415","5085","2452","0.363100713190836","0.06483773638894293"
"65","300","0.4","0.3","0.2","0.05","0.2","0.5","300","6646","5090","1556","0.2341257899488414","5090","2576","0.36554226990570127","0.0707022215253274"
"60","300","0.4","0.3","0.2","0.05","0.2","0.45","300","7275","5102","2173","0.2986941580756014","5102","2802","0.3848766182898384","0.07736429371906964"
"49","300","0.4","0.3","0.2","0.05","0.2","0.4","300","7979","5061","2918","0.365709988720391","5061","3042","0.4005138881710164","0.07818976121013382"
"62","300","0.4","0.3","0.2","0.05","0.2","0.5","300","6649","5090","1559","0.23447134907504888","5090","2546","0.36909289225736547","0.06468569339081957"
"66","300","0.4","0.3","0.2","0.05","0.2","0.5","300","6752","5103","1649","0.2442239336492891","5103","2517","0.36735956102772205","0.06793324171840898"
"68","300","0.4","0.3","0.2","0.05","0.2","0.5","300","6633","5083","1550","0.23368008442635307","5083","2511","0.36201246070304555","0.07218325116873808"
"67","300","0.4","0.3","0.2","0.05","0.2","0.5","300","6625","5094","1531","0.2310943396226415","5094","2482","0.3633922553786852","0.07723608967578825"
"71","300","0.4","0.3","0.2","0.05","0.2","0.55","300","6250","5068","1182","0.18912","5068","2303","0.3520219081331687","0.06721296861330825"
"72","300","0.4","0.3","0.2","0.05","0.2","0.55","300","6240","5087","1153","0.18477564102564104","5087","2310","0.3521278268898531","0.06612459312675326"
"74","300","0.4","0.3","0.2","0.05","0.2","0.55","300","6206","5064","1142","0.1840154689010635","5064","2273","0.3534643457239073","0.06435374120866012"
"75","300","0.4","0.3","0.2","0.05","0.2","0.55","300","6175","5061","1114","0.18040485829959516","5061","2244","0.3536847438492202","0.06312719580735185"
"69","300","0.4","0.3","0.2","0.05","0.2","0.5","300","6694","5071","1623","0.2424559306841948","5071","2595","0.36622736891687585","0.07051657962950969"
"70","300","0.4","0.3","0.2","0.05","0.2","0.5","300","6696","5086","1610","0.240442054958184","5086","2537","0.3690995280291523","0.06763650964405486"
"78","300","0.4","0.3","0.2","0.05","0.2","0.55","300","6223","5054","1169","0.18785151856017998","5054","2311","0.3546191709303539","0.062053376748109436"
"77","300","0.4","0.3","0.2","0.05","0.2","0.55","300","6232","5084","1148","0.18421052631578946","5084","2290","0.3513654064028898","0.061634621241075514"
"73","300","0.4","0.3","0.2","0.05","0.2","0.55","300","6205","5090","1115","0.17969379532634971","5090","2243","0.34826004482887013","0.06639225592868697"
"79","300","0.4","0.3","0.2","0.05","0.2","0.55","300","6220","5072","1148","0.18456591639871384","5072","2259","0.3524673122847046","0.0691022943048109"
"81","300","0.4","0.3","0.2","0.05","0.2","0.6","300","5924","5019","905","0.1527683997299122","5019","2022","0.3424369856982077","0.05661474410496267"
"82","300","0.4","0.3","0.2","0.05","0.2","0.6","300","5893","5012","881","0.14949940607500425","5012","1997","0.3408515606985835","0.06457112821864794"
"76","300","0.4","0.3","0.2","0.05","0.2","0.55","300","6268","5064","1204","0.19208679004467136","5064","2339","0.3547291614430152","0.06837347645129015"
"80","300","0.4","0.3","0.2","0.05","0.2","0.55","300","6189","5065","1124","0.18161253837453548","5065","2286","0.3499310205400041","0.07194486933125183"
"83","300","0.4","0.3","0.2","0.05","0.2","0.6","300","5867","5011","856","0.1459008010908471","5011","2047","0.3412021095069413","0.06604676701246928"
"84","300","0.4","0.3","0.2","0.05","0.2","0.6","300","5895","5003","892","0.15131467345207802","5003","2011","0.3404407002049848","0.06572443870547957"
"85","300","0.4","0.3","0.2","0.05","0.2","0.6","300","5914","5018","896","0.1515049036185323","5018","1986","0.33875284199343897","0.06431902580347462"
"86","300","0.4","0.3","0.2","0.05","0.2","0.6","300","5908","5036","872","0.14759647935003387","5036","2013","0.34446767077214885","0.061546383162214544"
"91","300","0.4","0.3","0.2","0.05","0.2","0.65","300","5556","4959","597","0.10745140388768898","4959","1711","0.32982666195487437","0.054430117051954253"
"90","300","0.4","0.3","0.2","0.05","0.2","0.6","300","5885","5018","867","0.14732370433305012","5018","2026","0.3398290273432337","0.06896505118878805"
"93","300","0.4","0.3","0.2","0.05","0.2","0.65","300","5592","4953","639","0.11427038626609443","4953","1766","0.33134207630483287","0.058202034836925175"
"92","300","0.4","0.3","0.2","0.05","0.2","0.65","300","5598","4983","615","0.10986066452304394","4983","1758","0.33054171455919573","0.05782116786672689"
"87","300","0.4","0.3","0.2","0.05","0.2","0.6","300","5911","5019","892","0.15090509220098122","5019","2005","0.33873167351957817","0.0706875005670013"
"89","300","0.4","0.3","0.2","0.05","0.2","0.6","300","5833","5004","829","0.14212240699468542","5004","1992","0.3400670339644643","0.05924711344142295"
"88","300","0.4","0.3","0.2","0.05","0.2","0.6","300","5834","4988","846","0.14501199862872816","4988","1998","0.34305071204292115","0.06904602247983453"
"95","300","0.4","0.3","0.2","0.05","0.2","0.65","300","5567","4957","610","0.10957427698940184","4957","1727","0.3290337863966046","0.05622272360979745"
"94","300","0.4","0.3","0.2","0.05","0.2","0.65","300","5604","4955","649","0.11581013561741613","4955","1694","0.32888813711090426","0.05896289697374294"
"96","300","0.4","0.3","0.2","0.05","0.2","0.65","300","5610","4960","650","0.11586452762923351","4960","1670","0.3304474856464553","0.06315946144959003"
"99","300","0.4","0.3","0.2","0.05","0.2","0.65","300","5555","4979","576","0.10369036903690369","4979","1733","0.32953686906556595","0.06764379182427227"
"97","300","0.4","0.3","0.2","0.05","0.2","0.65","300","5586","4983","603","0.1079484425349087","4983","1759","0.33015227718548135","0.05838387802836606"
"100","300","0.4","0.3","0.2","0.05","0.2","0.65","300","5580","4963","617","0.11057347670250896","4963","1795","0.3298524545082818","0.06428249173736619"
"98","300","0.4","0.3","0.2","0.05","0.2","0.65","300","5651","4969","682","0.12068660414086002","4969","1732","0.3342332557235042","0.06031696585693812"
"101","300","0.4","0.3","0.2","0.05","0.2","0.7","300","5397","4908","489","0.0906058921623124","4908","1511","0.32220197647114335","0.05963867921769323"
"103","300","0.4","0.3","0.2","0.05","0.2","0.7","300","5377","4912","465","0.08647944950716013","4912","1486","0.3213845677787202","0.05275588370559914"
"102","300","0.4","0.3","0.2","0.05","0.2","0.7","300","5364","4902","462","0.08612975391498881","4902","1472","0.32283888032681657","0.05379992214831326"
"104","300","0.4","0.3","0.2","0.05","0.2","0.7","300","5403","4926","477","0.08828428650749584","4926","1460","0.31998288271224146","0.05977913926880753"
"108","300","0.4","0.3","0.2","0.05","0.2","0.7","300","5384","4924","460","0.08543833580980684","4924","1448","0.3224963983645226","0.04587574166844606"
"106","300","0.4","0.3","0.2","0.05","0.2","0.7","300","5379","4920","459","0.08533184606804238","4920","1467","0.3213263380397533","0.05294895460851758"
"105","300","0.4","0.3","0.2","0.05","0.2","0.7","300","5349","4920","429","0.08020190689848569","4920","1451","0.3221992195262069","0.060367604422760915"
"107","300","0.4","0.3","0.2","0.05","0.2","0.7","300","5393","4950","443","0.08214351937697015","4950","1486","0.32402526593544434","0.06002491991145187"
"110","300","0.4","0.3","0.2","0.05","0.2","0.7","300","5358","4900","458","0.0854796565882792","4900","1505","0.3225517065093046","0.06017083011105132"
"109","300","0.4","0.3","0.2","0.05","0.2","0.7","300","5334","4912","422","0.0791151106111736","4912","1455","0.3214065545117445","0.061858971884954435"
"111","300","0.4","0.3","0.2","0.05","0.2","0.75","300","5174","4864","310","0.05991495941244685","4864","1141","0.3134045287080443","0.05964207782656736"
"113","300","0.4","0.3","0.2","0.05","0.2","0.75","300","5180","4841","339","0.06544401544401544","4841","1180","0.31474728364298904","0.05920594997570697"
"112","300","0.4","0.3","0.2","0.05","0.2","0.75","300","5189","4840","349","0.06725766043553671","4840","1212","0.3170766793425376","0.057607999220259325"
"114","300","0.4","0.3","0.2","0.05","0.2","0.75","300","5221","4853","368","0.07048458149779736","4853","1233","0.3156217763046032","0.057309606364789926"
"115","300","0.4","0.3","0.2","0.05","0.2","0.75","300","5163","4840","323","0.06256052682548906","4840","1194","0.3172924172060723","0.06533289271809326"
"116","300","0.4","0.3","0.2","0.05","0.2","0.75","300","5243","4870","373","0.07114247568186154","4870","1197","0.312321997706962","0.040755264431315434"
"118","300","0.4","0.3","0.2","0.05","0.2","0.75","300","5205","4865","340","0.06532180595581172","4865","1218","0.3136263991745227","0.0551284280682037"
"119","300","0.4","0.3","0.2","0.05","0.2","0.75","300","5194","4876","318","0.061224489795918366","4876","1204","0.31594535597601514","0.054203853798020285"
"117","300","0.4","0.3","0.2","0.05","0.2","0.75","300","5162","4839","323","0.06257264626113909","4839","1255","0.3161565703403971","0.05729563740036691"
"120","300","0.4","0.3","0.2","0.05","0.2","0.75","300","5180","4865","315","0.060810810810810814","4865","1234","0.3155974820202154","0.05274002410897448"
"121","300","0.4","0.3","0.2","0.05","0.2","0.8","300","5073","4805","268","0.05282870096589789","4805","976","0.3091793653884691","0.044781861881534185"
"123","300","0.4","0.3","0.2","0.05","0.2","0.8","300","5027","4783","244","0.048537895365028845","4783","956","0.30882740749662557","0.051682211877733926"
"122","300","0.4","0.3","0.2","0.05","0.2","0.8","300","5031","4798","233","0.04631286026634864","4798","989","0.310083723940792","0.05509272331772531"
"124","300","0.4","0.3","0.2","0.05","0.2","0.8","300","5079","4811","268","0.052766292577278995","4811","999","0.31070584413219987","0.05849557382350287"
"125","300","0.4","0.3","0.2","0.05","0.2","0.8","300","5011","4796","215","0.04290560766314109","4796","948","0.3098692362445292","0.050277596904204934"
"126","300","0.4","0.3","0.2","0.05","0.2","0.8","300","5084","4831","253","0.0497639653815893","4831","1007","0.3103645827213063","0.04818218559853725"
"127","300","0.4","0.3","0.2","0.05","0.2","0.8","300","5115","4834","281","0.054936461388074294","4834","956","0.30928411259396227","0.058055860923053156"
"128","300","0.4","0.3","0.2","0.05","0.2","0.8","300","5023","4770","253","0.05036830579335059","4770","948","0.3102984292272467","0.05321294817524156"
"129","300","0.4","0.3","0.2","0.05","0.2","0.8","300","5068","4807","261","0.051499605367008684","4807","958","0.3091566221831228","0.049944513142134786"
"130","300","0.4","0.3","0.2","0.05","0.2","0.8","300","5024","4780","244","0.04856687898089172","4780","959","0.3076144034917036","0.04710543075529925"
"132","300","0.4","0.3","0.2","0.05","0.25","0.2","300","11651","3902","7749","0.6650931250536435","3902","3092","0.43479241948786373","0.12763422962860793"
"131","300","0.4","0.3","0.2","0.05","0.25","0.2","300","11745","3907","7838","0.6673478075776926","3907","3114","0.43668545661461605","0.13527213380533384"
"133","300","0.4","0.3","0.2","0.05","0.25","0.2","300","11749","3883","7866","0.6695037875563877","3883","3111","0.43604394438675304","0.12590933743825383"
"134","300","0.4","0.3","0.2","0.05","0.25","0.2","300","11607","3907","7700","0.6633927802188334","3907","3136","0.43851716623262293","0.13179750647491878"
"135","300","0.4","0.3","0.2","0.05","0.25","0.2","300","11780","3890","7890","0.669779286926995","3890","3127","0.4444896975829846","0.1277999495801688"
"136","300","0.4","0.3","0.2","0.05","0.25","0.2","300","11737","3872","7865","0.6701030927835051","3872","3065","0.44073518650072513","0.12639704042500274"
"137","300","0.4","0.3","0.2","0.05","0.25","0.2","300","11606","3925","7681","0.6618128554196105","3925","3076","0.44849573050145286","0.11572784531485968"
"138","300","0.4","0.3","0.2","0.05","0.25","0.2","300","11713","3871","7842","0.6695125074703321","3871","3067","0.44296089541343436","0.12009655851973267"
"139","300","0.4","0.3","0.2","0.05","0.25","0.2","300","11583","3908","7675","0.6626089959423292","3908","3111","0.43987828675887075","0.12050838860953325"
"141","300","0.4","0.3","0.2","0.05","0.25","0.25","300","10068","4079","5989","0.594854986094557","4079","3048","0.4200997850177489","0.1249621608371006"
"140","300","0.4","0.3","0.2","0.05","0.25","0.2","300","11752","3905","7847","0.6677161334240981","3905","3124","0.43970049381318554","0.12226362374022087"
"142","300","0.4","0.3","0.2","0.05","0.25","0.25","300","10189","4048","6141","0.6027088036117382","4048","3021","0.4268103558127668","0.11422068163835747"
"144","300","0.4","0.3","0.2","0.05","0.25","0.25","300","10147","4058","6089","0.6000788410367597","4058","3050","0.4338049649039375","0.1061546259735553"
"145","300","0.4","0.3","0.2","0.05","0.25","0.25","300","10132","4035","6097","0.601756810106593","4035","3019","0.4279185114944558","0.11184850558881974"
"146","300","0.4","0.3","0.2","0.05","0.25","0.25","300","10117","4084","6033","0.5963230206582979","4084","3044","0.428511547473822","0.10630430219856352"
"143","300","0.4","0.3","0.2","0.05","0.25","0.25","300","10147","4067","6080","0.5991918793732137","4067","3028","0.4290287370641938","0.11137612409284255"
"148","300","0.4","0.3","0.2","0.05","0.25","0.25","300","10048","4116","5932","0.5903662420382165","4116","3067","0.4407591145764698","0.0920165350673144"
"147","300","0.4","0.3","0.2","0.05","0.25","0.25","300","10036","4061","5975","0.5953567158230371","4061","3037","0.4266551441865223","0.11456246158322174"
"149","300","0.4","0.3","0.2","0.05","0.25","0.25","300","10114","4042","6072","0.6003559422582558","4042","3052","0.43137259622418045","0.11457222748671117"
"150","300","0.4","0.3","0.2","0.05","0.25","0.25","300","10184","4032","6152","0.6040848389630793","4032","3026","0.4285522024843664","0.10967704027823806"
"152","300","0.4","0.3","0.2","0.05","0.25","0.3","300","8703","4199","4504","0.5175226933241411","4199","2975","0.4207546551314206","0.09755510324743336"
"151","300","0.4","0.3","0.2","0.05","0.25","0.3","300","8784","4208","4576","0.5209471766848816","4208","2969","0.4179412434537899","0.09333793571741535"
"154","300","0.4","0.3","0.2","0.05","0.25","0.3","300","8800","4196","4604","0.5231818181818182","4196","2931","0.4195775664955448","0.09782929279342642"
"156","300","0.4","0.3","0.2","0.05","0.25","0.3","300","8686","4229","4457","0.5131245682707806","4229","2969","0.4239781248673281","0.08060201296481141"
"153","300","0.4","0.3","0.2","0.05","0.25","0.3","300","8686","4199","4487","0.5165784020262492","4199","2921","0.4102187771745919","0.09693133923256939"
"155","300","0.4","0.3","0.2","0.05","0.25","0.3","300","8756","4186","4570","0.5219278209227958","4186","2919","0.4190150105869263","0.09096275333826247"
"159","300","0.4","0.3","0.2","0.05","0.25","0.3","300","8668","4234","4434","0.5115366866635902","4234","2939","0.42869918223724585","0.07930898134786671"
"160","300","0.4","0.3","0.2","0.05","0.25","0.3","300","8722","4206","4516","0.5177711534051823","4206","2994","0.4214666918522593","0.08929771848059402"
"158","300","0.4","0.3","0.2","0.05","0.25","0.3","300","8777","4181","4596","0.5236413353081919","4181","2918","0.41936139746354123","0.09005045069198069"
"157","300","0.4","0.3","0.2","0.05","0.25","0.3","300","8727","4220","4507","0.5164432221840266","4220","3003","0.4302515314125882","0.07868358775316119"
"161","300","0.4","0.3","0.2","0.05","0.25","0.35","300","7665","4324","3341","0.43587736464448795","4324","2807","0.41260215432668595","0.07266092974871043"
"164","300","0.4","0.3","0.2","0.05","0.25","0.35","300","7553","4329","3224","0.4268502581755594","4329","2815","0.40840699975805733","0.07635425111947694"
"166","300","0.4","0.3","0.2","0.05","0.25","0.35","300","7759","4271","3488","0.4495424668127336","4271","2736","0.40350013703163307","0.08475888851035224"
"167","300","0.4","0.3","0.2","0.05","0.25","0.35","300","7590","4311","3279","0.43201581027667985","4311","2750","0.40380833452053205","0.07232026030102447"
"162","300","0.4","0.3","0.2","0.05","0.25","0.35","300","7707","4319","3388","0.4396003633060854","4319","2822","0.4011727114715632","0.07731854827378083"
"168","300","0.4","0.3","0.2","0.05","0.25","0.35","300","7659","4309","3350","0.4373939156547852","4309","2827","0.4085670082919544","0.07687076853314741"
"169","300","0.4","0.3","0.2","0.05","0.25","0.35","300","7658","4285","3373","0.440454426743275","4285","2807","0.4062020752805279","0.08485947015689257"
"165","300","0.4","0.3","0.2","0.05","0.25","0.35","300","7722","4258","3464","0.4485884485884486","4258","2721","0.40009554825044513","0.08063173603653748"
"163","300","0.4","0.3","0.2","0.05","0.25","0.35","300","7748","4272","3476","0.4486319050077439","4272","2778","0.40073560781526674","0.0875710560199349"
"171","300","0.4","0.3","0.2","0.05","0.25","0.4","300","6835","4314","2521","0.36883686905632773","4314","2580","0.393651919435883","0.07203796004242986"
"174","300","0.4","0.3","0.2","0.05","0.25","0.4","300","6817","4355","2462","0.36115593369517385","4355","2638","0.3933148548156714","0.07027421539012998"
"176","300","0.4","0.3","0.2","0.05","0.25","0.4","300","6895","4359","2536","0.3678027556200145","4359","2586","0.3918655432593396","0.06729817060825005"
"170","300","0.4","0.3","0.2","0.05","0.25","0.35","300","7613","4304","3309","0.43465125443320635","4304","2804","0.40389678612430413","0.07340680546782363"
"172","300","0.4","0.3","0.2","0.05","0.25","0.4","300","6839","4351","2488","0.3637958765901448","4351","2604","0.38597610094600016","0.06976477694817482"
"175","300","0.4","0.3","0.2","0.05","0.25","0.4","300","6814","4335","2479","0.36380980334605223","4335","2611","0.39143088002337606","0.06774162122053358"
"173","300","0.4","0.3","0.2","0.05","0.25","0.4","300","6825","4343","2482","0.36366300366300364","4343","2659","0.3929075844865252","0.07181130659335094"
"177","300","0.4","0.3","0.2","0.05","0.25","0.4","300","6884","4341","2543","0.36940732132481113","4341","2631","0.3904332048604358","0.06909606984319273"
"178","300","0.4","0.3","0.2","0.05","0.25","0.4","300","6846","4301","2545","0.37174992696465087","4301","2622","0.39259848692393856","0.07380912428259721"
"179","300","0.4","0.3","0.2","0.05","0.25","0.4","300","6843","4334","2509","0.366652053193044","4334","2588","0.390718690411667","0.06810549047300798"
"180","300","0.4","0.3","0.2","0.05","0.25","0.4","300","6828","4342","2486","0.36408904510837725","4342","2541","0.3875299860017024","0.07058847278933363"
"182","300","0.4","0.3","0.2","0.05","0.25","0.45","300","6273","4371","1902","0.3032042085126734","4371","2414","0.37621704842155707","0.05687135209645011"
"181","300","0.4","0.3","0.2","0.05","0.25","0.45","300","6279","4380","1899","0.30243669374104154","4380","2473","0.38011766856478835","0.0604074953012041"
"183","300","0.4","0.3","0.2","0.05","0.25","0.45","300","6178","4372","1806","0.2923276141146002","4372","2406","0.37803671292238267","0.0594702290981086"
"184","300","0.4","0.3","0.2","0.05","0.25","0.45","300","6161","4379","1782","0.28923875994156795","4379","2355","0.37252612155394826","0.06321321657409804"
"185","300","0.4","0.3","0.2","0.05","0.25","0.45","300","6190","4358","1832","0.2959612277867528","4358","2335","0.3776061712856006","0.0630019495486363"
"186","300","0.4","0.3","0.2","0.05","0.25","0.45","300","6191","4375","1816","0.2933290260054918","4375","2455","0.37931325184448483","0.06526345468838157"
"187","300","0.4","0.3","0.2","0.05","0.25","0.45","300","6172","4386","1786","0.2893713545042126","4386","2377","0.3741429151368905","0.0706517548575415"
"188","300","0.4","0.3","0.2","0.05","0.25","0.45","300","6196","4337","1859","0.3000322788896062","4337","2417","0.37543955468422985","0.060178433642700556"
"190","300","0.4","0.3","0.2","0.05","0.25","0.45","300","6214","4372","1842","0.2964274219504345","4372","2432","0.38003461877948563","0.055212274870084066"
"191","300","0.4","0.3","0.2","0.05","0.25","0.5","300","5741","4365","1376","0.23967949834523603","4365","2164","0.3638765490216434","0.05884981738786215"
"189","300","0.4","0.3","0.2","0.05","0.25","0.45","300","6165","4339","1826","0.2961881589618816","4339","2400","0.3737293099128606","0.06578438244400654"
"192","300","0.4","0.3","0.2","0.05","0.25","0.5","300","5634","4372","1262","0.22399716009939652","4372","2214","0.3624232709533775","0.07754472867981269"
"193","300","0.4","0.3","0.2","0.05","0.25","0.5","300","5701","4408","1293","0.2268023153832661","4408","2142","0.36110832585028885","0.0551645380487813"
"194","300","0.4","0.3","0.2","0.05","0.25","0.5","300","5682","4379","1303","0.22932066173882434","4379","2227","0.3625276660216277","0.06583367209982917"
"196","300","0.4","0.3","0.2","0.05","0.25","0.5","300","5710","4359","1351","0.23660245183887915","4359","2204","0.36532975241643856","0.05741404864049884"
"195","300","0.4","0.3","0.2","0.05","0.25","0.5","300","5760","4386","1374","0.23854166666666668","4386","2193","0.36512763018683314","0.06011085208313713"
"198","300","0.4","0.3","0.2","0.05","0.25","0.5","300","5650","4364","1286","0.22761061946902655","4364","2120","0.36139375554642345","0.06442650915849042"
"199","300","0.4","0.3","0.2","0.05","0.25","0.5","300","5666","4358","1308","0.2308506883162725","4358","2237","0.3660187315458688","0.05103729143370424"
"200","300","0.4","0.3","0.2","0.05","0.25","0.5","300","5697","4379","1318","0.23134983324556785","4379","2188","0.36105206850663046","0.05741288923034905"
"197","300","0.4","0.3","0.2","0.05","0.25","0.5","300","5724","4389","1335","0.23322851153039834","4389","2161","0.3634793427492984","0.057371683728275745"
"201","300","0.4","0.3","0.2","0.05","0.25","0.55","300","5422","4379","1043","0.19236444116562154","4379","2008","0.35900723670887186","0.047228836284810866"
"202","300","0.4","0.3","0.2","0.05","0.25","0.55","300","5300","4370","930","0.17547169811320754","4370","1987","0.3498510593013442","0.0573511725639455"
"203","300","0.4","0.3","0.2","0.05","0.25","0.55","300","5388","4365","1023","0.18986636971046772","4365","1969","0.34844620176719443","0.05063390421382411"
"205","300","0.4","0.3","0.2","0.05","0.25","0.55","300","5328","4328","1000","0.18768768768768768","4328","1941","0.352136623488455","0.05411038006584601"
"206","300","0.4","0.3","0.2","0.05","0.25","0.55","300","5361","4352","1009","0.18821115463532923","4352","2004","0.3531068835035279","0.049171120835336195"
"204","300","0.4","0.3","0.2","0.05","0.25","0.55","300","5327","4349","978","0.18359301670733996","4349","1923","0.3469532451481513","0.05692488025182308"
"207","300","0.4","0.3","0.2","0.05","0.25","0.55","300","5294","4385","909","0.17170381564034756","4385","1954","0.3494215667424607","0.06369293387065332"
"208","300","0.4","0.3","0.2","0.05","0.25","0.55","300","5372","4362","1010","0.18801191362620998","4362","1974","0.35105568967102524","0.05456096132133273"
"210","300","0.4","0.3","0.2","0.05","0.25","0.55","300","5267","4326","941","0.17865957850768938","4326","1970","0.34567416511148635","0.06191740416467175"
"209","300","0.4","0.3","0.2","0.05","0.25","0.55","300","5332","4347","985","0.18473368342085522","4347","1954","0.3459857392179519","0.05350419171472602"
"211","300","0.4","0.3","0.2","0.05","0.25","0.6","300","5043","4351","692","0.1372199087844537","4351","1755","0.3401621647686009","0.0469411341106921"
"212","300","0.4","0.3","0.2","0.05","0.25","0.6","300","5069","4349","720","0.14203985006904715","4349","1739","0.3398478730342471","0.045692098229883196"
"213","300","0.4","0.3","0.2","0.05","0.25","0.6","300","5094","4316","778","0.15272870043188064","4316","1804","0.34244359459982615","0.060868791009059654"
"214","300","0.4","0.3","0.2","0.05","0.25","0.6","300","5012","4341","671","0.13387869114126097","4341","1779","0.3432637018092968","0.05331795004859715"
"215","300","0.4","0.3","0.2","0.05","0.25","0.6","300","5072","4336","736","0.14511041009463724","4336","1733","0.33899623268951457","0.05200918820743504"
"216","300","0.4","0.3","0.2","0.05","0.25","0.6","300","5069","4345","724","0.14282896034720852","4345","1717","0.33527880109822894","0.054221171045450954"
"217","300","0.4","0.3","0.2","0.05","0.25","0.6","300","5027","4323","704","0.1400437636761488","4323","1711","0.33614870108179784","0.06254239553014063"
"218","300","0.4","0.3","0.2","0.05","0.25","0.6","300","5028","4310","718","0.1428003182179793","4310","1709","0.33541624574448103","0.05248530198810662"
"219","300","0.4","0.3","0.2","0.05","0.25","0.6","300","5013","4329","684","0.13644524236983843","4329","1699","0.33716814993404","0.06290732399523223"
"220","300","0.4","0.3","0.2","0.05","0.25","0.6","300","5143","4353","790","0.15360684425432627","4353","1732","0.33862929645557743","0.04756103785774111"
"222","300","0.4","0.3","0.2","0.05","0.25","0.65","300","4844","4308","536","0.1106523534269199","4308","1544","0.33086156336717415","0.04568386101843148"
"221","300","0.4","0.3","0.2","0.05","0.25","0.65","300","4843","4303","540","0.11150113565971505","4303","1469","0.32910442418732494","0.05019260484181055"
"223","300","0.4","0.3","0.2","0.05","0.25","0.65","300","4833","4271","562","0.11628388164701015","4271","1487","0.32955260879205606","0.04903439687851049"
"224","300","0.4","0.3","0.2","0.05","0.25","0.65","300","4845","4308","537","0.1108359133126935","4308","1474","0.33010345618982984","0.06342430918753159"
"225","300","0.4","0.3","0.2","0.05","0.25","0.65","300","4808","4307","501","0.10420133111480866","4307","1472","0.32866287140202377","0.05132846094422619"
"226","300","0.4","0.3","0.2","0.05","0.25","0.65","300","4821","4302","519","0.10765401369010578","4302","1532","0.3320985325762337","0.047626847302630185"
"227","300","0.4","0.3","0.2","0.05","0.25","0.65","300","4836","4328","508","0.10504549214226634","4328","1501","0.33022974885427575","0.05650112336807922"
"229","300","0.4","0.3","0.2","0.05","0.25","0.65","300","4808","4283","525","0.10919301164725458","4283","1511","0.32885851832018625","0.058415375186534085"
"228","300","0.4","0.3","0.2","0.05","0.25","0.65","300","4859","4290","569","0.11710228442066269","4290","1525","0.3318257217301479","0.03906347766154891"
"230","300","0.4","0.3","0.2","0.05","0.25","0.65","300","4793","4297","496","0.10348424786146464","4297","1459","0.32508290214987295","0.053116918329031274"
"231","300","0.4","0.3","0.2","0.05","0.25","0.7","300","4625","4227","398","0.08605405405405406","4227","1270","0.32209871234347226","0.040603124084014786"
"232","300","0.4","0.3","0.2","0.05","0.25","0.7","300","4636","4272","364","0.07851596203623813","4272","1218","0.31996960832244803","0.04470219450437928"
"233","300","0.4","0.3","0.2","0.05","0.25","0.7","300","4635","4296","339","0.07313915857605179","4296","1308","0.3239342670954464","0.04019108629908094"
"234","300","0.4","0.3","0.2","0.05","0.25","0.7","300","4680","4260","420","0.08974358974358974","4260","1291","0.32643088333700915","0.04555198347588963"
"235","300","0.4","0.3","0.2","0.05","0.25","0.7","300","4673","4268","405","0.08666809330194736","4268","1252","0.3205714071205066","0.054025748198570145"
"236","300","0.4","0.3","0.2","0.05","0.25","0.7","300","4666","4277","389","0.0833690527218174","4277","1268","0.3185773074370949","0.05188375324148314"
"237","300","0.4","0.3","0.2","0.05","0.25","0.7","300","4650","4241","409","0.08795698924731182","4241","1266","0.3204870673422636","0.04167798402428911"
"238","300","0.4","0.3","0.2","0.05","0.25","0.7","300","4635","4281","354","0.07637540453074433","4281","1254","0.3203214534761048","0.05653946457225615"
"239","300","0.4","0.3","0.2","0.05","0.25","0.7","300","4607","4235","372","0.08074668981983937","4235","1279","0.3216868129373905","0.045890555813121556"
"240","300","0.4","0.3","0.2","0.05","0.25","0.7","300","4631","4225","406","0.08767004966529907","4225","1241","0.31959683159310937","0.04727860449365606"
"241","300","0.4","0.3","0.2","0.05","0.25","0.75","300","4491","4219","272","0.06056557559563572","4219","1069","0.3138950009210651","0.0476832588997892"
"242","300","0.4","0.3","0.2","0.05","0.25","0.75","300","4449","4165","284","0.06383456956619465","4165","1032","0.31231240355634404","0.054694164126435574"
"243","300","0.4","0.3","0.2","0.05","0.25","0.75","300","4510","4207","303","0.0671840354767184","4207","995","0.31444165291281406","0.041902010525582435"
"244","300","0.4","0.3","0.2","0.05","0.25","0.75","300","4496","4207","289","0.06427935943060498","4207","1049","0.31515478954899523","0.047787614019542034"
"245","300","0.4","0.3","0.2","0.05","0.25","0.75","300","4519","4230","289","0.06395220181456074","4230","1072","0.31538839048719863","0.042762060175731365"
"246","300","0.4","0.3","0.2","0.05","0.25","0.75","300","4520","4200","320","0.07079646017699115","4200","1059","0.3150665628793529","0.049760379406652566"
"247","300","0.4","0.3","0.2","0.05","0.25","0.75","300","4534","4239","295","0.0650639611821791","4239","1075","0.31594108103141827","0.050156102233759124"
"249","300","0.4","0.3","0.2","0.05","0.25","0.75","300","4500","4208","292","0.06488888888888888","4208","1064","0.31627812618748297","0.04640043659050198"
"248","300","0.4","0.3","0.2","0.05","0.25","0.75","300","4568","4274","294","0.06436077057793345","4274","1073","0.3148742690904889","0.042564896222939866"
"250","300","0.4","0.3","0.2","0.05","0.25","0.75","300","4510","4181","329","0.0729490022172949","4181","983","0.31179778772023","0.052243979810659064"
"251","300","0.4","0.3","0.2","0.05","0.25","0.8","300","4378","4133","245","0.05596162631338511","4133","857","0.3081380376354113","0.06577500024586538"
"252","300","0.4","0.3","0.2","0.05","0.25","0.8","300","4348","4141","207","0.047608095676172954","4141","799","0.3087363811298236","0.04198922041652378"
"253","300","0.4","0.3","0.2","0.05","0.25","0.8","300","4425","4181","244","0.05514124293785311","4181","852","0.3090036425742231","0.04732031175451183"
"254","300","0.4","0.3","0.2","0.05","0.25","0.8","300","4369","4171","198","0.04531929503318837","4171","810","0.3085962133934817","0.044354641083038"
"257","300","0.4","0.3","0.2","0.05","0.25","0.8","300","4378","4170","208","0.04751027866605756","4170","808","0.30920649912063575","0.04895324008924154"
"255","300","0.4","0.3","0.2","0.05","0.25","0.8","300","4384","4134","250","0.057025547445255474","4134","807","0.3093731672733375","0.053231523134838504"
"256","300","0.4","0.3","0.2","0.05","0.25","0.8","300","4377","4174","203","0.046378798263650906","4174","858","0.31059924660587085","0.044831716294857694"
"259","300","0.4","0.3","0.2","0.05","0.25","0.8","300","4410","4177","233","0.0528344671201814","4177","753","0.3082454455583964","0.03956733775235951"
"258","300","0.4","0.3","0.2","0.05","0.25","0.8","300","4429","4197","232","0.05238202754572138","4197","790","0.31216338804461524","0.04488643360573146"
"260","300","0.4","0.3","0.2","0.05","0.25","0.8","300","4396","4167","229","0.05209281164695177","4167","791","0.3090066348770686","0.03742759083904779"
"261","300","0.4","0.3","0.2","0.05","0.3","0.2","300","10151","3514","6637","0.6538272091419565","3514","2794","0.43794653689899815","0.11503257906055069"
"262","300","0.4","0.3","0.2","0.05","0.3","0.2","300","10333","3495","6838","0.6617632826865383","3495","2785","0.4353699008283356","0.11530243147997168"
"263","300","0.4","0.3","0.2","0.05","0.3","0.2","300","10346","3516","6830","0.6601585153682583","3516","2827","0.45200578711616296","0.10098616539558973"
"264","300","0.4","0.3","0.2","0.05","0.3","0.2","300","10390","3492","6898","0.6639076034648701","3492","2839","0.4413213503631648","0.11581714187109067"
"265","300","0.4","0.3","0.2","0.05","0.3","0.2","300","10396","3492","6904","0.6641015775298191","3492","2813","0.4442379213443899","0.11550428754287385"
"266","300","0.4","0.3","0.2","0.05","0.3","0.2","300","10296","3511","6785","0.6589937839937839","3511","2810","0.4419368977432507","0.10665562861998083"
"267","300","0.4","0.3","0.2","0.05","0.3","0.2","300","10293","3490","6803","0.6609346157582823","3490","2789","0.43994327908635295","0.11027672937807009"
"268","300","0.4","0.3","0.2","0.05","0.3","0.2","300","10307","3482","6825","0.6621713398661104","3482","2781","0.44544322551719584","0.10666835009726328"
"269","300","0.4","0.3","0.2","0.05","0.3","0.2","300","10301","3511","6790","0.6591593049218523","3511","2806","0.4365777816632947","0.12083425378181455"
"270","300","0.4","0.3","0.2","0.05","0.3","0.2","300","10376","3506","6870","0.6621048573631457","3506","2777","0.4431194184922294","0.10296689907641764"
"271","300","0.4","0.3","0.2","0.05","0.3","0.25","300","8827","3615","5212","0.5904610853064461","3615","2681","0.418117353880066","0.09515045319672541"
"276","300","0.4","0.3","0.2","0.05","0.3","0.25","300","8869","3605","5264","0.5935280189423836","3605","2726","0.43393552659504936","0.09071712136157797"
"272","300","0.4","0.3","0.2","0.05","0.3","0.25","300","8951","3614","5337","0.5962462294715675","3614","2703","0.4229418209326222","0.10001761326940925"
"274","300","0.4","0.3","0.2","0.05","0.3","0.25","300","8996","3620","5376","0.5975989328590484","3620","2757","0.42506248141382935","0.0926562305706166"
"275","300","0.4","0.3","0.2","0.05","0.3","0.25","300","8916","3595","5321","0.5967922835352176","3595","2738","0.42456231477062656","0.09887530178178924"
"277","300","0.4","0.3","0.2","0.05","0.3","0.25","300","8809","3640","5169","0.58678624134408","3640","2722","0.424747717628926","0.09119691031951958"
"273","300","0.4","0.3","0.2","0.05","0.3","0.25","300","8961","3591","5370","0.5992634750585872","3591","2682","0.4218299244351227","0.10331088300791073"
"278","300","0.4","0.3","0.2","0.05","0.3","0.25","300","8873","3623","5250","0.5916826327059619","3623","2731","0.4337733713296071","0.0907524331013533"
"279","300","0.4","0.3","0.2","0.05","0.3","0.25","300","8938","3635","5303","0.5933094652047438","3635","2721","0.437329563567032","0.08261492914332638"
"282","300","0.4","0.3","0.2","0.05","0.3","0.3","300","7706","3738","3968","0.5149234362834155","3738","2655","0.42285646778320113","0.07296428955435258"
"281","300","0.4","0.3","0.2","0.05","0.3","0.3","300","7770","3739","4031","0.5187902187902188","3739","2583","0.41486419246350875","0.06971257330838365"
"280","300","0.4","0.3","0.2","0.05","0.3","0.25","300","8975","3617","5358","0.596991643454039","3617","2721","0.42275960647050437","0.09199669161558888"
"283","300","0.4","0.3","0.2","0.05","0.3","0.3","300","7623","3713","3910","0.5129214220123312","3713","2593","0.41662937345578194","0.0800415440143382"
"284","300","0.4","0.3","0.2","0.05","0.3","0.3","300","7799","3713","4086","0.5239133222207976","3713","2596","0.4170880380579321","0.0831098168879428"
"285","300","0.4","0.3","0.2","0.05","0.3","0.3","300","7759","3746","4013","0.5172058254929759","3746","2627","0.42022185412922375","0.07191106515619825"
"286","300","0.4","0.3","0.2","0.05","0.3","0.3","300","7741","3711","4030","0.5206045730525772","3711","2636","0.4115210485224841","0.08197438258792464"
"288","300","0.4","0.3","0.2","0.05","0.3","0.3","300","7618","3741","3877","0.5089262273562615","3741","2549","0.4100088908239257","0.07709440970198356"
"289","300","0.4","0.3","0.2","0.05","0.3","0.3","300","7688","3740","3948","0.5135275754422477","3740","2624","0.4245038884250392","0.07421107211425593"
"287","300","0.4","0.3","0.2","0.05","0.3","0.3","300","7771","3718","4053","0.5215544974906704","3718","2553","0.41004415516393256","0.08186631402653335"
"290","300","0.4","0.3","0.2","0.05","0.3","0.3","300","7777","3715","4062","0.5223093737945224","3715","2615","0.41201359395643317","0.08168641139875413"
"291","300","0.4","0.3","0.2","0.05","0.3","0.35","300","6688","3845","2843","0.42508971291866027","3845","2517","0.4056391856198679","0.06684828505627045"
"292","300","0.4","0.3","0.2","0.05","0.3","0.35","300","6732","3798","2934","0.4358288770053476","3798","2434","0.40233086718299527","0.07509462484325352"
"294","300","0.4","0.3","0.2","0.05","0.3","0.35","300","6728","3815","2913","0.4329667063020214","3815","2462","0.40157396078656477","0.06613522356521462"
"293","300","0.4","0.3","0.2","0.05","0.3","0.35","300","6758","3817","2941","0.4351879254217224","3817","2453","0.40040663322659553","0.08082573644365494"
"295","300","0.4","0.3","0.2","0.05","0.3","0.35","300","6770","3810","2960","0.43722304283604135","3810","2459","0.4015589480581909","0.07114709479941167"
"296","300","0.4","0.3","0.2","0.05","0.3","0.35","300","6780","3814","2966","0.4374631268436578","3814","2484","0.40315362905484525","0.0705151968568257"
"300","300","0.4","0.3","0.2","0.05","0.3","0.35","300","6659","3804","2855","0.42874305451268957","3804","2478","0.39745380435277716","0.07295204804291215"
"298","300","0.4","0.3","0.2","0.05","0.3","0.35","300","6707","3824","2883","0.42984941106306845","3824","2461","0.3987555807943962","0.06632540036817385"
"297","300","0.4","0.3","0.2","0.05","0.3","0.35","300","6781","3796","2985","0.4402005603893231","3796","2444","0.39119297194418673","0.07580558847758065"
"299","300","0.4","0.3","0.2","0.05","0.3","0.35","300","6759","3784","2975","0.44015386891552005","3784","2469","0.4060073846476158","0.06884695393355023"
"302","300","0.4","0.3","0.2","0.05","0.3","0.4","300","5964","3851","2113","0.35429242119382964","3851","2323","0.3844354377975749","0.0701020600947555"
"301","300","0.4","0.3","0.2","0.05","0.3","0.4","300","6114","3844","2270","0.3712790317304547","3844","2387","0.3877172633025611","0.06020871628884041"
"303","300","0.4","0.3","0.2","0.05","0.3","0.4","300","6058","3868","2190","0.36150544734235723","3868","2345","0.39512699200633195","0.058077677844013874"
"304","300","0.4","0.3","0.2","0.05","0.3","0.4","300","6054","3879","2175","0.35926660059464816","3879","2352","0.3812654656607908","0.06127786919268377"
"308","300","0.4","0.3","0.2","0.05","0.3","0.4","300","6061","3847","2214","0.36528625639333445","3847","2330","0.3850219295469515","0.06909842989886497"
"305","300","0.4","0.3","0.2","0.05","0.3","0.4","300","6086","3832","2254","0.37035819914558005","3832","2311","0.38696934223978197","0.06903196775472387"
"306","300","0.4","0.3","0.2","0.05","0.3","0.4","300","6041","3857","2184","0.36152954808806487","3857","2268","0.3891159044512543","0.0632852812594967"
"307","300","0.4","0.3","0.2","0.05","0.3","0.4","300","5970","3830","2140","0.35845896147403683","3830","2215","0.3779470494863697","0.06316586118795561"
"309","300","0.4","0.3","0.2","0.05","0.3","0.4","300","5947","3839","2108","0.3544644358500084","3839","2258","0.3928781572381543","0.05368407210372953"
"310","300","0.4","0.3","0.2","0.05","0.3","0.4","300","6068","3826","2242","0.3694792353328939","3826","2304","0.3890023394399363","0.06922391471629853"
"312","300","0.4","0.3","0.2","0.05","0.3","0.45","300","5432","3877","1555","0.2862665684830633","3877","2152","0.3737690657233319","0.05677281426180492"
"311","300","0.4","0.3","0.2","0.05","0.3","0.45","300","5422","3911","1511","0.2786794540759867","3911","2087","0.37688579257165533","0.0489871181276661"
"313","300","0.4","0.3","0.2","0.05","0.3","0.45","300","5489","3902","1587","0.2891237019493533","3902","2128","0.372622657481126","0.05633500115957241"
"314","300","0.4","0.3","0.2","0.05","0.3","0.45","300","5506","3863","1643","0.2984017435524882","3863","2145","0.3745754824600875","0.05184739254774116"
"315","300","0.4","0.3","0.2","0.05","0.3","0.45","300","5488","3862","1626","0.29628279883381925","3862","2176","0.3774196433340297","0.05273217446927918"
"316","300","0.4","0.3","0.2","0.05","0.3","0.45","300","5463","3891","1572","0.28775398132894014","3891","2131","0.37003256732879536","0.05979813964665221"
"317","300","0.4","0.3","0.2","0.05","0.3","0.45","300","5459","3876","1583","0.2899798497893387","3876","2136","0.3773693097271727","0.0576467907757399"
"319","300","0.4","0.3","0.2","0.05","0.3","0.45","300","5505","3895","1610","0.2924613987284287","3895","2151","0.37327014996153995","0.060660002864467766"
"320","300","0.4","0.3","0.2","0.05","0.3","0.45","300","5456","3902","1554","0.28482404692082114","3902","2120","0.37749738352685097","0.04407403594221977"
"321","300","0.4","0.3","0.2","0.05","0.3","0.5","300","5090","3881","1209","0.237524557956778","3881","1937","0.3568666140703834","0.05727030078110449"
"322","300","0.4","0.3","0.2","0.05","0.3","0.5","300","5067","3938","1129","0.2228142885336491","3938","1909","0.36063652957730313","0.04555071298547317"
"318","300","0.4","0.3","0.2","0.05","0.3","0.45","300","5481","3858","1623","0.2961138478379858","3858","2085","0.3679823754993593","0.05463729219947636"
"323","300","0.4","0.3","0.2","0.05","0.3","0.5","300","5078","3893","1185","0.2333595903899173","3893","1952","0.3587834974492831","0.05597452284611939"
"327","300","0.4","0.3","0.2","0.05","0.3","0.5","300","5125","3905","1220","0.23804878048780487","3905","1895","0.3611646701641238","0.055877470574454254"
"325","300","0.4","0.3","0.2","0.05","0.3","0.5","300","5149","3912","1237","0.2402408234608662","3912","2024","0.36768121082214583","0.051161251683461986"
"329","300","0.4","0.3","0.2","0.05","0.3","0.5","300","5053","3911","1142","0.2260043538491985","3911","1964","0.3661599612667496","0.04929580452707059"
"328","300","0.4","0.3","0.2","0.05","0.3","0.5","300","5091","3908","1183","0.23237085052052642","3908","1974","0.3612177099517316","0.04484647576403171"
"324","300","0.4","0.3","0.2","0.05","0.3","0.5","300","5046","3890","1156","0.22909235037653586","3890","1969","0.3606322106822072","0.054684823679634946"
"333","300","0.4","0.3","0.2","0.05","0.3","0.55","300","4813","3894","919","0.19094120091419073","3894","1708","0.3498534598011325","0.0405805243540465"
"332","300","0.4","0.3","0.2","0.05","0.3","0.55","300","4821","3923","898","0.18626840904376685","3923","1763","0.3506007128629824","0.05106697679505385"
"326","300","0.4","0.3","0.2","0.05","0.3","0.5","300","5020","3856","1164","0.23187250996015937","3856","1941","0.35929977207211306","0.053409449748094764"
"334","300","0.4","0.3","0.2","0.05","0.3","0.55","300","4723","3881","842","0.17827651916154985","3881","1751","0.3528920928361277","0.04955360303437292"
"330","300","0.4","0.3","0.2","0.05","0.3","0.5","300","5095","3883","1212","0.2378802747791953","3883","1964","0.36062716186655375","0.058757836387027744"
"331","300","0.4","0.3","0.2","0.05","0.3","0.55","300","4771","3932","839","0.1758541186334102","3932","1783","0.34773951941460024","0.04354432679562239"
"335","300","0.4","0.3","0.2","0.05","0.3","0.55","300","4780","3874","906","0.1895397489539749","3874","1730","0.34756931816833136","0.043670446707721786"
"336","300","0.4","0.3","0.2","0.05","0.3","0.55","300","4721","3893","828","0.17538657064181318","3893","1755","0.3478153605662582","0.04800443000385094"
"339","300","0.4","0.3","0.2","0.05","0.3","0.55","300","4748","3894","854","0.17986520640269588","3894","1809","0.34769839368495475","0.0492635863356011"
"338","300","0.4","0.3","0.2","0.05","0.3","0.55","300","4730","3905","825","0.1744186046511628","3905","1740","0.34729842508113073","0.05602332638908955"
"340","300","0.4","0.3","0.2","0.05","0.3","0.55","300","4707","3907","800","0.16995963458678565","3907","1742","0.3472120178323731","0.04538693302852088"
"337","300","0.4","0.3","0.2","0.05","0.3","0.55","300","4757","3844","913","0.19192768551608155","3844","1740","0.34225700416294885","0.06214221241906189"
"344","300","0.4","0.3","0.2","0.05","0.3","0.6","300","4521","3869","652","0.14421588144215883","3869","1603","0.34229088497569354","0.04667472682402195"
"343","300","0.4","0.3","0.2","0.05","0.3","0.6","300","4569","3876","693","0.15167432698621142","3876","1588","0.3434324382012829","0.04822511281513907"
"341","300","0.4","0.3","0.2","0.05","0.3","0.6","300","4555","3877","678","0.14884742041712404","3877","1578","0.33872500950037676","0.04731172604943427"
"342","300","0.4","0.3","0.2","0.05","0.3","0.6","300","4520","3892","628","0.13893805309734514","3892","1517","0.33768954915988575","0.044222579869982875"
"345","300","0.4","0.3","0.2","0.05","0.3","0.6","300","4482","3850","632","0.14100847835787594","3850","1520","0.34103327151067137","0.04347758343845974"
"347","300","0.4","0.3","0.2","0.05","0.3","0.6","300","4490","3886","604","0.13452115812917595","3886","1598","0.3346065235917155","0.047090786829440956"
"348","300","0.4","0.3","0.2","0.05","0.3","0.6","300","4500","3886","614","0.13644444444444445","3886","1542","0.337575759293177","0.042059422957264773"
"350","300","0.4","0.3","0.2","0.05","0.3","0.6","300","4484","3854","630","0.14049955396966993","3854","1573","0.33716148847923294","0.050256997196604036"
"346","300","0.4","0.3","0.2","0.05","0.3","0.6","300","4476","3881","595","0.13293118856121536","3881","1583","0.3352289326216418","0.05051849545248539"
"351","300","0.4","0.3","0.2","0.05","0.3","0.65","300","4306","3819","487","0.11309800278680911","3819","1331","0.32741040161078044","0.05541895512936665"
"353","300","0.4","0.3","0.2","0.05","0.3","0.65","300","4330","3848","482","0.11131639722863741","3848","1307","0.32766411469082274","0.04681345659219758"
"356","300","0.4","0.3","0.2","0.05","0.3","0.65","300","4314","3846","468","0.10848400556328233","3846","1298","0.3266301578191816","0.04770468371666043"
"349","300","0.4","0.3","0.2","0.05","0.3","0.6","300","4545","3890","655","0.14411441144114412","3890","1568","0.33455082545012893","0.050070605989869586"
"352","300","0.4","0.3","0.2","0.05","0.3","0.65","300","4332","3861","471","0.10872576177285319","3861","1360","0.330486163257242","0.04372928319256179"
"354","300","0.4","0.3","0.2","0.05","0.3","0.65","300","4267","3811","456","0.10686665104288727","3811","1271","0.3284224924684994","0.05316709918134104"
"359","300","0.4","0.3","0.2","0.05","0.3","0.65","300","4341","3825","516","0.1188666205943331","3825","1333","0.3292893356019573","0.04289152544155981"
"355","300","0.4","0.3","0.2","0.05","0.3","0.65","300","4254","3795","459","0.1078984485190409","3795","1344","0.32990165547520683","0.04787075359508153"
"360","300","0.4","0.3","0.2","0.05","0.3","0.65","300","4308","3821","487","0.11304549675023212","3821","1329","0.3277322044932151","0.04084737793258855"
"357","300","0.4","0.3","0.2","0.05","0.3","0.65","300","4340","3876","464","0.10691244239631337","3876","1339","0.3292258667201601","0.04195037494450036"
"358","300","0.4","0.3","0.2","0.05","0.3","0.65","300","4279","3834","445","0.10399626080860014","3834","1342","0.32651847910537213","0.043426407807739154"
"361","300","0.4","0.3","0.2","0.05","0.3","0.7","300","4194","3813","381","0.09084406294706723","3813","1157","0.32093061282476476","0.0462078433792195"
"362","300","0.4","0.3","0.2","0.05","0.3","0.7","300","4197","3838","359","0.08553728853943293","3838","1118","0.32140012033519627","0.03743012444383886"
"363","300","0.4","0.3","0.2","0.05","0.3","0.7","300","4173","3838","335","0.08027797747423916","3838","1166","0.3213222285016245","0.040440909604149804"
"364","300","0.4","0.3","0.2","0.05","0.3","0.7","300","4224","3847","377","0.08925189393939394","3847","1144","0.31985994068687856","0.04103810754667213"
"367","300","0.4","0.3","0.2","0.05","0.3","0.7","300","4215","3859","356","0.08446026097271649","3859","1183","0.3216068297034758","0.04232274361223705"
"365","300","0.4","0.3","0.2","0.05","0.3","0.7","300","4159","3830","329","0.07910555421976437","3830","1136","0.3200115207888329","0.04484730811991768"
"366","300","0.4","0.3","0.2","0.05","0.3","0.7","300","4142","3822","320","0.0772573635924674","3822","1141","0.32114473375198654","0.0472444774931819"
"368","300","0.4","0.3","0.2","0.05","0.3","0.7","300","4224","3852","372","0.08806818181818182","3852","1098","0.3182633936657629","0.04255714957608515"
"370","300","0.4","0.3","0.2","0.05","0.3","0.7","300","4142","3779","363","0.08763882182520522","3779","1136","0.32184762704917813","0.04435727461000218"
"369","300","0.4","0.3","0.2","0.05","0.3","0.7","300","4168","3840","328","0.07869481765834933","3840","1176","0.32101066362508945","0.04467617923824903"
"371","300","0.4","0.3","0.2","0.05","0.3","0.75","300","4015","3776","239","0.05952677459526775","3776","919","0.31421606014176934","0.03886811750710246"
"372","300","0.4","0.3","0.2","0.05","0.3","0.75","300","4105","3831","274","0.06674786845310597","3831","962","0.3141299187455202","0.046795045101625084"
"375","300","0.4","0.3","0.2","0.05","0.3","0.75","300","4059","3784","275","0.06775067750677506","3784","954","0.31511891312187457","0.04112678746852672"
"374","300","0.4","0.3","0.2","0.05","0.3","0.75","300","4018","3788","230","0.057242409158785465","3788","964","0.31573909889708535","0.04414403805523072"
"376","300","0.4","0.3","0.2","0.05","0.3","0.75","300","4062","3759","303","0.07459379615952733","3759","969","0.31455751154404665","0.04125769580206325"
"373","300","0.4","0.3","0.2","0.05","0.3","0.75","300","4080","3805","275","0.06740196078431372","3805","911","0.3131282095582269","0.03992907578309795"
"377","300","0.4","0.3","0.2","0.05","0.3","0.75","300","4039","3784","255","0.06313443921762812","3784","967","0.3128600590259052","0.04654833136072348"
"378","300","0.4","0.3","0.2","0.05","0.3","0.75","300","4081","3813","268","0.06567017887772605","3813","958","0.3157736566975348","0.035111169593580155"
"379","300","0.4","0.3","0.2","0.05","0.3","0.75","300","4005","3755","250","0.062421972534332085","3755","897","0.31500322750653753","0.05060349468244811"
"380","300","0.4","0.3","0.2","0.05","0.3","0.75","300","4029","3763","266","0.06602134524695955","3763","923","0.3149476645467361","0.05413773832289876"
"382","300","0.4","0.3","0.2","0.05","0.3","0.8","300","3947","3751","196","0.04965796807702052","3751","742","0.3096387013520801","0.040723553937590806"
"385","300","0.4","0.3","0.2","0.05","0.3","0.8","300","3945","3731","214","0.05424588086185044","3731","747","0.3085139929154347","0.04085954916641825"
"383","300","0.4","0.3","0.2","0.05","0.3","0.8","300","3981","3782","199","0.04998744034162271","3782","751","0.3087107320291519","0.039415472229298004"
"384","300","0.4","0.3","0.2","0.05","0.3","0.8","300","3987","3747","240","0.06019563581640331","3747","728","0.3093297004602955","0.04591328319317211"
"387","300","0.4","0.3","0.2","0.05","0.3","0.8","300","3934","3746","188","0.04778851042196238","3746","739","0.30942574090611646","0.04566697669630198"
"381","300","0.4","0.3","0.2","0.05","0.3","0.8","300","3993","3787","206","0.051590282995241675","3787","773","0.3085486992851759","0.03785817474723738"
"386","300","0.4","0.3","0.2","0.05","0.3","0.8","300","3913","3733","180","0.04600051111679019","3733","722","0.3093856370341835","0.038906069701207094"
"390","300","0.4","0.3","0.2","0.05","0.3","0.8","300","3952","3761","191","0.04832995951417004","3761","750","0.3096521711106088","0.04097995191819655"
"389","300","0.4","0.3","0.2","0.05","0.3","0.8","300","3959","3765","194","0.049002273301338724","3765","729","0.30713463179376227","0.052599940264394886"
"388","300","0.4","0.3","0.2","0.05","0.3","0.8","300","3932","3752","180","0.04577822990844354","3752","724","0.3081127591313841","0.04569715771805627"
"391","300","0.4","0.3","0.2","0.05","0.35","0.2","300","9412","3165","6247","0.6637271568210795","3165","2557","0.43844197906641585","0.09415063110374934"
"392","300","0.4","0.3","0.2","0.05","0.35","0.2","300","9357","3160","6197","0.6622849203804638","3160","2483","0.43805839539430935","0.09932264503388911"
"395","300","0.4","0.3","0.2","0.05","0.35","0.2","300","9401","3143","6258","0.6656738644825019","3143","2534","0.43645684784649785","0.10881316417962049"
"393","300","0.4","0.3","0.2","0.05","0.35","0.2","300","9353","3166","6187","0.6614989842831177","3166","2544","0.44306899759753066","0.09709473598082524"
"396","300","0.4","0.3","0.2","0.05","0.35","0.2","300","9475","3160","6315","0.666490765171504","3160","2535","0.44143473172572517","0.09372447819936128"
"394","300","0.4","0.3","0.2","0.05","0.35","0.2","300","9394","3155","6239","0.6641473280817544","3155","2528","0.44306338075479573","0.0964090139095549"
"397","300","0.4","0.3","0.2","0.05","0.35","0.2","300","9360","3166","6194","0.6617521367521367","3166","2522","0.4369392893133268","0.09440368415120731"
"398","300","0.4","0.3","0.2","0.05","0.35","0.2","300","9398","3170","6228","0.6626941902532454","3170","2511","0.43926379337027716","0.09130799667891921"
"399","300","0.4","0.3","0.2","0.05","0.35","0.2","300","9364","3150","6214","0.6636052968816745","3150","2501","0.4368529780195091","0.10155621541479462"
"400","300","0.4","0.3","0.2","0.05","0.35","0.2","300","9464","3178","6286","0.6642011834319527","3178","2520","0.4423406922552804","0.08469241849608772"
"401","300","0.4","0.3","0.2","0.05","0.35","0.25","300","7871","3289","4582","0.5821369584550883","3289","2469","0.42908230346482895","0.08010562246116142"
"405","300","0.4","0.3","0.2","0.05","0.35","0.25","300","8101","3260","4841","0.5975805456116529","3260","2464","0.4280097690893236","0.08638243536789793"
"404","300","0.4","0.3","0.2","0.05","0.35","0.25","300","8031","3280","4751","0.5915826173577388","3280","2486","0.4213426136722758","0.0844596569651535"
"406","300","0.4","0.3","0.2","0.05","0.35","0.25","300","7968","3284","4684","0.5878514056224899","3284","2487","0.42952747461122387","0.08673087319188609"
"403","300","0.4","0.3","0.2","0.05","0.35","0.25","300","8018","3279","4739","0.5910451484160638","3279","2484","0.430056309070105","0.0849703023785676"
"402","300","0.4","0.3","0.2","0.05","0.35","0.25","300","8052","3254","4798","0.5958768007948336","3254","2460","0.4228436386332734","0.0850814947413278"
"409","300","0.4","0.3","0.2","0.05","0.35","0.25","300","8161","3245","4916","0.6023771596618062","3245","2433","0.4235675804425497","0.08086745263971555"
"407","300","0.4","0.3","0.2","0.05","0.35","0.25","300","7853","3296","4557","0.5802877881064561","3296","2488","0.4220525140291709","0.0884224610311698"
"411","300","0.4","0.3","0.2","0.05","0.35","0.3","300","6985","3340","3645","0.521832498210451","3340","2332","0.41174414845285895","0.0740017157349052"
"412","300","0.4","0.3","0.2","0.05","0.35","0.3","300","7015","3362","3653","0.5207412687099073","3362","2337","0.41403950899417913","0.06759596956011646"
"408","300","0.4","0.3","0.2","0.05","0.35","0.25","300","8011","3261","4750","0.5929347147671951","3261","2406","0.4190027349097702","0.08898336270986645"
"413","300","0.4","0.3","0.2","0.05","0.35","0.3","300","6794","3401","3393","0.49941124521636737","3401","2353","0.41024802809706673","0.06942608628338905"
"414","300","0.4","0.3","0.2","0.05","0.35","0.3","300","6717","3400","3317","0.4938216465684085","3400","2357","0.4121164218739041","0.07089825120910057"
"416","300","0.4","0.3","0.2","0.05","0.35","0.3","300","6974","3369","3605","0.5169199885288214","3369","2335","0.4205617524865859","0.06324540420990636"
"410","300","0.4","0.3","0.2","0.05","0.35","0.25","300","8057","3276","4781","0.5933970460469157","3276","2449","0.4277981302410198","0.07778912887468019"
"415","300","0.4","0.3","0.2","0.05","0.35","0.3","300","6784","3356","3428","0.5053066037735849","3356","2394","0.4146618417560492","0.07622460777813535"
"418","300","0.4","0.3","0.2","0.05","0.35","0.3","300","6856","3366","3490","0.5090431738623103","3366","2368","0.4187274970346353","0.06632337306212625"
"421","300","0.4","0.3","0.2","0.05","0.35","0.35","300","6051","3438","2613","0.43182944967773923","3438","2239","0.39892159103839603","0.06555062269574706"
"417","300","0.4","0.3","0.2","0.05","0.35","0.3","300","6922","3369","3553","0.5132909563709911","3369","2390","0.4183690630739382","0.06899358762135284"
"419","300","0.4","0.3","0.2","0.05","0.35","0.3","300","6791","3383","3408","0.5018406714769548","3383","2363","0.41691833286529323","0.07201792173531184"
"420","300","0.4","0.3","0.2","0.05","0.35","0.3","300","6876","3336","3540","0.5148342059336823","3336","2319","0.40377983836135145","0.08236021809311093"
"422","300","0.4","0.3","0.2","0.05","0.35","0.35","300","6153","3407","2746","0.44628636437510155","3407","2194","0.3933404820515817","0.06666568168871499"
"423","300","0.4","0.3","0.2","0.05","0.35","0.35","300","6040","3444","2596","0.42980132450331127","3444","2244","0.4058211774162591","0.05437020219522156"
"424","300","0.4","0.3","0.2","0.05","0.35","0.35","300","6007","3433","2574","0.4285000832362244","3433","2219","0.39211637014121997","0.07274054255951935"
"426","300","0.4","0.3","0.2","0.05","0.35","0.35","300","6098","3445","2653","0.43506067563135453","3445","2222","0.3930262082666631","0.061320675227394844"
"427","300","0.4","0.3","0.2","0.05","0.35","0.35","300","6017","3445","2572","0.4274555426292172","3445","2227","0.39346925983818687","0.060581461263123554"
"425","300","0.4","0.3","0.2","0.05","0.35","0.35","300","6064","3423","2641","0.4355211081794195","3423","2211","0.3973539616066061","0.0701183432413715"
"428","300","0.4","0.3","0.2","0.05","0.35","0.35","300","6086","3444","2642","0.43411107459743675","3444","2258","0.40407793186123153","0.05540640303131141"
"429","300","0.4","0.3","0.2","0.05","0.35","0.35","300","5992","3451","2541","0.42406542056074764","3451","2206","0.3952130387880745","0.056838807837312544"
"430","300","0.4","0.3","0.2","0.05","0.35","0.35","300","5973","3445","2528","0.42323790390088734","3445","2219","0.39711701025433327","0.07031270007348651"
"431","300","0.4","0.3","0.2","0.05","0.35","0.4","300","5456","3482","1974","0.3618035190615836","3482","2095","0.3820400061691745","0.05935014313013171"
"433","300","0.4","0.3","0.2","0.05","0.35","0.4","300","5336","3505","1831","0.3431409295352324","3505","2087","0.3808419862277284","0.055991478570743984"
"434","300","0.4","0.3","0.2","0.05","0.35","0.4","300","5457","3493","1964","0.35990470954737036","3493","2124","0.3934639776117968","0.04618278593353547"
"436","300","0.4","0.3","0.2","0.05","0.35","0.4","300","5456","3500","1956","0.3585043988269795","3500","2072","0.3851906556051526","0.04608697396946271"
"432","300","0.4","0.3","0.2","0.05","0.35","0.4","300","5473","3491","1982","0.3621414215238443","3491","2075","0.38155196645070655","0.050364403085265644"
"435","300","0.4","0.3","0.2","0.05","0.35","0.4","300","5475","3476","1999","0.36511415525114155","3476","2075","0.3893374505250515","0.054475043695933735"
"438","300","0.4","0.3","0.2","0.05","0.35","0.4","300","5449","3481","1968","0.3611671866397504","3481","2046","0.38529583313554056","0.05412132406407844"
"437","300","0.4","0.3","0.2","0.05","0.35","0.4","300","5426","3502","1924","0.354589015849613","3502","2094","0.39034541104032067","0.05593053153696038"
"440","300","0.4","0.3","0.2","0.05","0.35","0.4","300","5421","3462","1959","0.36137244050913114","3462","2091","0.383278017181371","0.05637951967447491"
"439","300","0.4","0.3","0.2","0.05","0.35","0.4","300","5413","3506","1907","0.35230001847404396","3506","2082","0.3844261159798589","0.06176378101110796"
"442","300","0.4","0.3","0.2","0.05","0.35","0.45","300","4956","3511","1445","0.29156577885391444","3511","1944","0.3699558269471792","0.04870791178320874"
"441","300","0.4","0.3","0.2","0.05","0.35","0.45","300","4916","3537","1379","0.2805126118795769","3537","1970","0.3704097002452567","0.05197170073433567"
"443","300","0.4","0.3","0.2","0.05","0.35","0.45","300","4957","3522","1435","0.2894896106516038","3522","1936","0.37602956602617665","0.048488164489751934"
"444","300","0.4","0.3","0.2","0.05","0.35","0.45","300","4969","3488","1481","0.2980478969611592","3488","1925","0.37152629401940657","0.05493705681308838"
"445","300","0.4","0.3","0.2","0.05","0.35","0.45","300","4980","3530","1450","0.29116465863453816","3530","1885","0.371830264691369","0.05103461067032735"
"446","300","0.4","0.3","0.2","0.05","0.35","0.45","300","4951","3531","1420","0.286810745303979","3531","1899","0.3747254899266898","0.04753148606325508"
"447","300","0.4","0.3","0.2","0.05","0.35","0.45","300","5019","3516","1503","0.2994620442319187","3516","1954","0.3691182844800654","0.06038327319822529"
"449","300","0.4","0.3","0.2","0.05","0.35","0.45","300","4984","3554","1430","0.28691813804173355","3554","1909","0.3665337350732413","0.047754240762785664"
"451","300","0.4","0.3","0.2","0.05","0.35","0.5","300","4575","3527","1048","0.22907103825136613","3527","1769","0.35602311078415527","0.05319197812050748"
"448","300","0.4","0.3","0.2","0.05","0.35","0.45","300","4970","3518","1452","0.2921529175050302","3518","1942","0.3721160101668828","0.05422261450356302"
"450","300","0.4","0.3","0.2","0.05","0.35","0.45","300","4965","3481","1484","0.2988922457200403","3481","1880","0.36983321997638324","0.058376205042260015"
"452","300","0.4","0.3","0.2","0.05","0.35","0.5","300","4584","3559","1025","0.22360383944153578","3559","1777","0.35786684946626723","0.04849254004834705"
"453","300","0.4","0.3","0.2","0.05","0.35","0.5","300","4593","3526","1067","0.23231003701284564","3526","1768","0.3621173593344635","0.050185282842456165"
"455","300","0.4","0.3","0.2","0.05","0.35","0.5","300","4577","3558","1019","0.22263491369892943","3558","1768","0.3627176155917394","0.03822767954811654"
"454","300","0.4","0.3","0.2","0.05","0.35","0.5","300","4581","3536","1045","0.22811613184894128","3536","1766","0.35588420689340455","0.04831084733361426"
"458","300","0.4","0.3","0.2","0.05","0.35","0.5","300","4565","3515","1050","0.23001095290251916","3515","1728","0.35546687228709123","0.057781800278552696"
"456","300","0.4","0.3","0.2","0.05","0.35","0.5","300","4619","3562","1057","0.2288374106949556","3562","1849","0.36013589359541043","0.04552778908846767"
"457","300","0.4","0.3","0.2","0.05","0.35","0.5","300","4661","3550","1111","0.23836086676678825","3550","1780","0.359506132439516","0.046886850329717976"
"459","300","0.4","0.3","0.2","0.05","0.35","0.5","300","4652","3532","1120","0.2407566638005159","3532","1729","0.35868235005317006","0.05476966509782056"
"461","300","0.4","0.3","0.2","0.05","0.35","0.55","300","4346","3558","788","0.18131615278416935","3558","1640","0.350618159834492","0.044632600915161594"
"462","300","0.4","0.3","0.2","0.05","0.35","0.55","300","4291","3561","730","0.17012351433232348","3561","1589","0.34647042017562196","0.04372753519129906"
"460","300","0.4","0.3","0.2","0.05","0.35","0.5","300","4648","3514","1134","0.24397590361445784","3514","1710","0.3656304133463404","0.05047348758394779"
"463","300","0.4","0.3","0.2","0.05","0.35","0.55","300","4388","3546","842","0.1918869644484959","3546","1597","0.3486292357501279","0.0408745300209413"
"465","300","0.4","0.3","0.2","0.05","0.35","0.55","300","4359","3531","828","0.1899518238128011","3531","1611","0.348358999100796","0.037177652074892605"
"468","300","0.4","0.3","0.2","0.05","0.35","0.55","300","4359","3578","781","0.17916953429685709","3578","1631","0.3524667942370639","0.036068223487886034"
"467","300","0.4","0.3","0.2","0.05","0.35","0.55","300","4347","3567","780","0.17943409247757075","3567","1603","0.3528597754912943","0.03934120172899615"
"466","300","0.4","0.3","0.2","0.05","0.35","0.55","300","4347","3555","792","0.18219461697722567","3555","1611","0.34800329340272446","0.04742627218033206"
"469","300","0.4","0.3","0.2","0.05","0.35","0.55","300","4340","3510","830","0.1912442396313364","3510","1607","0.3464303421946884","0.03994964853066529"
"464","300","0.4","0.3","0.2","0.05","0.35","0.55","300","4317","3543","774","0.17929117442668518","3543","1579","0.34794783629620646","0.040404788661195054"
"470","300","0.4","0.3","0.2","0.05","0.35","0.55","300","4356","3571","785","0.18021120293847567","3571","1615","0.3526787669784163","0.04511080026758184"
"471","300","0.4","0.3","0.2","0.05","0.35","0.6","300","4127","3553","574","0.13908408044584444","3553","1405","0.33360868606895194","0.0486834813471869"
"472","300","0.4","0.3","0.2","0.05","0.35","0.6","300","4192","3568","624","0.14885496183206107","3568","1409","0.33529357915622504","0.04426174111429156"
"475","300","0.4","0.3","0.2","0.05","0.35","0.6","300","4114","3538","576","0.14000972289742344","3538","1422","0.34167460839088465","0.04813841980517909"
"473","300","0.4","0.3","0.2","0.05","0.35","0.6","300","4181","3566","615","0.1470939966515188","3566","1445","0.33924413419914534","0.04178973121281756"
"476","300","0.4","0.3","0.2","0.05","0.35","0.6","300","4141","3555","586","0.14151171214682443","3555","1389","0.33298209380933513","0.03741670815745162"
"474","300","0.4","0.3","0.2","0.05","0.35","0.6","300","4116","3546","570","0.13848396501457727","3546","1399","0.3412443697923752","0.04428283136882602"
"477","300","0.4","0.3","0.2","0.05","0.35","0.6","300","4152","3566","586","0.14113680154142583","3566","1425","0.337491035483144","0.043861768384780536"
"478","300","0.4","0.3","0.2","0.05","0.35","0.6","300","4154","3537","617","0.1485315358690419","3537","1449","0.3456159703250092","0.03966727571728341"
"479","300","0.4","0.3","0.2","0.05","0.35","0.6","300","4190","3590","600","0.1431980906921241","3590","1457","0.34161511188940397","0.044858465133090226"
"480","300","0.4","0.3","0.2","0.05","0.35","0.6","300","4074","3512","562","0.13794796269023074","3512","1412","0.33905151270702605","0.04659793793240882"
"482","300","0.4","0.3","0.2","0.05","0.35","0.65","300","4011","3555","456","0.11368735976065819","3555","1253","0.3306984861087483","0.04156950170752955"
"481","300","0.4","0.3","0.2","0.05","0.35","0.65","300","4021","3555","466","0.11589156926137777","3555","1280","0.3296398409370029","0.03821472041477352"
"484","300","0.4","0.3","0.2","0.05","0.35","0.65","300","3997","3539","458","0.11458593945459095","3539","1220","0.3283112800063598","0.0413516372801361"
"483","300","0.4","0.3","0.2","0.05","0.35","0.65","300","3976","3525","451","0.11343058350100603","3525","1249","0.33150350237324405","0.044613435368340726"
"485","300","0.4","0.3","0.2","0.05","0.35","0.65","300","3980","3568","412","0.1035175879396985","3568","1224","0.3281864089567716","0.05030315296842712"
"486","300","0.4","0.3","0.2","0.05","0.35","0.65","300","3949","3525","424","0.10736895416561154","3525","1244","0.33121234128144555","0.03737995778910797"
"487","300","0.4","0.3","0.2","0.05","0.35","0.65","300","4026","3559","467","0.11599602583209141","3559","1251","0.32946087960481013","0.03850487910667733"
"488","300","0.4","0.3","0.2","0.05","0.35","0.65","300","4014","3559","455","0.11335326357747882","3559","1259","0.3287589142603294","0.04152831803335516"
"490","300","0.4","0.3","0.2","0.05","0.35","0.65","300","3992","3528","464","0.11623246492985972","3528","1261","0.3278599385136132","0.04112419625295587"
"489","300","0.4","0.3","0.2","0.05","0.35","0.65","300","3963","3503","460","0.116073681554378","3503","1257","0.3333740187145271","0.037315903792795396"
"491","300","0.4","0.3","0.2","0.05","0.35","0.7","300","3851","3524","327","0.08491300960789405","3524","1088","0.32037703362627185","0.040573014300077724"
"492","300","0.4","0.3","0.2","0.05","0.35","0.7","300","3897","3547","350","0.08981267641775725","3547","1048","0.3225202519607123","0.032004027782276595"
"493","300","0.4","0.3","0.2","0.05","0.35","0.7","300","3802","3474","328","0.08627038400841662","3474","1081","0.32244037478792115","0.0409032148508077"
"494","300","0.4","0.3","0.2","0.05","0.35","0.7","300","3847","3533","314","0.08162204315050689","3533","1073","0.3224641582500126","0.04620461679870506"
"495","300","0.4","0.3","0.2","0.05","0.35","0.7","300","3846","3539","307","0.07982319292771711","3539","1128","0.32441205688765284","0.03727921004095822"
"496","300","0.4","0.3","0.2","0.05","0.35","0.7","300","3858","3538","320","0.08294453084499741","3538","1057","0.3204189875770471","0.04557882595473301"
"497","300","0.4","0.3","0.2","0.05","0.35","0.7","300","3835","3486","349","0.0910039113428944","3486","1081","0.3231443814737957","0.04074905892067315"
"499","300","0.4","0.3","0.2","0.05","0.35","0.7","300","3836","3515","321","0.08368091762252346","3515","1094","0.32526782561015427","0.03704015001602675"
"498","300","0.4","0.3","0.2","0.05","0.35","0.7","300","3846","3521","325","0.0845033801352054","3521","1085","0.3207222674155785","0.04633743143950345"
"500","300","0.4","0.3","0.2","0.05","0.35","0.7","300","3853","3530","323","0.08383078120944719","3530","1048","0.3203992188476801","0.04348298142942243"
"501","300","0.4","0.3","0.2","0.05","0.35","0.75","300","3747","3499","248","0.06618628235922071","3499","845","0.31416546950742796","0.04273126385920821"
"502","300","0.4","0.3","0.2","0.05","0.35","0.75","300","3741","3493","248","0.06629243517775996","3493","841","0.3150792952287208","0.041324962904966484"
"504","300","0.4","0.3","0.2","0.05","0.35","0.75","300","3638","3433","205","0.05634964266080264","3433","833","0.31259734963958247","0.03885846903196948"
"503","300","0.4","0.3","0.2","0.05","0.35","0.75","300","3749","3528","221","0.05894905308082155","3528","835","0.3135771829982465","0.04671855246756682"
"505","300","0.4","0.3","0.2","0.05","0.35","0.75","300","3705","3485","220","0.059379217273954114","3485","881","0.3149107758231578","0.042241330880789026"
"506","300","0.4","0.3","0.2","0.05","0.35","0.75","300","3759","3507","252","0.0670391061452514","3507","900","0.31671293546716034","0.035236770561169"
"507","300","0.4","0.3","0.2","0.05","0.35","0.75","300","3759","3486","273","0.07262569832402235","3486","859","0.3118176709290228","0.03824507611405008"
"509","300","0.4","0.3","0.2","0.05","0.35","0.75","300","3723","3487","236","0.0633897394574268","3487","850","0.31591191789192297","0.04210126943194398"
"508","300","0.4","0.3","0.2","0.05","0.35","0.75","300","3781","3514","267","0.07061623909018779","3514","919","0.31373100620719296","0.032615450218418655"
"510","300","0.4","0.3","0.2","0.05","0.35","0.75","300","3785","3526","259","0.06842800528401585","3526","878","0.3138108985170072","0.042895653031627935"
"513","300","0.4","0.3","0.2","0.05","0.35","0.8","300","3632","3450","182","0.05011013215859031","3450","709","0.3086708235858451","0.047663967120136215"
"512","300","0.4","0.3","0.2","0.05","0.35","0.8","300","3653","3461","192","0.05255954010402409","3461","712","0.30960999465699923","0.035694493641128464"
"511","300","0.4","0.3","0.2","0.05","0.35","0.8","300","3673","3478","195","0.053090117070514566","3478","708","0.3094503734615649","0.0374095150365079"
"514","300","0.4","0.3","0.2","0.05","0.35","0.8","300","3607","3445","162","0.04491266980870529","3445","684","0.3099740316261224","0.03439207196819948"
"515","300","0.4","0.3","0.2","0.05","0.35","0.8","300","3642","3454","188","0.05161998901702362","3454","692","0.31032186564988884","0.037049557928167914"
"516","300","0.4","0.3","0.2","0.05","0.35","0.8","300","3633","3460","173","0.047619047619047616","3460","703","0.3097776501021768","0.03262564495028038"
"518","300","0.4","0.3","0.2","0.05","0.35","0.8","300","3661","3490","171","0.04670854957661841","3490","666","0.30981549427916794","0.03133698756746178"
"519","300","0.4","0.3","0.2","0.05","0.35","0.8","300","3651","3444","207","0.056696795398520954","3444","703","0.3098743400592062","0.04276882275073251"
"517","300","0.4","0.3","0.2","0.05","0.35","0.8","300","3650","3472","178","0.04876712328767123","3472","710","0.3111917865296872","0.03945692841703432"
"520","300","0.4","0.3","0.2","0.05","0.35","0.8","300","3617","3436","181","0.05004147083218136","3436","672","0.309002274490667","0.03390892722879742"
"522","300","0.4","0.3","0.2","0.05","0.4","0.2","300","8585","2903","5682","0.6618520675596972","2903","2311","0.4319343145787716","0.09255195161997193"
"521","300","0.4","0.3","0.2","0.05","0.4","0.2","300","8693","2872","5821","0.6696192338663293","2872","2285","0.43182279099444715","0.09553834013130616"
"523","300","0.4","0.3","0.2","0.05","0.4","0.2","300","8465","2911","5554","0.6561134081512109","2911","2356","0.44819028551380524","0.0790876708189464"
"524","300","0.4","0.3","0.2","0.05","0.4","0.2","300","8653","2895","5758","0.6654339535421241","2895","2308","0.43615912013100455","0.09563103115485316"
"525","300","0.4","0.3","0.2","0.05","0.4","0.2","300","8541","2894","5647","0.6611637981500995","2894","2335","0.4368072436992945","0.08855533295832026"
"527","300","0.4","0.3","0.2","0.05","0.4","0.2","300","8621","2881","5740","0.6658160306228976","2881","2281","0.43123633551597607","0.09432710821302916"
"526","300","0.4","0.3","0.2","0.05","0.4","0.2","300","8569","2904","5665","0.6611039794608472","2904","2326","0.44489538214271374","0.09304064021599641"
"529","300","0.4","0.3","0.2","0.05","0.4","0.2","300","8729","2893","5836","0.6685760109978234","2893","2301","0.44000539647345144","0.08803967152441006"
"530","300","0.4","0.3","0.2","0.05","0.4","0.2","300","8501","2909","5592","0.6578049641218681","2909","2332","0.43855611132145383","0.08600231777052857"
"528","300","0.4","0.3","0.2","0.05","0.4","0.2","300","8571","2906","5665","0.6609497141523742","2906","2330","0.43974391417445113","0.082753338598013"
"531","300","0.4","0.3","0.2","0.05","0.4","0.25","300","7296","2973","4323","0.592516447368421","2973","2252","0.4286717318683955","0.079929591691446"
"532","300","0.4","0.3","0.2","0.05","0.4","0.25","300","7411","3006","4405","0.5943867224396168","3006","2275","0.4171623827890771","0.08488172248324269"
"533","300","0.4","0.3","0.2","0.05","0.4","0.25","300","7310","3018","4292","0.587140902872777","3018","2273","0.4255352960092025","0.07957568946635968"
"535","300","0.4","0.3","0.2","0.05","0.4","0.25","300","7337","2993","4344","0.5920676025623551","2993","2190","0.4290313503068496","0.0759395838408593"
"536","300","0.4","0.3","0.2","0.05","0.4","0.25","300","7370","2996","4374","0.5934871099050204","2996","2244","0.42059388714925366","0.08499764498658126"
"534","300","0.4","0.3","0.2","0.05","0.4","0.25","300","7371","3005","4366","0.5923212589879256","3005","2255","0.4203416742443698","0.07896353065840206"
"537","300","0.4","0.3","0.2","0.05","0.4","0.25","300","7218","3031","4187","0.5800775838182322","3031","2266","0.41919892077954296","0.07662603656227107"
"538","300","0.4","0.3","0.2","0.05","0.4","0.25","300","7184","3003","4181","0.5819877505567929","3003","2275","0.42175155807056275","0.08618732104947484"
"539","300","0.4","0.3","0.2","0.05","0.4","0.25","300","7285","3031","4254","0.5839396019217571","3031","2251","0.4211128128599693","0.07711008094176525"
"540","300","0.4","0.3","0.2","0.05","0.4","0.25","300","7339","2998","4341","0.5914974792206023","2998","2248","0.41931249416938793","0.07735595773300447"
"541","300","0.4","0.3","0.2","0.05","0.4","0.3","300","6240","3095","3145","0.5040064102564102","3095","2122","0.4103676532254934","0.07336875676938893"
"542","300","0.4","0.3","0.2","0.05","0.4","0.3","300","6377","3100","3277","0.5138779990591187","3100","2202","0.4226213333098041","0.04785425228818891"
"543","300","0.4","0.3","0.2","0.05","0.4","0.3","300","6325","3102","3223","0.5095652173913043","3102","2182","0.41103476895451935","0.06667321543199312"
"544","300","0.4","0.3","0.2","0.05","0.4","0.3","300","6310","3085","3225","0.5110935023771791","3085","2183","0.4161890960184914","0.06293411982822808"
"545","300","0.4","0.3","0.2","0.05","0.4","0.3","300","6347","3086","3261","0.5137860406491256","3086","2187","0.4124900327949044","0.07105361498837341"
"546","300","0.4","0.3","0.2","0.05","0.4","0.3","300","6368","3082","3286","0.5160175879396985","3082","2174","0.41698615792093613","0.0665238584320448"
"547","300","0.4","0.3","0.2","0.05","0.4","0.3","300","6262","3091","3171","0.5063877355477483","3091","2161","0.4121077864190608","0.07135969636019066"
"548","300","0.4","0.3","0.2","0.05","0.4","0.3","300","6334","3087","3247","0.5126302494474266","3087","2156","0.40363167261271404","0.07647774233054302"
"550","300","0.4","0.3","0.2","0.05","0.4","0.3","300","6353","3080","3273","0.5151896741696836","3080","2120","0.40960339335747176","0.06553189717823381"
"552","300","0.4","0.3","0.2","0.05","0.4","0.35","300","5574","3166","2408","0.43200574094007893","3166","2074","0.403713012696479","0.05169886629301699"
"549","300","0.4","0.3","0.2","0.05","0.4","0.3","300","6328","3083","3245","0.5128002528445006","3083","2174","0.4092366641836865","0.07283532356817288"
"551","300","0.4","0.3","0.2","0.05","0.4","0.35","300","5471","3170","2301","0.42058124657283863","3170","2034","0.4001970798543256","0.05573203537739996"
"553","300","0.4","0.3","0.2","0.05","0.4","0.35","300","5592","3142","2450","0.43812589413447783","3142","2064","0.3901063428033437","0.06978503756890668"
"555","300","0.4","0.3","0.2","0.05","0.4","0.35","300","5546","3180","2366","0.426613775694194","3180","2093","0.40337882260156266","0.053369143134689594"
"554","300","0.4","0.3","0.2","0.05","0.4","0.35","300","5607","3164","2443","0.43570536828963796","3164","1987","0.3962195539968365","0.054366592788886836"
"556","300","0.4","0.3","0.2","0.05","0.4","0.35","300","5577","3186","2391","0.42872512103281335","3186","2064","0.4023421783330491","0.04399411484915864"
"557","300","0.4","0.3","0.2","0.05","0.4","0.35","300","5706","3162","2544","0.4458464773922187","3162","2074","0.3962739315538705","0.05157874004624373"
"558","300","0.4","0.3","0.2","0.05","0.4","0.35","300","5540","3156","2384","0.43032490974729243","3156","2027","0.3972860353571475","0.06400576907255981"
"559","300","0.4","0.3","0.2","0.05","0.4","0.35","300","5633","3159","2474","0.43919758565595596","3159","2076","0.40211009509248946","0.0535043843849708"
"562","300","0.4","0.3","0.2","0.05","0.4","0.4","300","4950","3237","1713","0.34606060606060607","3237","1907","0.38281665108869306","0.055411881697387116"
"563","300","0.4","0.3","0.2","0.05","0.4","0.4","300","4991","3192","1799","0.36044880785413747","3192","1961","0.3857109089772922","0.055395338930905355"
"561","300","0.4","0.3","0.2","0.05","0.4","0.4","300","5021","3198","1823","0.3630750846444931","3198","1935","0.38165130062046515","0.058485804189945395"
"564","300","0.4","0.3","0.2","0.05","0.4","0.4","300","4966","3220","1746","0.35159081755940397","3220","1919","0.3774645187612146","0.06499312623021808"
"560","300","0.4","0.3","0.2","0.05","0.4","0.35","300","5588","3141","2447","0.43790264853256977","3141","1993","0.3955768529120583","0.07051993573084635"
"565","300","0.4","0.3","0.2","0.05","0.4","0.4","300","5059","3200","1859","0.36746392567701125","3200","1997","0.3798877607192015","0.06709011652548891"
"566","300","0.4","0.3","0.2","0.05","0.4","0.4","300","5055","3208","1847","0.36538081107814047","3208","1983","0.38823473777278633","0.05658931651317672"
"568","300","0.4","0.3","0.2","0.05","0.4","0.4","300","4954","3198","1756","0.35446104158255953","3198","1925","0.38610761628897405","0.0539689910757448"
"567","300","0.4","0.3","0.2","0.05","0.4","0.4","300","4967","3211","1756","0.35353331991141534","3211","1908","0.3820029989771568","0.05241197833788446"
"569","300","0.4","0.3","0.2","0.05","0.4","0.4","300","5003","3201","1802","0.3601838896662003","3201","1917","0.38269891442308207","0.05122264957308092"
"570","300","0.4","0.3","0.2","0.05","0.4","0.4","300","5039","3223","1816","0.3603889660646954","3223","1882","0.3833590081357481","0.04981877832314338"
"571","300","0.4","0.3","0.2","0.05","0.4","0.45","300","4638","3261","1377","0.29689521345407505","3261","1788","0.36867277674138565","0.054863706787691854"
"572","300","0.4","0.3","0.2","0.05","0.4","0.45","300","4684","3261","1423","0.303800170794193","3261","1811","0.37749082149763835","0.036613083205229525"
"573","300","0.4","0.3","0.2","0.05","0.4","0.45","300","4666","3270","1396","0.2991855979425632","3270","1791","0.3769745366979159","0.040326353211337096"
"574","300","0.4","0.3","0.2","0.05","0.4","0.45","300","4556","3257","1299","0.28511852502194907","3257","1726","0.3651405799724694","0.04828982584862639"
"575","300","0.4","0.3","0.2","0.05","0.4","0.45","300","4546","3254","1292","0.2842058952925649","3254","1796","0.3717331142349518","0.04103689711378138"
"576","300","0.4","0.3","0.2","0.05","0.4","0.45","300","4628","3235","1393","0.3009939498703544","3235","1793","0.37308253623898896","0.0432386380939513"
"577","300","0.4","0.3","0.2","0.05","0.4","0.45","300","4559","3277","1282","0.28120201798640054","3277","1780","0.36913424213130813","0.04042021772532438"
"578","300","0.4","0.3","0.2","0.05","0.4","0.45","300","4564","3249","1315","0.2881244522348817","3249","1776","0.36873268625219796","0.05241279900812247"
"579","300","0.4","0.3","0.2","0.05","0.4","0.45","300","4605","3251","1354","0.29402823018458196","3251","1836","0.3771961816189474","0.047998278354350526"
"580","300","0.4","0.3","0.2","0.05","0.4","0.45","300","4575","3255","1320","0.28852459016393445","3255","1779","0.37153432823743915","0.051543876190612285"
"582","300","0.4","0.3","0.2","0.05","0.4","0.5","300","4300","3268","1032","0.24","3268","1670","0.36204972609817304","0.051762640123791066"
"583","300","0.4","0.3","0.2","0.05","0.4","0.5","300","4264","3269","995","0.23334896810506567","3269","1683","0.36751459483502036","0.054012813114642906"
"581","300","0.4","0.3","0.2","0.05","0.4","0.5","300","4303","3307","996","0.23146641877759702","3307","1649","0.360529736280006","0.04878889168451682"
"584","300","0.4","0.3","0.2","0.05","0.4","0.5","300","4321","3299","1022","0.2365193242305022","3299","1646","0.3555416338298642","0.04269383916625828"
"585","300","0.4","0.3","0.2","0.05","0.4","0.5","300","4307","3282","1025","0.2379846761086603","3282","1679","0.3599187439634992","0.03460262181038065"
"587","300","0.4","0.3","0.2","0.05","0.4","0.5","300","4296","3289","1007","0.23440409683426444","3289","1634","0.3621210003726237","0.03873452387298988"
"586","300","0.4","0.3","0.2","0.05","0.4","0.5","300","4210","3300","910","0.2161520190023753","3300","1660","0.35703105329564133","0.048039263060764746"
"588","300","0.4","0.3","0.2","0.05","0.4","0.5","300","4266","3308","958","0.22456633849038912","3308","1678","0.36176885451368856","0.045981469559539925"
"590","300","0.4","0.3","0.2","0.05","0.4","0.5","300","4210","3237","973","0.2311163895486936","3237","1651","0.35719317235381237","0.04394464774691732"
"589","300","0.4","0.3","0.2","0.05","0.4","0.5","300","4306","3251","1055","0.24500696702275895","3251","1590","0.36069735539073","0.04234449557112616"
"591","300","0.4","0.3","0.2","0.05","0.4","0.55","300","4039","3294","745","0.18445159692993315","3294","1476","0.34941783947590266","0.04596413706651537"
"593","300","0.4","0.3","0.2","0.05","0.4","0.55","300","4026","3268","758","0.18827620466964728","3268","1453","0.3467101988045583","0.04152769957365993"
"594","300","0.4","0.3","0.2","0.05","0.4","0.55","300","3988","3291","697","0.17477432296890671","3291","1522","0.348989798863863","0.04943053078180366"
"592","300","0.4","0.3","0.2","0.05","0.4","0.55","300","3997","3297","700","0.17513134851138354","3297","1475","0.3494333444047936","0.04451551287714078"
"595","300","0.4","0.3","0.2","0.05","0.4","0.55","300","4071","3342","729","0.17907148120854827","3342","1525","0.3518152698629617","0.03727503972949465"
"597","300","0.4","0.3","0.2","0.05","0.4","0.55","300","4087","3307","780","0.19084903352092","3307","1484","0.3478345602034693","0.04217827066829384"
"598","300","0.4","0.3","0.2","0.05","0.4","0.55","300","4072","3307","765","0.18786836935166995","3307","1494","0.3510804843802151","0.03789574832584578"
"596","300","0.4","0.3","0.2","0.05","0.4","0.55","300","4037","3304","733","0.18157047312360663","3304","1513","0.3455860317859864","0.049564726915957785"
"601","300","0.4","0.3","0.2","0.05","0.4","0.6","300","3873","3297","576","0.14872192099147946","3297","1334","0.3356250068697049","0.034365691790040294"
"600","300","0.4","0.3","0.2","0.05","0.4","0.55","300","4046","3291","755","0.18660405338606031","3291","1460","0.345573655171865","0.04705296851641896"
"599","300","0.4","0.3","0.2","0.05","0.4","0.55","300","4014","3327","687","0.1711509715994021","3327","1461","0.3481292481196667","0.046372541450341004"
"602","300","0.4","0.3","0.2","0.05","0.4","0.6","300","3863","3308","555","0.14367072223660368","3308","1314","0.33858128171845436","0.03996354498248982"
"604","300","0.4","0.3","0.2","0.05","0.4","0.6","300","3829","3283","546","0.1425959780621572","3283","1279","0.34143582349361734","0.04394681844645123"
"603","300","0.4","0.3","0.2","0.05","0.4","0.6","300","3853","3294","559","0.1450817544770309","3294","1344","0.3377267293774191","0.040867436845178226"
"606","300","0.4","0.3","0.2","0.05","0.4","0.6","300","3875","3310","565","0.14580645161290323","3310","1336","0.34233176174901997","0.03372428890863803"
"605","300","0.4","0.3","0.2","0.05","0.4","0.6","300","3761","3273","488","0.1297527253390056","3273","1258","0.3382425942629676","0.03614842524060288"
"608","300","0.4","0.3","0.2","0.05","0.4","0.6","300","3867","3308","559","0.14455650374967674","3308","1344","0.3416501498751267","0.03498666771858441"
"609","300","0.4","0.3","0.2","0.05","0.4","0.6","300","3816","3289","527","0.13810272536687632","3289","1357","0.3401107346711942","0.03986858292975027"
"607","300","0.4","0.3","0.2","0.05","0.4","0.6","300","3833","3304","529","0.138012001043569","3304","1339","0.336467551202098","0.04305590045276415"
"610","300","0.4","0.3","0.2","0.05","0.4","0.6","300","3852","3304","548","0.142263759086189","3304","1344","0.33999163787426695","0.044950668700542075"
"611","300","0.4","0.3","0.2","0.05","0.4","0.65","300","3707","3295","412","0.11114108443485297","3295","1180","0.33324100186981237","0.02982101363939167"
"613","300","0.4","0.3","0.2","0.05","0.4","0.65","300","3711","3318","393","0.1059013742926435","3318","1171","0.3321587179694166","0.03459427978631848"
"614","300","0.4","0.3","0.2","0.05","0.4","0.65","300","3736","3332","404","0.10813704496788008","3332","1134","0.3305464262221833","0.04023362668897805"
"612","300","0.4","0.3","0.2","0.05","0.4","0.65","300","3732","3293","439","0.11763129689174705","3293","1136","0.3266749523258843","0.03713687029520988"
"615","300","0.4","0.3","0.2","0.05","0.4","0.65","300","3699","3286","413","0.11165179778318464","3286","1135","0.3275255951930634","0.05026114205840589"
"616","300","0.4","0.3","0.2","0.05","0.4","0.65","300","3684","3293","391","0.10613463626492943","3293","1135","0.3336429388147285","0.030454277878096896"
"617","300","0.4","0.3","0.2","0.05","0.4","0.65","300","3703","3303","400","0.10802052389954091","3303","1191","0.3348684308970932","0.04329463123183701"
"619","300","0.4","0.3","0.2","0.05","0.4","0.65","300","3746","3321","425","0.11345435130806193","3321","1168","0.32762019017518845","0.03756181724829156"
"618","300","0.4","0.3","0.2","0.05","0.4","0.65","300","3703","3293","410","0.11072103699702944","3293","1146","0.3301277341757666","0.0392526456419486"
"620","300","0.4","0.3","0.2","0.05","0.4","0.65","300","3694","3297","397","0.10747157552788306","3297","1126","0.3289458813597924","0.04151284024147225"
"621","300","0.4","0.3","0.2","0.05","0.4","0.7","300","3629","3305","324","0.08928079360705428","3305","1032","0.3223853762067271","0.04438298780218956"
"623","300","0.4","0.3","0.2","0.05","0.4","0.7","300","3677","3328","349","0.09491433233614359","3328","990","0.3205725962117456","0.03534615792422128"
"622","300","0.4","0.3","0.2","0.05","0.4","0.7","300","3575","3274","301","0.08419580419580419","3274","1009","0.323747681868786","0.04345050375872757"
"624","300","0.4","0.3","0.2","0.05","0.4","0.7","300","3556","3255","301","0.08464566929133858","3255","926","0.3197295880692268","0.039188996461228955"
"625","300","0.4","0.3","0.2","0.05","0.4","0.7","300","3566","3274","292","0.08188446438586652","3274","995","0.32387936312342214","0.03225718086192765"
"626","300","0.4","0.3","0.2","0.05","0.4","0.7","300","3566","3291","275","0.07711721817162086","3291","1023","0.3258660379041902","0.041808613512434735"
"627","300","0.4","0.3","0.2","0.05","0.4","0.7","300","3551","3279","272","0.07659814136862855","3279","993","0.3207185474019826","0.047806058531968246"
"628","300","0.4","0.3","0.2","0.05","0.4","0.7","300","3608","3329","279","0.07732815964523282","3329","1010","0.32306774574375247","0.03811753968201113"
"629","300","0.4","0.3","0.2","0.05","0.4","0.7","300","3592","3289","303","0.08435412026726058","3289","998","0.324205770689696","0.03251353696869404"
"630","300","0.4","0.3","0.2","0.05","0.4","0.7","300","3597","3297","300","0.08340283569641367","3297","1009","0.3231760015009127","0.03184033330678925"
"631","300","0.4","0.3","0.2","0.05","0.4","0.75","300","3506","3295","211","0.06018254420992584","3295","758","0.3154697123771841","0.036603926092221926"
"632","300","0.4","0.3","0.2","0.05","0.4","0.75","300","3521","3277","244","0.06929849474581085","3277","806","0.3154080151979833","0.0362147310939015"
"634","300","0.4","0.3","0.2","0.05","0.4","0.75","300","3493","3276","217","0.06212424849699399","3276","796","0.31326347671829385","0.040029305368173444"
"633","300","0.4","0.3","0.2","0.05","0.4","0.75","300","3497","3253","244","0.0697740920789248","3253","844","0.3146325261158107","0.0344629631678603"
"635","300","0.4","0.3","0.2","0.05","0.4","0.75","300","3494","3263","231","0.06611333714939897","3263","750","0.3128949422380977","0.04296576413591073"
"637","300","0.4","0.3","0.2","0.05","0.4","0.75","300","3471","3275","196","0.05646787669259579","3275","786","0.3140375897610184","0.0431597291814637"
"636","300","0.4","0.3","0.2","0.05","0.4","0.75","300","3464","3217","247","0.07130484988452655","3217","802","0.3164998212398585","0.036434663486110706"
"638","300","0.4","0.3","0.2","0.05","0.4","0.75","300","3560","3311","249","0.0699438202247191","3311","827","0.3128604305480936","0.038453480529831816"
"639","300","0.4","0.3","0.2","0.05","0.4","0.75","300","3486","3268","218","0.06253585771658061","3268","808","0.313161662156673","0.038762015708897694"
"640","300","0.4","0.3","0.2","0.05","0.4","0.75","300","3486","3239","247","0.0708548479632817","3239","831","0.31614743006484664","0.0389414198240914"
"641","300","0.4","0.3","0.2","0.05","0.4","0.8","300","3469","3291","178","0.05131161718074373","3291","630","0.30879134593638496","0.03753334096012204"
"644","300","0.4","0.3","0.2","0.05","0.4","0.8","300","3433","3268","165","0.048062918729973786","3268","647","0.3092463602896023","0.035726836704851495"
"642","300","0.4","0.3","0.2","0.05","0.4","0.8","300","3413","3248","165","0.04834456489891591","3248","656","0.30889566147599","0.035972811097936035"
"645","300","0.4","0.3","0.2","0.05","0.4","0.8","300","3450","3274","176","0.051014492753623186","3274","624","0.31045662730213713","0.03854239296001832"
"646","300","0.4","0.3","0.2","0.05","0.4","0.8","300","3389","3221","168","0.049572145175568016","3221","661","0.3092049670890264","0.039325581535234355"
"648","300","0.4","0.3","0.2","0.05","0.4","0.8","300","3450","3273","177","0.051304347826086956","3273","632","0.3094391386349256","0.04922091428867831"
"643","300","0.4","0.3","0.2","0.05","0.4","0.8","300","3434","3265","169","0.04921374490390216","3265","686","0.3101529468922355","0.03974217009882687"
"650","300","0.4","0.3","0.2","0.05","0.4","0.8","300","3465","3286","179","0.05165945165945166","3286","652","0.3096640249779102","0.0337609708222781"
"649","300","0.4","0.3","0.2","0.05","0.4","0.8","300","3478","3308","170","0.0488786658999425","3308","638","0.30971586246921406","0.04060145634200173"
"647","300","0.4","0.3","0.2","0.05","0.4","0.8","300","3444","3268","176","0.05110336817653891","3268","667","0.3104370845157608","0.033845893693189945"
"651","300","0.4","0.3","0.2","0.05","0.45","0.2","300","7887","2682","5205","0.6599467478128566","2682","2152","0.4393132733311785","0.08424159985579106"
"653","300","0.4","0.3","0.2","0.05","0.45","0.2","300","7820","2685","5135","0.6566496163682864","2685","2116","0.4399195841770694","0.08073051471621212"
"654","300","0.4","0.3","0.2","0.05","0.45","0.2","300","7847","2725","5122","0.652733528737097","2725","2143","0.4360290565668619","0.07820652118903515"
"655","300","0.4","0.3","0.2","0.05","0.45","0.2","300","7881","2691","5190","0.6585458698134754","2691","2131","0.43544289591943436","0.07609038286270611"
"652","300","0.4","0.3","0.2","0.05","0.45","0.2","300","7849","2690","5159","0.6572811823162187","2690","2141","0.4345856340849403","0.08728862457772132"
"657","300","0.4","0.3","0.2","0.05","0.45","0.2","300","7776","2707","5069","0.6518775720164609","2707","2133","0.4256002725181675","0.08422599510339364"
"656","300","0.4","0.3","0.2","0.05","0.45","0.2","300","7859","2671","5188","0.6601348772108411","2671","2127","0.42949301816683877","0.10287263043958789"
"658","300","0.4","0.3","0.2","0.05","0.45","0.2","300","7954","2688","5266","0.6620568267538346","2688","2170","0.42987742732501155","0.09291223275297404"
"661","300","0.4","0.3","0.2","0.05","0.45","0.25","300","6817","2765","4052","0.5943963620360863","2765","2101","0.4239751806251776","0.07731231716201482"
"660","300","0.4","0.3","0.2","0.05","0.45","0.2","300","7956","2691","5265","0.6617647058823529","2691","2184","0.44492442046568137","0.0764258887042592"
"659","300","0.4","0.3","0.2","0.05","0.45","0.2","300","7911","2664","5247","0.6632536973833902","2664","2132","0.4296370257218547","0.10169644526195495"
"662","300","0.4","0.3","0.2","0.05","0.45","0.25","300","6770","2785","3985","0.5886262924667651","2785","2055","0.41366657887723074","0.06696891831049424"
"663","300","0.4","0.3","0.2","0.05","0.45","0.25","300","6674","2811","3863","0.5788133053640995","2811","2117","0.42261085951456945","0.07860843863914788"
"664","300","0.4","0.3","0.2","0.05","0.45","0.25","300","6760","2764","3996","0.5911242603550296","2764","2042","0.4182753378020544","0.074456008428315"
"665","300","0.4","0.3","0.2","0.05","0.45","0.25","300","6812","2787","4025","0.5908690546095127","2787","2061","0.418755934342204","0.0697171583566709"
"668","300","0.4","0.3","0.2","0.05","0.45","0.25","300","6748","2785","3963","0.5872851215174867","2785","2072","0.42401813570753877","0.07145378154772736"
"666","300","0.4","0.3","0.2","0.05","0.45","0.25","300","6831","2771","4060","0.5943492900014639","2771","2081","0.42926817257200656","0.06863345764214022"
"667","300","0.4","0.3","0.2","0.05","0.45","0.25","300","6710","2766","3944","0.587779433681073","2766","2041","0.4182969537822123","0.07745434855141585"
"669","300","0.4","0.3","0.2","0.05","0.45","0.25","300","6763","2763","4000","0.5914534969688008","2763","2081","0.41769762013125294","0.08245646816620923"
"670","300","0.4","0.3","0.2","0.05","0.45","0.25","300","6638","2771","3867","0.5825549864416993","2771","2100","0.42413925690596466","0.0812225339422551"
"672","300","0.4","0.3","0.2","0.05","0.45","0.3","300","5836","2862","2974","0.5095956134338588","2862","1998","0.40857419480900703","0.06406028986811077"
"673","300","0.4","0.3","0.2","0.05","0.45","0.3","300","5895","2882","3013","0.5111111111111111","2882","2032","0.41693527357737586","0.06188254664697265"
"674","300","0.4","0.3","0.2","0.05","0.45","0.3","300","5898","2853","3045","0.5162767039674466","2853","2023","0.4103906356918542","0.05828357392854528"
"676","300","0.4","0.3","0.2","0.05","0.45","0.3","300","5897","2873","3024","0.5128031202306258","2873","1976","0.408054406919755","0.06228328420913643"
"675","300","0.4","0.3","0.2","0.05","0.45","0.3","300","5776","2862","2914","0.5045013850415513","2862","2038","0.41351277667026043","0.0648710573452477"
"671","300","0.4","0.3","0.2","0.05","0.45","0.3","300","5888","2880","3008","0.5108695652173914","2880","2016","0.4149414102623168","0.054773981324761134"
"677","300","0.4","0.3","0.2","0.05","0.45","0.3","300","5826","2894","2932","0.503261242705115","2894","2003","0.41898626444221226","0.05103256461411379"
"678","300","0.4","0.3","0.2","0.05","0.45","0.3","300","5795","2893","2902","0.5007765314926661","2893","2014","0.40978247989023603","0.060410545036606415"
"680","300","0.4","0.3","0.2","0.05","0.45","0.3","300","5990","2866","3124","0.5215358931552587","2866","2039","0.4146956330059582","0.06129825232638629"
"679","300","0.4","0.3","0.2","0.05","0.45","0.3","300","5890","2844","3046","0.5171477079796265","2844","1987","0.40591021715662234","0.0626362213890783"
"681","300","0.4","0.3","0.2","0.05","0.45","0.35","300","5229","2919","2310","0.44176706827309237","2919","1869","0.3979722540776406","0.05970867835143178"
"684","300","0.4","0.3","0.2","0.05","0.45","0.35","300","5162","2935","2227","0.4314219294846959","2935","1901","0.3954490052877934","0.06588366750716458"
"683","300","0.4","0.3","0.2","0.05","0.45","0.35","300","5174","2953","2221","0.42926169308078854","2953","1900","0.4019218169482307","0.05146573987586094"
"682","300","0.4","0.3","0.2","0.05","0.45","0.35","300","5193","2958","2235","0.43038705950317735","2958","1923","0.39974254370182977","0.048879765748009646"
"685","300","0.4","0.3","0.2","0.05","0.45","0.35","300","5189","2934","2255","0.43457313547889764","2934","1901","0.3975461951106516","0.05502094963242398"
"687","300","0.4","0.3","0.2","0.05","0.45","0.35","300","5209","2955","2254","0.43271261278556344","2955","1951","0.3982205291418078","0.05110320626825391"
"688","300","0.4","0.3","0.2","0.05","0.45","0.35","300","5113","2993","2120","0.4146293761001369","2993","1990","0.4068281121061909","0.04518028342816884"
"686","300","0.4","0.3","0.2","0.05","0.45","0.35","300","5207","2961","2246","0.43134242366045705","2961","1936","0.4058012350643019","0.05093656465791704"
"689","300","0.4","0.3","0.2","0.05","0.45","0.35","300","5164","2936","2228","0.4314484895429899","2936","1950","0.40621730976873766","0.07101594323772495"
"690","300","0.4","0.3","0.2","0.05","0.45","0.35","300","5172","2938","2234","0.4319412219644238","2938","1892","0.4027530593735098","0.04245070001370256"
"691","300","0.4","0.3","0.2","0.05","0.45","0.4","300","4685","2982","1703","0.36350053361792956","2982","1773","0.3824685694252279","0.056489465273009395"
"692","300","0.4","0.3","0.2","0.05","0.45","0.4","300","4583","2985","1598","0.3486799039930177","2985","1762","0.386149256550302","0.05028056368166869"
"693","300","0.4","0.3","0.2","0.05","0.45","0.4","300","4643","3003","1640","0.3532199009261254","3003","1781","0.38082322868442775","0.0557720430248835"
"695","300","0.4","0.3","0.2","0.05","0.45","0.4","300","4704","3004","1700","0.36139455782312924","3004","1794","0.3853288649451953","0.04384198907166681"
"694","300","0.4","0.3","0.2","0.05","0.45","0.4","300","4736","2955","1781","0.37605574324324326","2955","1803","0.3891746514086716","0.04870770824248827"
"696","300","0.4","0.3","0.2","0.05","0.45","0.4","300","4656","2989","1667","0.35803264604810997","2989","1777","0.37683419136204016","0.057874708043654584"
"698","300","0.4","0.3","0.2","0.05","0.45","0.4","300","4636","2986","1650","0.3559102674719586","2986","1770","0.3961171014832525","0.048402893749224324"
"699","300","0.4","0.3","0.2","0.05","0.45","0.4","300","4703","3005","1698","0.36104614076121627","3005","1790","0.3847406979377457","0.042550660034830906"
"697","300","0.4","0.3","0.2","0.05","0.45","0.4","300","4692","2980","1712","0.3648763853367434","2980","1802","0.38632948869853756","0.0483810567830213"
"701","300","0.4","0.3","0.2","0.05","0.45","0.45","300","4247","3026","1221","0.2874970567459383","3026","1627","0.37293722552568204","0.03850102186663303"
"700","300","0.4","0.3","0.2","0.05","0.45","0.4","300","4612","2966","1646","0.3568950563746748","2966","1785","0.39060805085335903","0.04589848726680601"
"702","300","0.4","0.3","0.2","0.05","0.45","0.45","300","4270","3042","1228","0.28758782201405153","3042","1691","0.37146161913040227","0.037888319835646944"
"703","300","0.4","0.3","0.2","0.05","0.45","0.45","300","4287","3077","1210","0.28224865873571264","3077","1708","0.3747879955444758","0.03950743885872279"
"705","300","0.4","0.3","0.2","0.05","0.45","0.45","300","4268","3075","1193","0.2795220243673852","3075","1687","0.37328299195579573","0.04533267002120041"
"704","300","0.4","0.3","0.2","0.05","0.45","0.45","300","4291","3041","1250","0.2913073875553484","3041","1656","0.36685663100202826","0.044512972323153"
"707","300","0.4","0.3","0.2","0.05","0.45","0.45","300","4328","3022","1306","0.30175600739371533","3022","1666","0.36977086245604746","0.04720964882084381"
"706","300","0.4","0.3","0.2","0.05","0.45","0.45","300","4253","2996","1257","0.2955560780625441","2996","1694","0.3749848349904473","0.05049306100038641"
"708","300","0.4","0.3","0.2","0.05","0.45","0.45","300","4314","3008","1306","0.30273528048215115","3008","1648","0.35951022895906115","0.056443359260351954"
"709","300","0.4","0.3","0.2","0.05","0.45","0.45","300","4333","3033","1300","0.3000230786983614","3033","1680","0.3726961547120483","0.053171835891552784"
"710","300","0.4","0.3","0.2","0.05","0.45","0.45","300","4257","3033","1224","0.28752642706131076","3033","1668","0.37520320860914724","0.0434193719847226"
"711","300","0.4","0.3","0.2","0.05","0.45","0.5","300","3991","3090","901","0.2257579553996492","3090","1504","0.3617071465383275","0.0407569231628073"
"712","300","0.4","0.3","0.2","0.05","0.45","0.5","300","4005","3079","926","0.23121098626716605","3079","1542","0.35854177158986333","0.04342858600068278"
"713","300","0.4","0.3","0.2","0.05","0.45","0.5","300","3965","3080","885","0.223203026481715","3080","1492","0.3628448739429203","0.033500944368820826"
"714","300","0.4","0.3","0.2","0.05","0.45","0.5","300","4057","3114","943","0.2324377618930244","3114","1530","0.36229303187400197","0.03828091952473843"
"715","300","0.4","0.3","0.2","0.05","0.45","0.5","300","4127","3104","1023","0.24787981584686214","3104","1558","0.35535093168192505","0.03594567322513827"
"716","300","0.4","0.3","0.2","0.05","0.45","0.5","300","4015","3047","968","0.2410958904109589","3047","1552","0.36734975657968333","0.03972015042614072"
"717","300","0.4","0.3","0.2","0.05","0.45","0.5","300","4023","3114","909","0.22595078299776286","3114","1549","0.35728576399294926","0.051082534274216426"
"718","300","0.4","0.3","0.2","0.05","0.45","0.5","300","3955","3086","869","0.21972187104930468","3086","1502","0.3640529221870782","0.03856770784397559"
"719","300","0.4","0.3","0.2","0.05","0.45","0.5","300","4048","3106","942","0.2327075098814229","3106","1525","0.3592851536512951","0.03672146996959668"
"721","300","0.4","0.3","0.2","0.05","0.45","0.55","300","3842","3095","747","0.19442998438313377","3095","1394","0.3464395113673707","0.03708120720815028"
"720","300","0.4","0.3","0.2","0.05","0.45","0.5","300","3999","3073","926","0.2315578894723681","3073","1516","0.3597235138062199","0.042375556631067623"
"722","300","0.4","0.3","0.2","0.05","0.45","0.55","300","3785","3114","671","0.1772787318361955","3114","1396","0.3482247945936377","0.042546295126949144"
"723","300","0.4","0.3","0.2","0.05","0.45","0.55","300","3816","3117","699","0.1831761006289308","3117","1441","0.3512118085310135","0.042340019771041314"
"724","300","0.4","0.3","0.2","0.05","0.45","0.55","300","3871","3107","764","0.19736502195815034","3107","1421","0.3474663824830077","0.036625417639266855"
"726","300","0.4","0.3","0.2","0.05","0.45","0.55","300","3769","3108","661","0.1753780843725126","3108","1396","0.3548599179517738","0.03385456092470291"
"727","300","0.4","0.3","0.2","0.05","0.45","0.55","300","3811","3096","715","0.1876147992652847","3096","1387","0.3544801557746358","0.036265394820987666"
"725","300","0.4","0.3","0.2","0.05","0.45","0.55","300","3874","3129","745","0.19230769230769232","3129","1442","0.35440033037544055","0.037927285054731634"
"728","300","0.4","0.3","0.2","0.05","0.45","0.55","300","3843","3092","751","0.19542024460057247","3092","1387","0.35129356946971796","0.038683955378293215"
"729","300","0.4","0.3","0.2","0.05","0.45","0.55","300","3754","3123","631","0.16808737346830047","3123","1377","0.34904090071544674","0.03767492586561905"
"730","300","0.4","0.3","0.2","0.05","0.45","0.55","300","3800","3107","693","0.18236842105263157","3107","1404","0.3519144455621218","0.04519933428293584"
"731","300","0.4","0.3","0.2","0.05","0.45","0.6","300","3691","3143","548","0.14846924952587376","3143","1267","0.3398048616129915","0.03574715792260254"
"732","300","0.4","0.3","0.2","0.05","0.45","0.6","300","3649","3143","506","0.13866812825431626","3143","1250","0.339951604180433","0.0379228223685631"
"733","300","0.4","0.3","0.2","0.05","0.45","0.6","300","3651","3115","536","0.14680909339906875","3115","1269","0.3385622768783309","0.03707634958516253"
"734","300","0.4","0.3","0.2","0.05","0.45","0.6","300","3705","3186","519","0.14008097165991903","3186","1296","0.34248519536769423","0.029599383503830682"
"735","300","0.4","0.3","0.2","0.05","0.45","0.6","300","3654","3120","534","0.14614121510673234","3120","1278","0.3426530467256832","0.03645379442229474"
"737","300","0.4","0.3","0.2","0.05","0.45","0.6","300","3624","3102","522","0.14403973509933773","3102","1252","0.3351615471300615","0.037597274097775"
"736","300","0.4","0.3","0.2","0.05","0.45","0.6","300","3669","3155","514","0.14009266830198963","3155","1275","0.34646782187304326","0.02742145114790499"
"738","300","0.4","0.3","0.2","0.05","0.45","0.6","300","3640","3126","514","0.1412087912087912","3126","1328","0.33684776885332846","0.04191654679156698"
"739","300","0.4","0.3","0.2","0.05","0.45","0.6","300","3701","3146","555","0.1499594704134018","3146","1268","0.347160271415429","0.030719412189640794"
"741","300","0.4","0.3","0.2","0.05","0.45","0.65","300","3548","3162","386","0.10879368658399098","3162","1111","0.33183183599377414","0.03522936260670704"
"740","300","0.4","0.3","0.2","0.05","0.45","0.6","300","3611","3148","463","0.1282193298255331","3148","1261","0.33691785644403555","0.04090106380380789"
"742","300","0.4","0.3","0.2","0.05","0.45","0.65","300","3564","3171","393","0.11026936026936027","3171","1125","0.33161498987398114","0.03847333517129431"
"743","300","0.4","0.3","0.2","0.05","0.45","0.65","300","3510","3119","391","0.1113960113960114","3119","1180","0.33221252961962816","0.03939470976035978"
"744","300","0.4","0.3","0.2","0.05","0.45","0.65","300","3553","3203","350","0.09850830284266816","3203","1085","0.33290174220353724","0.028802311727286103"
"746","300","0.4","0.3","0.2","0.05","0.45","0.65","300","3556","3166","390","0.10967379077615298","3166","1186","0.3340478661775873","0.02869820322616637"
"748","300","0.4","0.3","0.2","0.05","0.45","0.65","300","3458","3106","352","0.10179294389820706","3106","1066","0.32969715106295566","0.03322620681581582"
"745","300","0.4","0.3","0.2","0.05","0.45","0.65","300","3470","3132","338","0.09740634005763689","3132","1092","0.33298413612001326","0.03710007334533423"
"747","300","0.4","0.3","0.2","0.05","0.45","0.65","300","3543","3169","374","0.10556025966694892","3169","1075","0.3283615218597642","0.04271748051007917"
"749","300","0.4","0.3","0.2","0.05","0.45","0.65","300","3572","3162","410","0.11478163493840986","3162","1047","0.3273812327870817","0.0358156399132481"
"750","300","0.4","0.3","0.2","0.05","0.45","0.65","300","3522","3154","368","0.10448608745031232","3154","1115","0.33004129450670056","0.04326454760395478"
"752","300","0.4","0.3","0.2","0.05","0.45","0.7","300","3456","3165","291","0.0842013888888889","3165","973","0.3223644534852533","0.03459170073659905"
"754","300","0.4","0.3","0.2","0.05","0.45","0.7","300","3418","3143","275","0.08045640725570509","3143","941","0.32107671941812804","0.034744927495257594"
"755","300","0.4","0.3","0.2","0.05","0.45","0.7","300","3479","3177","302","0.08680655360735844","3177","970","0.31899117993401","0.03219016931759407"
"751","300","0.4","0.3","0.2","0.05","0.45","0.7","300","3463","3172","291","0.08403118683222639","3172","982","0.32322958142939373","0.04445585025461479"
"753","300","0.4","0.3","0.2","0.05","0.45","0.7","300","3450","3138","312","0.09043478260869565","3138","955","0.3208767650017295","0.03566088277157165"
"756","300","0.4","0.3","0.2","0.05","0.45","0.7","300","3453","3135","318","0.09209383145091225","3135","929","0.32498529939875576","0.0353258102605147"
"757","300","0.4","0.3","0.2","0.05","0.45","0.7","300","3475","3180","295","0.08489208633093526","3180","962","0.32632598158498505","0.037308859162522426"
"758","300","0.4","0.3","0.2","0.05","0.45","0.7","300","3402","3114","288","0.08465608465608465","3114","961","0.32169606347558455","0.050530867032129924"
"759","300","0.4","0.3","0.2","0.05","0.45","0.7","300","3385","3105","280","0.0827178729689808","3105","955","0.3210095114482994","0.03557086411330763"
"760","300","0.4","0.3","0.2","0.05","0.45","0.7","300","3438","3147","291","0.08464223385689354","3147","953","0.3208183170039745","0.03769016714908754"
"762","300","0.4","0.3","0.2","0.05","0.45","0.75","300","3404","3181","223","0.0655111633372503","3181","783","0.31508474837864764","0.03190040544575091"
"761","300","0.4","0.3","0.2","0.05","0.45","0.75","300","3332","3120","212","0.06362545018007203","3120","807","0.3142589643573653","0.032403226686215605"
"763","300","0.4","0.3","0.2","0.05","0.45","0.75","300","3404","3164","240","0.07050528789659224","3164","801","0.3163101694872492","0.030353151097197047"
"764","300","0.4","0.3","0.2","0.05","0.45","0.75","300","3385","3195","190","0.056129985228951254","3195","797","0.3171406166443658","0.03152456885655935"
"766","300","0.4","0.3","0.2","0.05","0.45","0.75","300","3416","3204","212","0.06206088992974239","3204","778","0.31705165275667674","0.027473713351608756"
"765","300","0.4","0.3","0.2","0.05","0.45","0.75","300","3407","3163","244","0.07161725858526563","3163","811","0.31539820585685246","0.033901623951620226"
"767","300","0.4","0.3","0.2","0.05","0.45","0.75","300","3345","3145","200","0.059790732436472344","3145","764","0.31474296289839593","0.03460322849914673"
"768","300","0.4","0.3","0.2","0.05","0.45","0.75","300","3351","3130","221","0.06595046254849299","3130","746","0.31601055013344803","0.032494652721222976"
"769","300","0.4","0.3","0.2","0.05","0.45","0.75","300","3347","3125","222","0.06632805497460412","3125","763","0.31651327540193175","0.02663259937654595"
"770","300","0.4","0.3","0.2","0.05","0.45","0.75","300","3376","3169","207","0.06131516587677725","3169","805","0.31648831746353795","0.03600058967390147"
"771","300","0.4","0.3","0.2","0.05","0.45","0.8","300","3292","3143","149","0.04526123936816525","3143","635","0.3107952442717606","0.02647465550209135"
"773","300","0.4","0.3","0.2","0.05","0.45","0.8","300","3259","3092","167","0.0512427124884934","3092","597","0.3098871021013398","0.03574781283293147"
"772","300","0.4","0.3","0.2","0.05","0.45","0.8","300","3359","3185","174","0.051801131289074126","3185","620","0.3100999808842952","0.026469573339012172"
"774","300","0.4","0.3","0.2","0.05","0.45","0.8","300","3320","3161","159","0.04789156626506024","3161","637","0.31061988417351444","0.031426853507639047"
"775","300","0.4","0.3","0.2","0.05","0.45","0.8","300","3293","3131","162","0.04919526267840874","3131","612","0.3107101874935001","0.02941355941365551"
"776","300","0.4","0.3","0.2","0.05","0.45","0.8","300","3288","3140","148","0.045012165450121655","3140","621","0.3108081697894205","0.03382727265038071"
"777","300","0.4","0.3","0.2","0.05","0.45","0.8","300","3373","3204","169","0.05010376519418915","3204","636","0.3081137206130892","0.026457716089748104"
"779","300","0.4","0.3","0.2","0.05","0.45","0.8","300","3342","3159","183","0.05475763016157989","3159","665","0.30990106161870323","0.0365476168791144"
"778","300","0.4","0.3","0.2","0.05","0.45","0.8","300","3334","3165","169","0.050689862027594484","3165","620","0.3113285040488066","0.03706957327470399"
"780","300","0.4","0.3","0.2","0.05","0.45","0.8","300","3289","3113","176","0.05351170568561873","3113","609","0.3091705683670656","0.03238460367575757"
"781","300","0.4","0.3","0.2","0.05","0.5","0.2","300","7298","2487","4811","0.6592217045765963","2487","2000","0.44079210185148004","0.07837140382825515"
"782","300","0.4","0.3","0.2","0.05","0.5","0.2","300","7374","2530","4844","0.6569026308652021","2530","2002","0.4483903738544433","0.06787770731315913"
"783","300","0.4","0.3","0.2","0.05","0.5","0.2","300","7310","2509","4801","0.6567715458276334","2509","2039","0.4403750853514891","0.07879231935946261"
"784","300","0.4","0.3","0.2","0.05","0.5","0.2","300","7427","2510","4917","0.6620438939006328","2510","2003","0.433026375257799","0.0781295897358788"
"785","300","0.4","0.3","0.2","0.05","0.5","0.2","300","7383","2515","4868","0.6593525667073006","2515","2036","0.4212405445068094","0.08240117886570097"
"787","300","0.4","0.3","0.2","0.05","0.5","0.2","300","7295","2525","4770","0.6538725154215216","2525","2022","0.434153902431168","0.07366700332841432"
"788","300","0.4","0.3","0.2","0.05","0.5","0.2","300","7279","2520","4759","0.6537985987086138","2520","2004","0.43703038685389384","0.07846271488535261"
"786","300","0.4","0.3","0.2","0.05","0.5","0.2","300","7254","2521","4733","0.6524676040805073","2521","2011","0.4391999869694136","0.07191268972826617"
"791","300","0.4","0.3","0.2","0.05","0.5","0.25","300","6425","2609","3816","0.5939299610894941","2609","1998","0.4304500884621792","0.07032515588625371"
"789","300","0.4","0.3","0.2","0.05","0.5","0.2","300","7476","2501","4975","0.6654628143392188","2501","1992","0.42328292239283616","0.09983729097167147"
"792","300","0.4","0.3","0.2","0.05","0.5","0.25","300","6312","2598","3714","0.5884030418250951","2598","1950","0.42263499335568755","0.07193574369307806"
"790","300","0.4","0.3","0.2","0.05","0.5","0.2","300","7431","2524","4907","0.6603418113309111","2524","2052","0.44183202970825375","0.07329229221987725"
"793","300","0.4","0.3","0.2","0.05","0.5","0.25","300","6256","2606","3650","0.5834398976982097","2606","1953","0.42827655845689655","0.0697987855596024"
"794","300","0.4","0.3","0.2","0.05","0.5","0.25","300","6150","2621","3529","0.5738211382113821","2621","1935","0.42834242477128726","0.06266878348303288"
"795","300","0.4","0.3","0.2","0.05","0.5","0.25","300","6224","2601","3623","0.5821015424164524","2601","1963","0.4253381296542097","0.07956436454514507"
"796","300","0.4","0.3","0.2","0.05","0.5","0.25","300","6383","2599","3784","0.5928246905843647","2599","1902","0.4234701900721254","0.06218129158096127"
"797","300","0.4","0.3","0.2","0.05","0.5","0.25","300","6312","2605","3707","0.5872940430925222","2605","1954","0.42818132717385","0.05921424039933054"
"798","300","0.4","0.3","0.2","0.05","0.5","0.25","300","6300","2569","3731","0.5922222222222222","2569","1906","0.4176359273967135","0.07335158339049487"
"799","300","0.4","0.3","0.2","0.05","0.5","0.25","300","6412","2584","3828","0.5970056144728634","2584","1930","0.4301653921603013","0.07119626800515896"
"800","300","0.4","0.3","0.2","0.05","0.5","0.25","300","6318","2637","3681","0.5826210826210826","2637","1957","0.41649656628309056","0.07254747050530641"
"801","300","0.4","0.3","0.2","0.05","0.5","0.3","300","5516","2682","2834","0.5137781000725163","2682","1875","0.4015261305449817","0.057942180559859356"
"802","300","0.4","0.3","0.2","0.05","0.5","0.3","300","5360","2701","2659","0.4960820895522388","2701","1909","0.4141038720856181","0.05763653689744601"
"804","300","0.4","0.3","0.2","0.05","0.5","0.3","300","5551","2675","2876","0.5181048459736984","2675","1886","0.4188029717305387","0.05958767555943573"
"806","300","0.4","0.3","0.2","0.05","0.5","0.3","300","5492","2685","2807","0.5111070648215587","2685","1865","0.40883497553024595","0.053529005667160456"
"805","300","0.4","0.3","0.2","0.05","0.5","0.3","300","5470","2687","2783","0.5087751371115173","2687","1882","0.4090890574210325","0.05694219523117804"
"803","300","0.4","0.3","0.2","0.05","0.5","0.3","300","5480","2670","2810","0.5127737226277372","2670","1837","0.4107207802359979","0.06585237696702094"
"807","300","0.4","0.3","0.2","0.05","0.5","0.3","300","5463","2683","2780","0.5088779059125023","2683","1874","0.41296191748297467","0.055861905369213656"
"808","300","0.4","0.3","0.2","0.05","0.5","0.3","300","5396","2702","2694","0.49925871015567086","2702","1854","0.40100596380158765","0.06571683934523276"
"809","300","0.4","0.3","0.2","0.05","0.5","0.3","300","5528","2691","2837","0.513205499276411","2691","1886","0.4102442648899145","0.057584038052073246"
"810","300","0.4","0.3","0.2","0.05","0.5","0.3","300","5535","2697","2838","0.5127371273712737","2697","1876","0.41149053447886147","0.05688806821537042"
"811","300","0.4","0.3","0.2","0.05","0.5","0.35","300","4879","2788","2091","0.42857142857142855","2788","1783","0.3988957238986222","0.055267721001172006"
"812","300","0.4","0.3","0.2","0.05","0.5","0.35","300","4813","2738","2075","0.4311240390608768","2738","1807","0.3976476678916972","0.05822629018385951"
"813","300","0.4","0.3","0.2","0.05","0.5","0.35","300","4856","2776","2080","0.42833607907743","2776","1796","0.40177908650142136","0.05153537282238589"
"815","300","0.4","0.3","0.2","0.05","0.5","0.35","300","4967","2744","2223","0.4475538554459432","2744","1817","0.3965141065545617","0.05195562471344179"
"814","300","0.4","0.3","0.2","0.05","0.5","0.35","300","4896","2798","2098","0.4285130718954248","2798","1822","0.4010947266746723","0.05038406277678075"
"816","300","0.4","0.3","0.2","0.05","0.5","0.35","300","4882","2775","2107","0.4315854158131913","2775","1768","0.40135077686848064","0.03687930114842236"
"818","300","0.4","0.3","0.2","0.05","0.5","0.35","300","4900","2742","2158","0.44040816326530613","2742","1783","0.40122504957305144","0.049074816445653105"
"817","300","0.4","0.3","0.2","0.05","0.5","0.35","300","4818","2766","2052","0.4259028642590286","2766","1809","0.4000284114783552","0.04936449569527069"
"819","300","0.4","0.3","0.2","0.05","0.5","0.35","300","4879","2740","2139","0.4384095101455216","2740","1738","0.3997682700550697","0.04345629283323075"
"820","300","0.4","0.3","0.2","0.05","0.5","0.35","300","4851","2764","2087","0.43022057307771594","2764","1813","0.4026243280993354","0.05403026755817758"
"822","300","0.4","0.3","0.2","0.05","0.5","0.4","300","4430","2839","1591","0.35914221218961623","2839","1670","0.3831008548551069","0.04660731528117464"
"823","300","0.4","0.3","0.2","0.05","0.5","0.4","300","4436","2834","1602","0.3611361587015329","2834","1670","0.3841770012033984","0.047742187290020985"
"821","300","0.4","0.3","0.2","0.05","0.5","0.4","300","4401","2849","1552","0.3526471256532606","2849","1674","0.38401817989075177","0.06129426290255418"
"824","300","0.4","0.3","0.2","0.05","0.5","0.4","300","4439","2875","1564","0.35233160621761656","2875","1707","0.38840289966279234","0.05007112214433406"
"825","300","0.4","0.3","0.2","0.05","0.5","0.4","300","4459","2827","1632","0.3660013455931823","2827","1703","0.38326665226318835","0.05527550081174089"
"826","300","0.4","0.3","0.2","0.05","0.5","0.4","300","4476","2869","1607","0.35902591599642536","2869","1681","0.38449662951233665","0.05597957498712595"
"828","300","0.4","0.3","0.2","0.05","0.5","0.4","300","4438","2831","1607","0.36210004506534477","2831","1712","0.3815708184252995","0.041286342871162035"
"829","300","0.4","0.3","0.2","0.05","0.5","0.4","300","4473","2832","1641","0.36686787391012743","2832","1752","0.3881256214480149","0.04566710417589793"
"827","300","0.4","0.3","0.2","0.05","0.5","0.4","300","4422","2851","1571","0.3552691090004523","2851","1700","0.38366293781528454","0.04586174527845582"
"831","300","0.4","0.3","0.2","0.05","0.5","0.45","300","4102","2925","1177","0.28693320331545585","2925","1641","0.38114717959700467","0.0373133143971538"
"830","300","0.4","0.3","0.2","0.05","0.5","0.4","300","4401","2789","1612","0.36628039082026814","2789","1691","0.3892075601679438","0.044602179048818816"
"833","300","0.4","0.3","0.2","0.05","0.5","0.45","300","4106","2906","1200","0.2922552362396493","2906","1615","0.3826973124684259","0.03005003855146466"
"832","300","0.4","0.3","0.2","0.05","0.5","0.45","300","4096","2888","1208","0.294921875","2888","1563","0.380002764157589","0.03956809142075771"
"834","300","0.4","0.3","0.2","0.05","0.5","0.45","300","4173","2896","1277","0.30601485741672657","2896","1646","0.3747257329872606","0.038284723561495974"
"835","300","0.4","0.3","0.2","0.05","0.5","0.45","300","4059","2848","1211","0.2983493471298349","2848","1605","0.36829027124025704","0.06610676830979013"
"839","300","0.4","0.3","0.2","0.05","0.5","0.45","300","4093","2891","1202","0.29367212313706326","2891","1584","0.373643088456784","0.04639454934395327"
"838","300","0.4","0.3","0.2","0.05","0.5","0.45","300","4063","2907","1156","0.28451882845188287","2907","1580","0.37998641129890154","0.04131415713366126"
"837","300","0.4","0.3","0.2","0.05","0.5","0.45","300","4071","2897","1174","0.28838123311225744","2897","1571","0.3741499504603428","0.04395774735048245"
"842","300","0.4","0.3","0.2","0.05","0.5","0.5","300","3838","2934","904","0.23553934340802501","2934","1458","0.35691465498429603","0.041709504134125934"
"841","300","0.4","0.3","0.2","0.05","0.5","0.5","300","3832","2921","911","0.2377348643006263","2921","1451","0.36033744493515685","0.03469695287921466"
"840","300","0.4","0.3","0.2","0.05","0.5","0.45","300","4136","2864","1272","0.30754352030947774","2864","1589","0.3735474093357595","0.04391986935266902"
"836","300","0.4","0.3","0.2","0.05","0.5","0.45","300","4042","2865","1177","0.2911924789708065","2865","1607","0.3738591147140745","0.0393504036824948"
"843","300","0.4","0.3","0.2","0.05","0.5","0.5","300","3889","2945","944","0.24273592183080483","2945","1467","0.36147991787486544","0.03531027057724824"
"844","300","0.4","0.3","0.2","0.05","0.5","0.5","300","3878","2955","923","0.23800928313563693","2955","1509","0.3655994350269802","0.0417732437331844"
"845","300","0.4","0.3","0.2","0.05","0.5","0.5","300","3771","2945","826","0.2190400424290639","2945","1455","0.35841317263865285","0.04206800674549938"
"846","300","0.4","0.3","0.2","0.05","0.5","0.5","300","3844","2939","905","0.2354318418314256","2939","1472","0.3575447851970204","0.04427112848545685"
"847","300","0.4","0.3","0.2","0.05","0.5","0.5","300","3836","2949","887","0.23123044838373305","2949","1475","0.36322223827347744","0.038321192386371425"
"848","300","0.4","0.3","0.2","0.05","0.5","0.5","300","3862","2956","906","0.23459347488348006","2956","1473","0.3670270699330933","0.040395993570423935"
"849","300","0.4","0.3","0.2","0.05","0.5","0.5","300","3825","2924","901","0.23555555555555555","2924","1481","0.36717889899707873","0.03719881106019204"
"851","300","0.4","0.3","0.2","0.05","0.5","0.55","300","3694","2986","708","0.1916621548456957","2986","1362","0.3538015271693106","0.03180524376532642"
"850","300","0.4","0.3","0.2","0.05","0.5","0.5","300","3831","2959","872","0.2276168102323153","2959","1427","0.3542615190039797","0.04196740488518834"
"852","300","0.4","0.3","0.2","0.05","0.5","0.55","300","3671","2980","691","0.18823208934895125","2980","1385","0.35465243294455684","0.03735304176056363"
"854","300","0.4","0.3","0.2","0.05","0.5","0.55","300","3590","2979","611","0.1701949860724234","2979","1310","0.3516478557571265","0.04376823859076255"
"853","300","0.4","0.3","0.2","0.05","0.5","0.55","300","3696","2981","715","0.19345238095238096","2981","1330","0.35128229029057045","0.04361238023384861"
"856","300","0.4","0.3","0.2","0.05","0.5","0.55","300","3655","2963","692","0.1893296853625171","2963","1307","0.3487432320799073","0.03775298243704785"
"857","300","0.4","0.3","0.2","0.05","0.5","0.55","300","3669","2995","674","0.1837012810029981","2995","1363","0.35057516196732164","0.03804373566425004"
"855","300","0.4","0.3","0.2","0.05","0.5","0.55","300","3638","2957","681","0.18719076415612973","2957","1330","0.35192786724020275","0.033476048994759096"
"858","300","0.4","0.3","0.2","0.05","0.5","0.55","300","3624","2962","662","0.18267108167770418","2962","1295","0.35275317861013034","0.04455163988951198"
"859","300","0.4","0.3","0.2","0.05","0.5","0.55","300","3620","2981","639","0.17651933701657457","2981","1396","0.3471589674551842","0.03995953117987618"
"860","300","0.4","0.3","0.2","0.05","0.5","0.55","300","3606","2977","629","0.17443150305047145","2977","1325","0.3459440208129716","0.04308923818263452"
"864","300","0.4","0.3","0.2","0.05","0.5","0.6","300","3578","3020","558","0.15595304639463387","3020","1205","0.34012913135761064","0.031669870905012734"
"862","300","0.4","0.3","0.2","0.05","0.5","0.6","300","3518","3028","490","0.13928368391131324","3028","1224","0.34037361582790987","0.03961881575436288"
"861","300","0.4","0.3","0.2","0.05","0.5","0.6","300","3531","2995","536","0.15179835740583403","2995","1230","0.33921283063141633","0.03106788632021552"
"865","300","0.4","0.3","0.2","0.05","0.5","0.6","300","3563","3050","513","0.14397979230985125","3050","1182","0.33974342813748243","0.03497802007896998"
"863","300","0.4","0.3","0.2","0.05","0.5","0.6","300","3519","3019","500","0.14208581983518045","3019","1185","0.33969832556394874","0.03452914934433611"
"866","300","0.4","0.3","0.2","0.05","0.5","0.6","300","3502","3004","498","0.14220445459737294","3004","1234","0.3391736208664655","0.04104573268480182"
"867","300","0.4","0.3","0.2","0.05","0.5","0.6","300","3544","3021","523","0.14757336343115124","3021","1200","0.3392907035453608","0.040058426970154416"
"868","300","0.4","0.3","0.2","0.05","0.5","0.6","300","3543","3019","524","0.14789726220716906","3019","1210","0.33940612149626476","0.030193694232111466"
"869","300","0.4","0.3","0.2","0.05","0.5","0.6","300","3518","2985","533","0.15150653780557136","2985","1211","0.34337539645798887","0.04050591375648989"
"870","300","0.4","0.3","0.2","0.05","0.5","0.6","300","3473","2952","521","0.15001439677512238","2952","1167","0.34117452836100665","0.0395437071646618"
"871","300","0.4","0.3","0.2","0.05","0.5","0.65","300","3368","2981","387","0.11490498812351543","2981","1087","0.3327407024210584","0.03875201401891665"
"872","300","0.4","0.3","0.2","0.05","0.5","0.65","300","3414","3024","390","0.11423550087873462","3024","1019","0.3282237894420288","0.03519446650883044"
"873","300","0.4","0.3","0.2","0.05","0.5","0.65","300","3376","3008","368","0.10900473933649289","3008","1006","0.3239923577235922","0.041084371258087164"
"874","300","0.4","0.3","0.2","0.05","0.5","0.65","300","3451","3060","391","0.11330049261083744","3060","1059","0.3280271196750467","0.036763554993047974"
"875","300","0.4","0.3","0.2","0.05","0.5","0.65","300","3362","2970","392","0.11659726353361094","2970","1038","0.3338447479896402","0.028683432559194463"
"876","300","0.4","0.3","0.2","0.05","0.5","0.65","300","3394","3012","382","0.11255156157925751","3012","1046","0.33323747942767007","0.03770174584507394"
"877","300","0.4","0.3","0.2","0.05","0.5","0.65","300","3410","3020","390","0.11436950146627566","3020","1039","0.3305031416750124","0.03612557170939361"
"879","300","0.4","0.3","0.2","0.05","0.5","0.65","300","3371","2967","404","0.11984574310293682","2967","1040","0.33047123106058107","0.038863812737505624"
"878","300","0.4","0.3","0.2","0.05","0.5","0.65","300","3405","3022","383","0.11248164464023495","3022","1068","0.33035280652207477","0.03700351212143349"
"880","300","0.4","0.3","0.2","0.05","0.5","0.65","300","3402","3019","383","0.11258083480305703","3019","1046","0.33315126739354417","0.031718975087455394"
"882","300","0.4","0.3","0.2","0.05","0.5","0.7","300","3288","3025","263","0.07998783454987834","3025","922","0.32026752816125675","0.03471673414268899"
"883","300","0.4","0.3","0.2","0.05","0.5","0.7","300","3337","3047","290","0.08690440515433023","3047","917","0.32583896655314737","0.036477159411719626"
"881","300","0.4","0.3","0.2","0.05","0.5","0.7","300","3314","3037","277","0.08358479179239589","3037","920","0.3228771347418746","0.03981345995885233"
"885","300","0.4","0.3","0.2","0.05","0.5","0.7","300","3319","3042","277","0.08345887315456463","3042","894","0.32272009013057823","0.030100809308404978"
"887","300","0.4","0.3","0.2","0.05","0.5","0.7","300","3297","3003","294","0.08917197452229299","3003","895","0.32028119988150106","0.03936372961430542"
"884","300","0.4","0.3","0.2","0.05","0.5","0.7","300","3384","3098","286","0.08451536643026004","3098","928","0.32465447299849526","0.03581302811180238"
"888","300","0.4","0.3","0.2","0.05","0.5","0.7","300","3298","3024","274","0.08308065494238932","3024","918","0.3248320493207429","0.03392004227901885"
"886","300","0.4","0.3","0.2","0.05","0.5","0.7","300","3344","3045","299","0.08941387559808613","3045","929","0.32297747662391185","0.03300264854094026"
"889","300","0.4","0.3","0.2","0.05","0.5","0.7","300","3401","3084","317","0.09320788003528374","3084","951","0.3243202632303844","0.03427314748874709"
"890","300","0.4","0.3","0.2","0.05","0.5","0.7","300","3312","3036","276","0.08333333333333333","3036","908","0.3264265928445592","0.033624617731148054"
"891","300","0.4","0.3","0.2","0.05","0.5","0.75","300","3237","3025","212","0.06549274019153538","3025","811","0.3191794827696551","0.032480452493857226"
"892","300","0.4","0.3","0.2","0.05","0.5","0.75","300","3322","3084","238","0.0716435881998796","3084","782","0.3164517104388856","0.03548613471748501"
"893","300","0.4","0.3","0.2","0.05","0.5","0.75","300","3216","3016","200","0.06218905472636816","3016","759","0.317357637831407","0.036477813322406134"
"894","300","0.4","0.3","0.2","0.05","0.5","0.75","300","3234","3015","219","0.06771799628942486","3015","725","0.31432425764903976","0.03877266729300299"
"895","300","0.4","0.3","0.2","0.05","0.5","0.75","300","3246","3037","209","0.06438693776956254","3037","704","0.31515407814576385","0.030575274286130216"
"896","300","0.4","0.3","0.2","0.05","0.5","0.75","300","3290","3064","226","0.06869300911854104","3064","747","0.31517217428059485","0.03074232703093997"
"897","300","0.4","0.3","0.2","0.05","0.5","0.75","300","3225","3037","188","0.058294573643410855","3037","722","0.31473216001698506","0.040011321037390746"
"898","300","0.4","0.3","0.2","0.05","0.5","0.75","300","3254","3025","229","0.07037492317148125","3025","753","0.316101722514282","0.03624805819791789"
"902","300","0.4","0.3","0.2","0.05","0.5","0.8","300","3193","3029","164","0.05136235515189477","3029","613","0.3102042367265777","0.04146380663794751"
"899","300","0.4","0.3","0.2","0.05","0.5","0.75","300","3266","3057","209","0.06399265156154317","3057","746","0.31441433504348754","0.03213935861904156"
"901","300","0.4","0.3","0.2","0.05","0.5","0.8","300","3204","3043","161","0.050249687890137326","3043","612","0.30936437398499755","0.03499522315181574"
"900","300","0.4","0.3","0.2","0.05","0.5","0.75","300","3279","3054","225","0.0686184812442818","3054","782","0.31523226877119265","0.03382001058882075"
"903","300","0.4","0.3","0.2","0.05","0.5","0.8","300","3174","3034","140","0.04410838059231254","3034","618","0.3099210552721139","0.024564692831425625"
"904","300","0.4","0.3","0.2","0.05","0.5","0.8","300","3240","3085","155","0.047839506172839504","3085","643","0.3102240337094223","0.03207584718835526"
"905","300","0.4","0.3","0.2","0.05","0.5","0.8","300","3167","3000","167","0.052731291443006","3000","587","0.3091834882350048","0.04170764814664892"
"906","300","0.4","0.3","0.2","0.05","0.5","0.8","300","3250","3080","170","0.052307692307692305","3080","616","0.31104778098448815","0.03615137585185542"
"908","300","0.4","0.3","0.2","0.05","0.5","0.8","300","3180","3021","159","0.05","3021","614","0.3110139746744466","0.03874312031983189"
"909","300","0.4","0.3","0.2","0.05","0.5","0.8","300","3261","3108","153","0.046918123275068994","3108","619","0.30989137062164357","0.029287344159603497"
"910","300","0.4","0.3","0.2","0.05","0.5","0.8","300","3179","3039","140","0.04403900597672224","3039","594","0.3109350478077463","0.033443472073065125"
"907","300","0.4","0.3","0.2","0.05","0.5","0.8","300","3208","3066","142","0.0442643391521197","3066","605","0.31021788863626104","0.03603422473710196"
"912","300","0.4","0.3","0.2","0.05","0.55","0.2","300","6896","2357","4539","0.658207656612529","2357","1895","0.4372052718052701","0.07205401784452235"
"911","300","0.4","0.3","0.2","0.05","0.55","0.2","300","7020","2362","4658","0.6635327635327636","2362","1891","0.43404162814613123","0.07884012586672046"
"913","300","0.4","0.3","0.2","0.05","0.55","0.2","300","6953","2350","4603","0.662016395800374","2350","1862","0.44203373944150237","0.07153584697417496"
"914","300","0.4","0.3","0.2","0.05","0.55","0.2","300","7076","2361","4715","0.6663369135104579","2361","1923","0.4394278345519268","0.07564401530410572"
"915","300","0.4","0.3","0.2","0.05","0.55","0.2","300","6776","2368","4408","0.6505312868949232","2368","1908","0.42972734159748227","0.08285920147341871"
"916","300","0.4","0.3","0.2","0.05","0.55","0.2","300","6955","2384","4571","0.6572250179726815","2384","1900","0.446152332795455","0.06437286135295466"
"917","300","0.4","0.3","0.2","0.05","0.55","0.2","300","6822","2378","4444","0.6514218704192319","2378","1906","0.44322565018305077","0.06878566919808338"
"918","300","0.4","0.3","0.2","0.05","0.55","0.2","300","6829","2391","4438","0.6498755308244253","2391","1907","0.42636610373440054","0.07727515763512252"
"920","300","0.4","0.3","0.2","0.05","0.55","0.2","300","6782","2357","4425","0.6524624004718372","2357","1873","0.43048688142515495","0.0782229669969101"
"919","300","0.4","0.3","0.2","0.05","0.55","0.2","300","7029","2365","4664","0.6635367762128326","2365","1893","0.43756427763048644","0.075560427755908"
"921","300","0.4","0.3","0.2","0.05","0.55","0.25","300","5904","2490","3414","0.5782520325203252","2490","1879","0.43017360075689887","0.058083829327012115"
"922","300","0.4","0.3","0.2","0.05","0.55","0.25","300","5951","2466","3485","0.5856158628801882","2466","1846","0.4258322697659092","0.06016154989957457"
"925","300","0.4","0.3","0.2","0.05","0.55","0.25","300","6058","2447","3611","0.5960713106635853","2447","1865","0.4274717311089983","0.061457511950490144"
"923","300","0.4","0.3","0.2","0.05","0.55","0.25","300","5854","2485","3369","0.5755039289374786","2485","1858","0.41847532533469595","0.06172614218369799"
"924","300","0.4","0.3","0.2","0.05","0.55","0.25","300","5947","2447","3500","0.5885320329577939","2447","1840","0.4270443451881233","0.06120792542227032"
"927","300","0.4","0.3","0.2","0.05","0.55","0.25","300","5971","2469","3502","0.5865014235471445","2469","1873","0.4255086954600262","0.05676841878429455"
"926","300","0.4","0.3","0.2","0.05","0.55","0.25","300","5980","2448","3532","0.5906354515050167","2448","1845","0.4221715084022886","0.06566441984281544"
"928","300","0.4","0.3","0.2","0.05","0.55","0.25","300","5964","2442","3522","0.5905432595573441","2442","1819","0.42130168738497753","0.06858672706320545"
"929","300","0.4","0.3","0.2","0.05","0.55","0.25","300","5939","2480","3459","0.5824212830442835","2480","1835","0.4279445564908007","0.057437009804178284"
"930","300","0.4","0.3","0.2","0.05","0.55","0.25","300","6041","2454","3587","0.593775864923026","2454","1844","0.4238196996936742","0.06504452791913959"
"931","300","0.4","0.3","0.2","0.05","0.55","0.3","300","5270","2526","2744","0.5206831119544592","2526","1786","0.41339842135318433","0.048996334750407475"
"932","300","0.4","0.3","0.2","0.05","0.55","0.3","300","5228","2539","2689","0.514345830145371","2539","1775","0.4103001637426114","0.05713793379264832"
"933","300","0.4","0.3","0.2","0.05","0.55","0.3","300","5258","2522","2736","0.5203499429440852","2522","1767","0.41859716110438905","0.04975278475677617"
"936","300","0.4","0.3","0.2","0.05","0.55","0.3","300","5301","2510","2791","0.5265044331258253","2510","1756","0.4043566049877127","0.06524654077880983"
"935","300","0.4","0.3","0.2","0.05","0.55","0.3","300","5220","2537","2683","0.5139846743295019","2537","1759","0.41198903978489526","0.0462953982830203"
"937","300","0.4","0.3","0.2","0.05","0.55","0.3","300","5177","2541","2636","0.5091751979911145","2541","1794","0.40751971040750296","0.0664227290673989"
"934","300","0.4","0.3","0.2","0.05","0.55","0.3","300","5219","2532","2687","0.5148495880436865","2532","1768","0.4162734700730935","0.055341226087277325"
"940","300","0.4","0.3","0.2","0.05","0.55","0.3","300","5141","2544","2597","0.5051546391752577","2544","1795","0.4116704396227224","0.04720812171340355"
"941","300","0.4","0.3","0.2","0.05","0.55","0.35","300","4556","2621","1935","0.42471466198419666","2621","1696","0.39731667200433796","0.04757321046959107"
"939","300","0.4","0.3","0.2","0.05","0.55","0.3","300","5296","2529","2767","0.5224697885196374","2529","1787","0.40645583873428515","0.05490472408286018"
"938","300","0.4","0.3","0.2","0.05","0.55","0.3","300","5188","2539","2649","0.5106013878180417","2539","1806","0.4211821160487996","0.05061595573238669"
"942","300","0.4","0.3","0.2","0.05","0.55","0.35","300","4629","2630","1999","0.43184273061136313","2630","1702","0.39923861012892814","0.04737932633795577"
"943","300","0.4","0.3","0.2","0.05","0.55","0.35","300","4605","2644","1961","0.4258414766558089","2644","1702","0.3977045929798914","0.04906005971112215"
"945","300","0.4","0.3","0.2","0.05","0.55","0.35","300","4700","2615","2085","0.44361702127659575","2615","1735","0.39429148186773394","0.05099200820045292"
"944","300","0.4","0.3","0.2","0.05","0.55","0.35","300","4636","2643","1993","0.4298964624676445","2643","1694","0.40007467312397443","0.0511038224865831"
"946","300","0.4","0.3","0.2","0.05","0.55","0.35","300","4675","2613","2062","0.4410695187165775","2613","1688","0.3943957329251562","0.041284692296639655"
"947","300","0.4","0.3","0.2","0.05","0.55","0.35","300","4621","2640","1981","0.4286950876433672","2640","1662","0.39342814559063544","0.0616983760183367"
"948","300","0.4","0.3","0.2","0.05","0.55","0.35","300","4659","2650","2009","0.43120841382270875","2650","1728","0.3989702372296049","0.04951341077896765"
"952","300","0.4","0.3","0.2","0.05","0.55","0.4","300","4219","2698","1521","0.36051196966105714","2698","1625","0.38603466807122355","0.050090752863392145"
"949","300","0.4","0.3","0.2","0.05","0.55","0.35","300","4690","2637","2053","0.4377398720682303","2637","1723","0.41290102500118636","0.047778802714724726"
"951","300","0.4","0.3","0.2","0.05","0.55","0.4","300","4218","2715","1503","0.3563300142247511","2715","1582","0.38540105835426675","0.03569559739939436"
"950","300","0.4","0.3","0.2","0.05","0.55","0.35","300","4626","2574","2052","0.44357976653696496","2574","1695","0.3979092476301388","0.05088237426880209"
"953","300","0.4","0.3","0.2","0.05","0.55","0.4","300","4266","2700","1566","0.3670886075949367","2700","1565","0.3849253721231823","0.044264252349445636"
"954","300","0.4","0.3","0.2","0.05","0.55","0.4","300","4223","2688","1535","0.3634856736916884","2688","1626","0.38910077506200186","0.04744816085212307"
"955","300","0.4","0.3","0.2","0.05","0.55","0.4","300","4270","2700","1570","0.36768149882903983","2700","1629","0.38779187473350063","0.054295625787791714"
"956","300","0.4","0.3","0.2","0.05","0.55","0.4","300","4275","2730","1545","0.36140350877192984","2730","1632","0.38426358159367374","0.03737977579679554"
"957","300","0.4","0.3","0.2","0.05","0.55","0.4","300","4308","2687","1621","0.3762766945218199","2687","1581","0.38376390632598745","0.043427043580346054"
"958","300","0.4","0.3","0.2","0.05","0.55","0.4","300","4256","2708","1548","0.36372180451127817","2708","1659","0.3962931173617215","0.03626880863532754"
"960","300","0.4","0.3","0.2","0.05","0.55","0.4","300","4196","2705","1491","0.35533841754051476","2705","1600","0.38921170040656844","0.04753305598580994"
"959","300","0.4","0.3","0.2","0.05","0.55","0.4","300","4248","2701","1547","0.3641713747645951","2701","1571","0.3869213334303915","0.043386633954142224"
"961","300","0.4","0.3","0.2","0.05","0.55","0.45","300","3929","2768","1161","0.2954950369050649","2768","1552","0.3759681029441714","0.03242225706959831"
"962","300","0.4","0.3","0.2","0.05","0.55","0.45","300","3893","2752","1141","0.2930901618289237","2752","1515","0.3678563303475818","0.04360127291278914"
"963","300","0.4","0.3","0.2","0.05","0.55","0.45","300","3924","2748","1176","0.2996941896024465","2748","1532","0.37639581673512174","0.041988374887101484"
"964","300","0.4","0.3","0.2","0.05","0.55","0.45","300","3947","2745","1202","0.3045350899417279","2745","1494","0.3811198883813384","0.03658626651839195"
"965","300","0.4","0.3","0.2","0.05","0.55","0.45","300","3969","2767","1202","0.30284706475182666","2767","1530","0.3736378098015058","0.041977206991233904"
"966","300","0.4","0.3","0.2","0.05","0.55","0.45","300","3848","2782","1066","0.27702702702702703","2782","1482","0.3721765650057478","0.039220712967899134"
"968","300","0.4","0.3","0.2","0.05","0.55","0.45","300","3899","2763","1136","0.2913567581431136","2763","1489","0.3758201581717526","0.041254244186489215"
"967","300","0.4","0.3","0.2","0.05","0.55","0.45","300","3911","2748","1163","0.2973664024546152","2748","1529","0.3702608080384141","0.046622439945403445"
"969","300","0.4","0.3","0.2","0.05","0.55","0.45","300","3908","2781","1127","0.2883828045035824","2781","1530","0.3749020520740567","0.04786270211911006"
"970","300","0.4","0.3","0.2","0.05","0.55","0.45","300","3917","2775","1142","0.291549655348481","2775","1522","0.37671872780113785","0.03739584331357886"
"971","300","0.4","0.3","0.2","0.05","0.55","0.5","300","3663","2806","857","0.23396123396123397","2806","1422","0.357590267062263","0.03940599354131654"
"972","300","0.4","0.3","0.2","0.05","0.55","0.5","300","3676","2862","814","0.22143634385201305","2862","1428","0.3662772194429715","0.03491408436746081"
"973","300","0.4","0.3","0.2","0.05","0.55","0.5","300","3662","2827","835","0.2280174767886401","2827","1441","0.36014334063792963","0.032035106551708846"
"975","300","0.4","0.3","0.2","0.05","0.55","0.5","300","3677","2850","827","0.2249116127277672","2850","1344","0.36038299704338367","0.044365138701784934"
"977","300","0.4","0.3","0.2","0.05","0.55","0.5","300","3699","2834","865","0.2338469856718032","2834","1420","0.3698548014421731","0.03150218902059176"
"976","300","0.4","0.3","0.2","0.05","0.55","0.5","300","3689","2819","870","0.23583626999186771","2819","1395","0.3596967477216255","0.036349182712039324"
"974","300","0.4","0.3","0.2","0.05","0.55","0.5","300","3715","2891","824","0.22180349932705248","2891","1453","0.3703274176797692","0.03404127472405301"
"978","300","0.4","0.3","0.2","0.05","0.55","0.5","300","3716","2832","884","0.2378902045209903","2832","1437","0.36391427953642014","0.04223709150029832"
"979","300","0.4","0.3","0.2","0.05","0.55","0.5","300","3699","2841","858","0.23195458231954583","2841","1459","0.3672818549168947","0.03339863416286481"
"981","300","0.4","0.3","0.2","0.05","0.55","0.55","300","3578","2885","693","0.1936836221352711","2885","1281","0.35790045837616996","0.030978506523834107"
"980","300","0.4","0.3","0.2","0.05","0.55","0.5","300","3708","2842","866","0.23354908306364616","2842","1465","0.36483127064540377","0.037441772570706654"
"982","300","0.4","0.3","0.2","0.05","0.55","0.55","300","3484","2867","617","0.17709529276693456","2867","1267","0.3467108439041681","0.034167044382121696"
"983","300","0.4","0.3","0.2","0.05","0.55","0.55","300","3512","2899","613","0.17454441913439636","2899","1303","0.35218480315243184","0.03634254028640937"
"984","300","0.4","0.3","0.2","0.05","0.55","0.55","300","3501","2877","624","0.17823479005998286","2877","1265","0.3440333580300501","0.037650447300155064"
"986","300","0.4","0.3","0.2","0.05","0.55","0.55","300","3555","2901","654","0.1839662447257384","2901","1290","0.35258356604732743","0.03980809531531596"
"988","300","0.4","0.3","0.2","0.05","0.55","0.55","300","3445","2802","643","0.18664731494920175","2802","1268","0.35085950852682884","0.03829460144861544"
"987","300","0.4","0.3","0.2","0.05","0.55","0.55","300","3515","2855","660","0.18776671408250356","2855","1283","0.3506144034009374","0.04499544832407636"
"985","300","0.4","0.3","0.2","0.05","0.55","0.55","300","3530","2843","687","0.19461756373937678","2843","1270","0.34898914120201746","0.04040098920149405"
"990","300","0.4","0.3","0.2","0.05","0.55","0.55","300","3521","2873","648","0.18403862539051405","2873","1311","0.35085329063722887","0.036079117797249705"
"989","300","0.4","0.3","0.2","0.05","0.55","0.55","300","3497","2877","620","0.17729482413497283","2877","1340","0.3574742684986513","0.03308719579799824"
"991","300","0.4","0.3","0.2","0.05","0.55","0.6","300","3417","2876","541","0.15832601697395376","2876","1113","0.3407186553715271","0.03789304944830309"
"992","300","0.4","0.3","0.2","0.05","0.55","0.6","300","3410","2891","519","0.15219941348973606","2891","1128","0.3361940647261564","0.03623564887130802"
"993","300","0.4","0.3","0.2","0.05","0.55","0.6","300","3405","2883","522","0.15330396475770924","2883","1154","0.33922820435083084","0.03711089122387783"
"994","300","0.4","0.3","0.2","0.05","0.55","0.6","300","3394","2948","446","0.1314083677077195","2948","1164","0.3402800363296952","0.030856952624942438"
"995","300","0.4","0.3","0.2","0.05","0.55","0.6","300","3405","2952","453","0.13303964757709252","2952","1211","0.3441493850679805","0.036667759189622964"
"996","300","0.4","0.3","0.2","0.05","0.55","0.6","300","3390","2898","492","0.14513274336283186","2898","1173","0.3396568495810439","0.03852377044103665"
"999","300","0.4","0.3","0.2","0.05","0.55","0.6","300","3380","2884","496","0.1467455621301775","2884","1204","0.34656824154811344","0.03095414369863192"
"997","300","0.4","0.3","0.2","0.05","0.55","0.6","300","3385","2906","479","0.14150664697193502","2906","1166","0.3401206825492354","0.03622996882284318"
"998","300","0.4","0.3","0.2","0.05","0.55","0.6","300","3373","2884","489","0.1449747998814112","2884","1118","0.33637788129406593","0.03550905167579779"
"1000","300","0.4","0.3","0.2","0.05","0.55","0.6","300","3402","2920","482","0.14168136390358613","2920","1167","0.3390942217563967","0.04041885335131405"
"1002","300","0.4","0.3","0.2","0.05","0.55","0.65","300","3266","2918","348","0.1065523576240049","2918","979","0.3358411414549863","0.02602986925096754"
"1001","300","0.4","0.3","0.2","0.05","0.55","0.65","300","3342","2951","391","0.11699581089168162","2951","1000","0.3359814614945643","0.0349609295321032"
"1003","300","0.4","0.3","0.2","0.05","0.55","0.65","300","3324","2932","392","0.11793020457280386","2932","1024","0.3375568113556379","0.031132912769602613"
"1004","300","0.4","0.3","0.2","0.05","0.55","0.65","300","3307","2934","373","0.11279104928938614","2934","1069","0.3365786120238552","0.03688591989437242"
"1005","300","0.4","0.3","0.2","0.05","0.55","0.65","300","3313","2944","369","0.11137941442801087","2944","1033","0.33531675669772965","0.03167845709253247"
"1007","300","0.4","0.3","0.2","0.05","0.55","0.65","300","3318","2957","361","0.10880048221820374","2957","980","0.32950159488620157","0.032120793015326034"
"1006","300","0.4","0.3","0.2","0.05","0.55","0.65","300","3270","2930","340","0.10397553516819572","2930","1075","0.3330404844918395","0.037701794094228774"
"1008","300","0.4","0.3","0.2","0.05","0.55","0.65","300","3284","2907","377","0.11479902557856272","2907","1044","0.3353163867400856","0.0324246719307726"
"1009","300","0.4","0.3","0.2","0.05","0.55","0.65","300","3264","2881","383","0.1173406862745098","2881","1076","0.3328426722811456","0.03140235382595928"
"1011","300","0.4","0.3","0.2","0.05","0.55","0.7","300","3182","2915","267","0.08390949088623507","2915","868","0.3238619006009033","0.03841276502637408"
"1010","300","0.4","0.3","0.2","0.05","0.55","0.65","300","3306","2947","359","0.10859044162129462","2947","1032","0.33229369465088426","0.03442533127781963"
"1013","300","0.4","0.3","0.2","0.05","0.55","0.7","300","3190","2903","287","0.08996865203761756","2903","846","0.3247668000986618","0.03341572971339858"
"1012","300","0.4","0.3","0.2","0.05","0.55","0.7","300","3248","2976","272","0.08374384236453201","2976","878","0.3237791699553063","0.0368156594340218"
"1014","300","0.4","0.3","0.2","0.05","0.55","0.7","300","3173","2912","261","0.082256539552474","2912","835","0.3254288332282795","0.04229079563227382"
"1015","300","0.4","0.3","0.2","0.05","0.55","0.7","300","3234","2965","269","0.0831787260358689","2965","907","0.32676849961231774","0.039544155343074386"
"1016","300","0.4","0.3","0.2","0.05","0.55","0.7","300","3257","2954","303","0.09303039607000307","2954","858","0.3215028301098418","0.03995612544644592"
"1017","300","0.4","0.3","0.2","0.05","0.55","0.7","300","3207","2956","251","0.07826629248518865","2956","847","0.32226031155713114","0.029630161458809312"
"1018","300","0.4","0.3","0.2","0.05","0.55","0.7","300","3205","2930","275","0.08580343213728549","2930","881","0.32597412599101094","0.0383058724671397"
"1019","300","0.4","0.3","0.2","0.05","0.55","0.7","300","3249","2968","281","0.08648815020006156","2968","883","0.3259400139206678","0.028026332390208727"
"1020","300","0.4","0.3","0.2","0.05","0.55","0.7","300","3238","2966","272","0.08400247066090179","2966","884","0.3238575630287458","0.04262342092495513"
"1021","300","0.4","0.3","0.2","0.05","0.55","0.75","300","3204","2997","207","0.06460674157303371","2997","747","0.31545959023782993","0.03654167817145031"
"1022","300","0.4","0.3","0.2","0.05","0.55","0.75","300","3168","2967","201","0.0634469696969697","2967","756","0.31648351791664286","0.03046014441048283"
"1025","300","0.4","0.3","0.2","0.05","0.55","0.75","300","3159","2953","206","0.0652105096549541","2953","751","0.3178592270213137","0.036697988351630594"
"1023","300","0.4","0.3","0.2","0.05","0.55","0.75","300","3193","2967","226","0.0707798308800501","2967","723","0.3164425374051973","0.03474589133314849"
"1024","300","0.4","0.3","0.2","0.05","0.55","0.75","300","3239","3002","237","0.07317073170731707","3002","729","0.3164961343117275","0.04215735118487219"
"1026","300","0.4","0.3","0.2","0.05","0.55","0.75","300","3203","3006","197","0.06150483921323759","3006","779","0.3206301968576228","0.027221009740829576"
"1027","300","0.4","0.3","0.2","0.05","0.55","0.75","300","3076","2894","182","0.05916775032509753","2894","715","0.3143053414432927","0.04592093356954863"
"1029","300","0.4","0.3","0.2","0.05","0.55","0.75","300","3152","2935","217","0.06884517766497462","2935","750","0.31581641963047496","0.02746310259181474"
"1028","300","0.4","0.3","0.2","0.05","0.55","0.75","300","3224","2996","228","0.0707196029776675","2996","751","0.3160913218842766","0.03345741347322082"
"1030","300","0.4","0.3","0.2","0.05","0.55","0.75","300","3184","2958","226","0.07097989949748744","2958","719","0.316680436739632","0.02943443319731159"
"1031","300","0.4","0.3","0.2","0.05","0.55","0.8","300","3125","2971","154","0.04928","2971","582","0.31033976103511457","0.0447066125951202"
"1032","300","0.4","0.3","0.2","0.05","0.55","0.8","300","3144","2979","165","0.05248091603053435","2979","591","0.3093087354358657","0.026205729938013955"
"1033","300","0.4","0.3","0.2","0.05","0.55","0.8","300","3104","2964","140","0.045103092783505154","2964","574","0.3108490741578741","0.04604369434200914"
"1034","300","0.4","0.3","0.2","0.05","0.55","0.8","300","3123","2968","155","0.04963176432917067","2968","573","0.30886673230389766","0.03985383563708677"
"1036","300","0.4","0.3","0.2","0.05","0.55","0.8","300","3078","2911","167","0.05425601039636127","2911","558","0.30884443709454906","0.029169754887400496"
"1035","300","0.4","0.3","0.2","0.05","0.55","0.8","300","3159","2996","163","0.05159860715416271","2996","596","0.31185326424628335","0.03278488463656573"
"1037","300","0.4","0.3","0.2","0.05","0.55","0.8","300","3101","2933","168","0.05417607223476298","2933","568","0.309552170780005","0.033916951420909905"
"1038","300","0.4","0.3","0.2","0.05","0.55","0.8","300","3101","2923","178","0.057400838439213155","2923","589","0.3096672609730199","0.031901407590241675"
"1039","300","0.4","0.3","0.2","0.05","0.55","0.8","300","3138","2975","163","0.05194391332058636","2975","602","0.3114624125998687","0.032921947604799696"
"1040","300","0.4","0.3","0.2","0.05","0.55","0.8","300","3104","2947","157","0.050579896907216496","2947","623","0.31131585086796304","0.04017511883957424"
"1041","300","0.4","0.3","0.2","0.05","0.6","0.2","300","6398","2260","4138","0.6467646139418568","2260","1816","0.44303101446005866","0.07335428510889175"
"1042","300","0.4","0.3","0.2","0.05","0.6","0.2","300","6565","2273","4292","0.6537699923838538","2273","1837","0.4356836313410408","0.07153372147035017"
"1043","300","0.4","0.3","0.2","0.05","0.6","0.2","300","6687","2229","4458","0.6666666666666666","2229","1792","0.43661509904300516","0.06835241940382766"
"1044","300","0.4","0.3","0.2","0.05","0.6","0.2","300","6600","2244","4356","0.66","2244","1768","0.43803648182677307","0.06195914534085716"
"1045","300","0.4","0.3","0.2","0.05","0.6","0.2","300","6559","2252","4307","0.6566549778929714","2252","1790","0.42836679828136076","0.07266682000286719"
"1046","300","0.4","0.3","0.2","0.05","0.6","0.2","300","6737","2238","4499","0.6678046608282618","2238","1792","0.4473608789805946","0.07183669436620087"
"1047","300","0.4","0.3","0.2","0.05","0.6","0.2","300","6535","2242","4293","0.6569242540168324","2242","1796","0.4238405433833167","0.07483389776767249"
"1051","300","0.4","0.3","0.2","0.05","0.6","0.25","300","5715","2327","3388","0.5928258967629046","2327","1764","0.4127311110722087","0.058815538745685056"
"1048","300","0.4","0.3","0.2","0.05","0.6","0.2","300","6665","2247","4418","0.6628657164291073","2247","1756","0.4376367940444337","0.07373615090258862"
"1049","300","0.4","0.3","0.2","0.05","0.6","0.2","300","6627","2253","4374","0.6600271616115889","2253","1799","0.43453942604407814","0.07473564123610742"
"1050","300","0.4","0.3","0.2","0.05","0.6","0.2","300","6587","2250","4337","0.6584180962501898","2250","1770","0.4355179716854252","0.07284136207521473"
"1052","300","0.4","0.3","0.2","0.05","0.6","0.25","300","5795","2319","3476","0.5998274374460743","2319","1743","0.4151910804584382","0.06115342201663663"
"1053","300","0.4","0.3","0.2","0.05","0.6","0.25","300","5572","2379","3193","0.5730437903804738","2379","1782","0.4344260256624861","0.04976948184490512"
"1054","300","0.4","0.3","0.2","0.05","0.6","0.25","300","5714","2328","3386","0.5925796289814491","2328","1705","0.42068815505643997","0.055117292405770166"
"1055","300","0.4","0.3","0.2","0.05","0.6","0.25","300","5619","2351","3268","0.5815981491368571","2351","1764","0.414010369749912","0.07098505619750146"
"1056","300","0.4","0.3","0.2","0.05","0.6","0.25","300","5754","2323","3431","0.5962808481056656","2323","1754","0.4212046024353086","0.05787495397271281"
"1057","300","0.4","0.3","0.2","0.05","0.6","0.25","300","5723","2338","3385","0.5914730036694041","2338","1756","0.4217811740737036","0.058774664011703295"
"1058","300","0.4","0.3","0.2","0.05","0.6","0.25","300","5605","2320","3285","0.5860838537020517","2320","1753","0.4237285098241955","0.06288507048250246"
"1059","300","0.4","0.3","0.2","0.05","0.6","0.25","300","5572","2348","3224","0.5786073223259153","2348","1732","0.4259719558283681","0.07273051939768076"
"1060","300","0.4","0.3","0.2","0.05","0.6","0.25","300","5574","2373","3201","0.5742734122712594","2373","1791","0.42948635369752924","0.059578143384623514"
"1063","300","0.4","0.3","0.2","0.05","0.6","0.3","300","5098","2418","2680","0.5256963515103963","2418","1690","0.40933485798439584","0.06207020526364101"
"1062","300","0.4","0.3","0.2","0.05","0.6","0.3","300","4927","2422","2505","0.5084229754414451","2422","1705","0.41770531827520385","0.04155985091885606"
"1064","300","0.4","0.3","0.2","0.05","0.6","0.3","300","4997","2449","2548","0.5099059435661397","2449","1696","0.40969762340769644","0.0530304697994519"
"1061","300","0.4","0.3","0.2","0.05","0.6","0.3","300","4896","2449","2447","0.49979575163398693","2449","1700","0.41151108043555884","0.060829055615984624"
"1065","300","0.4","0.3","0.2","0.05","0.6","0.3","300","5057","2427","2630","0.5200711884516511","2427","1707","0.4075786749366945","0.05486316287427166"
"1066","300","0.4","0.3","0.2","0.05","0.6","0.3","300","5067","2430","2637","0.5204262877442274","2430","1705","0.4223705025520676","0.03957336444740024"
"1067","300","0.4","0.3","0.2","0.05","0.6","0.3","300","4967","2428","2539","0.5111737467284075","2428","1723","0.422846081929127","0.050350365886794896"
"1068","300","0.4","0.3","0.2","0.05","0.6","0.3","300","5076","2431","2645","0.5210795902285263","2431","1704","0.41325144817249077","0.044356079975271474"
"1069","300","0.4","0.3","0.2","0.05","0.6","0.3","300","4995","2406","2589","0.5183183183183183","2406","1692","0.41395070380047444","0.04897830293507764"
"1070","300","0.4","0.3","0.2","0.05","0.6","0.3","300","4943","2438","2505","0.50677726077281","2438","1689","0.413175931335664","0.04434905122551695"
"1071","300","0.4","0.3","0.2","0.05","0.6","0.35","300","4482","2538","1944","0.43373493975903615","2538","1654","0.4066270088332465","0.047992652605938005"
"1072","300","0.4","0.3","0.2","0.05","0.6","0.35","300","4464","2507","1957","0.43839605734767023","2507","1614","0.39217849662169724","0.05341254504544171"
"1073","300","0.4","0.3","0.2","0.05","0.6","0.35","300","4517","2502","2015","0.4460925392959929","2502","1654","0.4053621534345734","0.048699324830312134"
"1074","300","0.4","0.3","0.2","0.05","0.6","0.35","300","4541","2538","2003","0.44109227042501653","2538","1648","0.3990127954776663","0.045538618908775204"
"1075","300","0.4","0.3","0.2","0.05","0.6","0.35","300","4451","2516","1935","0.4347337676926533","2516","1607","0.3975030381494838","0.05718945680490002"
"1076","300","0.4","0.3","0.2","0.05","0.6","0.35","300","4523","2537","1986","0.43908910015476454","2537","1679","0.40782873272092024","0.044901246270259834"
"1077","300","0.4","0.3","0.2","0.05","0.6","0.35","300","4518","2501","2017","0.4464364763169544","2501","1603","0.39123305955424253","0.05789295110213961"
"1078","300","0.4","0.3","0.2","0.05","0.6","0.35","300","4495","2542","1953","0.43448275862068964","2542","1642","0.401104309397601","0.04621896448388577"
"1080","300","0.4","0.3","0.2","0.05","0.6","0.35","300","4492","2494","1998","0.4447907390917186","2494","1594","0.4103666665240506","0.04215328349835632"
"1079","300","0.4","0.3","0.2","0.05","0.6","0.35","300","4466","2527","1939","0.4341692789968652","2527","1671","0.40822992528134766","0.045852176077278685"
"1082","300","0.4","0.3","0.2","0.05","0.6","0.4","300","4101","2559","1542","0.3760058522311631","2559","1530","0.3896151933701079","0.05154079497232485"
"1081","300","0.4","0.3","0.2","0.05","0.6","0.4","300","4027","2568","1459","0.3623044449962751","2568","1578","0.3974143885578102","0.039595289426974996"
"1084","300","0.4","0.3","0.2","0.05","0.6","0.4","300","4101","2606","1495","0.3645452328700317","2606","1576","0.3879570096009758","0.037237800503308494"
"1083","300","0.4","0.3","0.2","0.05","0.6","0.4","300","4092","2598","1494","0.3651026392961877","2598","1536","0.37991605536766154","0.05224932039166908"
"1085","300","0.4","0.3","0.2","0.05","0.6","0.4","300","4064","2631","1433","0.3526082677165354","2631","1558","0.38631273622136936","0.03917480827203747"
"1087","300","0.4","0.3","0.2","0.05","0.6","0.4","300","4053","2597","1456","0.3592400690846287","2597","1572","0.38875194689201287","0.037806967488800226"
"1086","300","0.4","0.3","0.2","0.05","0.6","0.4","300","4098","2595","1503","0.36676427525622257","2595","1519","0.3881435871447433","0.03849198194955205"
"1088","300","0.4","0.3","0.2","0.05","0.6","0.4","300","4061","2603","1458","0.3590248707214972","2603","1599","0.3839939012580551","0.058746366621054494"
"1089","300","0.4","0.3","0.2","0.05","0.6","0.4","300","4004","2610","1394","0.34815184815184813","2610","1591","0.39488805257467713","0.04329703683521629"
"1090","300","0.4","0.3","0.2","0.05","0.6","0.4","300","4135","2599","1536","0.37146311970979445","2599","1567","0.3962461922359049","0.03981729245285508"
"1091","300","0.4","0.3","0.2","0.05","0.6","0.45","300","3831","2664","1167","0.30462020360219266","2664","1472","0.37918114093078503","0.043046433516821365"
"1092","300","0.4","0.3","0.2","0.05","0.6","0.45","300","3806","2638","1168","0.3068838675775092","2638","1421","0.3734605669769798","0.039820209769773296"
"1093","300","0.4","0.3","0.2","0.05","0.6","0.45","300","3810","2685","1125","0.2952755905511811","2685","1518","0.37966756506508376","0.037439939701546375"
"1094","300","0.4","0.3","0.2","0.05","0.6","0.45","300","3748","2669","1079","0.2878868729989328","2669","1507","0.38347922821023067","0.04040087727800101"
"1096","300","0.4","0.3","0.2","0.05","0.6","0.45","300","3770","2652","1118","0.296551724137931","2652","1455","0.3774453582247674","0.03685649873510449"
"1095","300","0.4","0.3","0.2","0.05","0.6","0.45","300","3801","2670","1131","0.2975532754538279","2670","1456","0.37631215172749627","0.03822682307868608"
"1097","300","0.4","0.3","0.2","0.05","0.6","0.45","300","3810","2666","1144","0.30026246719160105","2666","1459","0.36887749725444385","0.03918416220412118"
"1098","300","0.4","0.3","0.2","0.05","0.6","0.45","300","3824","2697","1127","0.29471757322175735","2697","1487","0.380439954142194","0.04092436687605939"
"1099","300","0.4","0.3","0.2","0.05","0.6","0.45","300","3845","2663","1182","0.30741222366710014","2663","1459","0.37927305056370575","0.03541582668475384"
"1100","300","0.4","0.3","0.2","0.05","0.6","0.45","300","3800","2633","1167","0.3071052631578947","2633","1416","0.3743072291404946","0.03823409894921245"
"1101","300","0.4","0.3","0.2","0.05","0.6","0.5","300","3544","2740","804","0.22686230248307","2740","1360","0.36251959510358905","0.04149698799389681"
"1102","300","0.4","0.3","0.2","0.05","0.6","0.5","300","3598","2766","832","0.2312395775430795","2766","1400","0.36409627644339987","0.03473248931270618"
"1103","300","0.4","0.3","0.2","0.05","0.6","0.5","300","3591","2758","833","0.23196881091617932","2758","1384","0.3745231518216575","0.0314190885535249"
"1104","300","0.4","0.3","0.2","0.05","0.6","0.5","300","3581","2719","862","0.24071488411058364","2719","1366","0.36212445663788995","0.03488625106789366"
"1105","300","0.4","0.3","0.2","0.05","0.6","0.5","300","3486","2712","774","0.22203098106712565","2712","1350","0.37151886998274547","0.03337504343945499"
"1106","300","0.4","0.3","0.2","0.05","0.6","0.5","300","3549","2689","860","0.24232178078331926","2689","1367","0.3710732600151982","0.03645095983623901"
"1107","300","0.4","0.3","0.2","0.05","0.6","0.5","300","3573","2732","841","0.2353764343688777","2732","1387","0.36144455946240484","0.04202403098672748"
"1108","300","0.4","0.3","0.2","0.05","0.6","0.5","300","3615","2778","837","0.23153526970954358","2778","1417","0.3639582598815774","0.03371224245160825"
"1110","300","0.4","0.3","0.2","0.05","0.6","0.5","300","3614","2756","858","0.23741007194244604","2756","1398","0.3654874131546805","0.04499723533897181"
"1109","300","0.4","0.3","0.2","0.05","0.6","0.5","300","3537","2704","833","0.23551031947978512","2704","1361","0.3629587332700189","0.0335717451797149"
"1111","300","0.4","0.3","0.2","0.05","0.6","0.55","300","3442","2799","643","0.18680999418942476","2799","1251","0.3482456206249727","0.038432494733254684"
"1112","300","0.4","0.3","0.2","0.05","0.6","0.55","300","3426","2811","615","0.17950963222416813","2811","1219","0.35451775775351296","0.03809386484071471"
"1113","300","0.4","0.3","0.2","0.05","0.6","0.55","300","3409","2774","635","0.1862716339102376","2774","1277","0.3608225301307607","0.03679814917349353"
"1114","300","0.4","0.3","0.2","0.05","0.6","0.55","300","3399","2747","652","0.1918211238599588","2747","1237","0.3520961126843955","0.03917384009665186"
"1115","300","0.4","0.3","0.2","0.05","0.6","0.55","300","3414","2795","619","0.18131224370240187","2795","1254","0.35428884935178817","0.029724584347598313"
"1116","300","0.4","0.3","0.2","0.05","0.6","0.55","300","3412","2813","599","0.17555685814771396","2813","1259","0.3528592521237143","0.035864755555862354"
"1117","300","0.4","0.3","0.2","0.05","0.6","0.55","300","3423","2766","657","0.19193689745836984","2766","1219","0.35368984570521717","0.03805088910952534"
"1118","300","0.4","0.3","0.2","0.05","0.6","0.55","300","3482","2775","707","0.20304422745548537","2775","1207","0.3471021907060149","0.0473919112321445"
"1119","300","0.4","0.3","0.2","0.05","0.6","0.55","300","3458","2804","654","0.18912666281087334","2804","1274","0.355337079078509","0.030282671037055404"
"1120","300","0.4","0.3","0.2","0.05","0.6","0.55","300","3515","2845","670","0.1906116642958748","2845","1319","0.3602420074256233","0.036703668462994124"
"1121","300","0.4","0.3","0.2","0.05","0.6","0.6","300","3279","2806","473","0.14425129612686793","2806","1139","0.34274848064601887","0.04063041098354801"
"1122","300","0.4","0.3","0.2","0.05","0.6","0.6","300","3319","2843","476","0.1434166917746309","2843","1122","0.345392577533908","0.03838479119790635"
"1124","300","0.4","0.3","0.2","0.05","0.6","0.6","300","3225","2793","432","0.13395348837209303","2793","1066","0.3455561506113162","0.03797386003191089"
"1123","300","0.4","0.3","0.2","0.05","0.6","0.6","300","3279","2820","459","0.13998170173833485","2820","1134","0.3411583548362214","0.04101985067409218"
"1125","300","0.4","0.3","0.2","0.05","0.6","0.6","300","3289","2830","459","0.1395560960778352","2830","1126","0.346226941098283","0.030508905747860984"
"1126","300","0.4","0.3","0.2","0.05","0.6","0.6","300","3345","2857","488","0.14588938714499253","2857","1120","0.34204129548804296","0.036619381369842954"
"1127","300","0.4","0.3","0.2","0.05","0.6","0.6","300","3361","2849","512","0.15233561440047605","2849","1148","0.35125300003596793","0.029574945446614785"
"1128","300","0.4","0.3","0.2","0.05","0.6","0.6","300","3288","2821","467","0.1420316301703163","2821","1093","0.34369317686654566","0.039500512943593254"
"1129","300","0.4","0.3","0.2","0.05","0.6","0.6","300","3295","2813","482","0.14628224582701063","2813","1155","0.3476233568001766","0.03536521580226731"
"1130","300","0.4","0.3","0.2","0.05","0.6","0.6","300","3321","2861","460","0.13851249623607348","2861","1133","0.340861281708639","0.037323818197308324"
"1131","300","0.4","0.3","0.2","0.05","0.6","0.65","300","3169","2829","340","0.10728936573051435","2829","988","0.33236045023450267","0.032398191969589006"
"1132","300","0.4","0.3","0.2","0.05","0.6","0.65","300","3203","2843","360","0.1123946300343428","2843","1014","0.3393744814431933","0.03268444978395321"
"1133","300","0.4","0.3","0.2","0.05","0.6","0.65","300","3202","2844","358","0.11180512179887571","2844","976","0.32996657668291207","0.03327696581018045"
"1134","300","0.4","0.3","0.2","0.05","0.6","0.65","300","3188","2831","357","0.11198243412797992","2831","1010","0.33466977996977987","0.04211344393399026"
"1135","300","0.4","0.3","0.2","0.05","0.6","0.65","300","3232","2882","350","0.10829207920792079","2882","1002","0.3335894295679057","0.032995298722428165"
"1136","300","0.4","0.3","0.2","0.05","0.6","0.65","300","3261","2894","367","0.11254216498006746","2894","1021","0.3382046244420578","0.03503633516115046"
"1137","300","0.4","0.3","0.2","0.05","0.6","0.65","300","3229","2866","363","0.11241870548157325","2866","1011","0.3334938932277526","0.03623471622511193"
"1138","300","0.4","0.3","0.2","0.05","0.6","0.65","300","3247","2878","369","0.11364336310440407","2878","997","0.33355778558118826","0.030163292646400275"
"1139","300","0.4","0.3","0.2","0.05","0.6","0.65","300","3171","2810","361","0.11384421318196153","2810","991","0.33168739207926085","0.04134463751740437"
"1140","300","0.4","0.3","0.2","0.05","0.6","0.65","300","3175","2810","365","0.11496062992125984","2810","1021","0.3346411959208662","0.029942991761353396"
"1141","300","0.4","0.3","0.2","0.05","0.6","0.7","300","3218","2923","295","0.09167184586699814","2923","867","0.3286450386474019","0.034949188317861514"
"1142","300","0.4","0.3","0.2","0.05","0.6","0.7","300","3193","2905","288","0.09019730660820545","2905","902","0.32620521071392705","0.037048328732293676"
"1143","300","0.4","0.3","0.2","0.05","0.6","0.7","300","3158","2911","247","0.07821405953134895","2911","874","0.32560324894205744","0.0402062619421395"
"1144","300","0.4","0.3","0.2","0.05","0.6","0.7","300","3150","2867","283","0.08984126984126985","2867","889","0.3253462763089097","0.02941721106111341"
"1145","300","0.4","0.3","0.2","0.05","0.6","0.7","300","3167","2899","268","0.08462267129775813","2899","895","0.32570618754229125","0.03631917588200405"
"1146","300","0.4","0.3","0.2","0.05","0.6","0.7","300","3163","2909","254","0.08030350932658868","2909","874","0.32517305442918903","0.030445164941301492"
"1147","300","0.4","0.3","0.2","0.05","0.6","0.7","300","3173","2882","291","0.09171131421367791","2882","859","0.32496203778882027","0.04010033914456615"
"1148","300","0.4","0.3","0.2","0.05","0.6","0.7","300","3178","2911","267","0.08401510383889238","2911","856","0.3262823133697567","0.04068767876526691"
"1149","300","0.4","0.3","0.2","0.05","0.6","0.7","300","3134","2891","243","0.07753669432035737","2891","883","0.32278547527219603","0.03598359356080848"
"1150","300","0.4","0.3","0.2","0.05","0.6","0.7","300","3125","2880","245","0.0784","2880","885","0.32725931051879015","0.026834642453761343"
"1151","300","0.4","0.3","0.2","0.05","0.6","0.75","300","3108","2908","200","0.06435006435006435","2908","747","0.3193575017408287","0.026852116175995644"
"1152","300","0.4","0.3","0.2","0.05","0.6","0.75","300","3141","2951","190","0.06049028971665075","2951","714","0.317216051512421","0.03182273618581874"
"1153","300","0.4","0.3","0.2","0.05","0.6","0.75","300","3104","2894","210","0.06765463917525773","2894","702","0.3189521463442144","0.034951334949235156"
"1154","300","0.4","0.3","0.2","0.05","0.6","0.75","300","3094","2880","214","0.0691661279896574","2880","692","0.31704699131044634","0.0296594149457006"
"1155","300","0.4","0.3","0.2","0.05","0.6","0.75","300","3091","2875","216","0.06988029763830475","2875","723","0.314050919619225","0.031015809793221275"
"1156","300","0.4","0.3","0.2","0.05","0.6","0.75","300","3122","2913","209","0.066944266495836","2913","739","0.31737818853482647","0.04010089833606148"
"1157","300","0.4","0.3","0.2","0.05","0.6","0.75","300","3096","2892","204","0.06589147286821706","2892","742","0.3173453558341674","0.03531861821851856"
"1158","300","0.4","0.3","0.2","0.05","0.6","0.75","300","3111","2914","197","0.06332369013179043","2914","703","0.3160917606356505","0.029757814127259093"
"1159","300","0.4","0.3","0.2","0.05","0.6","0.75","300","3071","2874","197","0.06414848583523282","2874","676","0.3162374539547491","0.04151050312188327"
"1160","300","0.4","0.3","0.2","0.05","0.6","0.75","300","3157","2945","212","0.06715235983528667","2945","782","0.31799683603739","0.04236750184969984"
"1161","300","0.4","0.3","0.2","0.05","0.6","0.8","300","3093","2948","145","0.046880051729712255","2948","579","0.3115124397562195","0.02478779271395107"
"1162","300","0.4","0.3","0.2","0.05","0.6","0.8","300","3021","2878","143","0.047335319430652105","2878","598","0.3130103797394017","0.0396536032148558"
"1163","300","0.4","0.3","0.2","0.05","0.6","0.8","300","3067","2918","149","0.04858167590479296","2918","568","0.31130769918511303","0.029879225466883253"
"1164","300","0.4","0.3","0.2","0.05","0.6","0.8","300","3099","2945","154","0.04969344949983866","2945","571","0.31382828682623515","0.02861380437756651"
"1165","300","0.4","0.3","0.2","0.05","0.6","0.8","300","3046","2893","153","0.050229809586342745","2893","580","0.3113081003573543","0.027681705794558708"
"1166","300","0.4","0.3","0.2","0.05","0.6","0.8","300","3030","2876","154","0.050825082508250824","2876","601","0.3098819502721926","0.031079886728572502"
"1167","300","0.4","0.3","0.2","0.05","0.6","0.8","300","3059","2904","155","0.05067015364498202","2904","605","0.312739914481721","0.028012367824519734"
"1168","300","0.4","0.3","0.2","0.05","0.6","0.8","300","3031","2901","130","0.04289013526888816","2901","589","0.31215751265905195","0.031200788822451465"
"1170","300","0.4","0.3","0.2","0.05","0.6","0.8","300","3090","2930","160","0.05177993527508091","2930","578","0.3096955661037183","0.03572749368698957"
"1169","300","0.4","0.3","0.2","0.05","0.6","0.8","300","3062","2910","152","0.049640757674722404","2910","596","0.3093769398867503","0.034116423610189156"
"1171","300","0.4","0.3","0.2","0.05","0.65","0.2","300","6327","2147","4180","0.6606606606606606","2147","1735","0.44418814685222674","0.05998783969594954"
"1172","300","0.4","0.3","0.2","0.05","0.65","0.2","300","6350","2151","4199","0.6612598425196851","2151","1691","0.44038724039613697","0.06554896413732857"
"1173","300","0.4","0.3","0.2","0.05","0.65","0.2","300","6216","2143","4073","0.6552445302445302","2143","1715","0.4394457416447861","0.06084978237886318"
"1174","300","0.4","0.3","0.2","0.05","0.65","0.2","300","6345","2153","4192","0.6606776989755713","2153","1772","0.45757829411668904","0.07029289492047301"
"1175","300","0.4","0.3","0.2","0.05","0.65","0.2","300","6235","2161","4074","0.6534081796311146","2161","1708","0.4299866710869957","0.0797965068178148"
"1177","300","0.4","0.3","0.2","0.05","0.65","0.2","300","6364","2124","4240","0.666247642991829","2124","1719","0.4362343151293834","0.05997080099611291"
"1176","300","0.4","0.3","0.2","0.05","0.65","0.2","300","6358","2153","4205","0.6613715004718465","2153","1709","0.45042701656390033","0.06523607318520151"
"1178","300","0.4","0.3","0.2","0.05","0.65","0.2","300","6163","2175","3988","0.6470874574071069","2175","1719","0.44601459218273004","0.06116900500113712"
"1179","300","0.4","0.3","0.2","0.05","0.65","0.2","300","6159","2149","4010","0.6510797207338854","2149","1715","0.43176995060320084","0.0644549670733077"
"1180","300","0.4","0.3","0.2","0.05","0.65","0.2","300","6267","2135","4132","0.659326631562151","2135","1693","0.440683860488677","0.05601325542219698"
"1181","300","0.4","0.3","0.2","0.05","0.65","0.25","300","5401","2251","3150","0.5832253286428439","2251","1680","0.43299974951039","0.054749681658152485"
"1182","300","0.4","0.3","0.2","0.05","0.65","0.25","300","5379","2228","3151","0.5857966164714631","2228","1699","0.42634006457735213","0.05920534323876319"
"1183","300","0.4","0.3","0.2","0.05","0.65","0.25","300","5521","2226","3295","0.5968121717080239","2226","1677","0.4218875050508555","0.06220874738021857"
"1185","300","0.4","0.3","0.2","0.05","0.65","0.25","300","5415","2232","3183","0.5878116343490305","2232","1660","0.4250505982236775","0.058081244461380827"
"1184","300","0.4","0.3","0.2","0.05","0.65","0.25","300","5437","2260","3177","0.5843295935258415","2260","1681","0.42595881559433935","0.0655864154749152"
"1186","300","0.4","0.3","0.2","0.05","0.65","0.25","300","5485","2217","3268","0.5958067456700091","2217","1645","0.42900640636051934","0.05837940240380497"
"1187","300","0.4","0.3","0.2","0.05","0.65","0.25","300","5497","2242","3255","0.592141167909769","2242","1660","0.4282803793866564","0.06360799848144214"
"1188","300","0.4","0.3","0.2","0.05","0.65","0.25","300","5477","2219","3258","0.5948511959101698","2219","1671","0.4209214039368537","0.06856618908580758"
"1189","300","0.4","0.3","0.2","0.05","0.65","0.25","300","5431","2237","3194","0.5881053213036274","2237","1661","0.4280872450807405","0.05217145802019045"
"1191","300","0.4","0.3","0.2","0.05","0.65","0.3","300","4823","2313","2510","0.5204229732531619","2313","1610","0.4173333307539413","0.04154159837120076"
"1190","300","0.4","0.3","0.2","0.05","0.65","0.25","300","5381","2262","3119","0.5796320386545252","2262","1715","0.4366151523065747","0.05353636388707686"
"1192","300","0.4","0.3","0.2","0.05","0.65","0.3","300","4746","2341","2405","0.5067425200168563","2341","1593","0.4107046613843705","0.05099432542870082"
"1193","300","0.4","0.3","0.2","0.05","0.65","0.3","300","4825","2347","2478","0.5135751295336788","2347","1653","0.41781570186092537","0.05762219075049927"
"1194","300","0.4","0.3","0.2","0.05","0.65","0.3","300","4794","2335","2459","0.5129328327075511","2335","1637","0.4157953145466784","0.04820030532178503"
"1195","300","0.4","0.3","0.2","0.05","0.65","0.3","300","4809","2331","2478","0.5152838427947598","2331","1662","0.4170444689776944","0.04683024457082918"
"1197","300","0.4","0.3","0.2","0.05","0.65","0.3","300","4841","2336","2505","0.5174550712662673","2336","1656","0.4109924004499155","0.05071678307321551"
"1196","300","0.4","0.3","0.2","0.05","0.65","0.3","300","4857","2348","2509","0.5165740168828495","2348","1667","0.4126158115343739","0.057773462702186876"
"1198","300","0.4","0.3","0.2","0.05","0.65","0.3","300","4806","2310","2496","0.519350811485643","2310","1640","0.41297406258130265","0.05301183328822454"
"1200","300","0.4","0.3","0.2","0.05","0.65","0.3","300","4817","2298","2519","0.5229395889557816","2298","1648","0.42321928465928504","0.05837352886908009"
"1199","300","0.4","0.3","0.2","0.05","0.65","0.3","300","4812","2316","2496","0.5187032418952618","2316","1619","0.40760809198768483","0.06007984641382672"
"1201","300","0.4","0.3","0.2","0.05","0.65","0.35","300","4312","2407","1905","0.4417903525046382","2407","1550","0.4069543309723592","0.050817051816030294"
"1202","300","0.4","0.3","0.2","0.05","0.65","0.35","300","4320","2398","1922","0.4449074074074074","2398","1571","0.39980482800232664","0.03855989715669816"
"1203","300","0.4","0.3","0.2","0.05","0.65","0.35","300","4247","2426","1821","0.42877325170708736","2426","1554","0.40043901569801466","0.05186597162461927"
"1204","300","0.4","0.3","0.2","0.05","0.65","0.35","300","4369","2393","1976","0.45227740901808194","2393","1581","0.40481308579301484","0.04432578340763729"
"1205","300","0.4","0.3","0.2","0.05","0.65","0.35","300","4247","2436","1811","0.42641864845773486","2436","1562","0.40867690283950736","0.045329876934046345"
"1206","300","0.4","0.3","0.2","0.05","0.65","0.35","300","4246","2409","1837","0.4326424870466321","2409","1566","0.3966581275432004","0.04682786217611088"
"1207","300","0.4","0.3","0.2","0.05","0.65","0.35","300","4351","2425","1926","0.44265686049184094","2425","1564","0.4100166803476886","0.04267183566976365"
"1208","300","0.4","0.3","0.2","0.05","0.65","0.35","300","4342","2413","1929","0.4442653155228006","2413","1585","0.3978807467755143","0.055815288106261345"
"1210","300","0.4","0.3","0.2","0.05","0.65","0.35","300","4334","2441","1893","0.4367789570835256","2441","1585","0.39660819941393477","0.03690263611705543"
"1209","300","0.4","0.3","0.2","0.05","0.65","0.35","300","4402","2427","1975","0.4486597001363017","2427","1643","0.4114487663294615","0.04515650627108955"
"1211","300","0.4","0.3","0.2","0.05","0.65","0.4","300","3995","2497","1498","0.3749687108886108","2497","1539","0.39582624399407734","0.051369476646207564"
"1213","300","0.4","0.3","0.2","0.05","0.65","0.4","300","3987","2484","1503","0.37697516930022573","2484","1533","0.3970004128365269","0.04261379110900898"
"1212","300","0.4","0.3","0.2","0.05","0.65","0.4","300","3945","2535","1410","0.3574144486692015","2535","1551","0.39343396507300593","0.04261848824841178"
"1214","300","0.4","0.3","0.2","0.05","0.65","0.4","300","3989","2525","1464","0.367009275507646","2525","1513","0.39219006322984734","0.04047000988293026"
"1215","300","0.4","0.3","0.2","0.05","0.65","0.4","300","3965","2524","1441","0.36343001261034047","2524","1540","0.3917658095413657","0.053958849804182994"
"1216","300","0.4","0.3","0.2","0.05","0.65","0.4","300","3917","2505","1412","0.36047995915241254","2505","1524","0.39729068387313243","0.03761830509566038"
"1217","300","0.4","0.3","0.2","0.05","0.65","0.4","300","3901","2523","1378","0.353242758267111","2523","1476","0.389510530289645","0.04121695193939503"
"1218","300","0.4","0.3","0.2","0.05","0.65","0.4","300","3943","2519","1424","0.36114633527770734","2519","1519","0.3913039274012436","0.03670707293032134"
"1219","300","0.4","0.3","0.2","0.05","0.65","0.4","300","3994","2541","1453","0.36379569354031044","2541","1534","0.4028322860276241","0.04236895970147585"
"1220","300","0.4","0.3","0.2","0.05","0.65","0.4","300","3942","2532","1410","0.3576864535768645","2532","1511","0.3899133740883213","0.047247262511809135"
"1221","300","0.4","0.3","0.2","0.05","0.65","0.45","300","3654","2602","1052","0.28790366721401206","2602","1452","0.3820745103950673","0.04174967996179326"
"1222","300","0.4","0.3","0.2","0.05","0.65","0.45","300","3643","2561","1082","0.29700796047213834","2561","1354","0.37705867606891996","0.04258530654969696"
"1223","300","0.4","0.3","0.2","0.05","0.65","0.45","300","3664","2564","1100","0.3002183406113537","2564","1390","0.37813490843436864","0.03619882570570938"
"1224","300","0.4","0.3","0.2","0.05","0.65","0.45","300","3701","2538","1163","0.3142393947581735","2538","1393","0.38484903198792747","0.03883733650299412"
"1225","300","0.4","0.3","0.2","0.05","0.65","0.45","300","3708","2560","1148","0.30960086299892126","2560","1463","0.38516960765198205","0.033641166232037806"
"1226","300","0.4","0.3","0.2","0.05","0.65","0.45","300","3745","2600","1145","0.30574098798397864","2600","1431","0.3831857916053273","0.04041960426988428"
"1227","300","0.4","0.3","0.2","0.05","0.65","0.45","300","3719","2592","1127","0.3030384511965582","2592","1414","0.3818418737275535","0.034707461639829726"
"1228","300","0.4","0.3","0.2","0.05","0.65","0.45","300","3711","2625","1086","0.2926434923201294","2625","1451","0.38171425335291803","0.04039009950473865"
"1229","300","0.4","0.3","0.2","0.05","0.65","0.45","300","3659","2589","1070","0.29242962558075974","2589","1406","0.3798466372459481","0.032673093147525305"
"1230","300","0.4","0.3","0.2","0.05","0.65","0.45","300","3722","2622","1100","0.2955400322407308","2622","1462","0.38711038677616005","0.035643574798443836"
"1231","300","0.4","0.3","0.2","0.05","0.65","0.5","300","3509","2659","850","0.24223425477343974","2659","1319","0.36988160101037704","0.03718080187752891"
"1232","300","0.4","0.3","0.2","0.05","0.65","0.5","300","3475","2620","855","0.2460431654676259","2620","1294","0.3653301645039739","0.04940703921604737"
"1233","300","0.4","0.3","0.2","0.05","0.65","0.5","300","3496","2669","827","0.23655606407322655","2669","1334","0.36158910860931465","0.03649092471025749"
"1234","300","0.4","0.3","0.2","0.05","0.65","0.5","300","3554","2676","878","0.2470455824423185","2676","1323","0.3686865926663845","0.03957632949191627"
"1235","300","0.4","0.3","0.2","0.05","0.65","0.5","300","3474","2650","824","0.23719055843408174","2650","1307","0.36690520308619773","0.03211875503635849"
"1236","300","0.4","0.3","0.2","0.05","0.65","0.5","300","3492","2651","841","0.24083619702176404","2651","1304","0.3671104873473311","0.03429119424992202"
"1237","300","0.4","0.3","0.2","0.05","0.65","0.5","300","3532","2655","877","0.24830124575311438","2655","1341","0.3625226771749106","0.03463857167614906"
"1238","300","0.4","0.3","0.2","0.05","0.65","0.5","300","3458","2648","810","0.23423944476576056","2648","1344","0.3699663926970271","0.03645561526604478"
"1239","300","0.4","0.3","0.2","0.05","0.65","0.5","300","3517","2672","845","0.24026158657947114","2672","1341","0.37083410399188005","0.03591879955039301"
"1240","300","0.4","0.3","0.2","0.05","0.65","0.5","300","3467","2644","823","0.23738102105566772","2644","1308","0.36463749443874804","0.038668738272790604"
"1241","300","0.4","0.3","0.2","0.05","0.65","0.55","300","3355","2719","636","0.18956780923994038","2719","1246","0.35414217484838845","0.036998929397275504"
"1242","300","0.4","0.3","0.2","0.05","0.65","0.55","300","3400","2750","650","0.19117647058823528","2750","1283","0.3649400401853587","0.037611466839209386"
"1244","300","0.4","0.3","0.2","0.05","0.65","0.55","300","3404","2751","653","0.1918331374853114","2751","1247","0.3628613901256302","0.028591673758342533"
"1243","300","0.4","0.3","0.2","0.05","0.65","0.55","300","3411","2763","648","0.18997361477572558","2763","1240","0.3587820474088968","0.03765547272935413"
"1246","300","0.4","0.3","0.2","0.05","0.65","0.55","300","3345","2677","668","0.19970104633781763","2677","1197","0.35663868324217596","0.03921915044036479"
"1245","300","0.4","0.3","0.2","0.05","0.65","0.55","300","3384","2732","652","0.19267139479905437","2732","1227","0.3580125745244518","0.0315639832217188"
"1247","300","0.4","0.3","0.2","0.05","0.65","0.55","300","3384","2760","624","0.18439716312056736","2760","1218","0.35891166145736186","0.035051640077864994"
"1248","300","0.4","0.3","0.2","0.05","0.65","0.55","300","3382","2755","627","0.1853932584269663","2755","1187","0.351142606619424","0.037226132719926364"
"1250","300","0.4","0.3","0.2","0.05","0.65","0.55","300","3304","2694","610","0.18462469733656175","2694","1190","0.35665336887316523","0.03673871761405297"
"1249","300","0.4","0.3","0.2","0.05","0.65","0.55","300","3313","2685","628","0.18955629338967703","2685","1248","0.36281103250137253","0.03117356994750524"
"1251","300","0.4","0.3","0.2","0.05","0.65","0.6","300","3250","2755","495","0.1523076923076923","2755","1143","0.3448149282021499","0.05001731811273187"
"1252","300","0.4","0.3","0.2","0.05","0.65","0.6","300","3270","2787","483","0.14770642201834863","2787","1080","0.34766177966079265","0.02969630895131253"
"1253","300","0.4","0.3","0.2","0.05","0.65","0.6","300","3289","2804","485","0.14746123441775616","2804","1155","0.34627566367455115","0.032848495889690445"
"1254","300","0.4","0.3","0.2","0.05","0.65","0.6","300","3208","2739","469","0.14619700748129677","2739","1122","0.34706099905401805","0.03275821621743589"
"1255","300","0.4","0.3","0.2","0.05","0.65","0.6","300","3272","2789","483","0.1476161369193154","2789","1119","0.3450478905416055","0.04536312748961917"
"1256","300","0.4","0.3","0.2","0.05","0.65","0.6","300","3253","2760","493","0.15155241315708576","2760","1117","0.34345237359010433","0.02589120934125988"
"1257","300","0.4","0.3","0.2","0.05","0.65","0.6","300","3234","2752","482","0.14904143475572046","2752","1124","0.34595315597780185","0.032572622012730465"
"1259","300","0.4","0.3","0.2","0.05","0.65","0.6","300","3263","2802","461","0.14128102972724488","2802","1155","0.34378097590462026","0.03428647918907631"
"1258","300","0.4","0.3","0.2","0.05","0.65","0.6","300","3253","2769","484","0.14878573624346758","2769","1103","0.35375510021760337","0.02837751216586332"
"1260","300","0.4","0.3","0.2","0.05","0.65","0.6","300","3202","2715","487","0.15209244222361024","2715","1109","0.34607905012595097","0.03428899164303039"
"1261","300","0.4","0.3","0.2","0.05","0.65","0.65","300","3073","2741","332","0.1080377481288643","2741","971","0.33951757882590866","0.031908622244902214"
"1262","300","0.4","0.3","0.2","0.05","0.65","0.65","300","3145","2761","384","0.12209856915739269","2761","950","0.33270789694523717","0.032779038380204926"
"1263","300","0.4","0.3","0.2","0.05","0.65","0.65","300","3191","2824","367","0.1150109683484801","2824","975","0.3289764058232732","0.03512622330520206"
"1264","300","0.4","0.3","0.2","0.05","0.65","0.65","300","3163","2812","351","0.11097059753398672","2812","982","0.3385088017624502","0.036273078525779816"
"1265","300","0.4","0.3","0.2","0.05","0.65","0.65","300","3240","2863","377","0.11635802469135803","2863","1035","0.3382683628690408","0.029344954784249554"
"1266","300","0.4","0.3","0.2","0.05","0.65","0.65","300","3163","2791","372","0.11760986405311413","2791","967","0.33528053719907963","0.029869193843442422"
"1268","300","0.4","0.3","0.2","0.05","0.65","0.65","300","3201","2820","381","0.1190253045923149","2820","945","0.33206433032407945","0.03489657873507137"
"1269","300","0.4","0.3","0.2","0.05","0.65","0.65","300","3212","2881","331","0.10305105853051058","2881","1064","0.3413914153780293","0.03607347736406016"
"1267","300","0.4","0.3","0.2","0.05","0.65","0.65","300","3179","2840","339","0.10663730732934885","2840","1012","0.33282519111070064","0.033246289169844484"
"1270","300","0.4","0.3","0.2","0.05","0.65","0.65","300","3214","2851","363","0.11294337274424393","2851","981","0.33826478812047406","0.031154869951665436"
"1271","300","0.4","0.3","0.2","0.05","0.65","0.7","300","3086","2842","244","0.07906675307841866","2842","887","0.32678723777734575","0.033395975280627946"
"1272","300","0.4","0.3","0.2","0.05","0.65","0.7","300","3078","2818","260","0.08447043534762833","2818","861","0.3310180516693589","0.029359802223185252"
"1273","300","0.4","0.3","0.2","0.05","0.65","0.7","300","3054","2794","260","0.08513425016371971","2794","820","0.3278581763675166","0.03399858415302834"
"1274","300","0.4","0.3","0.2","0.05","0.65","0.7","300","3116","2839","277","0.08889602053915276","2839","869","0.32703923337227553","0.037474256103308075"
"1275","300","0.4","0.3","0.2","0.05","0.65","0.7","300","3089","2817","272","0.08805438653285853","2817","831","0.3281726692089592","0.030378972860796796"
"1276","300","0.4","0.3","0.2","0.05","0.65","0.7","300","3119","2875","244","0.0782302019878166","2875","877","0.32507376836867846","0.03701130011494775"
"1277","300","0.4","0.3","0.2","0.05","0.65","0.7","300","3142","2862","280","0.08911521323997454","2862","857","0.3236641495488371","0.026274327808183954"
"1278","300","0.4","0.3","0.2","0.05","0.65","0.7","300","3086","2808","278","0.09008425145819832","2808","875","0.32729669906586056","0.031589761851882794"
"1279","300","0.4","0.3","0.2","0.05","0.65","0.7","300","3082","2792","290","0.09409474367293964","2792","818","0.32152856449183087","0.03726517193958009"
"1281","300","0.4","0.3","0.2","0.05","0.65","0.75","300","3117","2912","205","0.0657683670195701","2912","723","0.3200324763353184","0.030116791698785245"
"1280","300","0.4","0.3","0.2","0.05","0.65","0.7","300","3074","2822","252","0.08197787898503578","2822","825","0.32357928918295986","0.037167762270597315"
"1282","300","0.4","0.3","0.2","0.05","0.65","0.75","300","3076","2872","204","0.06631989596879063","2872","717","0.31786572631524596","0.03669661961568888"
"1284","300","0.4","0.3","0.2","0.05","0.65","0.75","300","3066","2893","173","0.05642530984996738","2893","719","0.3221419795900575","0.03282476650772833"
"1285","300","0.4","0.3","0.2","0.05","0.65","0.75","300","3070","2850","220","0.07166123778501629","2850","702","0.3186791281112858","0.034041639968414084"
"1286","300","0.4","0.3","0.2","0.05","0.65","0.75","300","3049","2847","202","0.06625122991144637","2847","712","0.31720733603760554","0.03343712010487213"
"1283","300","0.4","0.3","0.2","0.05","0.65","0.75","300","3031","2845","186","0.06136588584625536","2845","701","0.31721483434119135","0.03707372978702235"
"1287","300","0.4","0.3","0.2","0.05","0.65","0.75","300","3039","2847","192","0.0631786771964462","2847","706","0.3171228689108399","0.031278598673221705"
"1288","300","0.4","0.3","0.2","0.05","0.65","0.75","300","3014","2812","202","0.06702057067020571","2812","701","0.3220530105916736","0.029551331576926666"
"1289","300","0.4","0.3","0.2","0.05","0.65","0.75","300","3055","2861","194","0.0635024549918167","2861","736","0.31978249425853944","0.033632721889913245"
"1292","300","0.4","0.3","0.2","0.05","0.65","0.8","300","2968","2836","132","0.0444743935309973","2836","545","0.3131722588902404","0.02455914156566037"
"1293","300","0.4","0.3","0.2","0.05","0.65","0.8","300","3019","2874","145","0.048029148724743294","2874","615","0.3117745969432456","0.028359945877075875"
"1290","300","0.4","0.3","0.2","0.05","0.65","0.75","300","2985","2787","198","0.06633165829145729","2787","712","0.3202015168625863","0.03413063734612601"
"1291","300","0.4","0.3","0.2","0.05","0.65","0.8","300","3048","2878","170","0.0557742782152231","2878","564","0.30828444103597014","0.03511112479482487"
"1294","300","0.4","0.3","0.2","0.05","0.65","0.8","300","3008","2851","157","0.052194148936170214","2851","598","0.31386074847488626","0.033342747888101106"
"1295","300","0.4","0.3","0.2","0.05","0.65","0.8","300","3043","2875","168","0.055208675649030564","2875","628","0.31192626112008137","0.0384738148800246"
"1296","300","0.4","0.3","0.2","0.05","0.65","0.8","300","2989","2827","162","0.054198728671796585","2827","531","0.3127158758347518","0.0353935792760241"
"1297","300","0.4","0.3","0.2","0.05","0.65","0.8","300","2975","2829","146","0.04907563025210084","2829","533","0.3105042827770126","0.02880776710566911"
"1298","300","0.4","0.3","0.2","0.05","0.65","0.8","300","2986","2851","135","0.04521098459477562","2851","555","0.30896853495849136","0.027307134306073965"
"1299","300","0.4","0.3","0.2","0.05","0.65","0.8","300","3029","2891","138","0.045559590623968305","2891","604","0.3111537448496696","0.02997427637656238"
"1300","300","0.4","0.3","0.2","0.05","0.65","0.8","300","2991","2817","174","0.058174523570712136","2817","606","0.3136696775563123","0.031518123874102355"
"1301","300","0.4","0.3","0.2","0.05","0.7","0.2","300","6036","2059","3977","0.6588800530152419","2059","1643","0.4469391024263778","0.06211642958582784"
"1302","300","0.4","0.3","0.2","0.05","0.7","0.2","300","6100","2048","4052","0.6642622950819672","2048","1636","0.4362998723403096","0.0648149549810843"
"1303","300","0.4","0.3","0.2","0.05","0.7","0.2","300","5955","2077","3878","0.651217464315701","2077","1632","0.43898215296036225","0.06836618520266192"
"1305","300","0.4","0.3","0.2","0.05","0.7","0.2","300","6091","2040","4051","0.6650796256772287","2040","1645","0.4444054747807618","0.06429089693083204"
"1304","300","0.4","0.3","0.2","0.05","0.7","0.2","300","6046","2056","3990","0.6599404565001654","2056","1650","0.44900290055462194","0.054658821491932796"
"1307","300","0.4","0.3","0.2","0.05","0.7","0.2","300","5936","2034","3902","0.657345013477089","2034","1630","0.43760987072436214","0.07677597325679732"
"1306","300","0.4","0.3","0.2","0.05","0.7","0.2","300","6179","2034","4145","0.6708205211199223","2034","1628","0.44522123986781403","0.06121642389925521"
"1308","300","0.4","0.3","0.2","0.05","0.7","0.2","300","6043","2052","3991","0.6604335594903193","2052","1651","0.44961568282512854","0.0581240259870996"
"1309","300","0.4","0.3","0.2","0.05","0.7","0.2","300","5965","2070","3895","0.6529756915339481","2070","1667","0.4363154631295512","0.0645040230311016"
"1310","300","0.4","0.3","0.2","0.05","0.7","0.2","300","6027","2045","3982","0.6606935457109673","2045","1652","0.44340364502824703","0.058381832870280946"
"1312","300","0.4","0.3","0.2","0.05","0.7","0.25","300","5293","2182","3111","0.5877574154543737","2182","1626","0.4432443094261771","0.05035930485288924"
"1311","300","0.4","0.3","0.2","0.05","0.7","0.25","300","5304","2179","3125","0.5891779788838613","2179","1630","0.42112808178652306","0.052302983269626055"
"1313","300","0.4","0.3","0.2","0.05","0.7","0.25","300","5257","2183","3074","0.5847441506562678","2183","1627","0.42830952182137594","0.0472782278604689"
"1314","300","0.4","0.3","0.2","0.05","0.7","0.25","300","5291","2141","3150","0.5953505953505953","2141","1588","0.43363278660499105","0.043158884946625724"
"1315","300","0.4","0.3","0.2","0.05","0.7","0.25","300","5219","2161","3058","0.5859360030657214","2161","1603","0.42609320336910267","0.04460104503767036"
"1317","300","0.4","0.3","0.2","0.05","0.7","0.25","300","5217","2145","3072","0.5888441633122484","2145","1603","0.4356495124523094","0.05658854303071617"
"1316","300","0.4","0.3","0.2","0.05","0.7","0.25","300","5317","2134","3183","0.5986458529245815","2134","1592","0.42873731732491205","0.05510177564372009"
"1318","300","0.4","0.3","0.2","0.05","0.7","0.25","300","5157","2163","2994","0.5805700988947062","2163","1616","0.4369211234555444","0.053718683912554716"
"1319","300","0.4","0.3","0.2","0.05","0.7","0.25","300","5212","2132","3080","0.5909439754412893","2132","1613","0.42857415280098715","0.06827229192896139"
"1320","300","0.4","0.3","0.2","0.05","0.7","0.25","300","5191","2143","3048","0.5871701020997881","2143","1570","0.4345446904652897","0.05033778943184715"
"1321","300","0.4","0.3","0.2","0.05","0.7","0.3","300","4643","2256","2387","0.514107258238208","2256","1574","0.41672337840288753","0.04281087349703714"
"1322","300","0.4","0.3","0.2","0.05","0.7","0.3","300","4589","2246","2343","0.5105687513619525","2246","1571","0.4236546977119129","0.039428904138671894"
"1323","300","0.4","0.3","0.2","0.05","0.7","0.3","300","4590","2236","2354","0.5128540305010894","2236","1558","0.41724921094916667","0.05448798360821194"
"1324","300","0.4","0.3","0.2","0.05","0.7","0.3","300","4722","2261","2461","0.5211774671749259","2261","1590","0.41611359612128007","0.046587766543848795"
"1325","300","0.4","0.3","0.2","0.05","0.7","0.3","300","4662","2265","2397","0.5141570141570142","2265","1617","0.4260972567906793","0.04355087323436811"
"1326","300","0.4","0.3","0.2","0.05","0.7","0.3","300","4674","2273","2401","0.5136927685066325","2273","1571","0.41414171328575583","0.0491540629387186"
"1327","300","0.4","0.3","0.2","0.05","0.7","0.3","300","4611","2246","2365","0.5129039253957927","2246","1542","0.42156329659994296","0.04291236421032847"
"1328","300","0.4","0.3","0.2","0.05","0.7","0.3","300","4636","2246","2390","0.5155306298533219","2246","1585","0.41799236671714657","0.04384650791791356"
"1329","300","0.4","0.3","0.2","0.05","0.7","0.3","300","4693","2284","2409","0.5133177072235244","2284","1570","0.41967966131778134","0.052358935949437656"
"1330","300","0.4","0.3","0.2","0.05","0.7","0.3","300","4586","2239","2347","0.5117749672917575","2239","1558","0.4120204657350236","0.047879854386429346"
"1331","300","0.4","0.3","0.2","0.05","0.7","0.35","300","4112","2351","1761","0.4282587548638132","2351","1543","0.4139621904173572","0.027199345753206896"
"1333","300","0.4","0.3","0.2","0.05","0.7","0.35","300","4136","2327","1809","0.43737911025145065","2327","1509","0.4038855467273719","0.04332327124831196"
"1332","300","0.4","0.3","0.2","0.05","0.7","0.35","300","4204","2357","1847","0.4393434823977165","2357","1521","0.4081469798999666","0.04066092748084047"
"1335","300","0.4","0.3","0.2","0.05","0.7","0.35","300","4203","2330","1873","0.44563407090173685","2330","1514","0.40275306588932897","0.033364697792282655"
"1336","300","0.4","0.3","0.2","0.05","0.7","0.35","300","4252","2336","1916","0.4506114769520226","2336","1498","0.4105722590256634","0.04041638893608619"
"1334","300","0.4","0.3","0.2","0.05","0.7","0.35","300","4196","2321","1875","0.4468541468064824","2321","1524","0.4022489025988033","0.04759308635970958"
"1338","300","0.4","0.3","0.2","0.05","0.7","0.35","300","4205","2319","1886","0.4485136741973841","2319","1476","0.39310688495034884","0.06347624868161492"
"1337","300","0.4","0.3","0.2","0.05","0.7","0.35","300","4252","2343","1909","0.44896519285042336","2343","1498","0.40708146843521326","0.0492184021463344"
"1340","300","0.4","0.3","0.2","0.05","0.7","0.35","300","4240","2315","1925","0.4540094339622642","2315","1504","0.4042641351791886","0.047375531054770825"
"1339","300","0.4","0.3","0.2","0.05","0.7","0.35","300","4184","2348","1836","0.43881453154875716","2348","1521","0.40276381959125473","0.05244202807423771"
"1341","300","0.4","0.3","0.2","0.05","0.7","0.4","300","3905","2482","1423","0.364404609475032","2482","1471","0.3899508116834745","0.039052517448490524"
"1342","300","0.4","0.3","0.2","0.05","0.7","0.4","300","3875","2450","1425","0.36774193548387096","2450","1445","0.3926728500901076","0.04060242430217835"
"1343","300","0.4","0.3","0.2","0.05","0.7","0.4","300","3808","2423","1385","0.3637079831932773","2423","1384","0.38554256869044307","0.055758579545460485"
"1344","300","0.4","0.3","0.2","0.05","0.7","0.4","300","3918","2428","1490","0.38029606942317506","2428","1479","0.3976120175303096","0.04157750745401733"
"1345","300","0.4","0.3","0.2","0.05","0.7","0.4","300","3795","2425","1370","0.36100131752305664","2425","1408","0.3877626232629269","0.03702596737805284"
"1346","300","0.4","0.3","0.2","0.05","0.7","0.4","300","3873","2401","1472","0.3800671314226698","2401","1454","0.3950080261483088","0.03899305406612245"
"1347","300","0.4","0.3","0.2","0.05","0.7","0.4","300","3944","2452","1492","0.37829614604462475","2452","1491","0.3908687211439003","0.04011391947532455"
"1348","300","0.4","0.3","0.2","0.05","0.7","0.4","300","3838","2459","1379","0.3593017196456488","2459","1434","0.3876234168109642","0.036759467003008486"
"1349","300","0.4","0.3","0.2","0.05","0.7","0.4","300","3908","2459","1449","0.37077789150460594","2459","1476","0.3967172600017824","0.04316965548627929"
"1350","300","0.4","0.3","0.2","0.05","0.7","0.4","300","3890","2432","1458","0.37480719794344475","2432","1445","0.39227610434821614","0.03269311777527299"
"1351","300","0.4","0.3","0.2","0.05","0.7","0.45","300","3554","2525","1029","0.2895329206527856","2525","1371","0.37746759202428865","0.04077039958455624"
"1352","300","0.4","0.3","0.2","0.05","0.7","0.45","300","3586","2496","1090","0.30395984383714447","2496","1386","0.37995330878099104","0.03562258305606596"
"1353","300","0.4","0.3","0.2","0.05","0.7","0.45","300","3635","2518","1117","0.3072902338376891","2518","1378","0.3872347102685016","0.0490022174193752"
"1354","300","0.4","0.3","0.2","0.05","0.7","0.45","300","3563","2504","1059","0.29722144260454675","2504","1344","0.3819631320531635","0.03421435407311582"
"1356","300","0.4","0.3","0.2","0.05","0.7","0.45","300","3647","2564","1083","0.29695640252262134","2564","1385","0.3951403015925595","0.03303190885116"
"1355","300","0.4","0.3","0.2","0.05","0.7","0.45","300","3629","2509","1120","0.3086249655552494","2509","1386","0.3887208351388186","0.02865495952558567"
"1357","300","0.4","0.3","0.2","0.05","0.7","0.45","300","3595","2498","1097","0.3051460361613352","2498","1361","0.3780787604915008","0.0386976373855089"
"1358","300","0.4","0.3","0.2","0.05","0.7","0.45","300","3650","2510","1140","0.31232876712328766","2510","1388","0.37358842328249064","0.038930139112574765"
"1359","300","0.4","0.3","0.2","0.05","0.7","0.45","300","3614","2522","1092","0.302158273381295","2522","1367","0.3789137272375919","0.03575704508975322"
"1360","300","0.4","0.3","0.2","0.05","0.7","0.45","300","3616","2530","1086","0.30033185840707965","2530","1411","0.37838972968602247","0.04244301767510283"
"1361","300","0.4","0.3","0.2","0.05","0.7","0.5","300","3414","2587","827","0.24223784417106034","2587","1295","0.3719147733302831","0.03899371100761853"
"1364","300","0.4","0.3","0.2","0.05","0.7","0.5","300","3459","2639","820","0.23706273489447818","2639","1289","0.3630148198284307","0.037081130412061174"
"1363","300","0.4","0.3","0.2","0.05","0.7","0.5","300","3380","2603","777","0.22988165680473374","2603","1321","0.37191309971628794","0.03866115213726815"
"1362","300","0.4","0.3","0.2","0.05","0.7","0.5","300","3444","2576","868","0.25203252032520324","2576","1273","0.36429621732246026","0.03428194192673486"
"1365","300","0.4","0.3","0.2","0.05","0.7","0.5","300","3408","2605","803","0.23562206572769953","2605","1286","0.3730006860174475","0.037785566335574415"
"1367","300","0.4","0.3","0.2","0.05","0.7","0.5","300","3424","2552","872","0.2546728971962617","2552","1350","0.376257911522467","0.037574157665302504"
"1368","300","0.4","0.3","0.2","0.05","0.7","0.5","300","3503","2659","844","0.2409363402797602","2659","1374","0.37992605450150885","0.03324601593989341"
"1366","300","0.4","0.3","0.2","0.05","0.7","0.5","300","3391","2627","764","0.22530227071660278","2627","1299","0.37531248886720375","0.03423718600671758"
"1369","300","0.4","0.3","0.2","0.05","0.7","0.5","300","3419","2600","819","0.23954372623574144","2600","1332","0.3747250821024584","0.027737347744091458"
"1370","300","0.4","0.3","0.2","0.05","0.7","0.5","300","3435","2570","865","0.25181950509461426","2570","1341","0.3733672407971751","0.04467821442213061"
"1372","300","0.4","0.3","0.2","0.05","0.7","0.55","300","3305","2684","621","0.18789712556732224","2684","1207","0.35769132945961307","0.03673894153031633"
"1371","300","0.4","0.3","0.2","0.05","0.7","0.55","300","3291","2686","605","0.18383470069887572","2686","1206","0.3578673887001901","0.026711336925199447"
"1373","300","0.4","0.3","0.2","0.05","0.7","0.55","300","3367","2712","655","0.19453519453519452","2712","1210","0.36331065202843366","0.03158305747809003"
"1374","300","0.4","0.3","0.2","0.05","0.7","0.55","300","3236","2624","612","0.18912237330037082","2624","1221","0.36903041912390805","0.02716913199813479"
"1375","300","0.4","0.3","0.2","0.05","0.7","0.55","300","3256","2631","625","0.19195331695331697","2631","1200","0.35893752648080296","0.03393141284912805"
"1378","300","0.4","0.3","0.2","0.05","0.7","0.55","300","3312","2662","650","0.196256038647343","2662","1180","0.3591481600679795","0.031188876125927"
"1376","300","0.4","0.3","0.2","0.05","0.7","0.55","300","3260","2626","634","0.19447852760736195","2626","1195","0.355279514893766","0.040050368972329824"
"1377","300","0.4","0.3","0.2","0.05","0.7","0.55","300","3293","2669","624","0.18949286365016701","2669","1153","0.35639886989791947","0.03647950843328102"
"1381","300","0.4","0.3","0.2","0.05","0.7","0.6","300","3161","2701","460","0.14552356849098386","2701","1058","0.34052930383045005","0.041630656477836904"
"1379","300","0.4","0.3","0.2","0.05","0.7","0.55","300","3310","2704","606","0.18308157099697886","2704","1236","0.35568681858817297","0.03722057265540961"
"1380","300","0.4","0.3","0.2","0.05","0.7","0.55","300","3269","2674","595","0.18201284796573874","2674","1162","0.34699712466266774","0.03764779455467396"
"1382","300","0.4","0.3","0.2","0.05","0.7","0.6","300","3215","2746","469","0.1458786936236392","2746","1137","0.3509603371417345","0.03454330922509912"
"1383","300","0.4","0.3","0.2","0.05","0.7","0.6","300","3204","2771","433","0.13514357053682896","2771","1112","0.34635724597001283","0.030834291317651658"
"1384","300","0.4","0.3","0.2","0.05","0.7","0.6","300","3085","2641","444","0.14392220421393842","2641","1131","0.34669480966891053","0.04996196504356486"
"1385","300","0.4","0.3","0.2","0.05","0.7","0.6","300","3191","2749","442","0.13851457223440927","2749","1092","0.34475887930252613","0.040181953323393464"
"1386","300","0.4","0.3","0.2","0.05","0.7","0.6","300","3161","2699","462","0.14615627965833597","2699","1068","0.34417303856032755","0.031402640392764684"
"1387","300","0.4","0.3","0.2","0.05","0.7","0.6","300","3166","2738","428","0.1351863550221099","2738","1084","0.3502873270188759","0.032434776528519824"
"1390","300","0.4","0.3","0.2","0.05","0.7","0.6","300","3195","2756","439","0.13740219092331768","2756","1114","0.35233198889926076","0.03024593067614873"
"1388","300","0.4","0.3","0.2","0.05","0.7","0.6","300","3193","2689","504","0.15784528656435953","2689","1097","0.3452504973274228","0.030943990746748053"
"1389","300","0.4","0.3","0.2","0.05","0.7","0.6","300","3226","2762","464","0.14383137011779293","2762","1120","0.35482381418697284","0.034238224991846804"
"1393","300","0.4","0.3","0.2","0.05","0.7","0.65","300","3114","2733","381","0.12235067437379576","2733","944","0.33512328462781094","0.038016383570606466"
"1391","300","0.4","0.3","0.2","0.05","0.7","0.65","300","3074","2720","354","0.11515940143135979","2720","970","0.3377461356417562","0.035991897392708576"
"1392","300","0.4","0.3","0.2","0.05","0.7","0.65","300","3083","2753","330","0.10703859876743432","2753","951","0.33799204857872284","0.03997902222325163"
"1394","300","0.4","0.3","0.2","0.05","0.7","0.65","300","3089","2745","344","0.11136290061508579","2745","987","0.3407405170463218","0.033221560037594675"
"1396","300","0.4","0.3","0.2","0.05","0.7","0.65","300","3102","2770","332","0.10702772404900064","2770","981","0.3363506794221541","0.03886304224211648"
"1395","300","0.4","0.3","0.2","0.05","0.7","0.65","300","3112","2788","324","0.10411311053984576","2788","965","0.3352933179603275","0.02533845813254993"
"1397","300","0.4","0.3","0.2","0.05","0.7","0.65","300","3127","2791","336","0.10745123121202431","2791","981","0.33766654948678165","0.027658609455504093"
"1398","300","0.4","0.3","0.2","0.05","0.7","0.65","300","3156","2787","369","0.11692015209125475","2787","972","0.3403344202529674","0.03375064778465861"
"1399","300","0.4","0.3","0.2","0.05","0.7","0.65","300","3079","2748","331","0.10750243585579734","2748","985","0.33172967701253075","0.04295478476009498"
"1400","300","0.4","0.3","0.2","0.05","0.7","0.65","300","3123","2760","363","0.11623439000960614","2760","1015","0.3365321686387285","0.027962178321111662"
"1404","300","0.4","0.3","0.2","0.05","0.7","0.7","300","3038","2784","254","0.0836076366030283","2784","844","0.32245589568648014","0.03246498577026922"
"1402","300","0.4","0.3","0.2","0.05","0.7","0.7","300","3121","2835","286","0.09163729573854534","2835","881","0.32570078063800406","0.02553841169050091"
"1405","300","0.4","0.3","0.2","0.05","0.7","0.7","300","2993","2753","240","0.08018710324089542","2753","821","0.32064637668790574","0.032735672812715465"
"1403","300","0.4","0.3","0.2","0.05","0.7","0.7","300","3008","2743","265","0.08809840425531915","2743","805","0.3216132622342405","0.029101841933545158"
"1401","300","0.4","0.3","0.2","0.05","0.7","0.7","300","3089","2812","277","0.08967303334412431","2812","863","0.3304452880537166","0.02989092235016623"
"1406","300","0.4","0.3","0.2","0.05","0.7","0.7","300","3011","2729","282","0.09365659249418798","2729","844","0.32643427007078446","0.0303382748863982"
"1407","300","0.4","0.3","0.2","0.05","0.7","0.7","300","2995","2753","242","0.08080133555926544","2753","839","0.32447258333108336","0.037088568539415764"
"1409","300","0.4","0.3","0.2","0.05","0.7","0.7","300","3071","2835","236","0.07684793226961902","2835","885","0.3292231716430392","0.04130261017625094"
"1408","300","0.4","0.3","0.2","0.05","0.7","0.7","300","3025","2788","237","0.07834710743801652","2788","836","0.32846186890689694","0.030324593512297243"
"1410","300","0.4","0.3","0.2","0.05","0.7","0.7","300","3063","2785","278","0.09076069213189683","2785","816","0.32394784705895","0.0337586818262669"
"1411","300","0.4","0.3","0.2","0.05","0.7","0.75","300","3022","2814","208","0.06882859033752482","2814","692","0.32015303492450303","0.02410317559133319"
"1412","300","0.4","0.3","0.2","0.05","0.7","0.75","300","2978","2789","189","0.06346541302887844","2789","707","0.3183339127939379","0.034341805345478794"
"1413","300","0.4","0.3","0.2","0.05","0.7","0.75","300","2963","2771","192","0.06479919001012488","2771","724","0.3186381815543552","0.03797669267161514"
"1414","300","0.4","0.3","0.2","0.05","0.7","0.75","300","3011","2807","204","0.06775157754898704","2807","699","0.3171687945739855","0.032229835431969105"
"1416","300","0.4","0.3","0.2","0.05","0.7","0.75","300","2960","2772","188","0.06351351351351352","2772","662","0.3206119110649737","0.03143827837785824"
"1415","300","0.4","0.3","0.2","0.05","0.7","0.75","300","2967","2770","197","0.06639703404111898","2770","685","0.3208298191485797","0.026724215303889423"
"1417","300","0.4","0.3","0.2","0.05","0.7","0.75","300","3059","2830","229","0.07486106570774763","2830","683","0.32096617391865645","0.03129386697787417"
"1418","300","0.4","0.3","0.2","0.05","0.7","0.75","300","2948","2764","184","0.06241519674355495","2764","708","0.3176077442434688","0.04113511634357956"
"1419","300","0.4","0.3","0.2","0.05","0.7","0.75","300","3033","2838","195","0.06429277942631058","2838","698","0.3200091662743632","0.03079031376400989"
"1420","300","0.4","0.3","0.2","0.05","0.7","0.75","300","2994","2774","220","0.07348029392117568","2774","668","0.31863364349887596","0.03325310720023617"
"1421","300","0.4","0.3","0.2","0.05","0.7","0.8","300","2988","2833","155","0.05187416331994645","2833","568","0.3125639881076116","0.02609082265186152"
"1422","300","0.4","0.3","0.2","0.05","0.7","0.8","300","2927","2776","151","0.05158865732832251","2776","552","0.3106774867440303","0.026813267903334475"
"1423","300","0.4","0.3","0.2","0.05","0.7","0.8","300","2954","2820","134","0.04536222071767095","2820","563","0.3142152936093272","0.03547547465427033"
"1424","300","0.4","0.3","0.2","0.05","0.7","0.8","300","2927","2777","150","0.05124701059104886","2777","552","0.31132658257587115","0.03891474984416205"
"1425","300","0.4","0.3","0.2","0.05","0.7","0.8","300","2934","2805","129","0.04396728016359918","2805","589","0.312745565581462","0.03505133743444643"
"1426","300","0.4","0.3","0.2","0.05","0.7","0.8","300","2922","2767","155","0.05304585900068446","2767","552","0.31127575066624696","0.031487363038850476"
"1427","300","0.4","0.3","0.2","0.05","0.7","0.8","300","2909","2774","135","0.04640770024063252","2774","535","0.3137240462407827","0.03206798076404792"
"1428","300","0.4","0.3","0.2","0.05","0.7","0.8","300","2949","2805","144","0.048830111902339775","2805","567","0.3137032234521069","0.02591838190320129"
"1429","300","0.4","0.3","0.2","0.05","0.7","0.8","300","2983","2825","158","0.05296681193429433","2825","546","0.3102802369995739","0.03634360193375922"
"1430","300","0.4","0.3","0.2","0.05","0.7","0.8","300","2929","2798","131","0.044725162171389554","2798","576","0.3125207042500822","0.02988091092783843"
"1431","300","0.4","0.3","0.2","0.05","0.75","0.2","300","5855","1965","3890","0.6643894107600341","1965","1584","0.4384369058365493","0.07374301369097755"
"1432","300","0.4","0.3","0.2","0.05","0.75","0.2","300","5819","1984","3835","0.6590479463825399","1984","1590","0.44874558466663844","0.05616331650800918"
"1434","300","0.4","0.3","0.2","0.05","0.75","0.2","300","5806","1981","3825","0.6588012400964519","1981","1609","0.4477000514101299","0.056855662263830285"
"1433","300","0.4","0.3","0.2","0.05","0.75","0.2","300","5798","1974","3824","0.659537771645395","1974","1595","0.4397748884156108","0.0645472256915289"
"1435","300","0.4","0.3","0.2","0.05","0.75","0.2","300","5848","1967","3881","0.6636456908344733","1967","1554","0.44491558376950785","0.06758964096205163"
"1436","300","0.4","0.3","0.2","0.05","0.75","0.2","300","5985","1961","4024","0.6723475355054302","1961","1580","0.4498502290924775","0.06221843685231394"
"1437","300","0.4","0.3","0.2","0.05","0.75","0.2","300","5862","1984","3878","0.6615489593995223","1984","1581","0.44225869146635155","0.06708552565646664"
"1438","300","0.4","0.3","0.2","0.05","0.75","0.2","300","5781","1974","3807","0.6585365853658537","1974","1575","0.43180122604984256","0.0630960289477953"
"1440","300","0.4","0.3","0.2","0.05","0.75","0.2","300","5909","1990","3919","0.6632255880859705","1990","1592","0.43821070047021576","0.06284422352795559"
"1441","300","0.4","0.3","0.2","0.05","0.75","0.25","300","5139","2072","3067","0.5968087176493482","2072","1520","0.4200747141548335","0.04997823714063199"
"1439","300","0.4","0.3","0.2","0.05","0.75","0.2","300","5690","1996","3694","0.6492091388400703","1996","1586","0.4458436498277259","0.050044849571626374"
"1442","300","0.4","0.3","0.2","0.05","0.75","0.25","300","5000","2082","2918","0.5836","2082","1552","0.43233039895458564","0.043337550841838324"
"1444","300","0.4","0.3","0.2","0.05","0.75","0.25","300","5241","2073","3168","0.6044647967945048","2073","1565","0.44071726288791724","0.05437747648990142"
"1443","300","0.4","0.3","0.2","0.05","0.75","0.25","300","5104","2091","3013","0.5903213166144201","2091","1568","0.4310750240232639","0.05653857214631293"
"1445","300","0.4","0.3","0.2","0.05","0.75","0.25","300","5062","2054","3008","0.5942315290399052","2054","1541","0.42257375611898423","0.06212341805720199"
"1446","300","0.4","0.3","0.2","0.05","0.75","0.25","300","5164","2063","3101","0.6005034856700232","2063","1542","0.43144420133076683","0.04371965374693048"
"1448","300","0.4","0.3","0.2","0.05","0.75","0.25","300","5200","2052","3148","0.6053846153846154","2052","1577","0.4365192234740868","0.06305687577218887"
"1447","300","0.4","0.3","0.2","0.05","0.75","0.25","300","5145","2044","3101","0.6027210884353742","2044","1539","0.42000149013186044","0.05765661065229446"
"1449","300","0.4","0.3","0.2","0.05","0.75","0.25","300","5124","2082","3042","0.5936768149882904","2082","1588","0.436027846243322","0.052474147214037835"
"1450","300","0.4","0.3","0.2","0.05","0.75","0.25","300","5164","2063","3101","0.6005034856700232","2063","1556","0.43639385872328434","0.05221534332961319"
"1451","300","0.4","0.3","0.2","0.05","0.75","0.3","300","4434","2191","2243","0.5058637798827244","2191","1541","0.42060853504696816","0.05316657831342821"
"1453","300","0.4","0.3","0.2","0.05","0.75","0.3","300","4489","2170","2319","0.5165961238583203","2170","1483","0.4159741523966316","0.03855654895075971"
"1452","300","0.4","0.3","0.2","0.05","0.75","0.3","300","4489","2173","2316","0.5159278235687236","2173","1536","0.4159290451182662","0.04728955895868252"
"1454","300","0.4","0.3","0.2","0.05","0.75","0.3","300","4463","2151","2312","0.5180371947120771","2151","1503","0.41932595259449623","0.05235347102923198"
"1455","300","0.4","0.3","0.2","0.05","0.75","0.3","300","4527","2167","2360","0.521316545173404","2167","1580","0.42084515441137405","0.050724488871438274"
"1456","300","0.4","0.3","0.2","0.05","0.75","0.3","300","4539","2194","2345","0.5166336197400309","2194","1506","0.42095791961793266","0.036268695140874524"
"1457","300","0.4","0.3","0.2","0.05","0.75","0.3","300","4527","2172","2355","0.5202120609675281","2172","1500","0.4199655849484544","0.03607980308327718"
"1459","300","0.4","0.3","0.2","0.05","0.75","0.3","300","4471","2190","2281","0.5101766942518452","2190","1486","0.4172764687965355","0.04648102600265643"
"1458","300","0.4","0.3","0.2","0.05","0.75","0.3","300","4519","2176","2343","0.5184775392786014","2176","1535","0.4336150513858326","0.04056927887415494"
"1460","300","0.4","0.3","0.2","0.05","0.75","0.3","300","4499","2168","2331","0.5181151366970438","2168","1530","0.4237545298190101","0.048432107861921994"
"1461","300","0.4","0.3","0.2","0.05","0.75","0.35","300","4107","2262","1845","0.44923301680058436","2262","1482","0.4161779788730368","0.038571221204352774"
"1462","300","0.4","0.3","0.2","0.05","0.75","0.35","300","4044","2286","1758","0.43471810089020774","2286","1442","0.39797200386109555","0.052859861288928174"
"1464","300","0.4","0.3","0.2","0.05","0.75","0.35","300","4071","2281","1790","0.4396954065340211","2281","1467","0.42166129130281743","0.04118361015827539"
"1463","300","0.4","0.3","0.2","0.05","0.75","0.35","300","4058","2293","1765","0.4349433218334155","2293","1475","0.40834075367161","0.04355483018081973"
"1465","300","0.4","0.3","0.2","0.05","0.75","0.35","300","4109","2279","1830","0.4453638354830859","2279","1471","0.40564510659600106","0.05025053269714124"
"1466","300","0.4","0.3","0.2","0.05","0.75","0.35","300","4031","2276","1755","0.43537583726122553","2276","1472","0.40647970558592417","0.03899024200529218"
"1467","300","0.4","0.3","0.2","0.05","0.75","0.35","300","4105","2274","1831","0.44604141291108407","2274","1429","0.4013879739996007","0.04122116279682147"
"1468","300","0.4","0.3","0.2","0.05","0.75","0.35","300","4100","2254","1846","0.4502439024390244","2254","1449","0.4180927391207728","0.04328461401620147"
"1469","300","0.4","0.3","0.2","0.05","0.75","0.35","300","4166","2278","1888","0.4531925108017283","2278","1445","0.41213382296852874","0.04106383751512097"
"1470","300","0.4","0.3","0.2","0.05","0.75","0.35","300","4088","2294","1794","0.4388454011741683","2294","1447","0.4037044931560828","0.03921125031305996"
"1471","300","0.4","0.3","0.2","0.05","0.75","0.4","300","3738","2359","1379","0.36891385767790263","2359","1395","0.3921896742775342","0.0480658226626652"
"1472","300","0.4","0.3","0.2","0.05","0.75","0.4","300","3795","2401","1394","0.3673254281949934","2401","1418","0.4009972027981195","0.03032174963533994"
"1473","300","0.4","0.3","0.2","0.05","0.75","0.4","300","3746","2383","1363","0.36385477843032565","2383","1411","0.40330202102348445","0.03473948696385064"
"1474","300","0.4","0.3","0.2","0.05","0.75","0.4","300","3794","2373","1421","0.37453874538745385","2373","1437","0.3883088476829903","0.039861356213661"
"1475","300","0.4","0.3","0.2","0.05","0.75","0.4","300","3811","2402","1409","0.3697192337969037","2402","1492","0.40482873038016637","0.036085481361693234"
"1476","300","0.4","0.3","0.2","0.05","0.75","0.4","300","3789","2361","1428","0.3768804433887569","2361","1403","0.40091338710646635","0.03738085891791693"
"1477","300","0.4","0.3","0.2","0.05","0.75","0.4","300","3748","2383","1365","0.3641942369263607","2383","1453","0.40221313193261776","0.03324835545172694"
"1478","300","0.4","0.3","0.2","0.05","0.75","0.4","300","3802","2372","1430","0.37611783271962124","2372","1453","0.39424740208518166","0.05013095099622143"
"1479","300","0.4","0.3","0.2","0.05","0.75","0.4","300","3787","2378","1409","0.37206231845788224","2378","1422","0.40887488357390833","0.03495458062027246"
"1480","300","0.4","0.3","0.2","0.05","0.75","0.4","300","3800","2406","1394","0.3668421052631579","2406","1471","0.39984017642354425","0.042115068094611595"
"1481","300","0.4","0.3","0.2","0.05","0.75","0.45","300","3577","2508","1069","0.2988537880905787","2508","1383","0.38909973040622303","0.03724284710470531"
"1482","300","0.4","0.3","0.2","0.05","0.75","0.45","300","3521","2439","1082","0.30729906276625957","2439","1314","0.38682768222475966","0.038147392149312155"
"1484","300","0.4","0.3","0.2","0.05","0.75","0.45","300","3547","2470","1077","0.3036368762334367","2470","1371","0.3875473240892406","0.03399944196756074"
"1483","300","0.4","0.3","0.2","0.05","0.75","0.45","300","3540","2488","1052","0.29717514124293787","2488","1370","0.3758585652966775","0.04256661869409928"
"1485","300","0.4","0.3","0.2","0.05","0.75","0.45","300","3537","2406","1131","0.3197625106022053","2406","1320","0.38191171806902524","0.03883570455764926"
"1487","300","0.4","0.3","0.2","0.05","0.75","0.45","300","3546","2472","1074","0.30287648054145516","2472","1383","0.3951565111520663","0.03500349019619681"
"1486","300","0.4","0.3","0.2","0.05","0.75","0.45","300","3581","2479","1102","0.3077352694777995","2479","1329","0.37859415955711834","0.04179645053249262"
"1488","300","0.4","0.3","0.2","0.05","0.75","0.45","300","3565","2491","1074","0.3012622720897616","2491","1386","0.3796540351912346","0.036570618622985857"
"1489","300","0.4","0.3","0.2","0.05","0.75","0.45","300","3484","2438","1046","0.3002296211251435","2438","1335","0.39251721260712574","0.028088781973184082"
"1490","300","0.4","0.3","0.2","0.05","0.75","0.45","300","3488","2472","1016","0.29128440366972475","2472","1404","0.3898174208709858","0.03887777087090349"
"1491","300","0.4","0.3","0.2","0.05","0.75","0.5","300","3358","2536","822","0.24478856462179868","2536","1280","0.36973864401895246","0.03145029844247562"
"1492","300","0.4","0.3","0.2","0.05","0.75","0.5","300","3384","2550","834","0.24645390070921985","2550","1247","0.3797733121105414","0.041809420428523654"
"1493","300","0.4","0.3","0.2","0.05","0.75","0.5","300","3360","2556","804","0.2392857142857143","2556","1315","0.37700001911502","0.03392045087383489"
"1494","300","0.4","0.3","0.2","0.05","0.75","0.5","300","3353","2539","814","0.24276767074261854","2539","1250","0.3724676436565666","0.038466681155232996"
"1497","300","0.4","0.3","0.2","0.05","0.75","0.5","300","3337","2549","788","0.23614024572969733","2549","1264","0.36965544594351135","0.033126821145478325"
"1495","300","0.4","0.3","0.2","0.05","0.75","0.5","300","3328","2536","792","0.23798076923076922","2536","1192","0.3711371235620762","0.03296224603010625"
"1498","300","0.4","0.3","0.2","0.05","0.75","0.5","300","3377","2549","828","0.24518803671898134","2549","1314","0.3761804327106172","0.03179057849372415"
"1496","300","0.4","0.3","0.2","0.05","0.75","0.5","300","3289","2534","755","0.22955305564001216","2534","1255","0.3639210609005111","0.04312410983143088"
"1499","300","0.4","0.3","0.2","0.05","0.75","0.5","300","3406","2552","854","0.2507339988256019","2552","1247","0.3750652025421757","0.030842102873549482"
"1500","300","0.4","0.3","0.2","0.05","0.75","0.5","300","3407","2561","846","0.24831229820956854","2561","1301","0.37505902866660124","0.03823173483297437"
"1502","300","0.4","0.3","0.2","0.05","0.75","0.55","300","3201","2592","609","0.190253045923149","2592","1135","0.36415661082832174","0.033829598909404734"
"1501","300","0.4","0.3","0.2","0.05","0.75","0.55","300","3236","2606","630","0.19468479604449937","2606","1200","0.3621549587190278","0.03390136346564352"
"1503","300","0.4","0.3","0.2","0.05","0.75","0.55","300","3259","2632","627","0.19239030377416386","2632","1219","0.37129845118485666","0.027817247251566587"
"1504","300","0.4","0.3","0.2","0.05","0.75","0.55","300","3237","2642","595","0.183812171763979","2642","1221","0.3586649347445166","0.04318082726185084"
"1506","300","0.4","0.3","0.2","0.05","0.75","0.55","300","3224","2600","624","0.1935483870967742","2600","1172","0.3544479111316968","0.03937017409666663"
"1505","300","0.4","0.3","0.2","0.05","0.75","0.55","300","3224","2630","594","0.18424317617866004","2630","1171","0.3580645262231468","0.038259576894845194"
"1507","300","0.4","0.3","0.2","0.05","0.75","0.55","300","3307","2652","655","0.19806471121862715","2652","1189","0.3555187405205985","0.030028403422320236"
"1509","300","0.4","0.3","0.2","0.05","0.75","0.55","300","3166","2607","559","0.17656348704990524","2607","1192","0.36822235978021467","0.03528979996787645"
"1508","300","0.4","0.3","0.2","0.05","0.75","0.55","300","3267","2659","608","0.18610345883073157","2659","1192","0.3573503575738773","0.03243469847732065"
"1510","300","0.4","0.3","0.2","0.05","0.75","0.55","300","3247","2613","634","0.19525716045580535","2613","1182","0.3667063273596296","0.037854218014556455"
"1512","300","0.4","0.3","0.2","0.05","0.75","0.6","300","3127","2655","472","0.1509433962264151","2655","1058","0.349560710143923","0.03516830773109774"
"1511","300","0.4","0.3","0.2","0.05","0.75","0.6","300","3095","2629","466","0.1505654281098546","2629","1052","0.34412966484008456","0.03914815385469583"
"1513","300","0.4","0.3","0.2","0.05","0.75","0.6","300","3147","2697","450","0.14299332697807435","2697","1094","0.3484989539841843","0.04005327840088481"
"1514","300","0.4","0.3","0.2","0.05","0.75","0.6","300","3146","2685","461","0.14653528289891926","2685","1109","0.34717911472533575","0.03674732051708264"
"1516","300","0.4","0.3","0.2","0.05","0.75","0.6","300","3139","2677","462","0.14718063077413188","2677","1063","0.3426334971622076","0.04044340449948099"
"1515","300","0.4","0.3","0.2","0.05","0.75","0.6","300","3188","2700","488","0.15307402760351319","2700","1120","0.3569639183652814","0.03136836991921772"
"1517","300","0.4","0.3","0.2","0.05","0.75","0.6","300","3177","2728","449","0.14132829713566258","2728","1074","0.34391690346871095","0.03849298982969623"
"1518","300","0.4","0.3","0.2","0.05","0.75","0.6","300","3153","2696","457","0.14494132572153504","2696","1079","0.35040454864310777","0.03661320576439897"
"1519","300","0.4","0.3","0.2","0.05","0.75","0.6","300","3172","2694","478","0.15069356872635561","2694","1077","0.3532478797008688","0.03257145277613177"
"1520","300","0.4","0.3","0.2","0.05","0.75","0.6","300","3207","2745","462","0.14405986903648269","2745","1130","0.34953393755819745","0.03288357095644272"
"1521","300","0.4","0.3","0.2","0.05","0.75","0.65","300","3030","2661","369","0.12178217821782178","2661","903","0.33863264685597644","0.033608724343467615"
"1523","300","0.4","0.3","0.2","0.05","0.75","0.65","300","3037","2695","342","0.11261112940401712","2695","892","0.3345335777394083","0.030466871198279316"
"1522","300","0.4","0.3","0.2","0.05","0.75","0.65","300","3052","2694","358","0.11730013106159895","2694","948","0.3403638139937283","0.040523125062988656"
"1524","300","0.4","0.3","0.2","0.05","0.75","0.65","300","3108","2766","342","0.11003861003861004","2766","953","0.3382059760960676","0.029614956955784876"
"1525","300","0.4","0.3","0.2","0.05","0.75","0.65","300","3048","2707","341","0.1118766404199475","2707","972","0.3370439263815951","0.026846882784851332"
"1526","300","0.4","0.3","0.2","0.05","0.75","0.65","300","3005","2673","332","0.11048252911813644","2673","971","0.34146375228790793","0.03353755317730938"
"1527","300","0.4","0.3","0.2","0.05","0.75","0.65","300","3056","2687","369","0.12074607329842932","2687","944","0.3347672680079884","0.02539006311439514"
"1528","300","0.4","0.3","0.2","0.05","0.75","0.65","300","3045","2694","351","0.11527093596059114","2694","938","0.3408614742124053","0.034083840761770616"
"1529","300","0.4","0.3","0.2","0.05","0.75","0.65","300","3089","2709","380","0.12301715765619942","2709","989","0.34291799812062584","0.03069562826099893"
"1530","300","0.4","0.3","0.2","0.05","0.75","0.65","300","3068","2705","363","0.11831812255541069","2705","957","0.3421121198767","0.02479145663658408"
"1531","300","0.4","0.3","0.2","0.05","0.75","0.7","300","3042","2786","256","0.084155161078238","2786","809","0.32549272024447307","0.033570876755884826"
"1532","300","0.4","0.3","0.2","0.05","0.75","0.7","300","2997","2745","252","0.08408408408408409","2745","857","0.3297650395969756","0.03152907657291652"
"1535","300","0.4","0.3","0.2","0.05","0.75","0.7","300","3003","2730","273","0.09090909090909091","2730","850","0.33103041461122457","0.030939241582126353"
"1534","300","0.4","0.3","0.2","0.05","0.75","0.7","300","3044","2770","274","0.0900131406044678","2770","837","0.32724678730883616","0.030709543140174884"
"1533","300","0.4","0.3","0.2","0.05","0.75","0.7","300","2966","2749","217","0.07316250842886042","2749","800","0.32710450413749104","0.0391220058148958"
"1536","300","0.4","0.3","0.2","0.05","0.75","0.7","300","2983","2737","246","0.08246731478377473","2737","809","0.32251602218579073","0.03228176973135894"
"1537","300","0.4","0.3","0.2","0.05","0.75","0.7","300","3030","2751","279","0.09207920792079208","2751","796","0.32921084180284055","0.03551374687949206"
"1539","300","0.4","0.3","0.2","0.05","0.75","0.7","300","2992","2711","281","0.09391711229946524","2711","806","0.3295704718202714","0.029371238999420613"
"1538","300","0.4","0.3","0.2","0.05","0.75","0.7","300","3013","2753","260","0.08629273149684699","2753","792","0.3263769754542695","0.02787672738242244"
"1540","300","0.4","0.3","0.2","0.05","0.75","0.7","300","2983","2719","264","0.08850150854844116","2719","854","0.3272020125228697","0.029467335048842632"
"1541","300","0.4","0.3","0.2","0.05","0.75","0.75","300","2956","2780","176","0.05953991880920163","2780","687","0.32030661786687353","0.02475192499999986"
"1542","300","0.4","0.3","0.2","0.05","0.75","0.75","300","2940","2725","215","0.07312925170068027","2725","705","0.32079601011957726","0.0332116193002017"
"1543","300","0.4","0.3","0.2","0.05","0.75","0.75","300","2979","2782","197","0.06612957368244378","2782","696","0.3217351493152585","0.030308840897334245"
"1544","300","0.4","0.3","0.2","0.05","0.75","0.75","300","2949","2758","191","0.06476771787046456","2758","685","0.3206016739311098","0.03989259458914516"
"1545","300","0.4","0.3","0.2","0.05","0.75","0.75","300","2953","2753","200","0.06772773450728073","2753","764","0.321665075996014","0.031108146637807584"
"1546","300","0.4","0.3","0.2","0.05","0.75","0.75","300","2961","2768","193","0.0651806822019588","2768","685","0.3214350109410567","0.03145263513111301"
"1547","300","0.4","0.3","0.2","0.05","0.75","0.75","300","2926","2719","207","0.07074504442925496","2719","671","0.3180687292673834","0.03684461667209651"
"1548","300","0.4","0.3","0.2","0.05","0.75","0.75","300","2945","2764","181","0.061460101867572156","2764","700","0.3215140397203554","0.026956457034750674"
"1549","300","0.4","0.3","0.2","0.05","0.75","0.75","300","2929","2728","201","0.06862410378968932","2728","688","0.31888447208971976","0.027137811507007642"
"1550","300","0.4","0.3","0.2","0.05","0.75","0.75","300","2963","2728","235","0.07931150860614242","2728","662","0.3211672503770203","0.03413591685652605"
"1551","300","0.4","0.3","0.2","0.05","0.75","0.8","300","2880","2756","124","0.043055555555555555","2756","552","0.3129793475326553","0.029112187428072756"
"1552","300","0.4","0.3","0.2","0.05","0.75","0.8","300","2953","2806","147","0.049779884862851335","2806","576","0.31198672693183693","0.03325536281537323"
"1553","300","0.4","0.3","0.2","0.05","0.75","0.8","300","2912","2739","173","0.059409340659340656","2739","555","0.3120947655539842","0.033780891314572"
"1554","300","0.4","0.3","0.2","0.05","0.75","0.8","300","2913","2749","164","0.05629934775145898","2749","524","0.3104748032613205","0.03252760984635389"
"1555","300","0.4","0.3","0.2","0.05","0.75","0.8","300","2915","2778","137","0.04699828473413379","2778","533","0.3111690450993816","0.03062764098604268"
"1558","300","0.4","0.3","0.2","0.05","0.75","0.8","300","2981","2827","154","0.05166051660516605","2827","540","0.3138084970962977","0.030296928785318103"
"1557","300","0.4","0.3","0.2","0.05","0.75","0.8","300","2880","2728","152","0.05277777777777778","2728","540","0.3116615960673453","0.029977275274102263"
"1556","300","0.4","0.3","0.2","0.05","0.75","0.8","300","2962","2816","146","0.04929101958136394","2816","576","0.3119093730928552","0.029671887462671003"
"1560","300","0.4","0.3","0.2","0.05","0.75","0.8","300","2960","2809","151","0.05101351351351351","2809","554","0.3118597281325281","0.02777917675514415"
"1561","300","0.4","0.3","0.2","0.05","0.8","0.2","300","5598","1889","3709","0.6625580564487317","1889","1509","0.43739735840326316","0.0703389675095528"
"1559","300","0.4","0.3","0.2","0.05","0.75","0.8","300","2938","2783","155","0.052756977535738596","2783","507","0.3103701295498613","0.029644773212702667"
"1562","300","0.4","0.3","0.2","0.05","0.8","0.2","300","5702","1890","3812","0.6685373553139249","1890","1518","0.4353284495892462","0.07731553758581167"
"1565","300","0.4","0.3","0.2","0.05","0.8","0.2","300","5548","1905","3643","0.6566330209084354","1905","1529","0.4423736251304292","0.06067500838337538"
"1564","300","0.4","0.3","0.2","0.05","0.8","0.2","300","5680","1920","3760","0.6619718309859155","1920","1517","0.4402729777644417","0.05707306555196581"
"1563","300","0.4","0.3","0.2","0.05","0.8","0.2","300","5696","1928","3768","0.6615168539325843","1928","1535","0.4562576100580629","0.057085114694595554"
"1566","300","0.4","0.3","0.2","0.05","0.8","0.2","300","5753","1900","3853","0.6697375282461324","1900","1533","0.43863041201968883","0.0640893529682078"
"1567","300","0.4","0.3","0.2","0.05","0.8","0.2","300","5686","1873","3813","0.6705944424903271","1873","1499","0.4304224003362533","0.07632303118733869"
"1568","300","0.4","0.3","0.2","0.05","0.8","0.2","300","5677","1919","3758","0.6619693500088075","1919","1548","0.4454383130472297","0.05831817338322626"
"1569","300","0.4","0.3","0.2","0.05","0.8","0.2","300","5648","1902","3746","0.6632436260623229","1902","1516","0.4539107818599392","0.04258568164661416"
"1570","300","0.4","0.3","0.2","0.05","0.8","0.2","300","5618","1939","3679","0.6548593805624777","1939","1535","0.45122567631807575","0.049855189315873495"
"1572","300","0.4","0.3","0.2","0.05","0.8","0.25","300","4939","2014","2925","0.5922251467908484","2014","1494","0.43306776811052267","0.04646736997434737"
"1573","300","0.4","0.3","0.2","0.05","0.8","0.25","300","4894","2020","2874","0.5872496935022476","2020","1495","0.4284127404875786","0.05535256243377119"
"1571","300","0.4","0.3","0.2","0.05","0.8","0.25","300","4899","2001","2898","0.5915492957746479","2001","1504","0.4361786812657418","0.05295847363089261"
"1574","300","0.4","0.3","0.2","0.05","0.8","0.25","300","4904","2022","2882","0.5876835236541599","2022","1505","0.43221041838021707","0.05841352365609346"
"1575","300","0.4","0.3","0.2","0.05","0.8","0.25","300","4917","2039","2878","0.5853162497457799","2039","1535","0.4342093303273101","0.06188837651177033"
"1576","300","0.4","0.3","0.2","0.05","0.8","0.25","300","4956","2027","2929","0.591000807102502","2027","1532","0.43063755310347207","0.04620807408197319"
"1577","300","0.4","0.3","0.2","0.05","0.8","0.25","300","4926","1987","2939","0.596630125862769","1987","1485","0.44274297475622487","0.052155545397175755"
"1578","300","0.4","0.3","0.2","0.05","0.8","0.25","300","4908","2014","2894","0.5896495517522412","2014","1476","0.42647505442964395","0.05602525495300496"
"1579","300","0.4","0.3","0.2","0.05","0.8","0.25","300","4919","2005","2914","0.592396828623704","2005","1498","0.4308320991850449","0.05440284306025653"
"1581","300","0.4","0.3","0.2","0.05","0.8","0.3","300","4444","2115","2329","0.524077407740774","2115","1466","0.4321963370442123","0.0386120827503076"
"1580","300","0.4","0.3","0.2","0.05","0.8","0.25","300","4940","2016","2924","0.5919028340080972","2016","1513","0.42703214129519096","0.07156937085686435"
"1582","300","0.4","0.3","0.2","0.05","0.8","0.3","300","4435","2101","2334","0.5262683201803833","2101","1485","0.42497101795887005","0.047337670836843614"
"1583","300","0.4","0.3","0.2","0.05","0.8","0.3","300","4380","2092","2288","0.5223744292237443","2092","1447","0.4351282396613059","0.04104479475677183"
"1584","300","0.4","0.3","0.2","0.05","0.8","0.3","300","4449","2124","2325","0.5225893459204316","2124","1503","0.42338979662006276","0.04497239055167442"
"1586","300","0.4","0.3","0.2","0.05","0.8","0.3","300","4406","2123","2283","0.5181570585565138","2123","1458","0.4228629683279354","0.04311865771629886"
"1585","300","0.4","0.3","0.2","0.05","0.8","0.3","300","4440","2109","2331","0.525","2109","1457","0.42505854884551314","0.04041827110596889"
"1587","300","0.4","0.3","0.2","0.05","0.8","0.3","300","4508","2140","2368","0.5252883762200532","2140","1491","0.427712586928818","0.040091829563589"
"1588","300","0.4","0.3","0.2","0.05","0.8","0.3","300","4453","2087","2366","0.5313271951493376","2087","1465","0.4128004472011608","0.055732923682755786"
"1589","300","0.4","0.3","0.2","0.05","0.8","0.3","300","4410","2169","2241","0.5081632653061224","2169","1535","0.41999676463296365","0.04751965018810388"
"1590","300","0.4","0.3","0.2","0.05","0.8","0.3","300","4499","2102","2397","0.5327850633474105","2102","1475","0.4339638143750469","0.0374215265110367"
"1591","300","0.4","0.3","0.2","0.05","0.8","0.35","300","4005","2177","1828","0.4564294631710362","2177","1458","0.39947718708099683","0.050820241311025166"
"1592","300","0.4","0.3","0.2","0.05","0.8","0.35","300","3925","2215","1710","0.4356687898089172","2215","1450","0.4152462963878291","0.046008325481740955"
"1594","300","0.4","0.3","0.2","0.05","0.8","0.35","300","3910","2176","1734","0.4434782608695652","2176","1386","0.4027037840973002","0.046790667654914596"
"1593","300","0.4","0.3","0.2","0.05","0.8","0.35","300","4065","2210","1855","0.45633456334563344","2210","1447","0.4086331767893743","0.03958190184842881"
"1596","300","0.4","0.3","0.2","0.05","0.8","0.35","300","3992","2199","1793","0.4491482965931864","2199","1451","0.41292466234920866","0.03763423146333965"
"1595","300","0.4","0.3","0.2","0.05","0.8","0.35","300","3957","2211","1746","0.44124336618650495","2211","1404","0.4079733063707293","0.03706397988010581"
"1597","300","0.4","0.3","0.2","0.05","0.8","0.35","300","3981","2210","1771","0.44486309972368754","2210","1406","0.4157073950364918","0.05009193322440037"
"1598","300","0.4","0.3","0.2","0.05","0.8","0.35","300","3992","2211","1781","0.4461422845691383","2211","1447","0.41954473750369986","0.040681743844542456"
"1599","300","0.4","0.3","0.2","0.05","0.8","0.35","300","3891","2220","1671","0.42945258288357746","2220","1444","0.41266164276899997","0.04813358390556409"
"1600","300","0.4","0.3","0.2","0.05","0.8","0.35","300","4011","2211","1800","0.4487658937920718","2211","1450","0.41458183120786635","0.0415846369171624"
"1601","300","0.4","0.3","0.2","0.05","0.8","0.4","300","3738","2275","1463","0.3913857677902622","2275","1389","0.39632063175267795","0.04141551091637603"
"1602","300","0.4","0.3","0.2","0.05","0.8","0.4","300","3709","2298","1411","0.38042599083310863","2298","1377","0.4006578139808907","0.03686192894862491"
"1603","300","0.4","0.3","0.2","0.05","0.8","0.4","300","3744","2346","1398","0.3733974358974359","2346","1366","0.40493215126391036","0.032755942222883014"
"1604","300","0.4","0.3","0.2","0.05","0.8","0.4","300","3725","2326","1399","0.3755704697986577","2326","1431","0.39929688765045174","0.03962118329043392"
"1605","300","0.4","0.3","0.2","0.05","0.8","0.4","300","3676","2304","1372","0.37323177366702937","2304","1384","0.3985991206935927","0.03892713317102942"
"1606","300","0.4","0.3","0.2","0.05","0.8","0.4","300","3827","2335","1492","0.3898615103214006","2335","1383","0.39791852077512685","0.032614891336416575"
"1607","300","0.4","0.3","0.2","0.05","0.8","0.4","300","3750","2319","1431","0.3816","2319","1371","0.3984076414320332","0.03895128890384838"
"1609","300","0.4","0.3","0.2","0.05","0.8","0.4","300","3790","2328","1462","0.38575197889182056","2328","1390","0.39366857873234823","0.03568073635470216"
"1608","300","0.4","0.3","0.2","0.05","0.8","0.4","300","3697","2319","1378","0.3727346497159859","2319","1413","0.3942941194421828","0.044242174913000185"
"1612","300","0.4","0.3","0.2","0.05","0.8","0.45","300","3408","2399","1009","0.2960680751173709","2399","1279","0.3997915170806793","0.029190806704768278"
"1611","300","0.4","0.3","0.2","0.05","0.8","0.45","300","3482","2391","1091","0.31332567489948304","2391","1317","0.39604849722390284","0.030909798485641283"
"1610","300","0.4","0.3","0.2","0.05","0.8","0.4","300","3710","2326","1384","0.3730458221024259","2326","1388","0.3993204132584388","0.03718938968067444"
"1613","300","0.4","0.3","0.2","0.05","0.8","0.45","300","3511","2441","1070","0.3047564796354315","2441","1334","0.3881021414539472","0.03803184187009385"
"1614","300","0.4","0.3","0.2","0.05","0.8","0.45","300","3473","2405","1068","0.3075151166138785","2405","1318","0.39212022605308977","0.028929065667278396"
"1615","300","0.4","0.3","0.2","0.05","0.8","0.45","300","3526","2444","1082","0.30686330119115146","2444","1364","0.3798393181692216","0.034387658814434396"
"1616","300","0.4","0.3","0.2","0.05","0.8","0.45","300","3483","2414","1069","0.3069193224231984","2414","1328","0.3857184910642866","0.033033378046708445"
"1617","300","0.4","0.3","0.2","0.05","0.8","0.45","300","3507","2408","1099","0.313373253493014","2408","1334","0.39642570963418644","0.02938111101621894"
"1619","300","0.4","0.3","0.2","0.05","0.8","0.45","300","3488","2426","1062","0.3044724770642202","2426","1337","0.38927796892417693","0.03674823985126681"
"1618","300","0.4","0.3","0.2","0.05","0.8","0.45","300","3478","2374","1104","0.3174238067855089","2374","1344","0.38228477297353275","0.04391395423166706"
"1620","300","0.4","0.3","0.2","0.05","0.8","0.45","300","3475","2412","1063","0.30589928057553956","2412","1356","0.395159673124032","0.03201148996403084"
"1621","300","0.4","0.3","0.2","0.05","0.8","0.5","300","3370","2539","831","0.24658753709198813","2539","1268","0.3767524995802982","0.028888402573550985"
"1622","300","0.4","0.3","0.2","0.05","0.8","0.5","300","3313","2430","883","0.2665258074252943","2430","1198","0.3670440182183476","0.03515087114711745"
"1623","300","0.4","0.3","0.2","0.05","0.8","0.5","300","3318","2518","800","0.24110910186859555","2518","1286","0.37947327780626283","0.026539879161377778"
"1624","300","0.4","0.3","0.2","0.05","0.8","0.5","300","3282","2517","765","0.23308957952468007","2517","1223","0.3736470707024626","0.033064904655447175"
"1625","300","0.4","0.3","0.2","0.05","0.8","0.5","300","3339","2473","866","0.2593590895477688","2473","1239","0.37218651207590125","0.034224141943116536"
"1626","300","0.4","0.3","0.2","0.05","0.8","0.5","300","3326","2565","761","0.22880336740829826","2565","1273","0.36906090720219864","0.027632081466074918"
"1627","300","0.4","0.3","0.2","0.05","0.8","0.5","300","3304","2473","831","0.2515133171912833","2473","1253","0.37685377584102375","0.030309285495033277"
"1629","300","0.4","0.3","0.2","0.05","0.8","0.5","300","3320","2468","852","0.25662650602409637","2468","1274","0.36935737695778526","0.032604806709856125"
"1628","300","0.4","0.3","0.2","0.05","0.8","0.5","300","3304","2500","804","0.24334140435835352","2500","1199","0.37344941677744786","0.034419460188686544"
"1630","300","0.4","0.3","0.2","0.05","0.8","0.5","300","3348","2526","822","0.24551971326164876","2526","1266","0.37912913079799265","0.0344956665066789"
"1631","300","0.4","0.3","0.2","0.05","0.8","0.55","300","3142","2561","581","0.18491406747294717","2561","1176","0.35467203140095566","0.0342003450938175"
"1632","300","0.4","0.3","0.2","0.05","0.8","0.55","300","3227","2586","641","0.19863650449333747","2586","1153","0.3629375218259572","0.041101025229625006"
"1633","300","0.4","0.3","0.2","0.05","0.8","0.55","300","3139","2551","588","0.18732080280344057","2551","1129","0.35226489874452527","0.04135451114469767"
"1634","300","0.4","0.3","0.2","0.05","0.8","0.55","300","3156","2578","578","0.18314321926489227","2578","1162","0.36395871664858603","0.03478352754457563"
"1635","300","0.4","0.3","0.2","0.05","0.8","0.55","300","3227","2561","666","0.20638363805392004","2561","1176","0.3632848508465076","0.034447982352384984"
"1637","300","0.4","0.3","0.2","0.05","0.8","0.55","300","3148","2592","556","0.17662007623888182","2592","1171","0.36346565328503233","0.035800537956653805"
"1636","300","0.4","0.3","0.2","0.05","0.8","0.55","300","3161","2560","601","0.19012970578930719","2560","1121","0.36586948488629967","0.030100463048538202"
"1639","300","0.4","0.3","0.2","0.05","0.8","0.55","300","3159","2563","596","0.1886672997784109","2563","1141","0.3583938246737324","0.03327291555936279"
"1638","300","0.4","0.3","0.2","0.05","0.8","0.55","300","3240","2591","649","0.20030864197530865","2591","1194","0.35892384427671514","0.03646280316916321"
"1640","300","0.4","0.3","0.2","0.05","0.8","0.55","300","3168","2521","647","0.20422979797979798","2521","1150","0.356541280309153","0.027374187130262375"
"1642","300","0.4","0.3","0.2","0.05","0.8","0.6","300","3065","2646","419","0.1367047308319739","2646","1064","0.35361146496001983","0.03109218973268337"
"1641","300","0.4","0.3","0.2","0.05","0.8","0.6","300","3093","2664","429","0.13870029097963144","2664","1055","0.3595530581842604","0.028153032024013272"
"1643","300","0.4","0.3","0.2","0.05","0.8","0.6","300","3059","2630","429","0.14024190912062764","2630","1011","0.34715508518427013","0.0263108474547072"
"1644","300","0.4","0.3","0.2","0.05","0.8","0.6","300","3095","2631","464","0.14991922455573506","2631","1053","0.34575704616861735","0.03943333992645339"
"1645","300","0.4","0.3","0.2","0.05","0.8","0.6","300","3013","2607","406","0.134749419183538","2607","986","0.344590130364189","0.035945986812810526"
"1646","300","0.4","0.3","0.2","0.05","0.8","0.6","300","3134","2679","455","0.14518187619655393","2679","1090","0.35478439494266745","0.03512352216866659"
"1647","300","0.4","0.3","0.2","0.05","0.8","0.6","300","3071","2623","448","0.14588082057961577","2623","1052","0.346827380782328","0.027793832409887993"
"1648","300","0.4","0.3","0.2","0.05","0.8","0.6","300","3121","2670","451","0.14450496635693688","2670","1054","0.3480225817720609","0.03326808349511522"
"1649","300","0.4","0.3","0.2","0.05","0.8","0.6","300","3081","2626","455","0.14767932489451477","2626","1041","0.34514261328954227","0.029439174053896244"
"1651","300","0.4","0.3","0.2","0.05","0.8","0.65","300","3022","2661","361","0.11945731303772336","2661","944","0.34097800166406755","0.024552317052348376"
"1650","300","0.4","0.3","0.2","0.05","0.8","0.6","300","3108","2634","474","0.1525096525096525","2634","1056","0.34415255829551544","0.0295797365618732"
"1652","300","0.4","0.3","0.2","0.05","0.8","0.65","300","2935","2615","320","0.10902896081771721","2615","923","0.33552084228226925","0.037826962896290554"
"1653","300","0.4","0.3","0.2","0.05","0.8","0.65","300","3053","2685","368","0.12053717654765804","2685","941","0.34143744069996934","0.037489389102817586"
"1654","300","0.4","0.3","0.2","0.05","0.8","0.65","300","3029","2687","342","0.11290855067679102","2687","915","0.34027670386521874","0.030396748573111095"
"1655","300","0.4","0.3","0.2","0.05","0.8","0.65","300","2974","2644","330","0.1109616677874916","2644","934","0.34301394507924615","0.030570460411435546"
"1657","300","0.4","0.3","0.2","0.05","0.8","0.65","300","3033","2685","348","0.11473788328387735","2685","921","0.3408324229631078","0.029355314416666545"
"1656","300","0.4","0.3","0.2","0.05","0.8","0.65","300","2994","2677","317","0.10587842351369406","2677","915","0.34042703730573615","0.03641134832332713"
"1658","300","0.4","0.3","0.2","0.05","0.8","0.65","300","2983","2634","349","0.11699631243714381","2634","884","0.33502210161618556","0.026347722814345793"
"1659","300","0.4","0.3","0.2","0.05","0.8","0.65","300","3019","2680","339","0.11228883736336535","2680","875","0.3374634897632913","0.02801762953593995"
"1660","300","0.4","0.3","0.2","0.05","0.8","0.65","300","2976","2630","346","0.11626344086021505","2630","933","0.340471085819492","0.029313101460827832"
"1661","300","0.4","0.3","0.2","0.05","0.8","0.7","300","2983","2701","282","0.09453570231310761","2701","844","0.32923977477269306","0.03541298818255002"
"1662","300","0.4","0.3","0.2","0.05","0.8","0.7","300","2948","2696","252","0.08548168249660787","2696","768","0.3280160806458346","0.03207569701942694"
"1663","300","0.4","0.3","0.2","0.05","0.8","0.7","300","2981","2735","246","0.08252264340825226","2735","804","0.3299252635064114","0.022603926239064962"
"1664","300","0.4","0.3","0.2","0.05","0.8","0.7","300","2991","2732","259","0.08659311267134738","2732","812","0.3290994949282446","0.03289359428284322"
"1665","300","0.4","0.3","0.2","0.05","0.8","0.7","300","3004","2732","272","0.09054593874833555","2732","793","0.32774656556816206","0.03171163598267109"
"1666","300","0.4","0.3","0.2","0.05","0.8","0.7","300","2969","2698","271","0.09127652408218255","2698","837","0.32564879807718405","0.03917809865336277"
"1667","300","0.4","0.3","0.2","0.05","0.8","0.7","300","2951","2692","259","0.08776685869196882","2692","828","0.3282907666804412","0.037850519138580487"
"1668","300","0.4","0.3","0.2","0.05","0.8","0.7","300","2931","2674","257","0.087683384510406","2674","787","0.33111720296079006","0.03270915013009235"
"1669","300","0.4","0.3","0.2","0.05","0.8","0.7","300","3019","2731","288","0.09539582643259358","2731","825","0.32916776797521635","0.02679773665527683"
"1670","300","0.4","0.3","0.2","0.05","0.8","0.7","300","2970","2689","281","0.0946127946127946","2689","816","0.32815845313800435","0.03961428974468014"
"1671","300","0.4","0.3","0.2","0.05","0.8","0.75","300","2935","2737","198","0.06746166950596252","2737","686","0.3256143071560798","0.02775336544460492"
"1672","300","0.4","0.3","0.2","0.05","0.8","0.75","300","2928","2745","183","0.0625","2745","698","0.32118154196171206","0.03046843677669797"
"1673","300","0.4","0.3","0.2","0.05","0.8","0.75","300","2911","2727","184","0.06320851940913776","2727","621","0.31892612093116296","0.02823954892519738"
"1674","300","0.4","0.3","0.2","0.05","0.8","0.75","300","2903","2706","197","0.06786083362039269","2706","635","0.3195235617296111","0.036738915584708105"
"1675","300","0.4","0.3","0.2","0.05","0.8","0.75","300","2927","2728","199","0.06798770071745815","2728","674","0.3191701292986662","0.036714114584886985"
"1676","300","0.4","0.3","0.2","0.05","0.8","0.75","300","2977","2809","168","0.0564326503191132","2809","683","0.3191165523648429","0.028676806439360814"
"1677","300","0.4","0.3","0.2","0.05","0.8","0.75","300","2982","2790","192","0.06438631790744467","2790","722","0.3198389471140868","0.03872976265100866"
"1678","300","0.4","0.3","0.2","0.05","0.8","0.75","300","2908","2690","218","0.0749656121045392","2690","652","0.3213893609610874","0.028327953982435553"
"1679","300","0.4","0.3","0.2","0.05","0.8","0.75","300","2895","2699","196","0.06770293609671849","2699","692","0.3210839163836017","0.036363475678518734"
"1681","300","0.4","0.3","0.2","0.05","0.8","0.8","300","2923","2762","161","0.05508039685254875","2762","600","0.3129605896563282","0.027154117313541497"
"1680","300","0.4","0.3","0.2","0.05","0.8","0.75","300","3010","2796","214","0.07109634551495017","2796","716","0.31965697154094996","0.030776562810312356"
"1682","300","0.4","0.3","0.2","0.05","0.8","0.8","300","2882","2743","139","0.04823039555863983","2743","571","0.31420769308438673","0.030144868222478742"
"1683","300","0.4","0.3","0.2","0.05","0.8","0.8","300","2885","2742","143","0.04956672443674177","2742","552","0.3149181775916975","0.03139839462036703"
"1684","300","0.4","0.3","0.2","0.05","0.8","0.8","300","2894","2757","137","0.04733932273669662","2757","519","0.3126091757548342","0.03239188138003085"
"1686","300","0.4","0.3","0.2","0.05","0.8","0.8","300","2915","2761","154","0.052830188679245285","2761","530","0.31280687384976974","0.02846012147303706"
"1685","300","0.4","0.3","0.2","0.05","0.8","0.8","300","2953","2829","124","0.041991195394514055","2829","545","0.31319808227743207","0.03161184385729154"
"1687","300","0.4","0.3","0.2","0.05","0.8","0.8","300","2965","2798","167","0.056323777403035416","2798","559","0.3088727112907285","0.035168666259479044"
"1688","300","0.4","0.3","0.2","0.05","0.8","0.8","300","2939","2791","148","0.05035726437563797","2791","585","0.3150296398651251","0.02419085752505716"
"1690","300","0.4","0.3","0.2","0.05","0.8","0.8","300","2864","2721","143","0.04993016759776536","2721","538","0.3120683674383579","0.03426525753029317"
"1689","300","0.4","0.3","0.2","0.05","0.8","0.8","300","2918","2783","135","0.046264564770390676","2783","561","0.3127967895902666","0.03149556985501481"
