"BehaviorSpace results (NetLogo 7.0.3)","Table version 2.0"
"Experiments-06-05-ABM-A.nlogox"
"exp1_policy_grid"
"05/06/2026 14:37:11:947 +0200"
"min-pxcor","max-pxcor","min-pycor","max-pycor"
"-16","16","-16","16"
"[run number]","number-employees","initial-misconduct-propensity","initial-fear","learning-rate","baseline-recovery-rate","punishment-severity","reporter-protection","[step]","committed-misconduct-total","punished-misconduct-total","hidden-misconduct-total","hidden-misconduct-rate","reported-events-total","retaliation-events-total","mean [fear] of employees","mean [misconduct-propensity] of employees"
"20","300","0.4","0.3","0.2","0.05","0.2","0.25","300","20331","6712","13619","0.6698637548571148","6712","4999","0.5031309060208672","0.21859726986845426"
"15","300","0.4","0.3","0.2","0.05","0.2","0.25","300","20473","6745","13728","0.6705416890538758","6745","5020","0.49981525199247356","0.2233407536942777"
"17","300","0.4","0.3","0.2","0.05","0.2","0.25","300","20446","6699","13747","0.6723564511395872","6699","5014","0.5077052574689179","0.21609028731712204"
"16","300","0.4","0.3","0.2","0.05","0.2","0.25","300","20327","6681","13646","0.6713238549712205","6681","5025","0.49831144958117835","0.22471926411380955"
"21","300","0.4","0.3","0.2","0.05","0.2","0.3","300","17140","7035","10105","0.5895565927654609","7035","4912","0.4893993214769692","0.18006368169612186"
"3","300","0.4","0.3","0.2","0.05","0.2","0.2","300","23766","6307","17459","0.734620886981402","6307","5020","0.5104129107007779","0.25810590577477976"
"13","300","0.4","0.3","0.2","0.05","0.2","0.25","300","20471","6683","13788","0.6735381759562308","6683","5000","0.5003567328662626","0.21859916586535358"
"24","300","0.4","0.3","0.2","0.05","0.2","0.3","300","17195","6954","10241","0.5955801104972376","6954","4858","0.4894471470395974","0.18732527855459663"
"23","300","0.4","0.3","0.2","0.05","0.2","0.3","300","17373","6961","10412","0.5993207851263455","6961","4862","0.4848517982102003","0.1794464823471585"
"22","300","0.4","0.3","0.2","0.05","0.2","0.3","300","17384","6980","10404","0.5984813621721123","6980","4871","0.48759318896465365","0.18172232053611695"
"18","300","0.4","0.3","0.2","0.05","0.2","0.25","300","20275","6706","13569","0.6692478421701603","6706","4959","0.490868348558426","0.22073105550269323"
"5","300","0.4","0.3","0.2","0.05","0.2","0.2","300","23674","6209","17465","0.7377291543465405","6209","4929","0.5165911282869444","0.25810366936307955"
"19","300","0.4","0.3","0.2","0.05","0.2","0.25","300","20425","6677","13748","0.6730966952264382","6677","5004","0.4984838401300137","0.22245739375801118"
"14","300","0.4","0.3","0.2","0.05","0.2","0.25","300","20247","6644","13603","0.6718526201412555","6644","4957","0.4920242988714347","0.22639736066402302"
"7","300","0.4","0.3","0.2","0.05","0.2","0.2","300","23958","6292","17666","0.7373737373737373","6292","5021","0.5227959841885251","0.25343819525547945"
"4","300","0.4","0.3","0.2","0.05","0.2","0.2","300","23583","6255","17328","0.7347665691387865","6255","5006","0.5106865739202763","0.25866202320755227"
"6","300","0.4","0.3","0.2","0.05","0.2","0.2","300","23742","6238","17504","0.7372588661443855","6238","5011","0.5164911665146692","0.2561443076677739"
"2","300","0.4","0.3","0.2","0.05","0.2","0.2","300","23940","6233","17707","0.739640768588137","6233","4978","0.5119186098914515","0.2596638828716802"
"11","300","0.4","0.3","0.2","0.05","0.2","0.25","300","20522","6679","13843","0.6745443913848552","6679","5000","0.49717562575050245","0.22089332150602042"
"10","300","0.4","0.3","0.2","0.05","0.2","0.2","300","23796","6234","17562","0.738023197175996","6234","4988","0.5220696058657762","0.2546369410026577"
"12","300","0.4","0.3","0.2","0.05","0.2","0.25","300","20456","6640","13816","0.6754008603832616","6640","4974","0.5073514609021609","0.21582398837357303"
"9","300","0.4","0.3","0.2","0.05","0.2","0.2","300","23780","6263","17517","0.7366274179983179","6263","4988","0.5232831279776187","0.2572128750431124"
"8","300","0.4","0.3","0.2","0.05","0.2","0.2","300","23898","6125","17773","0.7437024018746339","6125","4927","0.5157619186272384","0.2608043549467907"
"1","300","0.4","0.3","0.2","0.05","0.2","0.2","300","23966","6259","17707","0.7388383543353083","6259","5059","0.503121149829443","0.2607947993858242"
"28","300","0.4","0.3","0.2","0.05","0.2","0.3","300","17329","6953","10376","0.5987650758843557","6953","4878","0.4793533439843893","0.18626574733694146"
"27","300","0.4","0.3","0.2","0.05","0.2","0.3","300","17306","6938","10368","0.5990985785276782","6938","4843","0.4799244341572116","0.1861442284947992"
"26","300","0.4","0.3","0.2","0.05","0.2","0.3","300","17302","6998","10304","0.5955380880823026","6998","4889","0.48506679871828634","0.18051930633233038"
"31","300","0.4","0.3","0.2","0.05","0.2","0.35","300","14439","7104","7335","0.5079991689175151","7104","4612","0.4618066257443606","0.15827895064996372"
"25","300","0.4","0.3","0.2","0.05","0.2","0.3","300","17217","6942","10275","0.5967938665272695","6942","4846","0.47871146976036716","0.18542365343131"
"30","300","0.4","0.3","0.2","0.05","0.2","0.3","300","17272","7037","10235","0.5925775822139879","7037","4922","0.48748601928361496","0.18517527921684465"
"29","300","0.4","0.3","0.2","0.05","0.2","0.3","300","17339","6961","10378","0.5985350942960955","6961","4820","0.47581063494553255","0.1894083859170694"
"32","300","0.4","0.3","0.2","0.05","0.2","0.35","300","14300","7130","7170","0.5013986013986014","7130","4575","0.45270234690211925","0.1572472597531286"
"35","300","0.4","0.3","0.2","0.05","0.2","0.35","300","14463","7153","7310","0.5054276429509783","7153","4602","0.45654424583732234","0.15191556828454034"
"36","300","0.4","0.3","0.2","0.05","0.2","0.35","300","14508","7130","7378","0.5085470085470085","7130","4600","0.44975904484974116","0.16190010589513443"
"37","300","0.4","0.3","0.2","0.05","0.2","0.35","300","14352","7129","7223","0.5032748049052397","7129","4572","0.45374830794345333","0.15547319309862695"
"41","300","0.4","0.3","0.2","0.05","0.2","0.4","300","12259","7119","5140","0.41928379150012235","7119","4196","0.4281442279074909","0.13284570555879532"
"39","300","0.4","0.3","0.2","0.05","0.2","0.35","300","14550","7150","7400","0.5085910652920962","7150","4661","0.45646786776875026","0.15188226320631876"
"34","300","0.4","0.3","0.2","0.05","0.2","0.35","300","14540","7088","7452","0.5125171939477304","7088","4662","0.4593668215793057","0.15400290248579368"
"33","300","0.4","0.3","0.2","0.05","0.2","0.35","300","14541","7091","7450","0.5123444054741765","7091","4684","0.46601579144841404","0.15311477073475174"
"40","300","0.4","0.3","0.2","0.05","0.2","0.35","300","14245","7134","7111","0.4991926991926992","7134","4554","0.4610798415023739","0.1536317050557072"
"44","300","0.4","0.3","0.2","0.05","0.2","0.4","300","12136","7123","5013","0.4130685563612393","7123","4276","0.43620656645519756","0.12679690733518925"
"42","300","0.4","0.3","0.2","0.05","0.2","0.4","300","12145","7159","4986","0.4105393165911898","7159","4227","0.43553562968325554","0.12388506868685425"
"38","300","0.4","0.3","0.2","0.05","0.2","0.35","300","14552","7119","7433","0.5107888949972512","7119","4616","0.45645544392781007","0.1573235284792904"
"43","300","0.4","0.3","0.2","0.05","0.2","0.4","300","12167","7092","5075","0.4171118599490425","7092","4255","0.43752262140080395","0.12832899819840177"
"46","300","0.4","0.3","0.2","0.05","0.2","0.4","300","12241","7020","5221","0.42651744138550773","7020","4243","0.42907256411210026","0.1405568004526567"
"45","300","0.4","0.3","0.2","0.05","0.2","0.4","300","12149","7093","5056","0.41616593958350484","7093","4247","0.4307365646484203","0.1284434580829913"
"47","300","0.4","0.3","0.2","0.05","0.2","0.4","300","12194","7097","5097","0.41799245530588813","7097","4214","0.4295812126746975","0.12922035468791543"
"51","300","0.4","0.3","0.2","0.05","0.2","0.45","300","10431","6955","3476","0.333237465247819","6955","3854","0.4111945830644135","0.10563888713783559"
"48","300","0.4","0.3","0.2","0.05","0.2","0.4","300","12166","7115","5051","0.41517343416077596","7115","4193","0.42884488339437893","0.13187068937174268"
"50","300","0.4","0.3","0.2","0.05","0.2","0.4","300","12283","7050","5233","0.42603598469429294","7050","4266","0.42895642113840393","0.13441753632246442"
"49","300","0.4","0.3","0.2","0.05","0.2","0.4","300","12164","7115","5049","0.4150772772114436","7115","4242","0.4345097656893187","0.12890279737634686"
"52","300","0.4","0.3","0.2","0.05","0.2","0.45","300","10368","6916","3452","0.33294753086419754","6916","3822","0.408242664159947","0.11148187401352977"
"54","300","0.4","0.3","0.2","0.05","0.2","0.45","300","10306","6937","3369","0.3268969532311275","6937","3779","0.40672097484675385","0.10225054036653859"
"55","300","0.4","0.3","0.2","0.05","0.2","0.45","300","10406","6946","3460","0.33250048049202385","6946","3832","0.4086647814543765","0.10588061782556928"
"53","300","0.4","0.3","0.2","0.05","0.2","0.45","300","10427","6953","3474","0.3331734918960391","6953","3824","0.4083773504968709","0.11350887552081111"
"56","300","0.4","0.3","0.2","0.05","0.2","0.45","300","10378","6923","3455","0.33291578338793604","6923","3784","0.41405360656731327","0.10788670566470863"
"58","300","0.4","0.3","0.2","0.05","0.2","0.45","300","10422","6955","3467","0.3326616772212627","6955","3855","0.41221965236538627","0.10670351156198393"
"57","300","0.4","0.3","0.2","0.05","0.2","0.45","300","10479","6933","3546","0.3383910678499857","6933","3844","0.41030214180915553","0.11237963164370808"
"61","300","0.4","0.3","0.2","0.05","0.2","0.5","300","9068","6715","2353","0.2594838994265549","6715","3344","0.38804488041223467","0.09334246794435795"
"64","300","0.4","0.3","0.2","0.05","0.2","0.5","300","8960","6718","2242","0.2502232142857143","6718","3325","0.376206970383509","0.09733002071858857"
"60","300","0.4","0.3","0.2","0.05","0.2","0.45","300","10499","6945","3554","0.3385084293742261","6945","3876","0.4056596090598193","0.11606230853198395"
"59","300","0.4","0.3","0.2","0.05","0.2","0.45","300","10412","6894","3518","0.3378793699577411","6894","3795","0.40927620223404093","0.11112389492685326"
"66","300","0.4","0.3","0.2","0.05","0.2","0.5","300","9079","6695","2384","0.2625839850203767","6695","3298","0.3814285529164174","0.10468400332171048"
"65","300","0.4","0.3","0.2","0.05","0.2","0.5","300","9087","6691","2396","0.26367337955320785","6691","3332","0.390388694895401","0.09120047584422217"
"62","300","0.4","0.3","0.2","0.05","0.2","0.5","300","8964","6717","2247","0.250669344042838","6717","3320","0.38214240002334154","0.09493504445282824"
"63","300","0.4","0.3","0.2","0.05","0.2","0.5","300","9006","6680","2326","0.25827226293582056","6680","3348","0.39219342730461565","0.09894598712765271"
"67","300","0.4","0.3","0.2","0.05","0.2","0.5","300","9024","6682","2342","0.2595301418439716","6682","3284","0.38760110285391897","0.0950934775070631"
"69","300","0.4","0.3","0.2","0.05","0.2","0.5","300","9091","6714","2377","0.2614673853261467","6714","3384","0.391451236153731","0.0886806171298692"
"68","300","0.4","0.3","0.2","0.05","0.2","0.5","300","9103","6683","2420","0.26584642425573984","6683","3347","0.38726396247903483","0.09512699564738081"
"71","300","0.4","0.3","0.2","0.05","0.2","0.55","300","8023","6432","1591","0.19830487348871992","6432","2905","0.36943844626297445","0.07922400120583148"
"70","300","0.4","0.3","0.2","0.05","0.2","0.5","300","9009","6705","2304","0.25574425574425574","6705","3373","0.38170498325815194","0.09034120821304698"
"72","300","0.4","0.3","0.2","0.05","0.2","0.55","300","8005","6431","1574","0.19662710805746408","6431","2921","0.3687803511735137","0.07856872952170234"
"74","300","0.4","0.3","0.2","0.05","0.2","0.55","300","8034","6406","1628","0.202638785163057","6406","2956","0.3740083579483979","0.07504754580175786"
"75","300","0.4","0.3","0.2","0.05","0.2","0.55","300","8032","6415","1617","0.20131972111553784","6415","2901","0.36642919742915514","0.08360426982534222"
"76","300","0.4","0.3","0.2","0.05","0.2","0.55","300","8004","6423","1581","0.1975262368815592","6423","2956","0.36643101372988346","0.09006788227688749"
"77","300","0.4","0.3","0.2","0.05","0.2","0.55","300","7972","6435","1537","0.1927997992975414","6435","2895","0.36680113599153985","0.0839104837855419"
"78","300","0.4","0.3","0.2","0.05","0.2","0.55","300","7995","6452","1543","0.19299562226391495","6452","2951","0.3668622096109675","0.0850480076798524"
"79","300","0.4","0.3","0.2","0.05","0.2","0.55","300","8055","6472","1583","0.19652389819987584","6472","2913","0.36523376345457853","0.07846589909164571"
"81","300","0.4","0.3","0.2","0.05","0.2","0.6","300","7264","6146","1118","0.15390969162995594","6146","2498","0.34849524688963657","0.0737804288358657"
"84","300","0.4","0.3","0.2","0.05","0.2","0.6","300","7194","6162","1032","0.14345287739783152","6162","2448","0.3533129764802288","0.07288472505878348"
"83","300","0.4","0.3","0.2","0.05","0.2","0.6","300","7258","6162","1096","0.15100578671810416","6162","2427","0.34955839275089834","0.07290134833218335"
"85","300","0.4","0.3","0.2","0.05","0.2","0.6","300","7207","6153","1054","0.14624670459275704","6153","2436","0.34332907117056893","0.08713013200490215"
"82","300","0.4","0.3","0.2","0.05","0.2","0.6","300","7231","6143","1088","0.15046328308671","6143","2434","0.3495518249569665","0.08057629566486517"
"80","300","0.4","0.3","0.2","0.05","0.2","0.55","300","7963","6480","1483","0.18623634308677633","6480","2875","0.3667414400115975","0.07579625302742453"
"73","300","0.4","0.3","0.2","0.05","0.2","0.55","300","8050","6452","1598","0.19850931677018632","6452","2910","0.3704237813534889","0.07629540910537547"
"87","300","0.4","0.3","0.2","0.05","0.2","0.6","300","7241","6169","1072","0.14804585002071538","6169","2491","0.3537995631506761","0.07392862011789193"
"86","300","0.4","0.3","0.2","0.05","0.2","0.6","300","7215","6161","1054","0.14608454608454607","6161","2456","0.3541496341262726","0.07116408225084597"
"88","300","0.4","0.3","0.2","0.05","0.2","0.6","300","7281","6153","1128","0.15492377420683973","6153","2465","0.3513768267863185","0.06740031227083267"
"89","300","0.4","0.3","0.2","0.05","0.2","0.6","300","7276","6151","1125","0.1546179219351292","6151","2496","0.3467579241786273","0.07582183294689777"
"91","300","0.4","0.3","0.2","0.05","0.2","0.65","300","6623","5901","722","0.10901404197493583","5901","2058","0.3354523436298436","0.07350442189124282"
"90","300","0.4","0.3","0.2","0.05","0.2","0.6","300","7183","6179","1004","0.13977446749269107","6179","2460","0.34670588175415484","0.07079852534075873"
"92","300","0.4","0.3","0.2","0.05","0.2","0.65","300","6597","5858","739","0.11202061543125663","5858","1999","0.3334775975358521","0.06912173145387306"
"93","300","0.4","0.3","0.2","0.05","0.2","0.65","300","6612","5856","756","0.11433756805807622","5856","2023","0.33684845242501604","0.0644097666959849"
"94","300","0.4","0.3","0.2","0.05","0.2","0.65","300","6633","5899","734","0.11065882707673752","5899","2051","0.3360118189531518","0.0681981626810778"
"95","300","0.4","0.3","0.2","0.05","0.2","0.65","300","6676","5882","794","0.1189334931096465","5882","2030","0.33839167663316083","0.061526274975182316"
"96","300","0.4","0.3","0.2","0.05","0.2","0.65","300","6638","5875","763","0.11494426031937331","5875","2043","0.3369515834747524","0.07217232323575672"
"97","300","0.4","0.3","0.2","0.05","0.2","0.65","300","6631","5840","791","0.11928819182627055","5840","2030","0.3347135933436228","0.06538766345308822"
"100","300","0.4","0.3","0.2","0.05","0.2","0.65","300","6620","5866","754","0.11389728096676738","5866","2005","0.3331081392202162","0.07010643206165303"
"99","300","0.4","0.3","0.2","0.05","0.2","0.65","300","6610","5873","737","0.11149773071104388","5873","2047","0.33830174240683064","0.060827834616718625"
"98","300","0.4","0.3","0.2","0.05","0.2","0.65","300","6616","5899","717","0.10837363966142684","5899","2035","0.3349095895408381","0.0736854921333274"
"105","300","0.4","0.3","0.2","0.05","0.2","0.7","300","6142","5619","523","0.08515141647671769","5619","1716","0.3282389326852666","0.061914108755643266"
"101","300","0.4","0.3","0.2","0.05","0.2","0.7","300","6135","5620","515","0.08394458027709861","5620","1616","0.3241523904160433","0.06874418333215315"
"104","300","0.4","0.3","0.2","0.05","0.2","0.7","300","6173","5623","550","0.08909768346023003","5623","1714","0.3273045341462915","0.0675558612904951"
"102","300","0.4","0.3","0.2","0.05","0.2","0.7","300","6150","5601","549","0.08926829268292683","5601","1668","0.32717484517309","0.0593850108743457"
"121","300","0.4","0.3","0.2","0.05","0.2","0.8","300","5494","5193","301","0.05478704040771751","5193","988","0.30933927521472543","0.06430840416206525"
"107","300","0.4","0.3","0.2","0.05","0.2","0.7","300","6137","5594","543","0.08847971321492586","5594","1630","0.3258028845114864","0.07323338696451549"
"103","300","0.4","0.3","0.2","0.05","0.2","0.7","300","6143","5613","530","0.08627706332410874","5613","1681","0.3278916218612908","0.06670515174175634"
"111","300","0.4","0.3","0.2","0.05","0.2","0.75","300","5785","5394","391","0.0675885911840968","5394","1356","0.316443375497432","0.06467433008804524"
"106","300","0.4","0.3","0.2","0.05","0.2","0.7","300","6152","5620","532","0.08647594278283485","5620","1716","0.3254945156922194","0.06428180114051632"
"108","300","0.4","0.3","0.2","0.05","0.2","0.7","300","6124","5575","549","0.08964728935336382","5575","1674","0.32364223381157053","0.07204310233499388"
"109","300","0.4","0.3","0.2","0.05","0.2","0.7","300","6109","5600","509","0.08331969225732526","5600","1715","0.325494492176632","0.059346031231833754"
"110","300","0.4","0.3","0.2","0.05","0.2","0.7","300","6118","5638","480","0.07845701209545602","5638","1735","0.3272759497146928","0.06738453783892623"
"125","300","0.4","0.3","0.2","0.05","0.2","0.8","300","5461","5177","284","0.052005127266068485","5177","1012","0.3091859600037781","0.06028404425412616"
"113","300","0.4","0.3","0.2","0.05","0.2","0.75","300","5785","5368","417","0.07208297320656872","5368","1370","0.31714423670249764","0.05655621109171361"
"122","300","0.4","0.3","0.2","0.05","0.2","0.8","300","5420","5148","272","0.05018450184501845","5148","1017","0.3088552561095014","0.06355211281619788"
"112","300","0.4","0.3","0.2","0.05","0.2","0.75","300","5763","5415","348","0.06038521603331598","5415","1389","0.3164839431237198","0.0594229000461767"
"119","300","0.4","0.3","0.2","0.05","0.2","0.75","300","5751","5371","380","0.06607546513649801","5371","1383","0.31898207024526287","0.06394074217822403"
"123","300","0.4","0.3","0.2","0.05","0.2","0.8","300","5479","5179","300","0.05475451724767293","5179","1030","0.31133782561988393","0.051574314456702484"
"116","300","0.4","0.3","0.2","0.05","0.2","0.75","300","5828","5372","456","0.07824296499656828","5372","1343","0.31574573134344974","0.052356422874164886"
"114","300","0.4","0.3","0.2","0.05","0.2","0.75","300","5806","5404","402","0.06923871856699966","5404","1398","0.31871567033723097","0.06041081452349907"
"120","300","0.4","0.3","0.2","0.05","0.2","0.75","300","5758","5398","360","0.06252170892671066","5398","1360","0.3184696514225018","0.050283178459180636"
"115","300","0.4","0.3","0.2","0.05","0.2","0.75","300","5771","5380","391","0.0677525558828626","5380","1316","0.31646998159705914","0.062133503007165296"
"127","300","0.4","0.3","0.2","0.05","0.2","0.8","300","5422","5145","277","0.05108815935079306","5145","1018","0.31132090787867706","0.06562918595901748"
"118","300","0.4","0.3","0.2","0.05","0.2","0.75","300","5740","5381","359","0.06254355400696864","5381","1340","0.3168029779893114","0.05944483170069129"
"129","300","0.4","0.3","0.2","0.05","0.2","0.8","300","5438","5162","276","0.050753953659433616","5162","1047","0.3117526475314675","0.05642805692793576"
"124","300","0.4","0.3","0.2","0.05","0.2","0.8","300","5461","5197","264","0.048342794360007324","5197","1005","0.30951755795407976","0.05595901669051828"
"117","300","0.4","0.3","0.2","0.05","0.2","0.75","300","5802","5428","374","0.06446053085143054","5428","1360","0.316657240669039","0.06261349965370885"
"130","300","0.4","0.3","0.2","0.05","0.2","0.8","300","5429","5192","237","0.04365444833302634","5192","1031","0.30975387695406864","0.06762746712116662"
"126","300","0.4","0.3","0.2","0.05","0.2","0.8","300","5433","5182","251","0.04619915332228971","5182","1001","0.3096351244025296","0.05384786473226062"
"128","300","0.4","0.3","0.2","0.05","0.2","0.8","300","5478","5171","307","0.05604235122307411","5171","988","0.30997682868260784","0.059960495938648724"
"131","300","0.4","0.3","0.2","0.05","0.25","0.2","300","22199","5699","16500","0.7432767241767647","5699","4562","0.5174551543960358","0.24363560282460364"
"132","300","0.4","0.3","0.2","0.05","0.25","0.2","300","22279","5713","16566","0.7435701781947125","5713","4558","0.5228628520413121","0.2389139702005023"
"137","300","0.4","0.3","0.2","0.05","0.25","0.2","300","22487","5696","16791","0.7466980922310669","5696","4612","0.5240658742212508","0.24036954403274435"
"134","300","0.4","0.3","0.2","0.05","0.25","0.2","300","22161","5762","16399","0.7399936825955508","5762","4643","0.5173016567009774","0.24233256710215065"
"133","300","0.4","0.3","0.2","0.05","0.25","0.2","300","22262","5824","16438","0.7383882849699038","5824","4697","0.5231801664754482","0.24157429129445465"
"138","300","0.4","0.3","0.2","0.05","0.25","0.2","300","22370","5683","16687","0.7459544032185963","5683","4595","0.5158166196184788","0.24375572145274432"
"136","300","0.4","0.3","0.2","0.05","0.25","0.2","300","22285","5752","16533","0.7418891631142024","5752","4600","0.5191005181092772","0.2396031044631719"
"139","300","0.4","0.3","0.2","0.05","0.25","0.2","300","22264","5781","16483","0.7403431548688466","5781","4564","0.5171506743882817","0.23946610224846737"
"140","300","0.4","0.3","0.2","0.05","0.25","0.2","300","22127","5797","16330","0.7380123830614181","5797","4633","0.5070754534476755","0.24284882352038223"
"142","300","0.4","0.3","0.2","0.05","0.25","0.25","300","18621","6045","12576","0.6753665216690833","6045","4495","0.4894710167083029","0.20407821740568263"
"141","300","0.4","0.3","0.2","0.05","0.25","0.25","300","18648","6103","12545","0.6727262977262978","6103","4588","0.5188650581526658","0.19256939856041608"
"145","300","0.4","0.3","0.2","0.05","0.25","0.25","300","18582","6104","12478","0.671510063502314","6104","4578","0.5006480184693148","0.19651062118266097"
"143","300","0.4","0.3","0.2","0.05","0.25","0.25","300","18803","6096","12707","0.6757964154656172","6096","4556","0.5020330640007696","0.19698630978090936"
"135","300","0.4","0.3","0.2","0.05","0.25","0.2","300","22192","5690","16502","0.7436012977649603","5690","4573","0.5184022733452809","0.2456545016773658"
"147","300","0.4","0.3","0.2","0.05","0.25","0.25","300","18728","6114","12614","0.6735369500213584","6114","4547","0.5013205575283112","0.19992937615853687"
"144","300","0.4","0.3","0.2","0.05","0.25","0.25","300","18774","6057","12717","0.677372962607862","6057","4525","0.500345299055799","0.19815135690471045"
"149","300","0.4","0.3","0.2","0.05","0.25","0.25","300","18656","6035","12621","0.6765115780445969","6035","4551","0.49945676627978436","0.20841391413534877"
"148","300","0.4","0.3","0.2","0.05","0.25","0.25","300","18841","6043","12798","0.6792633087415743","6043","4581","0.5069334811508955","0.19962718963340834"
"146","300","0.4","0.3","0.2","0.05","0.25","0.25","300","18655","6090","12565","0.6735459662288931","6090","4597","0.49540360176943976","0.20521833295315367"
"150","300","0.4","0.3","0.2","0.05","0.25","0.25","300","18750","6074","12676","0.6760533333333333","6074","4618","0.5122225452473979","0.20068248294618243"
"151","300","0.4","0.3","0.2","0.05","0.25","0.3","300","15395","6303","9092","0.5905813575836311","6303","4374","0.48697279911824265","0.15879483940467537"
"153","300","0.4","0.3","0.2","0.05","0.25","0.3","300","15439","6277","9162","0.5934322171125073","6277","4394","0.48553651905584","0.16483630035760136"
"152","300","0.4","0.3","0.2","0.05","0.25","0.3","300","15269","6295","8974","0.5877267666513851","6295","4333","0.484732218104613","0.15934310847615474"
"154","300","0.4","0.3","0.2","0.05","0.25","0.3","300","15482","6244","9238","0.5966929337294923","6244","4399","0.47847320021718037","0.16777764200216255"
"155","300","0.4","0.3","0.2","0.05","0.25","0.3","300","15358","6269","9089","0.5918088292746452","6269","4465","0.4795866675363877","0.16432172965844097"
"156","300","0.4","0.3","0.2","0.05","0.25","0.3","300","15690","6217","9473","0.6037603569152327","6217","4420","0.4877585301047434","0.16068704262467423"
"157","300","0.4","0.3","0.2","0.05","0.25","0.3","300","15507","6247","9260","0.5971496743406204","6247","4423","0.4824757646735063","0.16394432279967466"
"158","300","0.4","0.3","0.2","0.05","0.25","0.3","300","15477","6291","9186","0.5935258771079667","6291","4435","0.48344293939100247","0.16983349477965018"
"159","300","0.4","0.3","0.2","0.05","0.25","0.3","300","15452","6289","9163","0.5929976702045042","6289","4422","0.47543533517650144","0.16664745375147555"
"162","300","0.4","0.3","0.2","0.05","0.25","0.35","300","12764","6260","6504","0.5095581322469446","6260","4170","0.4654564047974581","0.1234621910160083"
"163","300","0.4","0.3","0.2","0.05","0.25","0.35","300","12703","6307","6396","0.5035031095016925","6307","4103","0.4653119725444402","0.12276398535578695"
"161","300","0.4","0.3","0.2","0.05","0.25","0.35","300","12767","6306","6461","0.5060703375890969","6306","4104","0.4569760758982203","0.13156141408608843"
"164","300","0.4","0.3","0.2","0.05","0.25","0.35","300","12775","6295","6480","0.5072407045009785","6295","4081","0.4482044207812455","0.1351344185946796"
"160","300","0.4","0.3","0.2","0.05","0.25","0.3","300","15202","6292","8910","0.5861070911722142","6292","4370","0.4837849300932614","0.16422821906838822"
"166","300","0.4","0.3","0.2","0.05","0.25","0.35","300","12662","6308","6354","0.5018164586953088","6308","4048","0.45913619884683093","0.13485700021522154"
"165","300","0.4","0.3","0.2","0.05","0.25","0.35","300","12842","6359","6483","0.5048279084254789","6359","4142","0.45629739276276915","0.12963495857819227"
"169","300","0.4","0.3","0.2","0.05","0.25","0.35","300","12566","6256","6310","0.5021486551010663","6256","4018","0.4507284905601056","0.13906720010217957"
"167","300","0.4","0.3","0.2","0.05","0.25","0.35","300","12775","6283","6492","0.5081800391389433","6283","4103","0.46315491837200873","0.1350331031694115"
"171","300","0.4","0.3","0.2","0.05","0.25","0.4","300","10430","6227","4203","0.40297219558964525","6227","3754","0.42983798277718344","0.10551584153968734"
"174","300","0.4","0.3","0.2","0.05","0.25","0.4","300","10548","6181","4367","0.4140121350018961","6181","3690","0.4282045471457646","0.11444382655011327"
"170","300","0.4","0.3","0.2","0.05","0.25","0.35","300","12773","6292","6481","0.5073984185391059","6292","4123","0.46234321284099195","0.1355414265006353"
"173","300","0.4","0.3","0.2","0.05","0.25","0.4","300","10409","6226","4183","0.4018637717359977","6226","3712","0.4293081749511163","0.11110305243182367"
"172","300","0.4","0.3","0.2","0.05","0.25","0.4","300","10621","6234","4387","0.41304961867997364","6234","3714","0.4236034384207009","0.10863302871561063"
"168","300","0.4","0.3","0.2","0.05","0.25","0.35","300","12668","6339","6329","0.49960530470476794","6339","4133","0.455468106644097","0.13495996878701777"
"175","300","0.4","0.3","0.2","0.05","0.25","0.4","300","10531","6184","4347","0.4127813123160194","6184","3680","0.4319897496597406","0.1079092209527731"
"178","300","0.4","0.3","0.2","0.05","0.25","0.4","300","10632","6242","4390","0.4129044394281415","6242","3708","0.4320395761155517","0.10763141098155382"
"176","300","0.4","0.3","0.2","0.05","0.25","0.4","300","10616","6221","4395","0.4139977392614921","6221","3741","0.42582539561149063","0.11206989661060508"
"177","300","0.4","0.3","0.2","0.05","0.25","0.4","300","10474","6231","4243","0.4050983387435555","6231","3764","0.4252949184274902","0.11432019639809714"
"181","300","0.4","0.3","0.2","0.05","0.25","0.45","300","8921","6019","2902","0.32529985427642644","6019","3278","0.3982382568078965","0.09189879129607309"
"180","300","0.4","0.3","0.2","0.05","0.25","0.4","300","10643","6218","4425","0.415766231325754","6218","3725","0.43010476145520554","0.11122541099090325"
"179","300","0.4","0.3","0.2","0.05","0.25","0.4","300","10536","6202","4334","0.41135155656795747","6202","3750","0.423837180635018","0.11955161012552926"
"184","300","0.4","0.3","0.2","0.05","0.25","0.45","300","8879","6013","2866","0.3227840973082554","6013","3293","0.4026891675423335","0.09763648055860422"
"183","300","0.4","0.3","0.2","0.05","0.25","0.45","300","8985","6009","2976","0.3312186978297162","6009","3394","0.40789880226121816","0.09218551789363795"
"186","300","0.4","0.3","0.2","0.05","0.25","0.45","300","9096","6023","3073","0.33784080914687775","6023","3309","0.40028649031152924","0.09836327572574698"
"182","300","0.4","0.3","0.2","0.05","0.25","0.45","300","8963","6002","2961","0.33035813901595446","6002","3398","0.41494112034396363","0.0888774281777012"
"189","300","0.4","0.3","0.2","0.05","0.25","0.45","300","8941","5982","2959","0.3309473213287104","5982","3353","0.402281333279743","0.09403164539153899"
"187","300","0.4","0.3","0.2","0.05","0.25","0.45","300","8958","5964","2994","0.3342263898191561","5964","3315","0.40302136816527395","0.10290053341291819"
"188","300","0.4","0.3","0.2","0.05","0.25","0.45","300","8924","5986","2938","0.32922456297624386","5986","3282","0.4046771544858468","0.08856583345015734"
"185","300","0.4","0.3","0.2","0.05","0.25","0.45","300","8958","5973","2985","0.3332217012726055","5973","3321","0.407177021267166","0.09854478950125443"
"191","300","0.4","0.3","0.2","0.05","0.25","0.5","300","7756","5749","2007","0.25876740587931923","5749","2888","0.38024724991336517","0.07943595719997845"
"192","300","0.4","0.3","0.2","0.05","0.25","0.5","300","7779","5732","2047","0.26314436302866695","5732","2910","0.3845939516756706","0.08669947650023929"
"193","300","0.4","0.3","0.2","0.05","0.25","0.5","300","7703","5749","1954","0.253667402310788","5749","2939","0.3897880367549751","0.09108971478662906"
"194","300","0.4","0.3","0.2","0.05","0.25","0.5","300","7760","5745","2015","0.25966494845360827","5745","2882","0.38325007987294557","0.0839194943119956"
"190","300","0.4","0.3","0.2","0.05","0.25","0.45","300","8892","6002","2890","0.32501124606387766","6002","3348","0.4038099039704193","0.0934372182073897"
"195","300","0.4","0.3","0.2","0.05","0.25","0.5","300","7744","5754","1990","0.2569731404958678","5754","2888","0.3800396773793501","0.08350988505021008"
"196","300","0.4","0.3","0.2","0.05","0.25","0.5","300","7701","5779","1922","0.24957797688611869","5779","2861","0.38631612034858","0.07932484774177814"
"201","300","0.4","0.3","0.2","0.05","0.25","0.55","300","6787","5504","1283","0.18903786650950347","5504","2493","0.36282785682549107","0.07064406363071148"
"197","300","0.4","0.3","0.2","0.05","0.25","0.5","300","7703","5731","1972","0.2560041542256264","5731","2904","0.37774042358447163","0.09188810401660778"
"202","300","0.4","0.3","0.2","0.05","0.25","0.55","300","6816","5511","1305","0.1914612676056338","5511","2477","0.3664966881643305","0.05965802280951825"
"199","300","0.4","0.3","0.2","0.05","0.25","0.5","300","7709","5717","1992","0.25839927357633935","5717","2922","0.38026269427617276","0.08594766075899649"
"200","300","0.4","0.3","0.2","0.05","0.25","0.5","300","7705","5770","1935","0.2511356262167424","5770","2945","0.38324509311881844","0.08414258119088364"
"198","300","0.4","0.3","0.2","0.05","0.25","0.5","300","7684","5747","1937","0.25208224882873503","5747","2827","0.3798188891275045","0.08040509057231802"
"204","300","0.4","0.3","0.2","0.05","0.25","0.55","300","6801","5493","1308","0.19232465813850905","5493","2532","0.3644438372439308","0.07287598082083871"
"203","300","0.4","0.3","0.2","0.05","0.25","0.55","300","6789","5494","1295","0.19074974223007807","5494","2447","0.3623623803247049","0.0693721683191732"
"206","300","0.4","0.3","0.2","0.05","0.25","0.55","300","6844","5495","1349","0.19710695499707773","5495","2473","0.35722521597609136","0.07734565416466098"
"205","300","0.4","0.3","0.2","0.05","0.25","0.55","300","6801","5486","1315","0.19335391854139097","5486","2439","0.3652558807813889","0.07235144924676574"
"210","300","0.4","0.3","0.2","0.05","0.25","0.55","300","6817","5528","1289","0.18908610825876485","5528","2474","0.363146673267363","0.06685186520063556"
"211","300","0.4","0.3","0.2","0.05","0.25","0.6","300","6215","5260","955","0.15366049879324215","5260","2086","0.3450355043311525","0.0651475925098462"
"208","300","0.4","0.3","0.2","0.05","0.25","0.55","300","6803","5482","1321","0.19417903865941497","5482","2488","0.3628975715539908","0.07205743707065898"
"214","300","0.4","0.3","0.2","0.05","0.25","0.6","300","6188","5262","926","0.14964447317388493","5262","2155","0.3498729342226304","0.0628060923608867"
"212","300","0.4","0.3","0.2","0.05","0.25","0.6","300","6158","5263","895","0.14533939590776226","5263","2099","0.34128585273882817","0.06544764296640486"
"207","300","0.4","0.3","0.2","0.05","0.25","0.55","300","6784","5506","1278","0.18838443396226415","5506","2444","0.3652249780964012","0.0721044658819708"
"213","300","0.4","0.3","0.2","0.05","0.25","0.6","300","6224","5258","966","0.15520565552699228","5258","2048","0.3479750173683971","0.06042837169328034"
"209","300","0.4","0.3","0.2","0.05","0.25","0.55","300","6818","5518","1300","0.1906717512466999","5518","2440","0.36018745855027146","0.06543028421504792"
"216","300","0.4","0.3","0.2","0.05","0.25","0.6","300","6161","5256","905","0.14689173835416328","5256","2075","0.34743589026668165","0.061670543004841545"
"217","300","0.4","0.3","0.2","0.05","0.25","0.6","300","6194","5251","943","0.15224410720051662","5251","2085","0.3467039072151541","0.058540055645753715"
"215","300","0.4","0.3","0.2","0.05","0.25","0.6","300","6177","5263","914","0.14796826938643354","5263","2080","0.34376194572052443","0.06239181425997902"
"218","300","0.4","0.3","0.2","0.05","0.25","0.6","300","6176","5242","934","0.15123056994818654","5242","2087","0.3483104021578758","0.0711377498387365"
"223","300","0.4","0.3","0.2","0.05","0.25","0.65","300","5646","5023","623","0.11034360609280906","5023","1769","0.3378674049109373","0.05970397274939573"
"220","300","0.4","0.3","0.2","0.05","0.25","0.6","300","6169","5307","862","0.1397309126276544","5307","2056","0.3465367326100947","0.058824641201318"
"219","300","0.4","0.3","0.2","0.05","0.25","0.6","300","6178","5246","932","0.15085788280997087","5246","2085","0.34486135923148253","0.06786752093863438"
"222","300","0.4","0.3","0.2","0.05","0.25","0.65","300","5690","5055","635","0.11159929701230228","5055","1818","0.33778059106336616","0.054150699123635244"
"221","300","0.4","0.3","0.2","0.05","0.25","0.65","300","5675","5014","661","0.11647577092511013","5014","1802","0.3359516991877952","0.06284885419664724"
"224","300","0.4","0.3","0.2","0.05","0.25","0.65","300","5577","4968","609","0.10919849381387843","4968","1750","0.3357199421959814","0.07087730809585494"
"225","300","0.4","0.3","0.2","0.05","0.25","0.65","300","5681","5036","645","0.11353634923428974","5036","1760","0.33351544834956787","0.0582275078210434"
"226","300","0.4","0.3","0.2","0.05","0.25","0.65","300","5657","5011","646","0.11419480289906311","5011","1760","0.33331913255300055","0.06385178461529166"
"227","300","0.4","0.3","0.2","0.05","0.25","0.65","300","5681","5025","656","0.11547262805844041","5025","1814","0.3358118376456505","0.0662560781667462"
"228","300","0.4","0.3","0.2","0.05","0.25","0.65","300","5685","5042","643","0.11310466138962182","5042","1767","0.3344280764133507","0.05569508164011689"
"229","300","0.4","0.3","0.2","0.05","0.25","0.65","300","5675","5038","637","0.11224669603524229","5038","1790","0.33329758235719015","0.05898072485117126"
"231","300","0.4","0.3","0.2","0.05","0.25","0.7","300","5296","4816","480","0.09063444108761329","4816","1440","0.32420536949242484","0.055303381319374574"
"232","300","0.4","0.3","0.2","0.05","0.25","0.7","300","5299","4832","467","0.08812983581807889","4832","1478","0.3258699340738108","0.052532833135643636"
"230","300","0.4","0.3","0.2","0.05","0.25","0.65","300","5659","5028","631","0.1115037992578194","5028","1726","0.3359114361111687","0.060700560388749"
"234","300","0.4","0.3","0.2","0.05","0.25","0.7","300","5244","4810","434","0.08276125095347063","4810","1404","0.32292747444747355","0.06033030562192301"
"233","300","0.4","0.3","0.2","0.05","0.25","0.7","300","5267","4806","461","0.08752610594266186","4806","1440","0.32521879279647664","0.05167456061701621"
"237","300","0.4","0.3","0.2","0.05","0.25","0.7","300","5282","4828","454","0.08595229079893979","4828","1435","0.32668644751287235","0.05218110143119657"
"235","300","0.4","0.3","0.2","0.05","0.25","0.7","300","5276","4831","445","0.08434420015163002","4831","1452","0.3247363691734842","0.05499118682427558"
"236","300","0.4","0.3","0.2","0.05","0.25","0.7","300","5259","4835","424","0.08062369271724662","4835","1460","0.32531941678656623","0.05788140738751028"
"238","300","0.4","0.3","0.2","0.05","0.25","0.7","300","5277","4843","434","0.0822436990714421","4843","1417","0.32520517168045204","0.055179419489637276"
"239","300","0.4","0.3","0.2","0.05","0.25","0.7","300","5253","4792","461","0.08775937559489816","4792","1384","0.32270255516223584","0.055194882462946994"
"240","300","0.4","0.3","0.2","0.05","0.25","0.7","300","5288","4829","459","0.08680030257186082","4829","1414","0.32262494758824606","0.05586259821269246"
"241","300","0.4","0.3","0.2","0.05","0.25","0.75","300","4949","4634","315","0.06364922206506365","4634","1174","0.3172076579108109","0.050229139894040924"
"242","300","0.4","0.3","0.2","0.05","0.25","0.75","300","4936","4619","317","0.06422204213938412","4619","1141","0.3167876302660185","0.04987490556814091"
"243","300","0.4","0.3","0.2","0.05","0.25","0.75","300","4980","4639","341","0.06847389558232932","4639","1155","0.31554762699109273","0.05256806977154597"
"244","300","0.4","0.3","0.2","0.05","0.25","0.75","300","4964","4661","303","0.06103948428686543","4661","1190","0.3165326767034995","0.04956714586012904"
"245","300","0.4","0.3","0.2","0.05","0.25","0.75","300","4958","4627","331","0.06676079064138765","4627","1190","0.3162938937657221","0.055507927022853766"
"246","300","0.4","0.3","0.2","0.05","0.25","0.75","300","4975","4635","340","0.06834170854271357","4635","1176","0.31439679256262903","0.05087464922619458"
"247","300","0.4","0.3","0.2","0.05","0.25","0.75","300","4980","4656","324","0.06506024096385542","4656","1129","0.3154292020993447","0.06276864445150615"
"248","300","0.4","0.3","0.2","0.05","0.25","0.75","300","4968","4635","333","0.06702898550724638","4635","1201","0.31737652118866366","0.053638058950157955"
"249","300","0.4","0.3","0.2","0.05","0.25","0.75","300","4900","4595","305","0.06224489795918367","4595","1129","0.3139491165109197","0.0587350269506139"
"250","300","0.4","0.3","0.2","0.05","0.25","0.75","300","5001","4659","342","0.0683863227354529","4659","1192","0.3161506717826578","0.05566778130217506"
"252","300","0.4","0.3","0.2","0.05","0.25","0.8","300","4697","4464","233","0.04960613157334469","4464","885","0.3106131641369316","0.0578728488669881"
"251","300","0.4","0.3","0.2","0.05","0.25","0.8","300","4735","4459","276","0.05828933474128828","4459","863","0.3103445343995962","0.05196147655768062"
"254","300","0.4","0.3","0.2","0.05","0.25","0.8","300","4707","4472","235","0.049925642659868284","4472","892","0.3111937202461795","0.045747679455891595"
"253","300","0.4","0.3","0.2","0.05","0.25","0.8","300","4703","4468","235","0.04996810546459707","4468","942","0.3096360379973416","0.04693349521864296"
"255","300","0.4","0.3","0.2","0.05","0.25","0.8","300","4655","4449","206","0.044253490870032226","4449","933","0.31050380402189415","0.058425291356615026"
"257","300","0.4","0.3","0.2","0.05","0.25","0.8","300","4693","4478","215","0.04581291284892393","4478","895","0.3115984965374784","0.048558277748317176"
"256","300","0.4","0.3","0.2","0.05","0.25","0.8","300","4714","4467","247","0.05239711497666525","4467","928","0.3116251165946341","0.04914996114098179"
"260","300","0.4","0.3","0.2","0.05","0.25","0.8","300","4699","4471","228","0.04852096190678868","4471","907","0.31144726131353184","0.04851501894293158"
"258","300","0.4","0.3","0.2","0.05","0.25","0.8","300","4704","4467","237","0.05038265306122449","4467","875","0.31012527788218325","0.04978978865689409"
"259","300","0.4","0.3","0.2","0.05","0.25","0.8","300","4679","4479","200","0.04274417610600555","4479","896","0.30921309264973107","0.05226813107174674"
"262","300","0.4","0.3","0.2","0.05","0.3","0.2","300","20922","5347","15575","0.7444316986903737","5347","4257","0.5269566829537918","0.22458933956995228"
"261","300","0.4","0.3","0.2","0.05","0.3","0.2","300","20866","5367","15499","0.7427873094987061","5367","4278","0.5242617094563669","0.21976841321111665"
"263","300","0.4","0.3","0.2","0.05","0.3","0.2","300","20954","5408","15546","0.7419108523432281","5408","4281","0.5223686670678821","0.22629713649081348"
"264","300","0.4","0.3","0.2","0.05","0.3","0.2","300","20850","5345","15505","0.7436450839328537","5345","4271","0.5186662770634343","0.22885543070612688"
"265","300","0.4","0.3","0.2","0.05","0.3","0.2","300","21168","5319","15849","0.7487244897959183","5319","4314","0.5181225792450922","0.23132240745586363"
"266","300","0.4","0.3","0.2","0.05","0.3","0.2","300","20940","5346","15594","0.7446991404011462","5346","4234","0.5091698816844362","0.235073808190486"
"267","300","0.4","0.3","0.2","0.05","0.3","0.2","300","20870","5332","15538","0.7445136559655007","5332","4266","0.5194807515469989","0.22695877132930445"
"268","300","0.4","0.3","0.2","0.05","0.3","0.2","300","20971","5335","15636","0.7456010681417196","5335","4268","0.5229996082076537","0.224199379753348"
"269","300","0.4","0.3","0.2","0.05","0.3","0.2","300","20749","5383","15366","0.7405658104005012","5383","4257","0.5272606870731373","0.225099298248618"
"271","300","0.4","0.3","0.2","0.05","0.3","0.25","300","17149","5598","11551","0.6735669718350924","5598","4220","0.4984364717928804","0.18789898279310976"
"270","300","0.4","0.3","0.2","0.05","0.3","0.2","300","21075","5345","15730","0.7463819691577699","5345","4263","0.5227079406778153","0.2264211962395936"
"273","300","0.4","0.3","0.2","0.05","0.3","0.25","300","17329","5568","11761","0.6786889029949795","5568","4154","0.5084836890094022","0.17892953214450869"
"272","300","0.4","0.3","0.2","0.05","0.3","0.25","300","17319","5600","11719","0.6766556960563543","5600","4226","0.5018493951585193","0.18906811766274173"
"275","300","0.4","0.3","0.2","0.05","0.3","0.25","300","17120","5619","11501","0.6717873831775701","5619","4245","0.5002361076932159","0.18463227309076966"
"274","300","0.4","0.3","0.2","0.05","0.3","0.25","300","17215","5568","11647","0.6765611385419692","5568","4133","0.4974648893249626","0.18263668914544964"
"276","300","0.4","0.3","0.2","0.05","0.3","0.25","300","17332","5555","11777","0.6794945765058851","5555","4208","0.5063993941000801","0.18947391403497404"
"277","300","0.4","0.3","0.2","0.05","0.3","0.25","300","17247","5663","11584","0.6716530411085986","5663","4240","0.5131768584712625","0.172957293876261"
"279","300","0.4","0.3","0.2","0.05","0.3","0.25","300","17263","5597","11666","0.6757805711637607","5597","4192","0.51387490038699","0.17756998580617814"
"278","300","0.4","0.3","0.2","0.05","0.3","0.25","300","17260","5546","11714","0.6786790266512167","5546","4156","0.49973801313935323","0.19268976203237867"
"280","300","0.4","0.3","0.2","0.05","0.3","0.25","300","17284","5620","11664","0.6748437861606109","5620","4188","0.49328478635851997","0.18501873600292762"
"281","300","0.4","0.3","0.2","0.05","0.3","0.3","300","13926","5686","8240","0.5916989803245727","5686","3981","0.47375261309934313","0.1529596697884493"
"282","300","0.4","0.3","0.2","0.05","0.3","0.3","300","14152","5634","8518","0.6018937252685133","5634","4001","0.47587829067645193","0.15239976063807237"
"284","300","0.4","0.3","0.2","0.05","0.3","0.3","300","13957","5699","8258","0.5916744286021351","5699","4009","0.48067115739635446","0.15184916848088215"
"283","300","0.4","0.3","0.2","0.05","0.3","0.3","300","13951","5737","8214","0.5887749982080137","5737","4006","0.48379307127308047","0.14528454785142003"
"285","300","0.4","0.3","0.2","0.05","0.3","0.3","300","13967","5669","8298","0.5941146989331997","5669","3942","0.4713307723658023","0.15615910294449178"
"286","300","0.4","0.3","0.2","0.05","0.3","0.3","300","14039","5720","8319","0.592563572904053","5720","3943","0.4800009290141308","0.14429722475951848"
"287","300","0.4","0.3","0.2","0.05","0.3","0.3","300","13977","5714","8263","0.5911855190670388","5714","4029","0.4782441505555539","0.14414277700049785"
"288","300","0.4","0.3","0.2","0.05","0.3","0.3","300","14026","5652","8374","0.5970340795665193","5652","3930","0.4752546705747876","0.15095356119534725"
"289","300","0.4","0.3","0.2","0.05","0.3","0.3","300","14181","5683","8498","0.5992525209787745","5683","4038","0.4849545732938526","0.14328789252966181"
"291","300","0.4","0.3","0.2","0.05","0.3","0.35","300","11464","5651","5813","0.5070655966503839","5651","3635","0.4521567031368276","0.11880681617981641"
"290","300","0.4","0.3","0.2","0.05","0.3","0.3","300","14055","5692","8363","0.5950195659907507","5692","3946","0.4719190554780271","0.15782049133438664"
"292","300","0.4","0.3","0.2","0.05","0.3","0.35","300","11306","5695","5611","0.49628515832301434","5695","3632","0.45234335491673666","0.11655250594321702"
"294","300","0.4","0.3","0.2","0.05","0.3","0.35","300","11503","5684","5819","0.505868034425802","5684","3709","0.44516790577927007","0.11971132925340475"
"293","300","0.4","0.3","0.2","0.05","0.3","0.35","300","11360","5640","5720","0.5035211267605634","5640","3695","0.4473937831562301","0.1252004905914688"
"295","300","0.4","0.3","0.2","0.05","0.3","0.35","300","11384","5712","5672","0.4982431482782853","5712","3710","0.45510670087579985","0.11690857020628892"
"296","300","0.4","0.3","0.2","0.05","0.3","0.35","300","11309","5660","5649","0.4995136616853833","5660","3657","0.45177419024885507","0.12027214657439565"
"297","300","0.4","0.3","0.2","0.05","0.3","0.35","300","11253","5633","5620","0.49942237625522085","5633","3633","0.4450398070866505","0.12603953861132175"
"298","300","0.4","0.3","0.2","0.05","0.3","0.35","300","11346","5668","5678","0.5004406839414772","5668","3645","0.45548520854521285","0.11304136529727858"
"300","300","0.4","0.3","0.2","0.05","0.3","0.35","300","11369","5622","5747","0.505497405224734","5622","3638","0.44774993071775515","0.12601625146347112"
"301","300","0.4","0.3","0.2","0.05","0.3","0.4","300","9255","5548","3707","0.4005402485143166","5548","3332","0.4396375863809442","0.08357624408999535"
"304","300","0.4","0.3","0.2","0.05","0.3","0.4","300","9344","5499","3845","0.4114940068493151","5499","3257","0.42163046868403264","0.0992272397326556"
"303","300","0.4","0.3","0.2","0.05","0.3","0.4","300","9333","5508","3825","0.4098360655737705","5508","3308","0.41572332411167406","0.10096169733031002"
"302","300","0.4","0.3","0.2","0.05","0.3","0.4","300","9307","5489","3818","0.4102288599978511","5489","3350","0.4277376131914476","0.10010587407531384"
"299","300","0.4","0.3","0.2","0.05","0.3","0.35","300","11370","5677","5693","0.5007036059806509","5677","3697","0.45464589334715444","0.11628949454972486"
"306","300","0.4","0.3","0.2","0.05","0.3","0.4","300","9252","5526","3726","0.4027237354085603","5526","3304","0.4273281063862559","0.09466814282755213"
"305","300","0.4","0.3","0.2","0.05","0.3","0.4","300","9379","5494","3885","0.41422326474037746","5494","3389","0.4250473936931068","0.10430330061361755"
"307","300","0.4","0.3","0.2","0.05","0.3","0.4","300","9274","5523","3751","0.4044640931636834","5523","3314","0.42122263282871","0.10303392713395391"
"308","300","0.4","0.3","0.2","0.05","0.3","0.4","300","9208","5550","3658","0.3972632493483927","5550","3264","0.4323456654320893","0.09378544110386432"
"309","300","0.4","0.3","0.2","0.05","0.3","0.4","300","9270","5524","3746","0.4040992448759439","5524","3241","0.4276051706493964","0.09403110720276517"
"310","300","0.4","0.3","0.2","0.05","0.3","0.4","300","9175","5534","3641","0.3968392370572207","5534","3310","0.4288119360952657","0.09441800585723183"
"311","300","0.4","0.3","0.2","0.05","0.3","0.45","300","7819","5329","2490","0.31845504540222536","5329","2966","0.40107807791265887","0.08811878987612666"
"312","300","0.4","0.3","0.2","0.05","0.3","0.45","300","7743","5313","2430","0.3138318481208834","5313","2935","0.40047095589444776","0.08144192583906562"
"313","300","0.4","0.3","0.2","0.05","0.3","0.45","300","7870","5306","2564","0.32579415501905973","5306","2909","0.40495019342492194","0.08376287864190357"
"314","300","0.4","0.3","0.2","0.05","0.3","0.45","300","7792","5303","2489","0.31943018480492813","5303","2899","0.3985122167697638","0.08103731479681134"
"316","300","0.4","0.3","0.2","0.05","0.3","0.45","300","7828","5314","2514","0.3211548288196219","5314","2981","0.41106487670277053","0.07897727621106797"
"315","300","0.4","0.3","0.2","0.05","0.3","0.45","300","7825","5304","2521","0.32217252396166135","5304","2983","0.4063423387047815","0.07823668331315949"
"317","300","0.4","0.3","0.2","0.05","0.3","0.45","300","7832","5286","2546","0.325076608784474","5286","2943","0.3991952098021691","0.08529010538942979"
"318","300","0.4","0.3","0.2","0.05","0.3","0.45","300","7799","5316","2483","0.3183741505321195","5316","2983","0.39627822176858063","0.09025200747588565"
"319","300","0.4","0.3","0.2","0.05","0.3","0.45","300","7855","5283","2572","0.3274347549331636","5283","2899","0.4000632719235591","0.08338495232529013"
"321","300","0.4","0.3","0.2","0.05","0.3","0.5","300","6734","5061","1673","0.24844074844074845","5061","2493","0.3787647509469222","0.06586648125644293"
"320","300","0.4","0.3","0.2","0.05","0.3","0.45","300","7826","5261","2565","0.32775364170713006","5261","2870","0.399362565187859","0.08475553426904091"
"322","300","0.4","0.3","0.2","0.05","0.3","0.5","300","6793","5060","1733","0.2551155601354335","5060","2516","0.3828922285504557","0.0741923326928177"
"324","300","0.4","0.3","0.2","0.05","0.3","0.5","300","6763","5061","1702","0.25166346296022474","5061","2526","0.37117463413156515","0.07098283583788755"
"323","300","0.4","0.3","0.2","0.05","0.3","0.5","300","6696","5070","1626","0.24283154121863798","5070","2600","0.3814753121776079","0.07054248127891066"
"325","300","0.4","0.3","0.2","0.05","0.3","0.5","300","6809","5063","1746","0.25642531943016594","5063","2541","0.38129920739333095","0.07088819815176559"
"326","300","0.4","0.3","0.2","0.05","0.3","0.5","300","6830","5053","1777","0.26017569546120056","5053","2606","0.38508078689254216","0.0709164813356295"
"327","300","0.4","0.3","0.2","0.05","0.3","0.5","300","6787","5075","1712","0.252246942684544","5075","2571","0.3808906851124419","0.06953956723583357"
"329","300","0.4","0.3","0.2","0.05","0.3","0.5","300","6745","5083","1662","0.2464047442550037","5083","2595","0.38063851175240565","0.07270354307999458"
"328","300","0.4","0.3","0.2","0.05","0.3","0.5","300","6728","5049","1679","0.24955410225921523","5049","2486","0.3781670218019538","0.07930971838564306"
"331","300","0.4","0.3","0.2","0.05","0.3","0.55","300","5985","4831","1154","0.1928153717627402","4831","2285","0.3628048429321427","0.06407638995521427"
"330","300","0.4","0.3","0.2","0.05","0.3","0.5","300","6747","5074","1673","0.24796205721061212","5074","2509","0.3764085774390127","0.07763825937625134"
"332","300","0.4","0.3","0.2","0.05","0.3","0.55","300","6013","4854","1159","0.19274904373856644","4854","2133","0.3612043427140426","0.06427683576181395"
"333","300","0.4","0.3","0.2","0.05","0.3","0.55","300","5974","4816","1158","0.19383997321727486","4816","2169","0.3552278548506392","0.0746176737488565"
"335","300","0.4","0.3","0.2","0.05","0.3","0.55","300","5976","4847","1129","0.18892235609103078","4847","2167","0.36086724552351007","0.06723258108644246"
"334","300","0.4","0.3","0.2","0.05","0.3","0.55","300","6008","4855","1153","0.19191078561917443","4855","2229","0.36232435613591835","0.06528260615880467"
"336","300","0.4","0.3","0.2","0.05","0.3","0.55","300","5979","4855","1124","0.18799130289346044","4855","2240","0.3648198214756489","0.06548539051214342"
"337","300","0.4","0.3","0.2","0.05","0.3","0.55","300","6026","4848","1178","0.19548622635247262","4848","2196","0.3611410999682274","0.06430752353911032"
"338","300","0.4","0.3","0.2","0.05","0.3","0.55","300","6023","4837","1186","0.19691183795450773","4837","2227","0.3626454191328838","0.0608639236219998"
"339","300","0.4","0.3","0.2","0.05","0.3","0.55","300","6030","4855","1175","0.19485903814262023","4855","2163","0.35866396801489436","0.05867150897278099"
"340","300","0.4","0.3","0.2","0.05","0.3","0.55","300","5910","4823","1087","0.18392554991539764","4823","2184","0.3662635294682447","0.057485190088735365"
"341","300","0.4","0.3","0.2","0.05","0.3","0.6","300","5441","4664","777","0.14280463150156222","4664","1838","0.3430310748966795","0.06480246074457952"
"342","300","0.4","0.3","0.2","0.05","0.3","0.6","300","5404","4614","790","0.1461880088823094","4614","1806","0.34554500301875124","0.05874484311897332"
"343","300","0.4","0.3","0.2","0.05","0.3","0.6","300","5396","4653","743","0.13769458858413638","4653","1847","0.34306778503947694","0.05995444579107609"
"344","300","0.4","0.3","0.2","0.05","0.3","0.6","300","5389","4660","729","0.1352755613286324","4660","1840","0.3437946895190531","0.0574817515370615"
"345","300","0.4","0.3","0.2","0.05","0.3","0.6","300","5434","4623","811","0.14924549135075452","4623","1843","0.3424347194088598","0.05974894780481061"
"346","300","0.4","0.3","0.2","0.05","0.3","0.6","300","5434","4646","788","0.14501288185498712","4646","1845","0.3408952857053247","0.06387417150150887"
"347","300","0.4","0.3","0.2","0.05","0.3","0.6","300","5378","4614","764","0.14206024544440313","4614","1825","0.34472045319849537","0.06175211810140322"
"348","300","0.4","0.3","0.2","0.05","0.3","0.6","300","5420","4643","777","0.1433579335793358","4643","1805","0.3444095351171556","0.0520090701845638"
"349","300","0.4","0.3","0.2","0.05","0.3","0.6","300","5437","4656","781","0.14364539267978665","4656","1887","0.3516519643540375","0.05809433270933351"
"350","300","0.4","0.3","0.2","0.05","0.3","0.6","300","5444","4647","797","0.146399706098457","4647","1832","0.3458549910592408","0.05902100707096725"
"351","300","0.4","0.3","0.2","0.05","0.3","0.65","300","4998","4430","568","0.1136454581832733","4430","1542","0.33186915068806433","0.05765356738329943"
"352","300","0.4","0.3","0.2","0.05","0.3","0.65","300","5037","4412","625","0.12408179471907882","4412","1555","0.33403155450744454","0.058308835471425"
"354","300","0.4","0.3","0.2","0.05","0.3","0.65","300","5034","4468","566","0.11243543901470004","4468","1536","0.33162683605490545","0.056337336799688914"
"355","300","0.4","0.3","0.2","0.05","0.3","0.65","300","4998","4446","552","0.11044417767106843","4446","1559","0.3331564657533133","0.041998753192574984"
"353","300","0.4","0.3","0.2","0.05","0.3","0.65","300","5019","4471","548","0.10918509663279538","4471","1511","0.33501918537820957","0.05767533193848386"
"356","300","0.4","0.3","0.2","0.05","0.3","0.65","300","5007","4456","551","0.11004593569003396","4456","1562","0.336965270400774","0.04597792125019103"
"358","300","0.4","0.3","0.2","0.05","0.3","0.65","300","4977","4433","544","0.10930279284709664","4433","1564","0.33647254586675696","0.05825433519854177"
"357","300","0.4","0.3","0.2","0.05","0.3","0.65","300","5042","4453","589","0.11681872272907576","4453","1558","0.3307517687377635","0.0510870110555659"
"361","300","0.4","0.3","0.2","0.05","0.3","0.7","300","4687","4293","394","0.08406229997866439","4293","1318","0.32687694398897277","0.04330681616429209"
"359","300","0.4","0.3","0.2","0.05","0.3","0.65","300","5010","4433","577","0.11516966067864272","4433","1566","0.3347431166748854","0.055762195703760536"
"360","300","0.4","0.3","0.2","0.05","0.3","0.65","300","5043","4491","552","0.10945865556216537","4491","1585","0.33571513686630505","0.050986933325682715"
"362","300","0.4","0.3","0.2","0.05","0.3","0.7","300","4643","4243","400","0.08615119534783545","4243","1282","0.32626124840929205","0.050216014104803065"
"363","300","0.4","0.3","0.2","0.05","0.3","0.7","300","4675","4278","397","0.08491978609625668","4278","1300","0.32436383116895334","0.051007686202552915"
"364","300","0.4","0.3","0.2","0.05","0.3","0.7","300","4683","4278","405","0.08648302370275464","4278","1299","0.32302301909079256","0.05724400677206142"
"366","300","0.4","0.3","0.2","0.05","0.3","0.7","300","4695","4300","395","0.08413205537806177","4300","1236","0.32241103028265483","0.052221486136256046"
"365","300","0.4","0.3","0.2","0.05","0.3","0.7","300","4701","4314","387","0.08232291001914487","4314","1326","0.3247037459868408","0.05036300633732066"
"367","300","0.4","0.3","0.2","0.05","0.3","0.7","300","4639","4275","364","0.0784651864625997","4275","1291","0.3245764602630887","0.04445354081267763"
"370","300","0.4","0.3","0.2","0.05","0.3","0.7","300","4686","4299","387","0.08258642765685019","4299","1304","0.3237118102116374","0.04544723416301887"
"368","300","0.4","0.3","0.2","0.05","0.3","0.7","300","4701","4287","414","0.08806636885768986","4287","1284","0.321146839175496","0.05030652610787575"
"371","300","0.4","0.3","0.2","0.05","0.3","0.75","300","4442","4152","290","0.06528590724898695","4152","1050","0.3166895652538602","0.046725822840325094"
"369","300","0.4","0.3","0.2","0.05","0.3","0.7","300","4658","4259","399","0.08565908115070846","4259","1287","0.3247212613088477","0.05352798712262075"
"372","300","0.4","0.3","0.2","0.05","0.3","0.75","300","4447","4151","296","0.066561727006971","4151","1030","0.31525877066925817","0.04573193474712224"
"373","300","0.4","0.3","0.2","0.05","0.3","0.75","300","4392","4143","249","0.05669398907103825","4143","1055","0.3189686820379549","0.040720352617596114"
"374","300","0.4","0.3","0.2","0.05","0.3","0.75","300","4411","4124","287","0.06506461119927454","4124","1028","0.31662432458623757","0.057156239087977796"
"375","300","0.4","0.3","0.2","0.05","0.3","0.75","300","4401","4122","279","0.06339468302658487","4122","1022","0.3152391746019223","0.05018390979737282"
"376","300","0.4","0.3","0.2","0.05","0.3","0.75","300","4452","4161","291","0.06536388140161725","4161","1004","0.31286980186096897","0.04298799971711302"
"377","300","0.4","0.3","0.2","0.05","0.3","0.75","300","4404","4130","274","0.062216167120799276","4130","1032","0.31462938873078666","0.04150311404046924"
"380","300","0.4","0.3","0.2","0.05","0.3","0.75","300","4397","4107","290","0.06595405958608141","4107","1031","0.31641617776488845","0.048468523732712744"
"378","300","0.4","0.3","0.2","0.05","0.3","0.75","300","4427","4131","296","0.06686243505760109","4131","993","0.3152450158065151","0.05110681632932246"
"379","300","0.4","0.3","0.2","0.05","0.3","0.75","300","4432","4145","287","0.06475631768953069","4145","1004","0.3143843786069195","0.049820328903727396"
"381","300","0.4","0.3","0.2","0.05","0.3","0.8","300","4228","4021","207","0.0489593188268685","4021","799","0.3094427564458401","0.04519410852586047"
"382","300","0.4","0.3","0.2","0.05","0.3","0.8","300","4204","3998","206","0.04900095147478592","3998","837","0.3101209881691898","0.04179784208895252"
"383","300","0.4","0.3","0.2","0.05","0.3","0.8","300","4231","3989","242","0.057196880170172534","3989","821","0.3113087478078461","0.04229999140928939"
"386","300","0.4","0.3","0.2","0.05","0.3","0.8","300","4233","4010","223","0.05268131348925112","4010","790","0.31141762438111137","0.034086491375873385"
"385","300","0.4","0.3","0.2","0.05","0.3","0.8","300","4218","4031","187","0.04433380749170223","4031","816","0.3100349031711987","0.04085390069643859"
"384","300","0.4","0.3","0.2","0.05","0.3","0.8","300","4240","4003","237","0.05589622641509434","4003","816","0.31110710368193445","0.03493813924650157"
"387","300","0.4","0.3","0.2","0.05","0.3","0.8","300","4213","4007","206","0.048896273439354376","4007","806","0.3088700220976559","0.03985038671624122"
"388","300","0.4","0.3","0.2","0.05","0.3","0.8","300","4194","3994","200","0.047687172150691466","3994","813","0.31057742689009066","0.03624785747999787"
"389","300","0.4","0.3","0.2","0.05","0.3","0.8","300","4234","4038","196","0.046291922531884744","4038","826","0.31117092518613004","0.044358847726052746"
"390","300","0.4","0.3","0.2","0.05","0.3","0.8","300","4277","4044","233","0.05447743745616086","4044","813","0.3091967600947937","0.044177150288442824"
"391","300","0.4","0.3","0.2","0.05","0.35","0.2","300","20009","4976","15033","0.7513119096406617","4976","4051","0.5280792346570589","0.21313320275567063"
"394","300","0.4","0.3","0.2","0.05","0.35","0.2","300","19927","4969","14958","0.7506398353992071","4969","3933","0.5078365698288914","0.21738180874525614"
"392","300","0.4","0.3","0.2","0.05","0.35","0.2","300","19755","5039","14716","0.7449253353581372","5039","4044","0.5316648879464363","0.2108758812970637"
"393","300","0.4","0.3","0.2","0.05","0.35","0.2","300","19868","4953","14915","0.7507046506945843","4953","4007","0.5169250539924622","0.22144799055453168"
"397","300","0.4","0.3","0.2","0.05","0.35","0.2","300","19870","4981","14889","0.7493205837946654","4981","4018","0.5260363069816084","0.21464930185308015"
"395","300","0.4","0.3","0.2","0.05","0.35","0.2","300","19662","5005","14657","0.745448072423965","5005","3993","0.5192896446701025","0.2168069016255136"
"396","300","0.4","0.3","0.2","0.05","0.35","0.2","300","19839","4971","14868","0.7494329351277786","4971","4071","0.5285656480599744","0.2162943327872362"
"400","300","0.4","0.3","0.2","0.05","0.35","0.2","300","19643","4992","14651","0.7458636664460622","4992","3997","0.5228013124771427","0.21824797746244642"
"398","300","0.4","0.3","0.2","0.05","0.35","0.2","300","19900","5021","14879","0.7476884422110552","5021","4065","0.525008628654","0.2137899738017537"
"399","300","0.4","0.3","0.2","0.05","0.35","0.2","300","19861","5010","14851","0.7477468405417653","5010","4041","0.5349049170628505","0.2109626764129985"
"401","300","0.4","0.3","0.2","0.05","0.35","0.25","300","16030","5215","10815","0.6746724890829694","5215","3915","0.5031331296542231","0.17657610545030095"
"402","300","0.4","0.3","0.2","0.05","0.35","0.25","300","16062","5147","10915","0.6795542273689453","5147","3851","0.501561081228272","0.16861070342995993"
"403","300","0.4","0.3","0.2","0.05","0.35","0.25","300","16081","5179","10902","0.6779429139978858","5179","3926","0.5064247679901367","0.1719865313469043"
"404","300","0.4","0.3","0.2","0.05","0.35","0.25","300","16024","5175","10849","0.6770469296055917","5175","3917","0.49776607569553827","0.1750509774982732"
"405","300","0.4","0.3","0.2","0.05","0.35","0.25","300","16047","5225","10822","0.6743939677198231","5225","3890","0.5040888905464249","0.16565490081337408"
"406","300","0.4","0.3","0.2","0.05","0.35","0.25","300","16041","5187","10854","0.676641107162895","5187","3907","0.4887057005050487","0.18115461190691776"
"407","300","0.4","0.3","0.2","0.05","0.35","0.25","300","15876","5223","10653","0.6710128495842782","5223","3835","0.5097844038057734","0.16594244181064044"
"408","300","0.4","0.3","0.2","0.05","0.35","0.25","300","16072","5200","10872","0.6764559482329517","5200","3878","0.5088169055303569","0.16600309099125826"
"409","300","0.4","0.3","0.2","0.05","0.35","0.25","300","16194","5152","11042","0.6818574780783007","5152","3887","0.5080383648439494","0.16622911095226592"
"410","300","0.4","0.3","0.2","0.05","0.35","0.25","300","15964","5193","10771","0.6747055875720371","5193","3938","0.5177026729263154","0.16621972134537258"
"411","300","0.4","0.3","0.2","0.05","0.35","0.3","300","12838","5266","7572","0.5898114971179311","5266","3716","0.4807388514445441","0.13641693927810578"
"412","300","0.4","0.3","0.2","0.05","0.35","0.3","300","12739","5247","7492","0.5881152366747783","5247","3672","0.48006196177433724","0.1326699401586207"
"413","300","0.4","0.3","0.2","0.05","0.35","0.3","300","12766","5275","7491","0.5867930440231865","5275","3666","0.48284373148457643","0.13314875464333334"
"414","300","0.4","0.3","0.2","0.05","0.35","0.3","300","12635","5288","7347","0.5814800158290463","5288","3688","0.4728423447910802","0.13703027454264746"
"415","300","0.4","0.3","0.2","0.05","0.35","0.3","300","12713","5240","7473","0.587823487768426","5240","3676","0.47937716953905163","0.14046584038268434"
"416","300","0.4","0.3","0.2","0.05","0.35","0.3","300","12734","5213","7521","0.5906235275640019","5213","3697","0.4789641783599172","0.1390612774857044"
"417","300","0.4","0.3","0.2","0.05","0.35","0.3","300","12691","5283","7408","0.5837207469860531","5283","3659","0.47297694432517207","0.1427374913274405"
"419","300","0.4","0.3","0.2","0.05","0.35","0.3","300","12936","5186","7750","0.5991032776747063","5186","3625","0.4662482877026515","0.14087797229776852"
"421","300","0.4","0.3","0.2","0.05","0.35","0.35","300","10272","5162","5110","0.4974688473520249","5162","3346","0.4430662023799947","0.1067812834174846"
"420","300","0.4","0.3","0.2","0.05","0.35","0.3","300","12855","5259","7596","0.5908984830805134","5259","3656","0.48412070473587465","0.13482156707590456"
"418","300","0.4","0.3","0.2","0.05","0.35","0.3","300","12853","5210","7643","0.5946471640862055","5210","3622","0.47352958984908367","0.13579473231333342"
"424","300","0.4","0.3","0.2","0.05","0.35","0.35","300","10070","5196","4874","0.4840119165839126","5196","3377","0.4528465150617126","0.10748932032498444"
"422","300","0.4","0.3","0.2","0.05","0.35","0.35","300","10191","5148","5043","0.4948483956432146","5148","3358","0.44522666245302","0.11346831126091615"
"423","300","0.4","0.3","0.2","0.05","0.35","0.35","300","10306","5142","5164","0.5010673394139337","5142","3390","0.4527808675807005","0.10381277661426376"
"425","300","0.4","0.3","0.2","0.05","0.35","0.35","300","10343","5132","5211","0.503819008024751","5132","3418","0.453771879468191","0.1126504732541104"
"426","300","0.4","0.3","0.2","0.05","0.35","0.35","300","10192","5164","5028","0.4933281004709576","5164","3379","0.45655016171733254","0.10545450105034737"
"427","300","0.4","0.3","0.2","0.05","0.35","0.35","300","10181","5134","5047","0.49572733523229545","5134","3396","0.4408160304359798","0.11938176625234345"
"428","300","0.4","0.3","0.2","0.05","0.35","0.35","300","10235","5128","5107","0.4989741084513923","5128","3240","0.43739806034244955","0.11320467915625369"
"431","300","0.4","0.3","0.2","0.05","0.35","0.4","300","8243","4996","3247","0.39390998422904283","4996","2934","0.42348631461778463","0.07753387805418692"
"430","300","0.4","0.3","0.2","0.05","0.35","0.35","300","10172","5127","5045","0.4959693275658671","5127","3346","0.45743002887411716","0.1141933408311535"
"432","300","0.4","0.3","0.2","0.05","0.35","0.4","300","8423","4987","3436","0.40793066603347977","4987","2994","0.4361681977152674","0.08737127146122738"
"429","300","0.4","0.3","0.2","0.05","0.35","0.35","300","10391","5127","5264","0.5065922432874603","5127","3375","0.4481813270238262","0.1118413528392345"
"433","300","0.4","0.3","0.2","0.05","0.35","0.4","300","8389","4997","3392","0.4043390153772798","4997","2978","0.4358179136054989","0.08350300377437624"
"435","300","0.4","0.3","0.2","0.05","0.35","0.4","300","8465","4993","3472","0.41015948021264026","4993","3036","0.4305139506211793","0.07540225125854585"
"434","300","0.4","0.3","0.2","0.05","0.35","0.4","300","8388","4989","3399","0.4052217453505007","4989","3010","0.4258716392160114","0.08471180392951125"
"437","300","0.4","0.3","0.2","0.05","0.35","0.4","300","8371","4967","3404","0.4066419782582726","4967","2980","0.4308904348049697","0.07462542698544368"
"436","300","0.4","0.3","0.2","0.05","0.35","0.4","300","8349","4943","3406","0.4079530482692538","4943","2878","0.4286985256876894","0.09154937302731209"
"438","300","0.4","0.3","0.2","0.05","0.35","0.4","300","8288","4994","3294","0.39744208494208494","4994","3014","0.42690200579575144","0.08230727086070987"
"439","300","0.4","0.3","0.2","0.05","0.35","0.4","300","8329","4973","3356","0.4029295233521431","4973","2974","0.42335570498530534","0.08342780070245039"
"441","300","0.4","0.3","0.2","0.05","0.35","0.45","300","6944","4777","2167","0.3120679723502304","4777","2599","0.398483833915877","0.07177943772138307"
"440","300","0.4","0.3","0.2","0.05","0.35","0.4","300","8352","4990","3362","0.4025383141762452","4990","2966","0.4265377971987087","0.08169770761874008"
"442","300","0.4","0.3","0.2","0.05","0.35","0.45","300","7000","4773","2227","0.3181428571428571","4773","2666","0.40153892017125403","0.08040853292730984"
"443","300","0.4","0.3","0.2","0.05","0.35","0.45","300","6995","4797","2198","0.31422444603288063","4797","2537","0.39458568643872405","0.0676161287827938"
"444","300","0.4","0.3","0.2","0.05","0.35","0.45","300","7028","4766","2262","0.3218554354012521","4766","2627","0.4092281694580789","0.08162110805707036"
"448","300","0.4","0.3","0.2","0.05","0.35","0.45","300","7084","4727","2357","0.33272162619988704","4727","2602","0.4019826595385287","0.07326270890082892"
"447","300","0.4","0.3","0.2","0.05","0.35","0.45","300","7035","4766","2269","0.32253020611229566","4766","2655","0.4035328170434552","0.06687002613678471"
"445","300","0.4","0.3","0.2","0.05","0.35","0.45","300","7036","4774","2262","0.3214894826606026","4774","2642","0.3966385246414289","0.07162801693868005"
"446","300","0.4","0.3","0.2","0.05","0.35","0.45","300","6993","4754","2239","0.3201773201773202","4754","2564","0.3971878409775088","0.06967341404233714"
"449","300","0.4","0.3","0.2","0.05","0.35","0.45","300","6905","4783","2122","0.30731354091238233","4783","2603","0.39204079296460353","0.07668746849046494"
"451","300","0.4","0.3","0.2","0.05","0.35","0.5","300","6091","4553","1538","0.2525036939747168","4553","2265","0.37425956412760175","0.07021372690799339"
"450","300","0.4","0.3","0.2","0.05","0.35","0.45","300","7026","4774","2252","0.32052376885852546","4774","2625","0.39076731447793717","0.07774709150814602"
"452","300","0.4","0.3","0.2","0.05","0.35","0.5","300","6116","4565","1551","0.25359712230215825","4565","2320","0.37833642199438716","0.06775251456089053"
"454","300","0.4","0.3","0.2","0.05","0.35","0.5","300","6053","4556","1497","0.24731538080290766","4556","2239","0.3831961507908927","0.05771710951897629"
"455","300","0.4","0.3","0.2","0.05","0.35","0.5","300","6112","4569","1543","0.2524541884816754","4569","2315","0.38192045713363404","0.05764556121172046"
"453","300","0.4","0.3","0.2","0.05","0.35","0.5","300","6117","4529","1588","0.25960438123263035","4529","2273","0.37884785412776306","0.06660027457076265"
"457","300","0.4","0.3","0.2","0.05","0.35","0.5","300","6085","4561","1524","0.2504519309778143","4561","2213","0.378257128657584","0.06711782576696175"
"456","300","0.4","0.3","0.2","0.05","0.35","0.5","300","6106","4576","1530","0.25057320668195215","4576","2356","0.3744373103130389","0.07106771552270356"
"458","300","0.4","0.3","0.2","0.05","0.35","0.5","300","6096","4550","1546","0.25360892388451445","4550","2308","0.3760544565714267","0.06542165616606112"
"461","300","0.4","0.3","0.2","0.05","0.35","0.55","300","5377","4354","1023","0.1902547889157523","4354","1951","0.35248777155216177","0.058861281394738105"
"459","300","0.4","0.3","0.2","0.05","0.35","0.5","300","6114","4534","1580","0.25842329080798165","4534","2260","0.3768603768652467","0.05884147463751943"
"460","300","0.4","0.3","0.2","0.05","0.35","0.5","300","6006","4577","1429","0.23792873792873792","4577","2303","0.3812084713297758","0.07170039281773169"
"462","300","0.4","0.3","0.2","0.05","0.35","0.55","300","5406","4406","1000","0.1849796522382538","4406","1970","0.3539429409504992","0.06071882494406929"
"463","300","0.4","0.3","0.2","0.05","0.35","0.55","300","5408","4374","1034","0.191198224852071","4374","2001","0.3541926688648826","0.06433338858735899"
"465","300","0.4","0.3","0.2","0.05","0.35","0.55","300","5392","4372","1020","0.18916913946587538","4372","1962","0.3640775812130963","0.049576205800662715"
"464","300","0.4","0.3","0.2","0.05","0.35","0.55","300","5438","4353","1085","0.1995218830452372","4353","1967","0.35863630482560555","0.05518358447784903"
"466","300","0.4","0.3","0.2","0.05","0.35","0.55","300","5327","4346","981","0.18415618547024593","4346","1992","0.3594789564548107","0.06958101800027497"
"467","300","0.4","0.3","0.2","0.05","0.35","0.55","300","5423","4389","1034","0.19066937119675456","4389","1973","0.35578154085480107","0.05999691730724784"
"470","300","0.4","0.3","0.2","0.05","0.35","0.55","300","5366","4348","1018","0.18971300782705927","4348","1948","0.36124811431645854","0.05209187177754731"
"469","300","0.4","0.3","0.2","0.05","0.35","0.55","300","5410","4347","1063","0.19648798521256933","4347","1943","0.3605974428052585","0.05885864073977549"
"472","300","0.4","0.3","0.2","0.05","0.35","0.6","300","4948","4195","753","0.15218270008084075","4195","1683","0.3416354433660811","0.046648846692920486"
"468","300","0.4","0.3","0.2","0.05","0.35","0.55","300","5361","4388","973","0.18149598955418766","4388","1949","0.3606212439916602","0.05556210351952701"
"471","300","0.4","0.3","0.2","0.05","0.35","0.6","300","4880","4204","676","0.13852459016393442","4204","1652","0.33813806044163386","0.04774788544692114"
"473","300","0.4","0.3","0.2","0.05","0.35","0.6","300","4871","4154","717","0.14719770067747895","4154","1673","0.3475252073117643","0.04799908373522168"
"474","300","0.4","0.3","0.2","0.05","0.35","0.6","300","4874","4177","697","0.14300369306524416","4177","1640","0.34408775060044017","0.057966022089579475"
"475","300","0.4","0.3","0.2","0.05","0.35","0.6","300","4949","4192","757","0.15296019397858154","4192","1699","0.3436901658694604","0.05311117557384042"
"476","300","0.4","0.3","0.2","0.05","0.35","0.6","300","4925","4211","714","0.1449746192893401","4211","1682","0.34402263551751344","0.0609422792868576"
"477","300","0.4","0.3","0.2","0.05","0.35","0.6","300","4918","4188","730","0.14843432289548597","4188","1645","0.34229563768788174","0.05932409998545259"
"478","300","0.4","0.3","0.2","0.05","0.35","0.6","300","4902","4201","701","0.14300285597715218","4201","1697","0.3437019947146773","0.05329798843956502"
"480","300","0.4","0.3","0.2","0.05","0.35","0.6","300","4871","4190","681","0.13980702114555532","4190","1629","0.3438692535203608","0.05413797332183121"
"479","300","0.4","0.3","0.2","0.05","0.35","0.6","300","4883","4182","701","0.14355928732336679","4182","1629","0.34186387067971374","0.05950355458497133"
"481","300","0.4","0.3","0.2","0.05","0.35","0.65","300","4538","4050","488","0.10753635962979285","4050","1433","0.3302595062575387","0.05551829385398089"
"482","300","0.4","0.3","0.2","0.05","0.35","0.65","300","4553","4039","514","0.11289259828684384","4039","1415","0.3387495416960606","0.05188845332803613"
"483","300","0.4","0.3","0.2","0.05","0.35","0.65","300","4558","4005","553","0.12132514260640632","4005","1424","0.33554391889223917","0.04842761974877207"
"484","300","0.4","0.3","0.2","0.05","0.35","0.65","300","4534","4033","501","0.11049845610939568","4033","1430","0.33651474420463323","0.04158072860061704"
"485","300","0.4","0.3","0.2","0.05","0.35","0.65","300","4592","4049","543","0.11824912891986063","4049","1460","0.33567927821200444","0.042205239125030714"
"486","300","0.4","0.3","0.2","0.05","0.35","0.65","300","4541","4031","510","0.11231006386258534","4031","1411","0.3303760743505617","0.052679403186876486"
"488","300","0.4","0.3","0.2","0.05","0.35","0.65","300","4518","3998","520","0.11509517485613104","3998","1394","0.3320881471055097","0.045638091524773"
"489","300","0.4","0.3","0.2","0.05","0.35","0.65","300","4591","4067","524","0.11413635373556959","4067","1380","0.3340259399409428","0.042637271713746754"
"487","300","0.4","0.3","0.2","0.05","0.35","0.65","300","4541","4034","507","0.11164941642809954","4034","1423","0.3342902373131736","0.044949937400276835"
"490","300","0.4","0.3","0.2","0.05","0.35","0.65","300","4534","4059","475","0.10476400529333922","4059","1350","0.3306288505533552","0.04562897364799187"
"491","300","0.4","0.3","0.2","0.05","0.35","0.7","300","4255","3875","380","0.08930669800235018","3875","1206","0.324200556923941","0.04743994142340318"
"494","300","0.4","0.3","0.2","0.05","0.35","0.7","300","4233","3874","359","0.08480982754547602","3874","1134","0.32108269063610334","0.051059690568256384"
"492","300","0.4","0.3","0.2","0.05","0.35","0.7","300","4270","3871","399","0.09344262295081968","3871","1190","0.3250060193127399","0.056151267441196424"
"493","300","0.4","0.3","0.2","0.05","0.35","0.7","300","4306","3959","347","0.08058522991175104","3959","1168","0.3231877617696962","0.04482534476195493"
"496","300","0.4","0.3","0.2","0.05","0.35","0.7","300","4281","3923","358","0.08362532118663864","3923","1159","0.3241147619324358","0.03797200442426374"
"495","300","0.4","0.3","0.2","0.05","0.35","0.7","300","4263","3919","344","0.08069434670419892","3919","1168","0.32236110826242687","0.046709162862744576"
"497","300","0.4","0.3","0.2","0.05","0.35","0.7","300","4255","3918","337","0.0792009400705053","3918","1152","0.3244696645817694","0.054680888289268155"
"498","300","0.4","0.3","0.2","0.05","0.35","0.7","300","4290","3922","368","0.08578088578088579","3922","1179","0.3270940720583638","0.04939152500898296"
"499","300","0.4","0.3","0.2","0.05","0.35","0.7","300","4313","3925","388","0.08996058428008347","3925","1164","0.32305969079725777","0.03918206119031559"
"502","300","0.4","0.3","0.2","0.05","0.35","0.75","300","4033","3777","256","0.0634763203570543","3777","937","0.3143656097115253","0.044927163330152786"
"501","300","0.4","0.3","0.2","0.05","0.35","0.75","300","4024","3758","266","0.06610337972166998","3758","954","0.3161251092154651","0.045714480050667465"
"503","300","0.4","0.3","0.2","0.05","0.35","0.75","300","4017","3767","250","0.06223549912870301","3767","917","0.3142449068443612","0.04359217230385083"
"504","300","0.4","0.3","0.2","0.05","0.35","0.75","300","4101","3823","278","0.06778834430626676","3823","962","0.3177701406142315","0.04679811914218251"
"500","300","0.4","0.3","0.2","0.05","0.35","0.7","300","4239","3886","353","0.08327435715970748","3886","1135","0.3227246397015012","0.03861982254871657"
"505","300","0.4","0.3","0.2","0.05","0.35","0.75","300","4082","3795","287","0.07030867221950024","3795","970","0.3144777616146563","0.04594913536272261"
"506","300","0.4","0.3","0.2","0.05","0.35","0.75","300","4088","3807","281","0.06873776908023484","3807","944","0.31687991263518134","0.04397303696872634"
"507","300","0.4","0.3","0.2","0.05","0.35","0.75","300","4066","3815","251","0.0617314313821938","3815","957","0.31897407572566977","0.037164173501650896"
"510","300","0.4","0.3","0.2","0.05","0.35","0.75","300","4047","3801","246","0.06078576723498888","3801","970","0.3167880139502626","0.041651772503134295"
"508","300","0.4","0.3","0.2","0.05","0.35","0.75","300","4059","3788","271","0.06676521310667652","3788","947","0.31497607043301007","0.0380551161357328"
"509","300","0.4","0.3","0.2","0.05","0.35","0.75","300","4070","3815","255","0.06265356265356266","3815","937","0.31317675608363404","0.04922640357979043"
"511","300","0.4","0.3","0.2","0.05","0.35","0.8","300","3851","3646","205","0.053232926512594134","3646","763","0.31006523289758336","0.046826202165921135"
"512","300","0.4","0.3","0.2","0.05","0.35","0.8","300","3866","3681","185","0.04785307811691671","3681","712","0.3075107279236017","0.049126550736523555"
"514","300","0.4","0.3","0.2","0.05","0.35","0.8","300","3892","3690","202","0.051901336073997946","3690","735","0.3100565185335096","0.038401416759710934"
"513","300","0.4","0.3","0.2","0.05","0.35","0.8","300","3860","3700","160","0.04145077720207254","3700","742","0.3109246391921903","0.05208476973092202"
"515","300","0.4","0.3","0.2","0.05","0.35","0.8","300","3866","3681","185","0.04785307811691671","3681","743","0.3109972062566886","0.04899561395175481"
"517","300","0.4","0.3","0.2","0.05","0.35","0.8","300","3868","3685","183","0.04731127197518097","3685","740","0.3107212148433869","0.04851288001913099"
"516","300","0.4","0.3","0.2","0.05","0.35","0.8","300","3877","3684","193","0.049780758318287335","3684","735","0.3089903005228646","0.035634010029304046"
"518","300","0.4","0.3","0.2","0.05","0.35","0.8","300","3925","3718","207","0.05273885350318471","3718","712","0.30842688899756426","0.04316218677327932"
"519","300","0.4","0.3","0.2","0.05","0.35","0.8","300","3858","3669","189","0.048989113530326596","3669","697","0.3087926905650827","0.03853063179145657"
"520","300","0.4","0.3","0.2","0.05","0.35","0.8","300","3858","3673","185","0.047952306894764124","3673","794","0.31127604691152794","0.04351425074081748"
"521","300","0.4","0.3","0.2","0.05","0.4","0.2","300","18924","4715","14209","0.750845487212006","4715","3767","0.5391552152420273","0.19672729421772164"
"523","300","0.4","0.3","0.2","0.05","0.4","0.2","300","19008","4677","14331","0.7539457070707071","4677","3754","0.5146096105202821","0.20643565671099118"
"522","300","0.4","0.3","0.2","0.05","0.4","0.2","300","18825","4676","14149","0.7516069057104914","4676","3721","0.5144797636122866","0.2122211371688025"
"525","300","0.4","0.3","0.2","0.05","0.4","0.2","300","18716","4729","13987","0.7473284889933747","4729","3740","0.5263508874251267","0.20853992065955954"
"524","300","0.4","0.3","0.2","0.05","0.4","0.2","300","18770","4775","13995","0.7456046883324454","4775","3802","0.5292397647392509","0.20046326669237308"
"526","300","0.4","0.3","0.2","0.05","0.4","0.2","300","18736","4706","14030","0.7488257899231426","4706","3690","0.5253803390175645","0.20067500611973735"
"527","300","0.4","0.3","0.2","0.05","0.4","0.2","300","18862","4719","14143","0.7498144417347047","4719","3770","0.5194205104748084","0.2065429483875443"
"528","300","0.4","0.3","0.2","0.05","0.4","0.2","300","18748","4715","14033","0.7485065073607852","4715","3752","0.521991093512478","0.2006090772960986"
"529","300","0.4","0.3","0.2","0.05","0.4","0.2","300","18804","4687","14117","0.7507445224420336","4687","3771","0.537078983824641","0.19925639740375153"
"531","300","0.4","0.3","0.2","0.05","0.4","0.25","300","15058","4818","10240","0.6800371895338027","4818","3604","0.4991231406699283","0.16341706515152596"
"530","300","0.4","0.3","0.2","0.05","0.4","0.2","300","18932","4661","14271","0.7538030847242764","4661","3737","0.5300332730990386","0.206433321868144"
"532","300","0.4","0.3","0.2","0.05","0.4","0.25","300","15082","4817","10265","0.6806126508420633","4817","3604","0.5059168972116853","0.15167875980549117"
"533","300","0.4","0.3","0.2","0.05","0.4","0.25","300","15200","4865","10335","0.6799342105263158","4865","3628","0.5052986372725058","0.16087220440605024"
"534","300","0.4","0.3","0.2","0.05","0.4","0.25","300","15070","4772","10298","0.683344392833444","4772","3577","0.49906103859585044","0.16780136631800704"
"535","300","0.4","0.3","0.2","0.05","0.4","0.25","300","15147","4821","10326","0.6817191523073876","4821","3638","0.5035700340552958","0.15897680234146233"
"536","300","0.4","0.3","0.2","0.05","0.4","0.25","300","15101","4802","10299","0.6820078140520496","4802","3606","0.5056793363070888","0.1585088777973098"
"537","300","0.4","0.3","0.2","0.05","0.4","0.25","300","15032","4803","10229","0.6804816391697711","4803","3651","0.5036334089332257","0.16207611455237128"
"538","300","0.4","0.3","0.2","0.05","0.4","0.25","300","14997","4840","10157","0.6772687870907514","4840","3594","0.5038826522261289","0.16254804171629744"
"541","300","0.4","0.3","0.2","0.05","0.4","0.3","300","11902","4818","7084","0.5951940850277264","4818","3417","0.47819306987628124","0.12805637171364503"
"540","300","0.4","0.3","0.2","0.05","0.4","0.25","300","14992","4828","10164","0.6779615795090715","4828","3630","0.5019080024766107","0.16309099365432667"
"539","300","0.4","0.3","0.2","0.05","0.4","0.25","300","14928","4835","10093","0.6761120042872455","4835","3639","0.5071082791014799","0.15300807900292612"
"542","300","0.4","0.3","0.2","0.05","0.4","0.3","300","11885","4812","7073","0.5951198990323938","4812","3381","0.46908385639420025","0.13655226170020515"
"543","300","0.4","0.3","0.2","0.05","0.4","0.3","300","11795","4846","6949","0.5891479440440864","4846","3389","0.48817253887482953","0.12252657053875829"
"544","300","0.4","0.3","0.2","0.05","0.4","0.3","300","11789","4822","6967","0.590974637373823","4822","3355","0.4799357916087832","0.12650947296542156"
"545","300","0.4","0.3","0.2","0.05","0.4","0.3","300","11889","4798","7091","0.5964336781899234","4798","3355","0.4725163977265969","0.1267132111175722"
"546","300","0.4","0.3","0.2","0.05","0.4","0.3","300","11958","4824","7134","0.596588058203713","4824","3359","0.4781575771251526","0.11675501150440648"
"547","300","0.4","0.3","0.2","0.05","0.4","0.3","300","11842","4809","7033","0.5939030569160615","4809","3360","0.4678742604090079","0.13185533130486013"
"548","300","0.4","0.3","0.2","0.05","0.4","0.3","300","11887","4835","7052","0.5932531336754437","4835","3366","0.4740439766165459","0.12536026508035786"
"549","300","0.4","0.3","0.2","0.05","0.4","0.3","300","11963","4763","7200","0.6018557218089108","4763","3369","0.47368886058667103","0.13156299889289766"
"550","300","0.4","0.3","0.2","0.05","0.4","0.3","300","11659","4856","6803","0.583497727077794","4856","3406","0.4802424046162267","0.13005196063514007"
"551","300","0.4","0.3","0.2","0.05","0.4","0.35","300","9369","4733","4636","0.49482335361297897","4733","3071","0.4576219736226008","0.09553092984865852"
"553","300","0.4","0.3","0.2","0.05","0.4","0.35","300","9285","4710","4575","0.4927302100161551","4710","3064","0.4516251191102675","0.10363869679736426"
"552","300","0.4","0.3","0.2","0.05","0.4","0.35","300","9392","4697","4695","0.4998935264054514","4697","3045","0.44813508722434087","0.09801858577930513"
"555","300","0.4","0.3","0.2","0.05","0.4","0.35","300","9298","4748","4550","0.48935254893525487","4748","3052","0.44018166796301395","0.1038630038860039"
"554","300","0.4","0.3","0.2","0.05","0.4","0.35","300","9313","4746","4567","0.49038977773005477","4746","3111","0.45451788739500726","0.09831618315534824"
"556","300","0.4","0.3","0.2","0.05","0.4","0.35","300","9362","4728","4634","0.49497970519119844","4728","3090","0.4499614704853988","0.09944504383294059"
"558","300","0.4","0.3","0.2","0.05","0.4","0.35","300","9334","4741","4593","0.4920719948575102","4741","3077","0.44450660961115385","0.09118826438377427"
"557","300","0.4","0.3","0.2","0.05","0.4","0.35","300","9382","4720","4662","0.49690897463227457","4720","3044","0.4477640473595675","0.10814288482483117"
"559","300","0.4","0.3","0.2","0.05","0.4","0.35","300","9299","4728","4571","0.4915582320679643","4728","3090","0.4518097194428842","0.1029355118689904"
"560","300","0.4","0.3","0.2","0.05","0.4","0.35","300","9411","4727","4684","0.49771543937944956","4727","3095","0.44506052740999913","0.10671664346386689"
"561","300","0.4","0.3","0.2","0.05","0.4","0.4","300","7470","4577","2893","0.3872824631860776","4577","2741","0.4325932023445863","0.07420246044449164"
"562","300","0.4","0.3","0.2","0.05","0.4","0.4","300","7535","4523","3012","0.39973457199734574","4523","2729","0.42583827270200186","0.08067221465684651"
"563","300","0.4","0.3","0.2","0.05","0.4","0.4","300","7572","4551","3021","0.3989698890649762","4551","2686","0.41875222164144027","0.08467329349356258"
"564","300","0.4","0.3","0.2","0.05","0.4","0.4","300","7588","4556","3032","0.3995782814971007","4556","2740","0.42018341617554084","0.08532467737711431"
"565","300","0.4","0.3","0.2","0.05","0.4","0.4","300","7633","4561","3072","0.40246298965020305","4561","2733","0.4263057849273323","0.07713564438580425"
"566","300","0.4","0.3","0.2","0.05","0.4","0.4","300","7673","4512","3161","0.4119640297145836","4512","2738","0.4283790207741439","0.08355657029407712"
"567","300","0.4","0.3","0.2","0.05","0.4","0.4","300","7658","4562","3096","0.4042831026377644","4562","2733","0.40953730184541565","0.08048902098925509"
"568","300","0.4","0.3","0.2","0.05","0.4","0.4","300","7510","4573","2937","0.3910785619174434","4573","2718","0.41247868520965403","0.08637785854219507"
"569","300","0.4","0.3","0.2","0.05","0.4","0.4","300","7641","4529","3112","0.40727653448501505","4529","2711","0.4194786778899179","0.08162233209885751"
"573","300","0.4","0.3","0.2","0.05","0.4","0.45","300","6359","4340","2019","0.31750275200503225","4340","2374","0.3969056993876598","0.06445481358541114"
"572","300","0.4","0.3","0.2","0.05","0.4","0.45","300","6345","4362","1983","0.3125295508274232","4362","2325","0.39691642352494527","0.05845826412590711"
"570","300","0.4","0.3","0.2","0.05","0.4","0.4","300","7598","4520","3078","0.4051066070018426","4520","2671","0.42467516809279954","0.08203532039070684"
"574","300","0.4","0.3","0.2","0.05","0.4","0.45","300","6398","4375","2023","0.3161925601750547","4375","2482","0.40393586260168707","0.06454157886247687"
"571","300","0.4","0.3","0.2","0.05","0.4","0.45","300","6324","4359","1965","0.31072106261859583","4359","2404","0.3950655012811482","0.06504344763788655"
"575","300","0.4","0.3","0.2","0.05","0.4","0.45","300","6354","4322","2032","0.31979855209316965","4322","2428","0.3999408820902298","0.0820307944341764"
"576","300","0.4","0.3","0.2","0.05","0.4","0.45","300","6393","4338","2055","0.32144533083059595","4338","2414","0.39450354545673405","0.07259619624975117"
"578","300","0.4","0.3","0.2","0.05","0.4","0.45","300","6363","4318","2045","0.3213892817853214","4318","2338","0.39508122570792464","0.06170143974313497"
"577","300","0.4","0.3","0.2","0.05","0.4","0.45","300","6394","4375","2019","0.3157647794807632","4375","2405","0.4053530766776367","0.06378159555603537"
"579","300","0.4","0.3","0.2","0.05","0.4","0.45","300","6344","4336","2008","0.31651954602774274","4336","2405","0.40426975369335766","0.06701987794059427"
"580","300","0.4","0.3","0.2","0.05","0.4","0.45","300","6286","4366","1920","0.30544066178810053","4366","2378","0.3900264787074268","0.07207359119888108"
"583","300","0.4","0.3","0.2","0.05","0.4","0.5","300","5455","4165","1290","0.23648029330889092","4165","2040","0.37660210983449743","0.06425937761214637"
"581","300","0.4","0.3","0.2","0.05","0.4","0.5","300","5555","4211","1344","0.24194419441944195","4211","2051","0.37066110868235325","0.06391324602576438"
"582","300","0.4","0.3","0.2","0.05","0.4","0.5","300","5545","4139","1406","0.25356176735798014","4139","2101","0.37231102120193427","0.06182285528135411"
"584","300","0.4","0.3","0.2","0.05","0.4","0.5","300","5527","4172","1355","0.24516012303238646","4172","2027","0.3676728825456334","0.06144067260933832"
"585","300","0.4","0.3","0.2","0.05","0.4","0.5","300","5567","4189","1378","0.2475300880186815","4189","2122","0.3819771430378735","0.05021559194374698"
"586","300","0.4","0.3","0.2","0.05","0.4","0.5","300","5577","4228","1349","0.24188631880939573","4228","2101","0.376763699698813","0.05718769796833706"
"587","300","0.4","0.3","0.2","0.05","0.4","0.5","300","5542","4164","1378","0.24864669794298086","4164","2064","0.37770291642956927","0.05340943430005305"
"588","300","0.4","0.3","0.2","0.05","0.4","0.5","300","5540","4165","1375","0.24819494584837545","4165","2039","0.38096940883342634","0.05263582408491203"
"589","300","0.4","0.3","0.2","0.05","0.4","0.5","300","5546","4163","1383","0.24936891453299675","4163","2064","0.37014664223301474","0.06145007813360786"
"590","300","0.4","0.3","0.2","0.05","0.4","0.5","300","5505","4168","1337","0.24287011807447775","4168","2037","0.37192939801148994","0.05933839972650837"
"591","300","0.4","0.3","0.2","0.05","0.4","0.55","300","4899","3996","903","0.18432333129210043","3996","1804","0.3577191369022752","0.059765072243716764"
"592","300","0.4","0.3","0.2","0.05","0.4","0.55","300","4894","4014","880","0.17981201471189212","4014","1813","0.35664586563044925","0.05506942501107895"
"593","300","0.4","0.3","0.2","0.05","0.4","0.55","300","4972","4012","960","0.19308125502815768","4012","1813","0.3595225711525965","0.05937944991519841"
"594","300","0.4","0.3","0.2","0.05","0.4","0.55","300","4984","4020","964","0.19341894060995185","4020","1768","0.36061216632878795","0.04207014713424667"
"595","300","0.4","0.3","0.2","0.05","0.4","0.55","300","4933","4031","902","0.18285019258057977","4031","1859","0.36032188129316794","0.05383916324554145"
"596","300","0.4","0.3","0.2","0.05","0.4","0.55","300","4933","3996","937","0.18994526657206567","3996","1789","0.3542486407083692","0.056302634251388546"
"597","300","0.4","0.3","0.2","0.05","0.4","0.55","300","4899","3993","906","0.18493570116350275","3993","1778","0.3654701323675429","0.04707724106205782"
"598","300","0.4","0.3","0.2","0.05","0.4","0.55","300","4966","4020","946","0.1904953685058397","4020","1817","0.3578164616466428","0.06219666563282503"
"599","300","0.4","0.3","0.2","0.05","0.4","0.55","300","4883","3984","899","0.18410813024779848","3984","1769","0.35432832198739783","0.05404522428064182"
"600","300","0.4","0.3","0.2","0.05","0.4","0.55","300","4936","4013","923","0.1869935170178282","4013","1836","0.3680142630426879","0.0532580119065952"
"601","300","0.4","0.3","0.2","0.05","0.4","0.6","300","4549","3864","685","0.15058254561442075","3864","1518","0.34516741353968017","0.04814330519593789"
"603","300","0.4","0.3","0.2","0.05","0.4","0.6","300","4560","3895","665","0.14583333333333334","3895","1554","0.34266809056881536","0.05911245284865047"
"604","300","0.4","0.3","0.2","0.05","0.4","0.6","300","4556","3894","662","0.1453028972783143","3894","1526","0.34174780350723194","0.04372881230684094"
"605","300","0.4","0.3","0.2","0.05","0.4","0.6","300","4536","3866","670","0.14770723104056438","3866","1497","0.3411478286862461","0.052935373021276745"
"602","300","0.4","0.3","0.2","0.05","0.4","0.6","300","4558","3897","661","0.14501974550241334","3897","1584","0.34344071103263746","0.061000837025102526"
"606","300","0.4","0.3","0.2","0.05","0.4","0.6","300","4523","3886","637","0.14083572849878398","3886","1531","0.3461457179504124","0.04661199926076739"
"608","300","0.4","0.3","0.2","0.05","0.4","0.6","300","4506","3838","668","0.14824678206835332","3838","1505","0.3412536973832743","0.05386381099453723"
"609","300","0.4","0.3","0.2","0.05","0.4","0.6","300","4541","3882","659","0.14512221977537987","3882","1541","0.3424886967284398","0.05727097263352218"
"607","300","0.4","0.3","0.2","0.05","0.4","0.6","300","4464","3833","631","0.14135304659498207","3833","1573","0.3468317179007671","0.047966738954270845"
"611","300","0.4","0.3","0.2","0.05","0.4","0.65","300","4193","3754","439","0.1046983067016456","3754","1351","0.3330612846895485","0.04023380690259323"
"610","300","0.4","0.3","0.2","0.05","0.4","0.6","300","4541","3865","676","0.14886588857079938","3865","1600","0.3490020391807702","0.046504141090966324"
"612","300","0.4","0.3","0.2","0.05","0.4","0.65","300","4198","3743","455","0.10838494521200571","3743","1307","0.3350971617092123","0.04374999962933817"
"613","300","0.4","0.3","0.2","0.05","0.4","0.65","300","4170","3716","454","0.10887290167865707","3716","1300","0.3341769151744706","0.040689337339940214"
"614","300","0.4","0.3","0.2","0.05","0.4","0.65","300","4201","3750","451","0.10735539157343489","3750","1336","0.3325235887335667","0.0439074670951779"
"616","300","0.4","0.3","0.2","0.05","0.4","0.65","300","4189","3731","458","0.10933396992122225","3731","1299","0.3337596053323472","0.04046752728738715"
"615","300","0.4","0.3","0.2","0.05","0.4","0.65","300","4234","3747","487","0.11502125649504015","3747","1345","0.33557701180294564","0.04628300018419218"
"617","300","0.4","0.3","0.2","0.05","0.4","0.65","300","4250","3753","497","0.11694117647058823","3753","1381","0.3355454781002666","0.04999881614594483"
"619","300","0.4","0.3","0.2","0.05","0.4","0.65","300","4222","3714","508","0.12032212221695879","3714","1294","0.33111683809154885","0.031863690149595184"
"618","300","0.4","0.3","0.2","0.05","0.4","0.65","300","4207","3748","459","0.10910387449488947","3748","1336","0.33091329876474135","0.04450336130641198"
"620","300","0.4","0.3","0.2","0.05","0.4","0.65","300","4202","3732","470","0.11185149928605426","3732","1309","0.33105829118121116","0.055328125780260605"
"621","300","0.4","0.3","0.2","0.05","0.4","0.7","300","3984","3639","345","0.08659638554216867","3639","1075","0.32044043374620224","0.044260324439475224"
"623","300","0.4","0.3","0.2","0.05","0.4","0.7","300","3945","3621","324","0.08212927756653993","3621","1111","0.3240754609171028","0.04731281711613155"
"622","300","0.4","0.3","0.2","0.05","0.4","0.7","300","3947","3587","360","0.09120851279452749","3587","1051","0.32302927863508085","0.04005430145805837"
"624","300","0.4","0.3","0.2","0.05","0.4","0.7","300","3940","3605","335","0.0850253807106599","3605","1072","0.32275438682447194","0.04182301128154773"
"625","300","0.4","0.3","0.2","0.05","0.4","0.7","300","3978","3658","320","0.08044243338360986","3658","1110","0.3257418094525075","0.0410445353333516"
"626","300","0.4","0.3","0.2","0.05","0.4","0.7","300","3927","3630","297","0.07563025210084033","3630","1088","0.3253654673728322","0.04880057490725137"
"628","300","0.4","0.3","0.2","0.05","0.4","0.7","300","4003","3634","369","0.0921808643517362","3634","1115","0.3245869419657182","0.039682976955720595"
"627","300","0.4","0.3","0.2","0.05","0.4","0.7","300","3995","3662","333","0.08335419274092616","3662","1138","0.327200524200154","0.04141228112045253"
"631","300","0.4","0.3","0.2","0.05","0.4","0.75","300","3800","3548","252","0.06631578947368422","3548","842","0.31476469252231853","0.0451077988039233"
"632","300","0.4","0.3","0.2","0.05","0.4","0.75","300","3796","3541","255","0.06717597471022128","3541","885","0.31824864639622513","0.04020603741316637"
"630","300","0.4","0.3","0.2","0.05","0.4","0.7","300","3970","3653","317","0.07984886649874055","3653","1101","0.32557330332822504","0.04024504979814671"
"629","300","0.4","0.3","0.2","0.05","0.4","0.7","300","3969","3634","335","0.08440413202317965","3634","1072","0.32177988022109766","0.04235277547488531"
"633","300","0.4","0.3","0.2","0.05","0.4","0.75","300","3762","3522","240","0.06379585326953748","3522","876","0.313702039687839","0.051625159256245515"
"634","300","0.4","0.3","0.2","0.05","0.4","0.75","300","3763","3539","224","0.059526973159713","3539","860","0.3150065356340104","0.04713935064176052"
"635","300","0.4","0.3","0.2","0.05","0.4","0.75","300","3808","3543","265","0.06959033613445378","3543","872","0.31486938923229746","0.044173909429150296"
"637","300","0.4","0.3","0.2","0.05","0.4","0.75","300","3792","3568","224","0.05907172995780591","3568","876","0.3158801814477488","0.03579773718415439"
"636","300","0.4","0.3","0.2","0.05","0.4","0.75","300","3804","3547","257","0.06756046267087276","3547","888","0.31421854541923333","0.0431112398043618"
"638","300","0.4","0.3","0.2","0.05","0.4","0.75","300","3810","3563","247","0.06482939632545932","3563","872","0.3163904395601767","0.04615142536811103"
"639","300","0.4","0.3","0.2","0.05","0.4","0.75","300","3734","3509","225","0.06025709694697375","3509","908","0.31670500190635775","0.038881049529313295"
"640","300","0.4","0.3","0.2","0.05","0.4","0.75","300","3792","3562","230","0.06065400843881857","3562","948","0.317672529902465","0.03879840264224654"
"641","300","0.4","0.3","0.2","0.05","0.4","0.8","300","3631","3444","187","0.05150096392178463","3444","687","0.3113223296940092","0.030670248345579517"
"642","300","0.4","0.3","0.2","0.05","0.4","0.8","300","3611","3444","167","0.046247576848518414","3444","704","0.31020494653844094","0.04969681023450566"
"643","300","0.4","0.3","0.2","0.05","0.4","0.8","300","3624","3451","173","0.04773730684326711","3451","684","0.309011590399827","0.026185616705802165"
"644","300","0.4","0.3","0.2","0.05","0.4","0.8","300","3603","3430","173","0.048015542603386065","3430","689","0.30993335670966804","0.03695095752410951"
"646","300","0.4","0.3","0.2","0.05","0.4","0.8","300","3631","3440","191","0.052602588818507295","3440","687","0.31050283716416854","0.03790024241972904"
"645","300","0.4","0.3","0.2","0.05","0.4","0.8","300","3582","3388","194","0.05415968732551647","3388","669","0.3085909432821501","0.04388182048618817"
"647","300","0.4","0.3","0.2","0.05","0.4","0.8","300","3591","3412","179","0.04984683932052353","3412","657","0.3092865639879693","0.03921813156353138"
"648","300","0.4","0.3","0.2","0.05","0.4","0.8","300","3579","3411","168","0.04694048616932104","3411","699","0.3116680226469644","0.03545801130447117"
"649","300","0.4","0.3","0.2","0.05","0.4","0.8","300","3650","3470","180","0.049315068493150684","3470","687","0.30872023076105964","0.03424756772453541"
"650","300","0.4","0.3","0.2","0.05","0.4","0.8","300","3591","3424","167","0.04650515176830966","3424","669","0.31005100636239136","0.04341919325089522"
"651","300","0.4","0.3","0.2","0.05","0.45","0.2","300","17845","4434","13411","0.7515270383861026","4434","3565","0.5258709914606269","0.1939228579555864"
"653","300","0.4","0.3","0.2","0.05","0.45","0.2","300","17911","4447","13464","0.751716822064653","4447","3569","0.5235777006402836","0.19494538815153017"
"652","300","0.4","0.3","0.2","0.05","0.45","0.2","300","18083","4463","13620","0.7531936072554333","4463","3560","0.542252627895521","0.18640295250966035"
"654","300","0.4","0.3","0.2","0.05","0.45","0.2","300","18044","4433","13611","0.7543227665706052","4433","3502","0.5217802610586326","0.1945114549420757"
"655","300","0.4","0.3","0.2","0.05","0.45","0.2","300","17832","4470","13362","0.7493270524899058","4470","3573","0.5439959612889251","0.18937858247469563"
"656","300","0.4","0.3","0.2","0.05","0.45","0.2","300","18186","4448","13738","0.7554162542615198","4448","3533","0.5324055156752221","0.19080067877647078"
"657","300","0.4","0.3","0.2","0.05","0.45","0.2","300","18029","4524","13505","0.7490709412613012","4524","3608","0.5304028621946468","0.18897084408032977"
"658","300","0.4","0.3","0.2","0.05","0.45","0.2","300","18020","4459","13561","0.752552719200888","4459","3519","0.5177000613920688","0.19753637418097353"
"661","300","0.4","0.3","0.2","0.05","0.45","0.25","300","14320","4536","9784","0.6832402234636872","4536","3451","0.499256345516004","0.14820732098092446"
"660","300","0.4","0.3","0.2","0.05","0.45","0.2","300","18005","4451","13554","0.7527908914190503","4451","3552","0.5339929922674813","0.19546502501632765"
"659","300","0.4","0.3","0.2","0.05","0.45","0.2","300","17872","4442","13430","0.7514547896150403","4442","3541","0.5286616904625293","0.19536796638552298"
"662","300","0.4","0.3","0.2","0.05","0.45","0.25","300","14043","4500","9543","0.6795556505020295","4500","3389","0.493408394686006","0.16294965833062725"
"663","300","0.4","0.3","0.2","0.05","0.45","0.25","300","14081","4571","9510","0.6753781691641219","4571","3416","0.5130850044646593","0.13842137212462763"
"664","300","0.4","0.3","0.2","0.05","0.45","0.25","300","14082","4507","9575","0.6799460303934101","4507","3362","0.49650191275030425","0.1604721663596945"
"665","300","0.4","0.3","0.2","0.05","0.45","0.25","300","14111","4556","9555","0.6771313159946142","4556","3433","0.5135491564554931","0.14830235980361386"
"667","300","0.4","0.3","0.2","0.05","0.45","0.25","300","14136","4502","9634","0.6815223542727787","4502","3364","0.4913876061598035","0.15475610177600924"
"666","300","0.4","0.3","0.2","0.05","0.45","0.25","300","14117","4504","9613","0.6809520436353332","4504","3390","0.5024527689276549","0.15838899083764657"
"668","300","0.4","0.3","0.2","0.05","0.45","0.25","300","14113","4538","9575","0.6784524906114929","4538","3388","0.5020168987648626","0.16314328380252677"
"671","300","0.4","0.3","0.2","0.05","0.45","0.3","300","10930","4491","6439","0.5891125343092406","4491","3096","0.4803945447777278","0.11445638280574157"
"669","300","0.4","0.3","0.2","0.05","0.45","0.25","300","14039","4543","9496","0.6764014530949498","4543","3399","0.5051390660000739","0.15330484686669887"
"670","300","0.4","0.3","0.2","0.05","0.45","0.25","300","14111","4528","9583","0.6791155835872723","4528","3391","0.5078033787359282","0.15255250521720862"
"672","300","0.4","0.3","0.2","0.05","0.45","0.3","300","10988","4489","6499","0.5914634146341463","4489","3208","0.48094277027359217","0.11575369297756365"
"673","300","0.4","0.3","0.2","0.05","0.45","0.3","300","10990","4522","6468","0.5885350318471337","4522","3170","0.4763083688704576","0.11633618726251925"
"674","300","0.4","0.3","0.2","0.05","0.45","0.3","300","10889","4520","6369","0.5849021948755625","4520","3180","0.4793039106176195","0.11645986869308675"
"675","300","0.4","0.3","0.2","0.05","0.45","0.3","300","11012","4484","6528","0.5928078459861968","4484","3134","0.47185573364248434","0.12219878364769028"
"676","300","0.4","0.3","0.2","0.05","0.45","0.3","300","10937","4487","6450","0.5897412453140715","4487","3081","0.47292268995685","0.12052211207342145"
"678","300","0.4","0.3","0.2","0.05","0.45","0.3","300","10950","4468","6482","0.5919634703196347","4468","3166","0.47957876531444354","0.12164676443442107"
"677","300","0.4","0.3","0.2","0.05","0.45","0.3","300","10918","4534","6384","0.584722476644074","4534","3138","0.4754979499833921","0.12567466089611398"
"679","300","0.4","0.3","0.2","0.05","0.45","0.3","300","10846","4492","6354","0.5858380969942836","4492","3123","0.47099813604210433","0.1176574377430236"
"681","300","0.4","0.3","0.2","0.05","0.45","0.35","300","8682","4361","4321","0.49769638332181526","4361","2880","0.452209670066406","0.08794457707674724"
"683","300","0.4","0.3","0.2","0.05","0.45","0.35","300","8632","4349","4283","0.496177015755329","4349","2798","0.449651254465752","0.08640857268229839"
"682","300","0.4","0.3","0.2","0.05","0.45","0.35","300","8578","4354","4224","0.4924224761016554","4354","2850","0.4471357136486048","0.09309331892132382"
"684","300","0.4","0.3","0.2","0.05","0.45","0.35","300","8629","4352","4277","0.49565418936145555","4352","2839","0.44605069808411857","0.09528527666577441"
"685","300","0.4","0.3","0.2","0.05","0.45","0.35","300","8721","4333","4388","0.5031533081068684","4333","2807","0.4446315132903402","0.0963088274246349"
"680","300","0.4","0.3","0.2","0.05","0.45","0.3","300","11107","4479","6628","0.5967407940938148","4479","3174","0.4861156473285633","0.1122236729112715"
"686","300","0.4","0.3","0.2","0.05","0.45","0.35","300","8534","4380","4154","0.48675884696508087","4380","2799","0.4400321065482927","0.08635390411956954"
"687","300","0.4","0.3","0.2","0.05","0.45","0.35","300","8548","4362","4186","0.4897051941974731","4362","2843","0.4428581788342862","0.09918414659848426"
"688","300","0.4","0.3","0.2","0.05","0.45","0.35","300","8793","4329","4464","0.5076765609007164","4329","2819","0.44655148391256755","0.09068407007639631"
"689","300","0.4","0.3","0.2","0.05","0.45","0.35","300","8605","4381","4224","0.4908773968622894","4381","2885","0.45868772970872307","0.08090024679514836"
"691","300","0.4","0.3","0.2","0.05","0.45","0.4","300","6919","4190","2729","0.39442115912704145","4190","2530","0.41966710699919924","0.07654896060129514"
"690","300","0.4","0.3","0.2","0.05","0.45","0.35","300","8683","4367","4316","0.4970632269952781","4367","2830","0.4433313363517973","0.08531474728147895"
"693","300","0.4","0.3","0.2","0.05","0.45","0.4","300","7013","4178","2835","0.4042492513902752","4178","2479","0.42092433799960377","0.0801621137157711"
"692","300","0.4","0.3","0.2","0.05","0.45","0.4","300","7015","4196","2819","0.40185317177476837","4196","2499","0.419551769343089","0.06420808906372082"
"694","300","0.4","0.3","0.2","0.05","0.45","0.4","300","6958","4203","2755","0.3959471112388617","4203","2487","0.42464306419208053","0.07006822580004812"
"695","300","0.4","0.3","0.2","0.05","0.45","0.4","300","6981","4188","2793","0.40008594757198107","4188","2517","0.41866281323575477","0.07384842784652842"
"696","300","0.4","0.3","0.2","0.05","0.45","0.4","300","7069","4187","2882","0.40769557221672087","4187","2523","0.4172868501833","0.07644008692747654"
"697","300","0.4","0.3","0.2","0.05","0.45","0.4","300","7079","4150","2929","0.4137590055092527","4150","2558","0.4181973917390908","0.07101437410299882"
"698","300","0.4","0.3","0.2","0.05","0.45","0.4","300","6988","4194","2794","0.3998282770463652","4194","2532","0.42489323370239407","0.07400934843241538"
"699","300","0.4","0.3","0.2","0.05","0.45","0.4","300","7069","4157","2912","0.41193945395388315","4157","2477","0.41388688381176225","0.07841993832268584"
"701","300","0.4","0.3","0.2","0.05","0.45","0.45","300","5888","4007","1881","0.3194633152173913","4007","2215","0.3996717271744606","0.0632994275616309"
"700","300","0.4","0.3","0.2","0.05","0.45","0.4","300","7058","4172","2886","0.40889770473221876","4172","2589","0.4245307081297903","0.07312407793065825"
"702","300","0.4","0.3","0.2","0.05","0.45","0.45","300","5903","4008","1895","0.3210232085380315","4008","2242","0.39424024442153965","0.06034318377133547"
"703","300","0.4","0.3","0.2","0.05","0.45","0.45","300","5868","4015","1853","0.3157805044308112","4015","2219","0.399487858624713","0.06161653818813871"
"705","300","0.4","0.3","0.2","0.05","0.45","0.45","300","5736","4006","1730","0.30160390516039054","4006","2236","0.393518649275525","0.07875908327122466"
"704","300","0.4","0.3","0.2","0.05","0.45","0.45","300","5881","4027","1854","0.3152525080768577","4027","2217","0.39692368466209943","0.05131830273219765"
"707","300","0.4","0.3","0.2","0.05","0.45","0.45","300","5930","4021","1909","0.32192242833052276","4021","2213","0.39392420195699435","0.06524153546753655"
"708","300","0.4","0.3","0.2","0.05","0.45","0.45","300","5967","3998","1969","0.3299815652756829","3998","2177","0.3952983280497681","0.05878270889961682"
"706","300","0.4","0.3","0.2","0.05","0.45","0.45","300","5870","4031","1839","0.3132879045996593","4031","2214","0.39707966440878734","0.0610067517397028"
"710","300","0.4","0.3","0.2","0.05","0.45","0.45","300","5883","4011","1872","0.31820499745028047","4011","2188","0.3952386543948127","0.06327222136484324"
"709","300","0.4","0.3","0.2","0.05","0.45","0.45","300","5871","4008","1863","0.31732243229432805","4008","2248","0.3921914213921216","0.07483764418519849"
"711","300","0.4","0.3","0.2","0.05","0.45","0.5","300","5148","3845","1303","0.25310800310800313","3845","1939","0.3781604088278434","0.0634777431014841"
"712","300","0.4","0.3","0.2","0.05","0.45","0.5","300","5137","3860","1277","0.24858867043021218","3860","1948","0.37407967517060403","0.05548049667313071"
"713","300","0.4","0.3","0.2","0.05","0.45","0.5","300","5082","3862","1220","0.2400629673356946","3862","1889","0.38273611493556037","0.04870349855835115"
"714","300","0.4","0.3","0.2","0.05","0.45","0.5","300","5109","3850","1259","0.24642787238207087","3850","1927","0.3771662231895272","0.04445738614229492"
"715","300","0.4","0.3","0.2","0.05","0.45","0.5","300","5123","3867","1256","0.24516884637907477","3867","1971","0.37638877983366525","0.05186296507284727"
"716","300","0.4","0.3","0.2","0.05","0.45","0.5","300","5116","3863","1253","0.24491790461297888","3863","1924","0.3729786854589997","0.05981262339146346"
"717","300","0.4","0.3","0.2","0.05","0.45","0.5","300","5175","3854","1321","0.2552657004830918","3854","1895","0.37663921119318533","0.05985596102533409"
"718","300","0.4","0.3","0.2","0.05","0.45","0.5","300","5132","3875","1257","0.24493374902572096","3875","1924","0.377072885077563","0.05460810230449847"
"719","300","0.4","0.3","0.2","0.05","0.45","0.5","300","5204","3886","1318","0.25326671790930055","3886","1971","0.3794570232090296","0.06192436876108204"
"721","300","0.4","0.3","0.2","0.05","0.45","0.55","300","4622","3725","897","0.19407183037646042","3725","1652","0.35563932381247626","0.0489315193686207"
"720","300","0.4","0.3","0.2","0.05","0.45","0.5","300","5140","3871","1269","0.24688715953307394","3871","1934","0.3727006474040022","0.05390145368491589"
"722","300","0.4","0.3","0.2","0.05","0.45","0.55","300","4534","3715","819","0.18063520070577857","3715","1677","0.36141660865499253","0.058895075209043135"
"723","300","0.4","0.3","0.2","0.05","0.45","0.55","300","4556","3720","836","0.18349429323968394","3720","1648","0.3609785661726888","0.04449406716548646"
"724","300","0.4","0.3","0.2","0.05","0.45","0.55","300","4631","3718","913","0.19714964370546317","3718","1716","0.35746559066440153","0.05233563369650696"
"725","300","0.4","0.3","0.2","0.05","0.45","0.55","300","4571","3747","824","0.18026690002187706","3747","1661","0.3557421425601628","0.04850691375206368"
"727","300","0.4","0.3","0.2","0.05","0.45","0.55","300","4541","3725","816","0.17969610218013654","3725","1688","0.36204886210121096","0.04507422774407342"
"726","300","0.4","0.3","0.2","0.05","0.45","0.55","300","4636","3742","894","0.1928386540120794","3742","1691","0.3587582823878478","0.04324501992719379"
"728","300","0.4","0.3","0.2","0.05","0.45","0.55","300","4523","3718","805","0.17797921733362812","3718","1663","0.35602855819860557","0.05645138355384356"
"731","300","0.4","0.3","0.2","0.05","0.45","0.6","300","4213","3589","624","0.148112983622122","3589","1445","0.34770448181801106","0.04964977572079252"
"730","300","0.4","0.3","0.2","0.05","0.45","0.55","300","4592","3730","862","0.18771777003484322","3730","1721","0.35941100886562116","0.04805530444661729"
"732","300","0.4","0.3","0.2","0.05","0.45","0.6","300","4230","3622","608","0.14373522458628843","3622","1470","0.3438256599329098","0.04779540259840872"
"729","300","0.4","0.3","0.2","0.05","0.45","0.55","300","4660","3735","925","0.1984978540772532","3735","1706","0.3636849259870855","0.03898715505697315"
"733","300","0.4","0.3","0.2","0.05","0.45","0.6","300","4238","3620","618","0.1458235016517225","3620","1426","0.34571464184992756","0.05140604470285242"
"734","300","0.4","0.3","0.2","0.05","0.45","0.6","300","4218","3611","607","0.14390706495969655","3611","1463","0.3447309303708669","0.04903425441464373"
"735","300","0.4","0.3","0.2","0.05","0.45","0.6","300","4263","3618","645","0.15130190007037297","3618","1455","0.35049881411764744","0.046156858779224305"
"736","300","0.4","0.3","0.2","0.05","0.45","0.6","300","4264","3629","635","0.14892120075046905","3629","1482","0.3482750241040657","0.04164980437483535"
"737","300","0.4","0.3","0.2","0.05","0.45","0.6","300","4206","3578","628","0.14931050879695673","3578","1447","0.34328049922514864","0.04624503347858379"
"738","300","0.4","0.3","0.2","0.05","0.45","0.6","300","4209","3598","611","0.14516512235685436","3598","1444","0.3505108132399005","0.04158410782948278"
"739","300","0.4","0.3","0.2","0.05","0.45","0.6","300","4260","3634","626","0.14694835680751173","3634","1432","0.34561343213565765","0.045306381335499926"
"740","300","0.4","0.3","0.2","0.05","0.45","0.6","300","4246","3642","604","0.14225153085256712","3642","1485","0.34554600206146824","0.035705517135942964"
"741","300","0.4","0.3","0.2","0.05","0.45","0.65","300","3940","3523","417","0.10583756345177665","3523","1192","0.33358451008669077","0.049051871901943045"
"742","300","0.4","0.3","0.2","0.05","0.45","0.65","300","3975","3529","446","0.11220125786163522","3529","1259","0.3326797347650344","0.03397102262025909"
"744","300","0.4","0.3","0.2","0.05","0.45","0.65","300","3943","3480","463","0.11742328176515343","3480","1175","0.3308939188149806","0.0424977996837564"
"743","300","0.4","0.3","0.2","0.05","0.45","0.65","300","3957","3518","439","0.11094263330806166","3518","1222","0.3370001668495868","0.0441593766358191"
"746","300","0.4","0.3","0.2","0.05","0.45","0.65","300","3968","3530","438","0.11038306451612903","3530","1200","0.3313776455753321","0.04210232493658612"
"745","300","0.4","0.3","0.2","0.05","0.45","0.65","300","3968","3519","449","0.11315524193548387","3519","1232","0.33894213865248946","0.03509741053525424"
"747","300","0.4","0.3","0.2","0.05","0.45","0.65","300","3940","3523","417","0.10583756345177665","3523","1180","0.3297690412574182","0.03949598755787965"
"748","300","0.4","0.3","0.2","0.05","0.45","0.65","300","3965","3510","455","0.11475409836065574","3510","1266","0.3346606753246615","0.03946855144459351"
"749","300","0.4","0.3","0.2","0.05","0.45","0.65","300","3967","3505","462","0.11646080161330981","3505","1232","0.3359127299560322","0.040839922001819726"
"750","300","0.4","0.3","0.2","0.05","0.45","0.65","300","3941","3525","416","0.10555696523724943","3525","1210","0.332483448364779","0.039260368206538596"
"751","300","0.4","0.3","0.2","0.05","0.45","0.7","300","3735","3427","308","0.08246318607764391","3427","1046","0.3262907471259638","0.037310188003088565"
"752","300","0.4","0.3","0.2","0.05","0.45","0.7","300","3727","3393","334","0.08961631338878455","3393","968","0.32521533536735264","0.037435053825849704"
"753","300","0.4","0.3","0.2","0.05","0.45","0.7","300","3763","3436","327","0.08689875099654532","3436","1060","0.324690721002415","0.040651998451098105"
"755","300","0.4","0.3","0.2","0.05","0.45","0.7","300","3691","3400","291","0.07884042264968844","3400","967","0.3245667841867508","0.030806574279384567"
"754","300","0.4","0.3","0.2","0.05","0.45","0.7","300","3737","3406","331","0.08857372223708858","3406","1037","0.3241054911441839","0.04123883168050166"
"757","300","0.4","0.3","0.2","0.05","0.45","0.7","300","3728","3390","338","0.09066523605150215","3390","998","0.3220116017381856","0.04796131579893371"
"756","300","0.4","0.3","0.2","0.05","0.45","0.7","300","3675","3383","292","0.07945578231292517","3383","984","0.322287680214804","0.04599961552582898"
"759","300","0.4","0.3","0.2","0.05","0.45","0.7","300","3731","3413","318","0.0852318413294023","3413","1046","0.3237541857752838","0.03910633367159404"
"758","300","0.4","0.3","0.2","0.05","0.45","0.7","300","3696","3393","303","0.08198051948051949","3393","1015","0.32416439620617266","0.04175808064352956"
"760","300","0.4","0.3","0.2","0.05","0.45","0.7","300","3693","3395","298","0.08069320335770376","3395","1009","0.325314744934472","0.03637025755165322"
"761","300","0.4","0.3","0.2","0.05","0.45","0.75","300","3583","3361","222","0.061959252023444045","3361","822","0.314874481213403","0.03056087702384726"
"762","300","0.4","0.3","0.2","0.05","0.45","0.75","300","3554","3304","250","0.07034327518289252","3304","788","0.3167275869394894","0.04048318929458148"
"763","300","0.4","0.3","0.2","0.05","0.45","0.75","300","3554","3329","225","0.06330894766460327","3329","817","0.3179398158799735","0.0436079762441976"
"764","300","0.4","0.3","0.2","0.05","0.45","0.75","300","3515","3296","219","0.06230440967283073","3296","835","0.3187600907388447","0.0397654932419786"
"766","300","0.4","0.3","0.2","0.05","0.45","0.75","300","3611","3347","264","0.07310994184436444","3347","837","0.316573137706976","0.03769780114054624"
"765","300","0.4","0.3","0.2","0.05","0.45","0.75","300","3546","3329","217","0.06119571347997744","3329","826","0.3176600787921626","0.044706478835035784"
"767","300","0.4","0.3","0.2","0.05","0.45","0.75","300","3602","3386","216","0.059966685174902834","3386","835","0.31805418312802824","0.03661988272072619"
"771","300","0.4","0.3","0.2","0.05","0.45","0.8","300","3443","3272","171","0.04966598896311356","3272","640","0.3105753517497972","0.03531370599778846"
"770","300","0.4","0.3","0.2","0.05","0.45","0.75","300","3597","3351","246","0.06839032527105922","3351","818","0.31952609973562357","0.02935951360266872"
"769","300","0.4","0.3","0.2","0.05","0.45","0.75","300","3571","3327","244","0.06832819938392608","3327","856","0.3179887294002872","0.038249466292041324"
"768","300","0.4","0.3","0.2","0.05","0.45","0.75","300","3563","3351","212","0.059500420993544766","3351","847","0.3143064623668091","0.03150993169289572"
"772","300","0.4","0.3","0.2","0.05","0.45","0.8","300","3463","3295","168","0.048512850129945134","3295","663","0.3106611241297897","0.040061367638658044"
"773","300","0.4","0.3","0.2","0.05","0.45","0.8","300","3454","3277","177","0.051244933410538505","3277","636","0.3090355653847058","0.038893151818059565"
"775","300","0.4","0.3","0.2","0.05","0.45","0.8","300","3431","3260","171","0.04983969688137569","3260","695","0.3098200548128881","0.03796378548276004"
"774","300","0.4","0.3","0.2","0.05","0.45","0.8","300","3425","3267","158","0.04613138686131387","3267","615","0.3083319376902177","0.040683093812139505"
"777","300","0.4","0.3","0.2","0.05","0.45","0.8","300","3494","3283","211","0.060389238694905555","3283","684","0.3113634868618256","0.03486920889813756"
"776","300","0.4","0.3","0.2","0.05","0.45","0.8","300","3454","3274","180","0.05211349160393746","3274","665","0.3108270654356197","0.03321588167491437"
"778","300","0.4","0.3","0.2","0.05","0.45","0.8","300","3436","3253","183","0.05325960419091967","3253","623","0.3097164008995765","0.033837326601537404"
"779","300","0.4","0.3","0.2","0.05","0.45","0.8","300","3447","3282","165","0.047867711053089644","3282","649","0.3091011541256494","0.03802231310283305"
"780","300","0.4","0.3","0.2","0.05","0.45","0.8","300","3498","3313","185","0.052887364208118924","3313","669","0.3112153085438005","0.031324135950523295"
"781","300","0.4","0.3","0.2","0.05","0.5","0.2","300","16963","4217","12746","0.7514001061133054","4217","3320","0.5255614371856305","0.18791333160621898"
"782","300","0.4","0.3","0.2","0.05","0.5","0.2","300","17114","4229","12885","0.7528923688208484","4229","3384","0.5479434025474991","0.17742753178885765"
"785","300","0.4","0.3","0.2","0.05","0.5","0.2","300","17221","4176","13045","0.7575053713489345","4176","3366","0.531969383890675","0.1865165066988104"
"784","300","0.4","0.3","0.2","0.05","0.5","0.2","300","17081","4226","12855","0.7525905977401791","4226","3383","0.5384186142215787","0.18631608999868773"
"783","300","0.4","0.3","0.2","0.05","0.5","0.2","300","17231","4184","13047","0.7571818234577216","4184","3371","0.5359036953809725","0.18090965627778907"
"786","300","0.4","0.3","0.2","0.05","0.5","0.2","300","17422","4192","13230","0.7593846860291585","4192","3430","0.5404186226147912","0.1839838921767271"
"787","300","0.4","0.3","0.2","0.05","0.5","0.2","300","17093","4196","12897","0.7545193939039373","4196","3367","0.5296882270608447","0.1853823805271028"
"788","300","0.4","0.3","0.2","0.05","0.5","0.2","300","17046","4186","12860","0.7544291915992022","4186","3384","0.5282052292376268","0.18951732481231484"
"789","300","0.4","0.3","0.2","0.05","0.5","0.2","300","17151","4252","12899","0.7520844265640487","4252","3379","0.53803615741626","0.17936501011836675"
"792","300","0.4","0.3","0.2","0.05","0.5","0.25","300","13443","4244","9199","0.6842966599717325","4244","3173","0.5002974136625559","0.1439609168527892"
"791","300","0.4","0.3","0.2","0.05","0.5","0.25","300","13432","4239","9193","0.684410363311495","4239","3186","0.5049531497133368","0.1347569937387171"
"793","300","0.4","0.3","0.2","0.05","0.5","0.25","300","13526","4264","9262","0.6847552861156292","4264","3217","0.5085896087759678","0.14158456111247109"
"796","300","0.4","0.3","0.2","0.05","0.5","0.25","300","13435","4285","9150","0.6810569408262003","4285","3237","0.5163558825020405","0.13759010785365805"
"790","300","0.4","0.3","0.2","0.05","0.5","0.2","300","17136","4196","12940","0.7551353874883286","4196","3329","0.5222635676316688","0.18893308010498355"
"794","300","0.4","0.3","0.2","0.05","0.5","0.25","300","13578","4271","9307","0.6854470466931801","4271","3219","0.5147611988349207","0.14244687844306847"
"795","300","0.4","0.3","0.2","0.05","0.5","0.25","300","13312","4250","9062","0.6807391826923077","4250","3165","0.5050835390174261","0.14981940808610456"
"797","300","0.4","0.3","0.2","0.05","0.5","0.25","300","13116","4275","8841","0.6740622140896615","4275","3155","0.502649000980902","0.1485198845926587"
"799","300","0.4","0.3","0.2","0.05","0.5","0.25","300","13199","4245","8954","0.6783847261156148","4245","3176","0.5112026857795346","0.14179495990015356"
"800","300","0.4","0.3","0.2","0.05","0.5","0.25","300","13286","4291","8995","0.6770284510010537","4291","3248","0.5091629832684936","0.14528955126536927"
"801","300","0.4","0.3","0.2","0.05","0.5","0.3","300","10339","4158","6181","0.5978334461746784","4158","2907","0.4689790365297149","0.1109275694418552"
"798","300","0.4","0.3","0.2","0.05","0.5","0.25","300","13281","4253","9028","0.6797680897522776","4253","3203","0.5132570160430371","0.13695400023220206"
"802","300","0.4","0.3","0.2","0.05","0.5","0.3","300","10173","4222","5951","0.5849798486188932","4222","2968","0.47594122501851854","0.10900296194909397"
"803","300","0.4","0.3","0.2","0.05","0.5","0.3","300","10359","4174","6185","0.5970653537986292","4174","2934","0.47960791142235354","0.11009540032088708"
"804","300","0.4","0.3","0.2","0.05","0.5","0.3","300","10222","4214","6008","0.5877519076501663","4214","2954","0.4744712934182123","0.11200236978520489"
"805","300","0.4","0.3","0.2","0.05","0.5","0.3","300","10227","4206","6021","0.5887356996186565","4206","2932","0.4717854381065919","0.11099226362367155"
"806","300","0.4","0.3","0.2","0.05","0.5","0.3","300","10393","4229","6164","0.5930915038968536","4229","2953","0.47957111504203215","0.10330994121615138"
"807","300","0.4","0.3","0.2","0.05","0.5","0.3","300","10249","4215","6034","0.5887403649136501","4215","2977","0.4874911645347693","0.1079068033775498"
"808","300","0.4","0.3","0.2","0.05","0.5","0.3","300","10195","4220","5975","0.5860716037273173","4220","2935","0.4741217053209301","0.11376247219777437"
"810","300","0.4","0.3","0.2","0.05","0.5","0.3","300","10360","4174","6186","0.5971042471042471","4174","2885","0.46834782773562855","0.1147951867898724"
"811","300","0.4","0.3","0.2","0.05","0.5","0.35","300","8031","4060","3971","0.4944589714854937","4060","2667","0.451395457274017","0.0923680156899814"
"809","300","0.4","0.3","0.2","0.05","0.5","0.3","300","10354","4156","6198","0.59860923314661","4156","2975","0.4776946782765188","0.11116925833910739"
"812","300","0.4","0.3","0.2","0.05","0.5","0.35","300","8015","4025","3990","0.4978165938864629","4025","2643","0.4450452233622014","0.08499848582806199"
"813","300","0.4","0.3","0.2","0.05","0.5","0.35","300","8040","4058","3982","0.49527363184079604","4058","2630","0.43660665699597256","0.09144324438467212"
"814","300","0.4","0.3","0.2","0.05","0.5","0.35","300","8028","4050","3978","0.49551569506726456","4050","2598","0.4531452565255924","0.08167797523712726"
"817","300","0.4","0.3","0.2","0.05","0.5","0.35","300","7933","4060","3873","0.488213790495399","4060","2635","0.450660534881881","0.0819052751964262"
"821","300","0.4","0.3","0.2","0.05","0.5","0.4","300","6603","3888","2715","0.41117673784643344","3888","2288","0.41499431489517163","0.0760578537092218"
"815","300","0.4","0.3","0.2","0.05","0.5","0.35","300","7901","4095","3806","0.4817111758005316","4095","2647","0.44632146304234455","0.08402683422813136"
"816","300","0.4","0.3","0.2","0.05","0.5","0.35","300","7969","4078","3891","0.4882670347596938","4078","2650","0.45340008583287245","0.08142838694312005"
"818","300","0.4","0.3","0.2","0.05","0.5","0.35","300","8181","4056","4125","0.5042170883755042","4056","2698","0.4408313548767354","0.08691616295498429"
"819","300","0.4","0.3","0.2","0.05","0.5","0.35","300","8121","4065","4056","0.4994458810491319","4065","2652","0.44621446465991027","0.08128483361346389"
"820","300","0.4","0.3","0.2","0.05","0.5","0.35","300","8055","4057","3998","0.49633767846058346","4057","2680","0.45032589099080506","0.08702820404143916"
"822","300","0.4","0.3","0.2","0.05","0.5","0.4","300","6605","3887","2718","0.4115064345193036","3887","2344","0.4229208703204373","0.06741091051377375"
"823","300","0.4","0.3","0.2","0.05","0.5","0.4","300","6500","3913","2587","0.398","3913","2327","0.41567971182400876","0.07882024842567766"
"824","300","0.4","0.3","0.2","0.05","0.5","0.4","300","6517","3904","2613","0.40095135798680376","3904","2356","0.42160819140825706","0.0637565155327671"
"825","300","0.4","0.3","0.2","0.05","0.5","0.4","300","6499","3908","2591","0.398676719495307","3908","2359","0.41688711748698903","0.07347236344390831"
"826","300","0.4","0.3","0.2","0.05","0.5","0.4","300","6565","3884","2681","0.40837776085300836","3884","2311","0.41721098232209763","0.06797332886409413"
"827","300","0.4","0.3","0.2","0.05","0.5","0.4","300","6554","3921","2633","0.4017393957888312","3921","2342","0.4251632622460852","0.06398394632257648"
"828","300","0.4","0.3","0.2","0.05","0.5","0.4","300","6495","3944","2551","0.39276366435719784","3944","2428","0.4193331308608512","0.06840512034544778"
"829","300","0.4","0.3","0.2","0.05","0.5","0.4","300","6479","3910","2569","0.39651180737768177","3910","2321","0.4225460435718818","0.06821467548281464"
"830","300","0.4","0.3","0.2","0.05","0.5","0.4","300","6514","3928","2586","0.39699109610070615","3928","2356","0.41466609465767673","0.06816211873067807"
"831","300","0.4","0.3","0.2","0.05","0.5","0.45","300","5512","3766","1746","0.3167634252539913","3766","2071","0.396984532823654","0.06257409175331322"
"832","300","0.4","0.3","0.2","0.05","0.5","0.45","300","5580","3746","1834","0.328673835125448","3746","2057","0.4030995274219371","0.04388979498754014"
"833","300","0.4","0.3","0.2","0.05","0.5","0.45","300","5449","3738","1711","0.31400256927876674","3738","2047","0.3938274565136315","0.06942992559950274"
"834","300","0.4","0.3","0.2","0.05","0.5","0.45","300","5550","3762","1788","0.32216216216216215","3762","2145","0.3947177814277655","0.05840388264979334"
"836","300","0.4","0.3","0.2","0.05","0.5","0.45","300","5492","3743","1749","0.31846321922796794","3743","2087","0.39617085324075985","0.06966810934292264"
"835","300","0.4","0.3","0.2","0.05","0.5","0.45","300","5527","3737","1790","0.3238646643748869","3737","2075","0.39689621743459624","0.05360855738554014"
"838","300","0.4","0.3","0.2","0.05","0.5","0.45","300","5393","3722","1671","0.309846096792138","3722","1998","0.39204683688008274","0.06400909247162902"
"837","300","0.4","0.3","0.2","0.05","0.5","0.45","300","5436","3734","1702","0.31309786607799855","3734","2030","0.3908723343649211","0.06074532309092965"
"839","300","0.4","0.3","0.2","0.05","0.5","0.45","300","5570","3773","1797","0.32262118491921005","3773","2069","0.40341110444453027","0.04649005225659071"
"840","300","0.4","0.3","0.2","0.05","0.5","0.45","300","5496","3747","1749","0.3182314410480349","3747","2045","0.3972134329639937","0.0640758458667814"
"841","300","0.4","0.3","0.2","0.05","0.5","0.5","300","4840","3618","1222","0.2524793388429752","3618","1862","0.3719100229775447","0.04793518076847875"
"844","300","0.4","0.3","0.2","0.05","0.5","0.5","300","4762","3606","1156","0.24275514489710207","3606","1801","0.37723876654689403","0.04701202293799196"
"842","300","0.4","0.3","0.2","0.05","0.5","0.5","300","4851","3655","1196","0.24654710368996083","3655","1812","0.37398280087970187","0.048415994320357376"
"843","300","0.4","0.3","0.2","0.05","0.5","0.5","300","4778","3609","1169","0.24466303892842192","3609","1827","0.37681618536177636","0.05301372465474453"
"845","300","0.4","0.3","0.2","0.05","0.5","0.5","300","4818","3596","1222","0.2536322125363221","3596","1864","0.3803278277588457","0.05519935636111901"
"847","300","0.4","0.3","0.2","0.05","0.5","0.5","300","4809","3629","1180","0.24537325847369515","3629","1763","0.37907166964283173","0.05055937746602299"
"848","300","0.4","0.3","0.2","0.05","0.5","0.5","300","4851","3651","1200","0.24737167594310452","3651","1800","0.3765329851252928","0.043001257658866386"
"846","300","0.4","0.3","0.2","0.05","0.5","0.5","300","4811","3634","1177","0.24464768239451257","3634","1830","0.375344106718335","0.05277984359011"
"850","300","0.4","0.3","0.2","0.05","0.5","0.5","300","4810","3624","1186","0.24656964656964658","3624","1757","0.376337826225496","0.05397649594013238"
"849","300","0.4","0.3","0.2","0.05","0.5","0.5","300","4876","3656","1220","0.2502050861361772","3656","1877","0.38079050398705755","0.04213168782078748"
"851","300","0.4","0.3","0.2","0.05","0.5","0.55","300","4367","3527","840","0.19235172887565835","3527","1574","0.35176152470366895","0.04115646997508847"
"852","300","0.4","0.3","0.2","0.05","0.5","0.55","300","4345","3489","856","0.19700805523590334","3489","1554","0.35849461524976073","0.04556202931749077"
"853","300","0.4","0.3","0.2","0.05","0.5","0.55","300","4385","3546","839","0.19133409350057012","3546","1585","0.36534805191176334","0.04678813785773906"
"854","300","0.4","0.3","0.2","0.05","0.5","0.55","300","4310","3492","818","0.18979118329466357","3492","1574","0.3576126858381553","0.048097261904071806"
"855","300","0.4","0.3","0.2","0.05","0.5","0.55","300","4387","3504","883","0.20127649874629588","3504","1588","0.3610520937427606","0.0438613390794595"
"856","300","0.4","0.3","0.2","0.05","0.5","0.55","300","4335","3508","827","0.19077277970011533","3508","1575","0.3586574876206553","0.04931123067859752"
"857","300","0.4","0.3","0.2","0.05","0.5","0.55","300","4306","3494","812","0.18857408267533673","3494","1593","0.3639533713489108","0.036912889695038566"
"858","300","0.4","0.3","0.2","0.05","0.5","0.55","300","4319","3522","797","0.18453345681870803","3522","1543","0.35618504491162956","0.04447628347258601"
"861","300","0.4","0.3","0.2","0.05","0.5","0.6","300","3998","3430","568","0.14207103551775888","3430","1394","0.3474353309207633","0.05326357008631316"
"859","300","0.4","0.3","0.2","0.05","0.5","0.55","300","4389","3530","859","0.19571656413761676","3530","1540","0.3598518210131781","0.04153884415115817"
"863","300","0.4","0.3","0.2","0.05","0.5","0.6","300","3950","3385","565","0.14303797468354432","3385","1364","0.34644502209555045","0.04766010968592927"
"864","300","0.4","0.3","0.2","0.05","0.5","0.6","300","4004","3423","581","0.1451048951048951","3423","1377","0.3480526093732159","0.041792239750356355"
"862","300","0.4","0.3","0.2","0.05","0.5","0.6","300","4021","3411","610","0.15170355632927132","3411","1318","0.34440588086097174","0.04213273932604614"
"865","300","0.4","0.3","0.2","0.05","0.5","0.6","300","3949","3384","565","0.14307419599898707","3384","1359","0.34839352076080754","0.04423060891719437"
"867","300","0.4","0.3","0.2","0.05","0.5","0.6","300","4015","3419","596","0.14844333748443336","3419","1356","0.345015090187413","0.04512749308154255"
"866","300","0.4","0.3","0.2","0.05","0.5","0.6","300","3920","3381","539","0.1375","3381","1353","0.34289942974208043","0.036680414092410296"
"860","300","0.4","0.3","0.2","0.05","0.5","0.55","300","4356","3508","848","0.19467401285583102","3508","1635","0.36990869534045456","0.03720323622999472"
"868","300","0.4","0.3","0.2","0.05","0.5","0.6","300","3996","3406","590","0.14764764764764765","3406","1376","0.3477319797405002","0.03914262099797748"
"870","300","0.4","0.3","0.2","0.05","0.5","0.6","300","3955","3396","559","0.14134007585335018","3396","1396","0.34527253135013986","0.044362647187693734"
"869","300","0.4","0.3","0.2","0.05","0.5","0.6","300","4015","3461","554","0.13798256537982564","3461","1403","0.34626334988750057","0.04141663066442485"
"871","300","0.4","0.3","0.2","0.05","0.5","0.65","300","3715","3337","378","0.10174966352624495","3337","1152","0.33482066652664294","0.04642054360698963"
"872","300","0.4","0.3","0.2","0.05","0.5","0.65","300","3736","3302","434","0.11616702355460386","3302","1166","0.33506122119650905","0.03911963829762792"
"873","300","0.4","0.3","0.2","0.05","0.5","0.65","300","3755","3337","418","0.11131824234354194","3337","1156","0.3329599758308486","0.030064233201594934"
"875","300","0.4","0.3","0.2","0.05","0.5","0.65","300","3697","3304","393","0.10630240735731675","3304","1110","0.329610945061395","0.04208465334593748"
"876","300","0.4","0.3","0.2","0.05","0.5","0.65","300","3778","3358","420","0.1111699311805188","3358","1164","0.33325399525692667","0.04085459202529354"
"874","300","0.4","0.3","0.2","0.05","0.5","0.65","300","3750","3327","423","0.1128","3327","1139","0.33356413515355104","0.033438352604136024"
"877","300","0.4","0.3","0.2","0.05","0.5","0.65","300","3716","3337","379","0.10199138858988159","3337","1152","0.340700330369423","0.0347996201405012"
"879","300","0.4","0.3","0.2","0.05","0.5","0.65","300","3755","3330","425","0.11318242343541944","3330","1179","0.3348358529556368","0.036750097176004456"
"878","300","0.4","0.3","0.2","0.05","0.5","0.65","300","3722","3296","426","0.11445459430413756","3296","1112","0.32906073923936036","0.0392997818717606"
"881","300","0.4","0.3","0.2","0.05","0.5","0.7","300","3518","3229","289","0.08214894826606026","3229","954","0.32281133292377634","0.04723729451956061"
"882","300","0.4","0.3","0.2","0.05","0.5","0.7","300","3569","3266","303","0.08489773045671056","3266","983","0.32304423644867086","0.03564376387689214"
"880","300","0.4","0.3","0.2","0.05","0.5","0.65","300","3806","3372","434","0.11403047819232791","3372","1198","0.3362676805014132","0.042934609254686805"
"883","300","0.4","0.3","0.2","0.05","0.5","0.7","300","3629","3287","342","0.09424083769633508","3287","984","0.32957675414068227","0.03794180229375865"
"884","300","0.4","0.3","0.2","0.05","0.5","0.7","300","3559","3249","310","0.08710311885361056","3249","995","0.32607405331871026","0.04292243313257373"
"885","300","0.4","0.3","0.2","0.05","0.5","0.7","300","3567","3276","291","0.0815811606391926","3276","968","0.32697418216941077","0.04099230822523705"
"886","300","0.4","0.3","0.2","0.05","0.5","0.7","300","3567","3248","319","0.08943089430894309","3248","959","0.3265482270025279","0.03545707251868618"
"887","300","0.4","0.3","0.2","0.05","0.5","0.7","300","3577","3251","326","0.0911378249930109","3251","1017","0.32532579415767804","0.03627123333655574"
"888","300","0.4","0.3","0.2","0.05","0.5","0.7","300","3543","3238","305","0.08608523849844764","3238","985","0.3227694256113975","0.036069307310850715"
"889","300","0.4","0.3","0.2","0.05","0.5","0.7","300","3527","3229","298","0.08449106889707968","3229","965","0.3231463044149716","0.04516877238768962"
"890","300","0.4","0.3","0.2","0.05","0.5","0.7","300","3586","3258","328","0.09146681539319576","3258","994","0.3241021038152155","0.040838795411039935"
"893","300","0.4","0.3","0.2","0.05","0.5","0.75","300","3438","3224","214","0.062245491564863295","3224","803","0.31775150282529807","0.03987826399274059"
"892","300","0.4","0.3","0.2","0.05","0.5","0.75","300","3438","3221","217","0.06311809191390343","3221","829","0.3197095077991742","0.03410341421817555"
"895","300","0.4","0.3","0.2","0.05","0.5","0.75","300","3379","3177","202","0.05978100029594555","3177","755","0.3163776052204083","0.0368384765657632"
"891","300","0.4","0.3","0.2","0.05","0.5","0.75","300","3459","3235","224","0.06475860075166233","3235","778","0.3153654462084071","0.034409456425681266"
"894","300","0.4","0.3","0.2","0.05","0.5","0.75","300","3441","3215","226","0.06567858180761407","3215","760","0.3168614916815516","0.03448767620501924"
"897","300","0.4","0.3","0.2","0.05","0.5","0.75","300","3487","3227","260","0.07456266131344996","3227","791","0.31657679250265636","0.04118921987842846"
"898","300","0.4","0.3","0.2","0.05","0.5","0.75","300","3425","3202","223","0.06510948905109488","3202","771","0.3183073008053541","0.037327455967805935"
"896","300","0.4","0.3","0.2","0.05","0.5","0.75","300","3463","3231","232","0.06699393589373376","3231","797","0.315578019970209","0.031937959152687045"
"899","300","0.4","0.3","0.2","0.05","0.5","0.75","300","3415","3178","237","0.06939970717423133","3178","829","0.3171168984241562","0.04002107834672771"
"900","300","0.4","0.3","0.2","0.05","0.5","0.75","300","3465","3207","258","0.07445887445887446","3207","810","0.31733854543281803","0.04371954423002082"
"902","300","0.4","0.3","0.2","0.05","0.5","0.8","300","3329","3173","156","0.046860919194953436","3173","622","0.3107893912475566","0.03581721797340001"
"904","300","0.4","0.3","0.2","0.05","0.5","0.8","300","3310","3142","168","0.05075528700906345","3142","657","0.3110457437297987","0.027827606546409835"
"901","300","0.4","0.3","0.2","0.05","0.5","0.8","300","3302","3152","150","0.04542701393095094","3152","630","0.3101858312659903","0.03554819415448495"
"905","300","0.4","0.3","0.2","0.05","0.5","0.8","300","3326","3164","162","0.0487071557426338","3164","669","0.3107839152325119","0.035076368198632656"
"903","300","0.4","0.3","0.2","0.05","0.5","0.8","300","3316","3157","159","0.04794933655006031","3157","612","0.3088045954036822","0.043138157418179224"
"907","300","0.4","0.3","0.2","0.05","0.5","0.8","300","3377","3180","197","0.05833580100681078","3180","634","0.31195116122123306","0.03659108717689831"
"906","300","0.4","0.3","0.2","0.05","0.5","0.8","300","3319","3147","172","0.051822838204278396","3147","616","0.310911455231862","0.029983130442041473"
"908","300","0.4","0.3","0.2","0.05","0.5","0.8","300","3302","3145","157","0.04754694124772865","3145","622","0.3113699960695001","0.03022752284356547"
"909","300","0.4","0.3","0.2","0.05","0.5","0.8","300","3312","3143","169","0.051026570048309176","3143","615","0.30892240598737253","0.03635797040852669"
"910","300","0.4","0.3","0.2","0.05","0.5","0.8","300","3302","3130","172","0.05208964264082374","3130","645","0.3116410811099857","0.03023336566380556"
"911","300","0.4","0.3","0.2","0.05","0.55","0.2","300","16522","4013","12509","0.7571117298147924","4013","3206","0.5336653714001446","0.17710829208634357"
"912","300","0.4","0.3","0.2","0.05","0.55","0.2","300","16504","3982","12522","0.7587251575375666","3982","3221","0.5403544479309571","0.18500321730852554"
"913","300","0.4","0.3","0.2","0.05","0.55","0.2","300","16545","4037","12508","0.7559987911755818","4037","3211","0.5354488455353335","0.1766864017855945"
"914","300","0.4","0.3","0.2","0.05","0.55","0.2","300","16529","4012","12517","0.7572750922620848","4012","3212","0.5354858828050284","0.17630859765471943"
"915","300","0.4","0.3","0.2","0.05","0.55","0.2","300","16514","3998","12516","0.7579023858544266","3998","3205","0.5431410791205161","0.1804304370206339"
"916","300","0.4","0.3","0.2","0.05","0.55","0.2","300","16541","3971","12570","0.7599298712290672","3971","3186","0.5317147973894775","0.18050735697371453"
"917","300","0.4","0.3","0.2","0.05","0.55","0.2","300","16419","4012","12407","0.7556489432973994","4012","3215","0.5365810460967407","0.1843825828289042"
"921","300","0.4","0.3","0.2","0.05","0.55","0.25","300","12707","4041","8666","0.6819863067600536","4041","3012","0.5052321616401966","0.140147966780213"
"920","300","0.4","0.3","0.2","0.05","0.55","0.2","300","16563","3979","12584","0.7597657429209684","3979","3187","0.5290664586605365","0.18004492518864118"
"919","300","0.4","0.3","0.2","0.05","0.55","0.2","300","16501","4024","12477","0.7561359917580752","4024","3185","0.5362259352650242","0.17265167103229825"
"918","300","0.4","0.3","0.2","0.05","0.55","0.2","300","16284","4009","12275","0.753807418324736","4009","3191","0.5417987207903348","0.1742363754832372"
"922","300","0.4","0.3","0.2","0.05","0.55","0.25","300","12583","4019","8564","0.6806008106174998","4019","3051","0.5017730849946775","0.14569815495183272"
"923","300","0.4","0.3","0.2","0.05","0.55","0.25","300","12605","4070","8535","0.6771122570408568","4070","3014","0.5060579941897462","0.13505733881983129"
"924","300","0.4","0.3","0.2","0.05","0.55","0.25","300","12669","4016","8653","0.6830057620964559","4016","3025","0.5055913383265352","0.14263156545733077"
"925","300","0.4","0.3","0.2","0.05","0.55","0.25","300","12591","4043","8548","0.6788976252879041","4043","3042","0.49722793626725337","0.1487374846369284"
"928","300","0.4","0.3","0.2","0.05","0.55","0.25","300","12527","4044","8483","0.677177297038397","4044","2996","0.5004040815870116","0.13793665582332387"
"927","300","0.4","0.3","0.2","0.05","0.55","0.25","300","12580","4039","8541","0.6789348171701113","4039","2998","0.5073980995740472","0.12851403044007262"
"926","300","0.4","0.3","0.2","0.05","0.55","0.25","300","12701","4022","8679","0.6833320211007007","4022","3039","0.49165268733862594","0.13905282001926908"
"929","300","0.4","0.3","0.2","0.05","0.55","0.25","300","12684","4020","8664","0.6830652790917692","4020","3008","0.5197881417673674","0.12235372264900013"
"930","300","0.4","0.3","0.2","0.05","0.55","0.25","300","12708","4022","8686","0.6835064526282657","4022","3002","0.5027733090803999","0.14054632567618433"
"931","300","0.4","0.3","0.2","0.05","0.55","0.3","300","9684","3939","5745","0.5932465923172243","3939","2774","0.4844496428805012","0.0945931504483208"
"932","300","0.4","0.3","0.2","0.05","0.55","0.3","300","9621","3959","5662","0.5885043134809271","3959","2774","0.4784180350155785","0.09763801777981343"
"933","300","0.4","0.3","0.2","0.05","0.55","0.3","300","9576","3937","5639","0.5888680033416875","3937","2791","0.48003588287662724","0.11273395059788759"
"934","300","0.4","0.3","0.2","0.05","0.55","0.3","300","9576","3950","5626","0.5875104427736006","3950","2774","0.47642316444223354","0.10563790284958446"
"935","300","0.4","0.3","0.2","0.05","0.55","0.3","300","9655","3958","5697","0.5900569653029518","3958","2761","0.4765245749470491","0.09869616113259355"
"936","300","0.4","0.3","0.2","0.05","0.55","0.3","300","9542","3958","5584","0.5852022636763781","3958","2763","0.46963939561503165","0.10624715757124605"
"938","300","0.4","0.3","0.2","0.05","0.55","0.3","300","9702","3949","5753","0.5929705215419501","3949","2762","0.48906837062281494","0.09664974305216913"
"939","300","0.4","0.3","0.2","0.05","0.55","0.3","300","9643","3926","5717","0.5928652908845795","3926","2750","0.46803217245412604","0.1077745264547881"
"937","300","0.4","0.3","0.2","0.05","0.55","0.3","300","9714","3915","5799","0.5969734403953058","3915","2831","0.48583078958012854","0.10374791117673435"
"941","300","0.4","0.3","0.2","0.05","0.55","0.35","300","7569","3795","3774","0.49861276258422516","3795","2529","0.44211485130378636","0.0858947065783532"
"942","300","0.4","0.3","0.2","0.05","0.55","0.35","300","7530","3776","3754","0.498539176626826","3776","2494","0.45519787593511146","0.08527300753358585"
"940","300","0.4","0.3","0.2","0.05","0.55","0.3","300","9598","3961","5637","0.5873098562200458","3961","2791","0.48063054526333543","0.10391412227812546"
"943","300","0.4","0.3","0.2","0.05","0.55","0.35","300","7392","3834","3558","0.48133116883116883","3834","2522","0.4533299556215006","0.0770660830777496"
"946","300","0.4","0.3","0.2","0.05","0.55","0.35","300","7349","3818","3531","0.4804735338141244","3818","2457","0.4454764553652493","0.08076758229668243"
"944","300","0.4","0.3","0.2","0.05","0.55","0.35","300","7523","3799","3724","0.49501528645487175","3799","2468","0.4512440850940746","0.08672395605596164"
"945","300","0.4","0.3","0.2","0.05","0.55","0.35","300","7565","3832","3733","0.49345670852610707","3832","2439","0.45221934413383785","0.07577494358859774"
"947","300","0.4","0.3","0.2","0.05","0.55","0.35","300","7602","3802","3800","0.4998684556695606","3802","2524","0.4431650492792201","0.08861654595539828"
"948","300","0.4","0.3","0.2","0.05","0.55","0.35","300","7541","3795","3746","0.49675109401936085","3795","2447","0.4490856201597716","0.08228524159324806"
"949","300","0.4","0.3","0.2","0.05","0.55","0.35","300","7545","3803","3742","0.49595758780649435","3803","2536","0.4528481804843355","0.08093899400129038"
"952","300","0.4","0.3","0.2","0.05","0.55","0.4","300","6195","3663","2532","0.40871670702179175","3663","2203","0.4238186246243577","0.05053161399444128"
"953","300","0.4","0.3","0.2","0.05","0.55","0.4","300","6146","3658","2488","0.40481614057923854","3658","2164","0.41654033151729314","0.05806046951274991"
"954","300","0.4","0.3","0.2","0.05","0.55","0.4","300","6104","3671","2433","0.3985910878112713","3671","2196","0.41868260918634687","0.06155644037400567"
"950","300","0.4","0.3","0.2","0.05","0.55","0.35","300","7523","3797","3726","0.49528113784394523","3797","2487","0.44586616420077924","0.0872275398326121"
"951","300","0.4","0.3","0.2","0.05","0.55","0.4","300","6064","3668","2396","0.3951187335092348","3668","2149","0.4120673926573548","0.061196808600752016"
"957","300","0.4","0.3","0.2","0.05","0.55","0.4","300","6087","3661","2426","0.39855429604074255","3661","2172","0.4184611297857","0.05990679940527304"
"958","300","0.4","0.3","0.2","0.05","0.55","0.4","300","6040","3692","2348","0.3887417218543046","3692","2138","0.42218274346539","0.058765166154868174"
"955","300","0.4","0.3","0.2","0.05","0.55","0.4","300","6100","3681","2419","0.3965573770491803","3681","2229","0.4250286332239915","0.0586117484506678"
"956","300","0.4","0.3","0.2","0.05","0.55","0.4","300","6065","3655","2410","0.3973619126133553","3655","2203","0.42322138805025866","0.06679933563326432"
"959","300","0.4","0.3","0.2","0.05","0.55","0.4","300","6090","3666","2424","0.3980295566502463","3666","2192","0.4168114102148134","0.07612760162304275"
"960","300","0.4","0.3","0.2","0.05","0.55","0.4","300","6032","3661","2371","0.39307029177718833","3661","2242","0.4207155380916282","0.06271102645091675"
"962","300","0.4","0.3","0.2","0.05","0.55","0.45","300","5140","3536","1604","0.3120622568093385","3536","1946","0.3912908880523076","0.0567249730434076"
"961","300","0.4","0.3","0.2","0.05","0.55","0.45","300","5131","3538","1593","0.3104657961411031","3538","1943","0.4017471395963321","0.052783694320584926"
"964","300","0.4","0.3","0.2","0.05","0.55","0.45","300","5183","3543","1640","0.3164190623191202","3543","1904","0.385280413158322","0.05688057468077634"
"963","300","0.4","0.3","0.2","0.05","0.55","0.45","300","5140","3524","1616","0.31439688715953307","3524","1921","0.3980785715581091","0.06340766366890174"
"965","300","0.4","0.3","0.2","0.05","0.55","0.45","300","5159","3561","1598","0.3097499515409963","3561","1925","0.3917195087725592","0.05145239974765286"
"967","300","0.4","0.3","0.2","0.05","0.55","0.45","300","5257","3536","1721","0.3273730264409359","3536","1939","0.39256893099330215","0.05774514688040575"
"966","300","0.4","0.3","0.2","0.05","0.55","0.45","300","5113","3507","1606","0.3141013103852924","3507","1938","0.39705013711640014","0.05003862571050295"
"971","300","0.4","0.3","0.2","0.05","0.55","0.5","300","4633","3424","1209","0.26095402546945823","3424","1701","0.37310192360020805","0.047035927261636676"
"968","300","0.4","0.3","0.2","0.05","0.55","0.45","300","5161","3499","1662","0.32203061422205","3499","1908","0.39403839866760443","0.05183129784584387"
"969","300","0.4","0.3","0.2","0.05","0.55","0.45","300","5199","3528","1671","0.3214079630698211","3528","1930","0.39207823776367406","0.06411342824456076"
"970","300","0.4","0.3","0.2","0.05","0.55","0.45","300","5200","3528","1672","0.32153846153846155","3528","1981","0.39523667225539594","0.062292573460611324"
"972","300","0.4","0.3","0.2","0.05","0.55","0.5","300","4608","3414","1194","0.2591145833333333","3414","1745","0.3786506713758581","0.04708588150720273"
"973","300","0.4","0.3","0.2","0.05","0.55","0.5","300","4593","3443","1150","0.25038101458741563","3443","1708","0.3782286109757072","0.045427557002011114"
"974","300","0.4","0.3","0.2","0.05","0.55","0.5","300","4571","3410","1161","0.253992561802669","3410","1688","0.36978608689021414","0.05364744856511225"
"977","300","0.4","0.3","0.2","0.05","0.55","0.5","300","4593","3421","1172","0.2551709122577836","3421","1714","0.37517605215854277","0.04463039561345887"
"976","300","0.4","0.3","0.2","0.05","0.55","0.5","300","4622","3429","1193","0.2581133708351363","3429","1755","0.3797113322020988","0.048548156184553055"
"975","300","0.4","0.3","0.2","0.05","0.55","0.5","300","4528","3410","1118","0.24690812720848057","3410","1703","0.3727672330343029","0.04224568629460424"
"978","300","0.4","0.3","0.2","0.05","0.55","0.5","300","4576","3430","1146","0.2504370629370629","3430","1739","0.3791675429339599","0.045424215955967025"
"979","300","0.4","0.3","0.2","0.05","0.55","0.5","300","4527","3423","1104","0.243870112657389","3423","1743","0.3706329495237076","0.04685558083751418"
"982","300","0.4","0.3","0.2","0.05","0.55","0.55","300","4126","3325","801","0.19413475521085796","3325","1501","0.35750510096750193","0.05373495271666689"
"980","300","0.4","0.3","0.2","0.05","0.55","0.5","300","4556","3401","1155","0.25351185250219493","3401","1679","0.3683570907376704","0.056595703419655606"
"981","300","0.4","0.3","0.2","0.05","0.55","0.55","300","4120","3343","777","0.18859223300970873","3343","1447","0.35540782970307455","0.04493153439540869"
"985","300","0.4","0.3","0.2","0.05","0.55","0.55","300","4093","3332","761","0.18592719276814074","3332","1545","0.3618589921943572","0.039559199791495"
"984","300","0.4","0.3","0.2","0.05","0.55","0.55","300","4118","3325","793","0.1925692083535697","3325","1435","0.3542970107437892","0.04609048945929842"
"983","300","0.4","0.3","0.2","0.05","0.55","0.55","300","4203","3395","808","0.1922436354984535","3395","1575","0.36652846646476955","0.043089204458353444"
"987","300","0.4","0.3","0.2","0.05","0.55","0.55","300","4153","3322","831","0.20009631591620516","3322","1490","0.36078444671436394","0.042597746479631764"
"986","300","0.4","0.3","0.2","0.05","0.55","0.55","300","4105","3304","801","0.1951278928136419","3304","1506","0.36434296684293005","0.04431995562614725"
"988","300","0.4","0.3","0.2","0.05","0.55","0.55","300","4095","3335","760","0.1855921855921856","3335","1500","0.36804817992656536","0.030446621365265086"
"990","300","0.4","0.3","0.2","0.05","0.55","0.55","300","4154","3362","792","0.1906596051998074","3362","1501","0.3610236494523528","0.04318510627585669"
"989","300","0.4","0.3","0.2","0.05","0.55","0.55","300","4157","3333","824","0.19821987009862882","3333","1471","0.36026694029240164","0.038380255463679194"
"991","300","0.4","0.3","0.2","0.05","0.55","0.6","300","3807","3221","586","0.15392697662201207","3221","1292","0.3474595933985454","0.037781070460861314"
"992","300","0.4","0.3","0.2","0.05","0.55","0.6","300","3793","3235","558","0.14711310308462958","3235","1294","0.3429766879539301","0.04132669928438935"
"993","300","0.4","0.3","0.2","0.05","0.55","0.6","300","3821","3268","553","0.14472651138445433","3268","1336","0.3475878524907969","0.04426007850985364"
"994","300","0.4","0.3","0.2","0.05","0.55","0.6","300","3801","3218","583","0.1533806892922915","3218","1334","0.34689264763045624","0.04018379554436419"
"995","300","0.4","0.3","0.2","0.05","0.55","0.6","300","3841","3265","576","0.14996094766987764","3265","1260","0.33952684671789823","0.03769746076221509"
"996","300","0.4","0.3","0.2","0.05","0.55","0.6","300","3775","3231","544","0.14410596026490066","3231","1312","0.34374575324312245","0.04669780141770854"
"998","300","0.4","0.3","0.2","0.05","0.55","0.6","300","3823","3273","550","0.14386607376405963","3273","1305","0.34670408805093733","0.03844937484344324"
"997","300","0.4","0.3","0.2","0.05","0.55","0.6","300","3806","3228","578","0.15186547556489752","3228","1324","0.34551113357211866","0.042662144514793506"
"999","300","0.4","0.3","0.2","0.05","0.55","0.6","300","3805","3264","541","0.14218134034165572","3264","1317","0.35174421425077157","0.04227233000532833"
"1000","300","0.4","0.3","0.2","0.05","0.55","0.6","300","3755","3233","522","0.13901464713715048","3233","1300","0.3474399655485767","0.03283110445771771"
"1003","300","0.4","0.3","0.2","0.05","0.55","0.65","300","3624","3192","432","0.11920529801324503","3192","1120","0.3395575797408388","0.0402412241182722"
"1004","300","0.4","0.3","0.2","0.05","0.55","0.65","300","3609","3198","411","0.11388196176226101","3198","1132","0.33290049578126624","0.03786121417056575"
"1001","300","0.4","0.3","0.2","0.05","0.55","0.65","300","3640","3219","421","0.11565934065934066","3219","1134","0.33394425237440845","0.03718622823722254"
"1002","300","0.4","0.3","0.2","0.05","0.55","0.65","300","3582","3205","377","0.10524846454494696","3205","1129","0.33313344718907406","0.03578514266560148"
"1005","300","0.4","0.3","0.2","0.05","0.55","0.65","300","3614","3205","409","0.1131710016602103","3205","1120","0.3365286954407787","0.036329190707316765"
"1006","300","0.4","0.3","0.2","0.05","0.55","0.65","300","3597","3171","426","0.11843202668890743","3171","1103","0.3350050707976449","0.040295690829431546"
"1007","300","0.4","0.3","0.2","0.05","0.55","0.65","300","3556","3161","395","0.11107986501687289","3161","1075","0.3357101300660567","0.050438539074990754"
"1008","300","0.4","0.3","0.2","0.05","0.55","0.65","300","3617","3206","411","0.11363008017694222","3206","1147","0.33727357254411394","0.03344911409619439"
"1010","300","0.4","0.3","0.2","0.05","0.55","0.65","300","3604","3179","425","0.1179245283018868","3179","1146","0.3359122805692821","0.04117409851084003"
"1009","300","0.4","0.3","0.2","0.05","0.55","0.65","300","3550","3161","389","0.1095774647887324","3161","1125","0.3375024699824635","0.03459447277827892"
"1013","300","0.4","0.3","0.2","0.05","0.55","0.7","300","3446","3138","308","0.0893789901334881","3138","934","0.3287495118019145","0.032198609053790905"
"1011","300","0.4","0.3","0.2","0.05","0.55","0.7","300","3461","3160","301","0.08696908407974574","3160","957","0.32597337366650986","0.02860833833017785"
"1012","300","0.4","0.3","0.2","0.05","0.55","0.7","300","3457","3166","291","0.08417703210876483","3166","951","0.32727309301287827","0.04079696480308701"
"1014","300","0.4","0.3","0.2","0.05","0.55","0.7","300","3431","3130","301","0.08772952491984844","3130","942","0.3249651564094691","0.036332715807925596"
"1016","300","0.4","0.3","0.2","0.05","0.55","0.7","300","3464","3169","295","0.08516166281755197","3169","942","0.3286583918220182","0.035430187466546935"
"1015","300","0.4","0.3","0.2","0.05","0.55","0.7","300","3417","3142","275","0.08047995317529998","3142","910","0.32543742456272906","0.03656859611150587"
"1017","300","0.4","0.3","0.2","0.05","0.55","0.7","300","3490","3199","291","0.0833810888252149","3199","997","0.32384023780784943","0.036233486375863"
"1018","300","0.4","0.3","0.2","0.05","0.55","0.7","300","3453","3153","300","0.08688097306689835","3153","972","0.32797166890238727","0.04459052981031726"
"1020","300","0.4","0.3","0.2","0.05","0.55","0.7","300","3405","3088","317","0.09309838472834067","3088","914","0.3222225709919784","0.04272380351505797"
"1019","300","0.4","0.3","0.2","0.05","0.55","0.7","300","3407","3156","251","0.07367185206926916","3156","919","0.3246251122616863","0.031796940081352816"
"1021","300","0.4","0.3","0.2","0.05","0.55","0.75","300","3300","3071","229","0.0693939393939394","3071","756","0.3163685594431031","0.04186257363141101"
"1023","300","0.4","0.3","0.2","0.05","0.55","0.75","300","3298","3074","224","0.06791995148574893","3074","743","0.31626626955226517","0.040444042489176636"
"1024","300","0.4","0.3","0.2","0.05","0.55","0.75","300","3317","3088","229","0.0690382876092855","3088","766","0.32131509174999506","0.03495449370695916"
"1022","300","0.4","0.3","0.2","0.05","0.55","0.75","300","3291","3088","203","0.06168337891218475","3088","770","0.31912057508849967","0.03598611090681811"
"1025","300","0.4","0.3","0.2","0.05","0.55","0.75","300","3344","3120","224","0.06698564593301436","3120","743","0.31625139963225213","0.04616877120751638"
"1026","300","0.4","0.3","0.2","0.05","0.55","0.75","300","3344","3145","199","0.05950956937799043","3145","795","0.3185816294743596","0.04597190429051372"
"1029","300","0.4","0.3","0.2","0.05","0.55","0.75","300","3336","3110","226","0.06774580335731414","3110","780","0.3166816920753783","0.03970585441074371"
"1028","300","0.4","0.3","0.2","0.05","0.55","0.75","300","3311","3068","243","0.07339172455451526","3068","797","0.31751655847340016","0.033670466353734954"
"1027","300","0.4","0.3","0.2","0.05","0.55","0.75","300","3353","3133","220","0.0656128839844915","3133","802","0.318873834834815","0.03223973226394394"
"1030","300","0.4","0.3","0.2","0.05","0.55","0.75","300","3313","3084","229","0.06912164201629943","3084","779","0.32123784749030404","0.040744157201571436"
"1031","300","0.4","0.3","0.2","0.05","0.55","0.8","300","3258","3087","171","0.052486187845303865","3087","613","0.3105157741318925","0.03759655975307295"
"1032","300","0.4","0.3","0.2","0.05","0.55","0.8","300","3256","3093","163","0.05006142506142506","3093","622","0.31084700681684563","0.03414973287746652"
"1033","300","0.4","0.3","0.2","0.05","0.55","0.8","300","3223","3042","181","0.056158858206639774","3042","580","0.3119886341433457","0.027400691768117554"
"1034","300","0.4","0.3","0.2","0.05","0.55","0.8","300","3215","3081","134","0.0416796267496112","3081","601","0.3135123138541797","0.030527759298011693"
"1035","300","0.4","0.3","0.2","0.05","0.55","0.8","300","3257","3084","173","0.05311636475284004","3084","619","0.3124990648443575","0.03099706064615424"
"1036","300","0.4","0.3","0.2","0.05","0.55","0.8","300","3255","3110","145","0.0445468509984639","3110","602","0.3120018701057376","0.03450170678087119"
"1038","300","0.4","0.3","0.2","0.05","0.55","0.8","300","3188","3030","158","0.04956085319949812","3030","627","0.3087479863083772","0.0325102767710677"
"1037","300","0.4","0.3","0.2","0.05","0.55","0.8","300","3215","3052","163","0.05069984447900466","3052","611","0.31296568984795387","0.031142139492762393"
"1039","300","0.4","0.3","0.2","0.05","0.55","0.8","300","3200","3053","147","0.0459375","3053","593","0.3088986170761702","0.029693606547147026"
"1040","300","0.4","0.3","0.2","0.05","0.55","0.8","300","3217","3043","174","0.05408765930991607","3043","631","0.3096453312284057","0.029258320322955587"
"1041","300","0.4","0.3","0.2","0.05","0.6","0.2","300","15987","3828","12159","0.7605554513041847","3828","3001","0.5369653279506391","0.16169804901472645"
"1042","300","0.4","0.3","0.2","0.05","0.6","0.2","300","15921","3823","12098","0.7598768921550154","3823","3083","0.5441392712249996","0.1627155260710271"
"1043","300","0.4","0.3","0.2","0.05","0.6","0.2","300","15894","3816","12078","0.7599093997734995","3816","3064","0.5362037594639265","0.17145391551320327"
"1046","300","0.4","0.3","0.2","0.05","0.6","0.2","300","15958","3802","12156","0.761749592680787","3802","3038","0.5361639912053628","0.16794276805068564"
"1045","300","0.4","0.3","0.2","0.05","0.6","0.2","300","15801","3851","11950","0.756281248022277","3851","3101","0.5342011947342363","0.16657794008992327"
"1049","300","0.4","0.3","0.2","0.05","0.6","0.2","300","15984","3795","12189","0.762575075075075","3795","3064","0.547433886078391","0.17459670603996608"
"1047","300","0.4","0.3","0.2","0.05","0.6","0.2","300","15892","3819","12073","0.7596904102693179","3819","3073","0.5343545684984741","0.17960965359330525"
"1044","300","0.4","0.3","0.2","0.05","0.6","0.2","300","15773","3841","11932","0.7564825968427059","3841","3060","0.5338459826338787","0.16946638719019372"
"1048","300","0.4","0.3","0.2","0.05","0.6","0.2","300","15886","3819","12067","0.7595996474883545","3819","3005","0.531409985308793","0.16790076954321417"
"1051","300","0.4","0.3","0.2","0.05","0.6","0.25","300","11960","3833","8127","0.6795150501672241","3833","2869","0.5108044137267624","0.125122971823951"
"1050","300","0.4","0.3","0.2","0.05","0.6","0.2","300","15887","3831","12056","0.7588594448291056","3831","3092","0.535686906717218","0.17790015740601225"
"1053","300","0.4","0.3","0.2","0.05","0.6","0.25","300","12027","3821","8206","0.6822981624677809","3821","2887","0.5098827569298959","0.12643688903011235"
"1052","300","0.4","0.3","0.2","0.05","0.6","0.25","300","12130","3770","8360","0.6892003297609234","3770","2869","0.507987179977171","0.13801820671645584"
"1054","300","0.4","0.3","0.2","0.05","0.6","0.25","300","12101","3802","8299","0.6858110899925626","3802","2865","0.5071875806757743","0.1260659017534882"
"1055","300","0.4","0.3","0.2","0.05","0.6","0.25","300","12087","3794","8293","0.6861090427732275","3794","2822","0.5135559010423056","0.12529078304110994"
"1056","300","0.4","0.3","0.2","0.05","0.6","0.25","300","12130","3824","8306","0.6847485572959604","3824","2884","0.51250032483428","0.12894073470654277"
"1057","300","0.4","0.3","0.2","0.05","0.6","0.25","300","12066","3817","8249","0.6836565556108072","3817","2839","0.511211050103266","0.1303621263602555"
"1061","300","0.4","0.3","0.2","0.05","0.6","0.3","300","9203","3693","5510","0.598717809409975","3693","2636","0.4785521660295268","0.10964085551381388"
"1063","300","0.4","0.3","0.2","0.05","0.6","0.3","300","9156","3737","5419","0.5918523372651813","3737","2691","0.48500362905691086","0.09442381343536234"
"1060","300","0.4","0.3","0.2","0.05","0.6","0.25","300","12052","3841","8211","0.6812977099236641","3841","2884","0.5173434309927057","0.11973829496669502"
"1059","300","0.4","0.3","0.2","0.05","0.6","0.25","300","11998","3821","8177","0.6815302550425071","3821","2843","0.5064903049004231","0.12434665584193327"
"1062","300","0.4","0.3","0.2","0.05","0.6","0.3","300","9160","3716","5444","0.5943231441048035","3716","2650","0.47373299526824736","0.10427325837441202"
"1058","300","0.4","0.3","0.2","0.05","0.6","0.25","300","12088","3841","8247","0.682246856386499","3841","2849","0.5107301704412872","0.11302397895681487"
"1064","300","0.4","0.3","0.2","0.05","0.6","0.3","300","9119","3693","5426","0.5950213839236759","3693","2644","0.4855471842435042","0.09745049453841272"
"1065","300","0.4","0.3","0.2","0.05","0.6","0.3","300","9129","3716","5413","0.5929455581115127","3716","2631","0.4675179959978888","0.09468375047814159"
"1066","300","0.4","0.3","0.2","0.05","0.6","0.3","300","9056","3720","5336","0.5892226148409894","3720","2638","0.4802005137961968","0.10127554068532622"
"1068","300","0.4","0.3","0.2","0.05","0.6","0.3","300","9036","3744","5292","0.5856573705179283","3744","2644","0.4818619452977346","0.09120596705437733"
"1071","300","0.4","0.3","0.2","0.05","0.6","0.35","300","7073","3590","3483","0.49243602431782835","3590","2344","0.4428327068535217","0.08052335146007496"
"1069","300","0.4","0.3","0.2","0.05","0.6","0.3","300","9036","3747","5289","0.5853253652058433","3747","2615","0.47127219498938444","0.0964715060809709"
"1067","300","0.4","0.3","0.2","0.05","0.6","0.3","300","9000","3733","5267","0.5852222222222222","3733","2579","0.46814704622731446","0.09918399161990908"
"1070","300","0.4","0.3","0.2","0.05","0.6","0.3","300","9212","3702","5510","0.5981328701693444","3702","2600","0.47366297819597547","0.1083476181255083"
"1073","300","0.4","0.3","0.2","0.05","0.6","0.35","300","7111","3596","3515","0.4943045985093517","3596","2345","0.4475906814011759","0.0658275075582243"
"1072","300","0.4","0.3","0.2","0.05","0.6","0.35","300","7047","3585","3462","0.49127288207747977","3585","2319","0.4509724622562543","0.0806851339331202"
"1074","300","0.4","0.3","0.2","0.05","0.6","0.35","300","7107","3563","3544","0.49866328971436613","3563","2322","0.44834587563656764","0.08018233147435411"
"1075","300","0.4","0.3","0.2","0.05","0.6","0.35","300","7051","3604","3447","0.48886682740036874","3604","2379","0.45523924814468253","0.07286699530282889"
"1076","300","0.4","0.3","0.2","0.05","0.6","0.35","300","7148","3597","3551","0.496782316731953","3597","2315","0.44813765120188054","0.07676328963443972"
"1077","300","0.4","0.3","0.2","0.05","0.6","0.35","300","7037","3591","3446","0.4896973141963905","3591","2299","0.4412489958275475","0.0740845588868632"
"1079","300","0.4","0.3","0.2","0.05","0.6","0.35","300","7056","3605","3451","0.48908730158730157","3605","2367","0.45147920161959915","0.07173250664915813"
"1078","300","0.4","0.3","0.2","0.05","0.6","0.35","300","7200","3578","3622","0.5030555555555556","3578","2333","0.44465556279103197","0.07559167364475329"
"1080","300","0.4","0.3","0.2","0.05","0.6","0.35","300","6974","3587","3387","0.4856610266704904","3587","2307","0.4419430327277979","0.0783318282313756"
"1082","300","0.4","0.3","0.2","0.05","0.6","0.4","300","5784","3410","2374","0.41044260027662516","3410","2058","0.41071598700022977","0.07020989072295604"
"1083","300","0.4","0.3","0.2","0.05","0.6","0.4","300","5805","3481","2324","0.40034453057708874","3481","2114","0.42238757207596206","0.057001780683212336"
"1084","300","0.4","0.3","0.2","0.05","0.6","0.4","300","5726","3492","2234","0.39015019210618235","3492","2109","0.41621980001986353","0.0639715873839131"
"1081","300","0.4","0.3","0.2","0.05","0.6","0.4","300","5725","3458","2267","0.3959825327510917","3458","2105","0.42521942177026884","0.05802032368561665"
"1085","300","0.4","0.3","0.2","0.05","0.6","0.4","300","5788","3425","2363","0.4082584657912923","3425","2045","0.4116310310367444","0.06539822931062411"
"1086","300","0.4","0.3","0.2","0.05","0.6","0.4","300","5803","3461","2342","0.403584352920903","3461","2130","0.4216521012225049","0.06211103548223068"
"1087","300","0.4","0.3","0.2","0.05","0.6","0.4","300","5744","3483","2261","0.3936281337047354","3483","2051","0.42404454564531857","0.057744502044168915"
"1088","300","0.4","0.3","0.2","0.05","0.6","0.4","300","5715","3465","2250","0.3937007874015748","3465","2021","0.41761976081611957","0.06465934653905961"
"1089","300","0.4","0.3","0.2","0.05","0.6","0.4","300","5740","3476","2264","0.39442508710801394","3476","2079","0.4189571555567198","0.059060923607409596"
"1092","300","0.4","0.3","0.2","0.05","0.6","0.45","300","4940","3334","1606","0.32510121457489877","3334","1832","0.39650767556145006","0.05843903033628077"
"1090","300","0.4","0.3","0.2","0.05","0.6","0.4","300","5770","3460","2310","0.4003466204506066","3460","2118","0.41692267092361507","0.06998743074387133"
"1091","300","0.4","0.3","0.2","0.05","0.6","0.45","300","4936","3373","1563","0.31665316045380876","3373","1845","0.3923752024526831","0.05723634631850153"
"1093","300","0.4","0.3","0.2","0.05","0.6","0.45","300","4979","3332","1647","0.3307893151235188","3332","1813","0.3840945469938078","0.05089439014770165"
"1095","300","0.4","0.3","0.2","0.05","0.6","0.45","300","4804","3377","1427","0.2970441298917569","3377","1811","0.4010624288247231","0.05764846346654876"
"1094","300","0.4","0.3","0.2","0.05","0.6","0.45","300","4927","3349","1578","0.32027603003856303","3349","1856","0.3999324756214185","0.04721854539601862"
"1096","300","0.4","0.3","0.2","0.05","0.6","0.45","300","4975","3367","1608","0.32321608040201005","3367","1865","0.3957613018833999","0.051538496606094816"
"1099","300","0.4","0.3","0.2","0.05","0.6","0.45","300","4863","3364","1499","0.3082459387209541","3364","1882","0.39965431463111994","0.04752044972700831"
"1098","300","0.4","0.3","0.2","0.05","0.6","0.45","300","4888","3336","1552","0.31751227495908346","3336","1919","0.39840375511412435","0.05439188156300171"
"1097","300","0.4","0.3","0.2","0.05","0.6","0.45","300","4920","3373","1547","0.3144308943089431","3373","1868","0.39971339691708324","0.0500777873170369"
"1100","300","0.4","0.3","0.2","0.05","0.6","0.45","300","4920","3339","1581","0.32134146341463415","3339","1815","0.39866962035952935","0.05589407791793635"
"1101","300","0.4","0.3","0.2","0.05","0.6","0.5","300","4350","3254","1096","0.2519540229885057","3254","1625","0.3814985029148563","0.04685575024053935"
"1102","300","0.4","0.3","0.2","0.05","0.6","0.5","300","4370","3250","1120","0.2562929061784897","3250","1595","0.37511784043283863","0.04352027601177494"
"1103","300","0.4","0.3","0.2","0.05","0.6","0.5","300","4316","3255","1061","0.2458294717330862","3255","1643","0.3802665514472083","0.05459690254034128"
"1104","300","0.4","0.3","0.2","0.05","0.6","0.5","300","4296","3273","1023","0.23812849162011174","3273","1704","0.3809970213110533","0.06170566334250535"
"1106","300","0.4","0.3","0.2","0.05","0.6","0.5","300","4321","3267","1054","0.24392501735709327","3267","1613","0.3774071501413136","0.041846282578541456"
"1105","300","0.4","0.3","0.2","0.05","0.6","0.5","300","4311","3263","1048","0.24309904894456041","3263","1618","0.38723038988552166","0.04195631423140726"
"1107","300","0.4","0.3","0.2","0.05","0.6","0.5","300","4312","3260","1052","0.24397031539888683","3260","1616","0.3835285729877089","0.039362279325562986"
"1108","300","0.4","0.3","0.2","0.05","0.6","0.5","300","4407","3286","1121","0.25436805082822783","3286","1630","0.37835360955950786","0.03840970955305328"
"1109","300","0.4","0.3","0.2","0.05","0.6","0.5","300","4369","3260","1109","0.25383382925154496","3260","1642","0.39144755652716734","0.04033814574379728"
"1111","300","0.4","0.3","0.2","0.05","0.6","0.55","300","3916","3148","768","0.1961184882533197","3148","1426","0.35977261229536184","0.044502398972014114"
"1110","300","0.4","0.3","0.2","0.05","0.6","0.5","300","4305","3245","1060","0.2462253193960511","3245","1666","0.37541038185790265","0.04253725757288965"
"1112","300","0.4","0.3","0.2","0.05","0.6","0.55","300","3895","3160","735","0.18870346598202825","3160","1370","0.36328230777379217","0.040083731469761"
"1114","300","0.4","0.3","0.2","0.05","0.6","0.55","300","3947","3184","763","0.19331137572840132","3184","1409","0.36309737305936096","0.04615610934773163"
"1116","300","0.4","0.3","0.2","0.05","0.6","0.55","300","3884","3178","706","0.18177136972193614","3178","1435","0.3567697250214726","0.045290596938954125"
"1117","300","0.4","0.3","0.2","0.05","0.6","0.55","300","3947","3159","788","0.1996453002280213","3159","1450","0.3637555115383012","0.040172845248651855"
"1118","300","0.4","0.3","0.2","0.05","0.6","0.55","300","3891","3173","718","0.1845283988691853","3173","1412","0.36004129470448404","0.039999129567089856"
"1113","300","0.4","0.3","0.2","0.05","0.6","0.55","300","3900","3167","733","0.18794871794871795","3167","1449","0.3668664785099806","0.03581934379328534"
"1115","300","0.4","0.3","0.2","0.05","0.6","0.55","300","3904","3186","718","0.1839139344262295","3186","1443","0.3603578653340012","0.04809037223051829"
"1122","300","0.4","0.3","0.2","0.05","0.6","0.6","300","3643","3104","539","0.14795498215756245","3104","1285","0.35003497478021117","0.04057061517520566"
"1121","300","0.4","0.3","0.2","0.05","0.6","0.6","300","3650","3125","525","0.14383561643835616","3125","1249","0.34984166716798437","0.035104783543698254"
"1119","300","0.4","0.3","0.2","0.05","0.6","0.55","300","3922","3213","709","0.1807751147373789","3213","1415","0.3644345120530691","0.042727712994929876"
"1120","300","0.4","0.3","0.2","0.05","0.6","0.55","300","3939","3185","754","0.19141914191419143","3185","1462","0.36283143566646014","0.03792924459231856"
"1123","300","0.4","0.3","0.2","0.05","0.6","0.6","300","3689","3131","558","0.15126050420168066","3131","1253","0.3500855213213113","0.04216044286137816"
"1124","300","0.4","0.3","0.2","0.05","0.6","0.6","300","3672","3137","535","0.14569716775599129","3137","1256","0.3492831087116601","0.03383610569524447"
"1126","300","0.4","0.3","0.2","0.05","0.6","0.6","300","3657","3148","509","0.1391851244189226","3148","1264","0.3435739548686829","0.034861199158844475"
"1125","300","0.4","0.3","0.2","0.05","0.6","0.6","300","3652","3108","544","0.14895947426067907","3108","1258","0.34235743044720884","0.041455120591603625"
"1128","300","0.4","0.3","0.2","0.05","0.6","0.6","300","3655","3122","533","0.14582763337893298","3122","1235","0.3477701139759919","0.03579985896589381"
"1127","300","0.4","0.3","0.2","0.05","0.6","0.6","300","3713","3176","537","0.14462698626447618","3176","1242","0.3521493135362606","0.0315066851753013"
"1129","300","0.4","0.3","0.2","0.05","0.6","0.6","300","3735","3157","578","0.15475234270414992","3157","1260","0.3425627919786183","0.03368186367171276"
"1132","300","0.4","0.3","0.2","0.05","0.6","0.65","300","3482","3098","384","0.1102814474439977","3098","1094","0.3337850030993919","0.04463869221580826"
"1130","300","0.4","0.3","0.2","0.05","0.6","0.6","300","3646","3133","513","0.14070213933077344","3133","1237","0.3468051804537442","0.03746024718138927"
"1131","300","0.4","0.3","0.2","0.05","0.6","0.65","300","3480","3085","395","0.11350574712643678","3085","1119","0.33367063661277724","0.03485474525116786"
"1133","300","0.4","0.3","0.2","0.05","0.6","0.65","300","3450","3064","386","0.11188405797101449","3064","1109","0.3420119094531627","0.03308897404574435"
"1135","300","0.4","0.3","0.2","0.05","0.6","0.65","300","3468","3087","381","0.10986159169550173","3087","1072","0.3344989687556557","0.04006061451764417"
"1134","300","0.4","0.3","0.2","0.05","0.6","0.65","300","3520","3096","424","0.12045454545454545","3096","1114","0.34138765217801015","0.039780997106531664"
"1136","300","0.4","0.3","0.2","0.05","0.6","0.65","300","3442","3084","358","0.10400929692039512","3084","1067","0.3354383055381211","0.03426588403359884"
"1137","300","0.4","0.3","0.2","0.05","0.6","0.65","300","3504","3115","389","0.11101598173515982","3115","1114","0.3383038371709699","0.03606937154463007"
"1139","300","0.4","0.3","0.2","0.05","0.6","0.65","300","3464","3056","408","0.11778290993071594","3056","1092","0.33467412010262537","0.027006632273967757"
"1138","300","0.4","0.3","0.2","0.05","0.6","0.65","300","3493","3090","403","0.11537360435156026","3090","1050","0.33522512994682396","0.02832333014136008"
"1140","300","0.4","0.3","0.2","0.05","0.6","0.65","300","3485","3084","401","0.11506456241032999","3084","1059","0.34428139358539256","0.03395938120281728"
"1141","300","0.4","0.3","0.2","0.05","0.6","0.7","300","3353","3077","276","0.08231434536236207","3077","942","0.3287436863624178","0.03389888896953754"
"1143","300","0.4","0.3","0.2","0.05","0.6","0.7","300","3373","3070","303","0.08983101096946339","3070","919","0.3277343048235629","0.037368570145788954"
"1144","300","0.4","0.3","0.2","0.05","0.6","0.7","300","3353","3085","268","0.07992842230838056","3085","972","0.32867685282187425","0.028913465952344973"
"1142","300","0.4","0.3","0.2","0.05","0.6","0.7","300","3341","3051","290","0.08680035917390003","3051","894","0.32995845690571196","0.03685062993769752"
"1146","300","0.4","0.3","0.2","0.05","0.6","0.7","300","3318","3052","266","0.08016877637130802","3052","883","0.32530182627808457","0.034701577735683865"
"1145","300","0.4","0.3","0.2","0.05","0.6","0.7","300","3313","3030","283","0.08542106851795955","3030","963","0.33039136027955474","0.04138071923681346"
"1148","300","0.4","0.3","0.2","0.05","0.6","0.7","300","3315","3034","281","0.08476621417797889","3034","918","0.324704462896666","0.035368979031522835"
"1149","300","0.4","0.3","0.2","0.05","0.6","0.7","300","3360","3089","271","0.08065476190476191","3089","921","0.3257229560355894","0.0331534276571451"
"1147","300","0.4","0.3","0.2","0.05","0.6","0.7","300","3385","3108","277","0.08183161004431315","3108","919","0.32512753668602995","0.0366298702547493"
"1150","300","0.4","0.3","0.2","0.05","0.6","0.7","300","3356","3066","290","0.0864123957091776","3066","882","0.32563797795515603","0.03846613703805674"
"1151","300","0.4","0.3","0.2","0.05","0.6","0.75","300","3216","2997","219","0.06809701492537314","2997","738","0.31506614454205445","0.028656323822566936"
"1154","300","0.4","0.3","0.2","0.05","0.6","0.75","300","3208","2990","218","0.06795511221945137","2990","727","0.3181221073018827","0.02611091748378634"
"1152","300","0.4","0.3","0.2","0.05","0.6","0.75","300","3184","2985","199","0.0625","2985","779","0.32056636404934247","0.031040943572309652"
"1155","300","0.4","0.3","0.2","0.05","0.6","0.75","300","3222","2986","236","0.07324643078833024","2986","809","0.31949674059730065","0.036552800299158236"
"1156","300","0.4","0.3","0.2","0.05","0.6","0.75","300","3190","2979","211","0.06614420062695925","2979","730","0.3194180400759151","0.030378968423955013"
"1157","300","0.4","0.3","0.2","0.05","0.6","0.75","300","3277","3044","233","0.07110161733292646","3044","770","0.317711062497531","0.031217134760059308"
"1153","300","0.4","0.3","0.2","0.05","0.6","0.75","300","3228","3030","198","0.06133828996282528","3030","786","0.3186862341316147","0.032053550377009576"
"1158","300","0.4","0.3","0.2","0.05","0.6","0.75","300","3242","3025","217","0.06693399136335595","3025","747","0.3191522534800271","0.035205146182537866"
"1159","300","0.4","0.3","0.2","0.05","0.6","0.75","300","3228","3032","196","0.06071871127633209","3032","767","0.31852948607769654","0.03038062343913178"
"1160","300","0.4","0.3","0.2","0.05","0.6","0.75","300","3259","3042","217","0.06658484197606628","3042","782","0.3197293606150882","0.029862417399760536"
"1161","300","0.4","0.3","0.2","0.05","0.6","0.8","300","3177","3032","145","0.04564054139124961","3032","623","0.31106760622875684","0.04280591665657085"
"1162","300","0.4","0.3","0.2","0.05","0.6","0.8","300","3095","2931","164","0.05298869143780291","2931","556","0.3122246878245486","0.04092790436481714"
"1163","300","0.4","0.3","0.2","0.05","0.6","0.8","300","3181","2994","187","0.05878654511160013","2994","576","0.3105203244854511","0.03595421689867451"
"1164","300","0.4","0.3","0.2","0.05","0.6","0.8","300","3096","2946","150","0.04844961240310078","2946","615","0.31307458516923475","0.03757164758587066"
"1165","300","0.4","0.3","0.2","0.05","0.6","0.8","300","3109","2952","157","0.05049855258925699","2952","586","0.3105334212801195","0.03647557187790069"
"1166","300","0.4","0.3","0.2","0.05","0.6","0.8","300","3181","3022","159","0.049984281672430055","3022","614","0.31143932437919114","0.03464994286937117"
"1167","300","0.4","0.3","0.2","0.05","0.6","0.8","300","3140","2993","147","0.04681528662420382","2993","595","0.31189401519244175","0.03106320565642924"
"1168","300","0.4","0.3","0.2","0.05","0.6","0.8","300","3180","3024","156","0.04905660377358491","3024","586","0.31189157550087826","0.04914967059284342"
"1169","300","0.4","0.3","0.2","0.05","0.6","0.8","300","3175","3023","152","0.0478740157480315","3023","601","0.3126594483906324","0.03162094712828073"
"1170","300","0.4","0.3","0.2","0.05","0.6","0.8","300","3116","2973","143","0.04589216944801027","2973","607","0.3129775799301659","0.03131028672039724"
"1171","300","0.4","0.3","0.2","0.05","0.65","0.2","300","15340","3630","11710","0.7633637548891786","3630","2880","0.5311097189981404","0.16412126777098654"
"1172","300","0.4","0.3","0.2","0.05","0.65","0.2","300","15215","3675","11540","0.7584620440354913","3675","2952","0.5420399915151847","0.1695671080904532"
"1173","300","0.4","0.3","0.2","0.05","0.65","0.2","300","15178","3692","11486","0.7567531954144155","3692","2927","0.5470741546975363","0.1654727740267516"
"1174","300","0.4","0.3","0.2","0.05","0.65","0.2","300","15333","3618","11715","0.7640383486597535","3618","2870","0.5322937533336768","0.1708153372617788"
"1175","300","0.4","0.3","0.2","0.05","0.65","0.2","300","15397","3646","11751","0.763200623498084","3646","2918","0.5428708569530517","0.1594565927862216"
"1181","300","0.4","0.3","0.2","0.05","0.65","0.25","300","11507","3629","7878","0.6846267489354306","3629","2744","0.5078292377778058","0.12731159742095333"
"1176","300","0.4","0.3","0.2","0.05","0.65","0.2","300","15353","3675","11678","0.7606331010226014","3675","2906","0.5342545293857933","0.1685169762786293"
"1180","300","0.4","0.3","0.2","0.05","0.65","0.2","300","15193","3653","11540","0.7595603238333443","3653","2887","0.5299439214880082","0.1679626550544418"
"1179","300","0.4","0.3","0.2","0.05","0.65","0.2","300","15442","3617","11825","0.7657686828131071","3617","2895","0.5320198379235784","0.17075258436550136"
"1178","300","0.4","0.3","0.2","0.05","0.65","0.2","300","15184","3662","11522","0.7588250790305585","3662","2941","0.5361888001260082","0.16770211628962375"
"1177","300","0.4","0.3","0.2","0.05","0.65","0.2","300","15388","3646","11742","0.7630621263322069","3646","2932","0.5521721401821342","0.1605825746607447"
"1182","300","0.4","0.3","0.2","0.05","0.65","0.25","300","11389","3646","7743","0.6798665378874352","3646","2754","0.5089630417443306","0.12330349120608394"
"1183","300","0.4","0.3","0.2","0.05","0.65","0.25","300","11299","3664","7635","0.6757235153553411","3664","2676","0.5131407729587601","0.10788511838348126"
"1184","300","0.4","0.3","0.2","0.05","0.65","0.25","300","11459","3657","7802","0.680862204380836","3657","2689","0.519930172295747","0.11572452549588902"
"1185","300","0.4","0.3","0.2","0.05","0.65","0.25","300","11499","3629","7870","0.6844073397686755","3629","2696","0.509937129560108","0.12813514665155568"
"1186","300","0.4","0.3","0.2","0.05","0.65","0.25","300","11373","3660","7713","0.6781851754154576","3660","2740","0.5064053643174937","0.1270000499532616"
"1188","300","0.4","0.3","0.2","0.05","0.65","0.25","300","11479","3649","7830","0.6821151668263786","3649","2756","0.5200672101405694","0.11155934898279819"
"1187","300","0.4","0.3","0.2","0.05","0.65","0.25","300","11335","3637","7698","0.6791354212615792","3637","2736","0.5169995014489834","0.11602974479508776"
"1190","300","0.4","0.3","0.2","0.05","0.65","0.25","300","11489","3618","7871","0.6850900861693794","3618","2731","0.5145218826408233","0.12077971986027738"
"1191","300","0.4","0.3","0.2","0.05","0.65","0.3","300","8683","3550","5133","0.5911551307151907","3550","2511","0.4931916229221883","0.08261082359844951"
"1189","300","0.4","0.3","0.2","0.05","0.65","0.25","300","11398","3643","7755","0.680382523249693","3643","2727","0.508316920050903","0.1280890908905298"
"1193","300","0.4","0.3","0.2","0.05","0.65","0.3","300","8609","3505","5104","0.5928679289116041","3505","2453","0.47660663639881773","0.09092949885152303"
"1192","300","0.4","0.3","0.2","0.05","0.65","0.3","300","8675","3553","5122","0.5904322766570606","3553","2493","0.4789159803543569","0.08577004014936902"
"1194","300","0.4","0.3","0.2","0.05","0.65","0.3","300","8772","3537","5235","0.5967852257181943","3537","2506","0.4844626178937945","0.09908281833001896"
"1195","300","0.4","0.3","0.2","0.05","0.65","0.3","300","8648","3543","5105","0.5903098982423681","3543","2502","0.4807716731323596","0.0774694969894131"
"1196","300","0.4","0.3","0.2","0.05","0.65","0.3","300","8545","3534","5011","0.5864248098303101","3534","2490","0.4740807771142926","0.09673279438424139"
"1201","300","0.4","0.3","0.2","0.05","0.65","0.35","300","6741","3413","3328","0.4936952974336152","3413","2191","0.4372954042108763","0.08293949947081494"
"1202","300","0.4","0.3","0.2","0.05","0.65","0.35","300","6763","3407","3356","0.49622948395682387","3407","2169","0.44303892256115585","0.06554229961806733"
"1203","300","0.4","0.3","0.2","0.05","0.65","0.35","300","6771","3398","3373","0.4981538915965145","3398","2214","0.4460072107936896","0.07523860400195348"
"1204","300","0.4","0.3","0.2","0.05","0.65","0.35","300","6798","3379","3419","0.5029420417769932","3379","2206","0.4416066436279748","0.0757383639530221"
"1199","300","0.4","0.3","0.2","0.05","0.65","0.3","300","8603","3535","5068","0.5890968266883645","3535","2478","0.4759351449068401","0.09542784192317487"
"1197","300","0.4","0.3","0.2","0.05","0.65","0.3","300","8634","3524","5110","0.5918461894834376","3524","2468","0.4747328707753333","0.09677460124971551"
"1200","300","0.4","0.3","0.2","0.05","0.65","0.3","300","8595","3525","5070","0.5898778359511344","3525","2423","0.47057243571470575","0.09483703585550667"
"1198","300","0.4","0.3","0.2","0.05","0.65","0.3","300","8590","3535","5055","0.5884749708963911","3535","2498","0.47528370855855323","0.09492688044317432"
"1205","300","0.4","0.3","0.2","0.05","0.65","0.35","300","6600","3408","3192","0.48363636363636364","3408","2193","0.44146481375856267","0.0673995792762353"
"1206","300","0.4","0.3","0.2","0.05","0.65","0.35","300","6600","3399","3201","0.485","3399","2141","0.43906991098550424","0.07690291243101732"
"1207","300","0.4","0.3","0.2","0.05","0.65","0.35","300","6697","3424","3273","0.4887262953561296","3424","2241","0.451360251571359","0.0683740476860102"
"1208","300","0.4","0.3","0.2","0.05","0.65","0.35","300","6768","3409","3359","0.49630614657210403","3409","2261","0.44423964521249426","0.07155962271223894"
"1209","300","0.4","0.3","0.2","0.05","0.65","0.35","300","6748","3405","3343","0.49540604623592177","3405","2236","0.4440018967467541","0.08306685069076616"
"1212","300","0.4","0.3","0.2","0.05","0.65","0.4","300","5568","3294","2274","0.4084051724137931","3294","2030","0.4200132235716281","0.06195557622742276"
"1211","300","0.4","0.3","0.2","0.05","0.65","0.4","300","5453","3304","2149","0.3940949935815148","3304","1969","0.41454253160224525","0.05559701676719847"
"1210","300","0.4","0.3","0.2","0.05","0.65","0.35","300","6804","3397","3407","0.5007348618459729","3397","2227","0.4432735008985572","0.05789767024161448"
"1213","300","0.4","0.3","0.2","0.05","0.65","0.4","300","5405","3263","2142","0.39629972247918593","3263","1956","0.4241628244282734","0.052787405850826176"
"1214","300","0.4","0.3","0.2","0.05","0.65","0.4","300","5385","3299","2086","0.387372330547818","3299","1969","0.4242081478148755","0.05554266862151176"
"1215","300","0.4","0.3","0.2","0.05","0.65","0.4","300","5520","3251","2269","0.41105072463768116","3251","1953","0.4219043479993489","0.05869147217242781"
"1216","300","0.4","0.3","0.2","0.05","0.65","0.4","300","5576","3277","2299","0.41230272596843615","3277","2009","0.4280068361639321","0.05512996412749722"
"1217","300","0.4","0.3","0.2","0.05","0.65","0.4","300","5553","3255","2298","0.4138303619665046","3255","1986","0.4094683083454042","0.05533017397243068"
"1218","300","0.4","0.3","0.2","0.05","0.65","0.4","300","5398","3281","2117","0.3921822897369396","3281","2020","0.42057061289815234","0.056492804503137976"
"1219","300","0.4","0.3","0.2","0.05","0.65","0.4","300","5399","3297","2102","0.3893313576588257","3297","1997","0.42127345586493337","0.05368980760637553"
"1220","300","0.4","0.3","0.2","0.05","0.65","0.4","300","5466","3293","2173","0.39754848152213684","3293","1958","0.42713002725966503","0.06221512859392688"
"1221","300","0.4","0.3","0.2","0.05","0.65","0.45","300","4684","3187","1497","0.319598633646456","3187","1748","0.397945819851988","0.05189041532820051"
"1222","300","0.4","0.3","0.2","0.05","0.65","0.45","300","4718","3197","1521","0.3223823654090716","3197","1754","0.3903385801318876","0.05832470132243011"
"1227","300","0.4","0.3","0.2","0.05","0.65","0.45","300","4724","3207","1517","0.32112616426756985","3207","1796","0.390635049079564","0.05570700585550218"
"1223","300","0.4","0.3","0.2","0.05","0.65","0.45","300","4624","3168","1456","0.314878892733564","3168","1713","0.39516360527550654","0.05302068251851955"
"1224","300","0.4","0.3","0.2","0.05","0.65","0.45","300","4686","3222","1464","0.31241997439180536","3222","1795","0.39583087602128425","0.041237528557624685"
"1225","300","0.4","0.3","0.2","0.05","0.65","0.45","300","4606","3191","1415","0.30720798957881024","3191","1788","0.3964264530609713","0.05294137952239105"
"1226","300","0.4","0.3","0.2","0.05","0.65","0.45","300","4778","3189","1589","0.33256592716617833","3189","1770","0.3988059239302361","0.04685678632518806"
"1229","300","0.4","0.3","0.2","0.05","0.65","0.45","300","4704","3199","1505","0.31994047619047616","3199","1781","0.39635930256883367","0.05261572224076938"
"1228","300","0.4","0.3","0.2","0.05","0.65","0.45","300","4739","3191","1548","0.32665119223464867","3191","1761","0.3984211380050236","0.04873144120125507"
"1230","300","0.4","0.3","0.2","0.05","0.65","0.45","300","4721","3212","1509","0.3196356704088117","3212","1786","0.4025301091904003","0.04843475958774214"
"1231","300","0.4","0.3","0.2","0.05","0.65","0.5","300","4129","3135","994","0.24073625575199806","3135","1524","0.38548083992358934","0.04352506916176192"
"1233","300","0.4","0.3","0.2","0.05","0.65","0.5","300","4197","3108","1089","0.2594710507505361","3108","1628","0.3834356675219711","0.044790183607856394"
"1232","300","0.4","0.3","0.2","0.05","0.65","0.5","300","4160","3113","1047","0.2516826923076923","3113","1502","0.37886602879781894","0.04820359860840973"
"1235","300","0.4","0.3","0.2","0.05","0.65","0.5","300","4113","3091","1022","0.24848042791150013","3091","1547","0.37700044038618397","0.048615835837433945"
"1234","300","0.4","0.3","0.2","0.05","0.65","0.5","300","4160","3107","1053","0.253125","3107","1568","0.38129164319648","0.037511621022450516"
"1236","300","0.4","0.3","0.2","0.05","0.65","0.5","300","4115","3107","1008","0.24495747266099635","3107","1528","0.3754648365655014","0.0470640401073982"
"1237","300","0.4","0.3","0.2","0.05","0.65","0.5","300","4208","3092","1116","0.2652091254752852","3092","1520","0.373335035800676","0.045103948194880575"
"1238","300","0.4","0.3","0.2","0.05","0.65","0.5","300","4169","3117","1052","0.2523386903334133","3117","1594","0.38273591922243017","0.03596720864971226"
"1239","300","0.4","0.3","0.2","0.05","0.65","0.5","300","4102","3106","996","0.24280838615309605","3106","1534","0.37810538631555785","0.040452087346728276"
"1240","300","0.4","0.3","0.2","0.05","0.65","0.5","300","4140","3111","1029","0.24855072463768116","3111","1517","0.38507067893448027","0.033561378601856755"
"1241","300","0.4","0.3","0.2","0.05","0.65","0.55","300","3843","3080","763","0.19854280510018216","3080","1379","0.363949420566634","0.0448145697246103"
"1242","300","0.4","0.3","0.2","0.05","0.65","0.55","300","3795","3043","752","0.19815546772068512","3043","1386","0.36521172656669554","0.039916725912022166"
"1243","300","0.4","0.3","0.2","0.05","0.65","0.55","300","3846","3056","790","0.20540821632865314","3056","1421","0.3684063452276106","0.03418987279198496"
"1244","300","0.4","0.3","0.2","0.05","0.65","0.55","300","3785","3060","725","0.19154557463672392","3060","1425","0.3730556723314949","0.042185533147110245"
"1245","300","0.4","0.3","0.2","0.05","0.65","0.55","300","3775","3086","689","0.18251655629139074","3086","1401","0.3668892580953641","0.04192258997019972"
"1246","300","0.4","0.3","0.2","0.05","0.65","0.55","300","3813","3047","766","0.2008916863362182","3047","1384","0.3571179421248968","0.03619620981576872"
"1247","300","0.4","0.3","0.2","0.05","0.65","0.55","300","3831","3073","758","0.19785956669276952","3073","1377","0.36617239005492586","0.028333171571405504"
"1249","300","0.4","0.3","0.2","0.05","0.65","0.55","300","3833","3079","754","0.19671275763109836","3079","1365","0.35811041388793496","0.046381182400004856"
"1250","300","0.4","0.3","0.2","0.05","0.65","0.55","300","3811","3090","721","0.1891891891891892","3090","1384","0.36064800163332406","0.050942717273488855"
"1248","300","0.4","0.3","0.2","0.05","0.65","0.55","300","3880","3134","746","0.1922680412371134","3134","1420","0.36013063083149777","0.03785919417166541"
"1252","300","0.4","0.3","0.2","0.05","0.65","0.6","300","3540","3024","516","0.14576271186440679","3024","1214","0.3467128879430323","0.03971042101060784"
"1253","300","0.4","0.3","0.2","0.05","0.65","0.6","300","3550","3019","531","0.1495774647887324","3019","1171","0.3434087411747383","0.03811450443796182"
"1251","300","0.4","0.3","0.2","0.05","0.65","0.6","300","3524","3013","511","0.14500567536889897","3013","1174","0.3449718458597548","0.038736000059867985"
"1254","300","0.4","0.3","0.2","0.05","0.65","0.6","300","3599","3068","531","0.14754098360655737","3068","1279","0.34709663968704846","0.046283276361647224"
"1255","300","0.4","0.3","0.2","0.05","0.65","0.6","300","3548","3036","512","0.14430665163472378","3036","1231","0.34817054371974565","0.03537979824324288"
"1256","300","0.4","0.3","0.2","0.05","0.65","0.6","300","3594","3075","519","0.14440734557595994","3075","1218","0.34976953997037596","0.03823612430245698"
"1257","300","0.4","0.3","0.2","0.05","0.65","0.6","300","3616","3073","543","0.15016592920353983","3073","1242","0.3550870027227061","0.03689888970612836"
"1258","300","0.4","0.3","0.2","0.05","0.65","0.6","300","3530","3048","482","0.13654390934844193","3048","1182","0.3456635317877923","0.04198176344310503"
"1259","300","0.4","0.3","0.2","0.05","0.65","0.6","300","3523","3009","514","0.14589838206074368","3009","1230","0.3504382130412641","0.043919383791065074"
"1260","300","0.4","0.3","0.2","0.05","0.65","0.6","300","3536","2996","540","0.15271493212669685","2996","1181","0.3489242550082245","0.03594718672529571"
"1261","300","0.4","0.3","0.2","0.05","0.65","0.65","300","3355","2995","360","0.10730253353204174","2995","1052","0.33432334223214305","0.039357874087227566"
"1262","300","0.4","0.3","0.2","0.05","0.65","0.65","300","3415","3016","399","0.11683748169838946","3016","1048","0.33529427407228685","0.03717788552826011"
"1263","300","0.4","0.3","0.2","0.05","0.65","0.65","300","3419","3006","413","0.12079555425563031","3006","1043","0.3377482769149591","0.03729976379517118"
"1264","300","0.4","0.3","0.2","0.05","0.65","0.65","300","3367","2964","403","0.11969111969111969","2964","1040","0.3379946432646833","0.033772371830623316"
"1265","300","0.4","0.3","0.2","0.05","0.65","0.65","300","3395","3002","393","0.11575846833578793","3002","1075","0.3432816637984254","0.03311657552604833"
"1266","300","0.4","0.3","0.2","0.05","0.65","0.65","300","3385","2999","386","0.11403249630723782","2999","1051","0.33645950834037586","0.042264544302251836"
"1268","300","0.4","0.3","0.2","0.05","0.65","0.65","300","3424","3024","400","0.11682242990654206","3024","1059","0.33851452967797","0.035603471637501764"
"1267","300","0.4","0.3","0.2","0.05","0.65","0.65","300","3381","2987","394","0.11653356994971902","2987","998","0.33442856522674635","0.03229374767412973"
"1269","300","0.4","0.3","0.2","0.05","0.65","0.65","300","3432","3042","390","0.11363636363636363","3042","1056","0.3388326206244698","0.03169858795914916"
"1270","300","0.4","0.3","0.2","0.05","0.65","0.65","300","3335","2985","350","0.10494752623688156","2985","1053","0.3377759237187858","0.041036702023391915"
"1271","300","0.4","0.3","0.2","0.05","0.65","0.7","300","3251","2978","273","0.08397416179637035","2978","917","0.3265524643292823","0.03537438875323991"
"1273","300","0.4","0.3","0.2","0.05","0.65","0.7","300","3283","2983","300","0.09137983551629607","2983","930","0.33026420003612716","0.03352596511227083"
"1274","300","0.4","0.3","0.2","0.05","0.65","0.7","300","3303","2998","305","0.09234029669996972","2998","902","0.32582194801579184","0.029392826387660886"
"1272","300","0.4","0.3","0.2","0.05","0.65","0.7","300","3295","3001","294","0.08922610015174506","3001","881","0.3275429555215097","0.03435333721139195"
"1275","300","0.4","0.3","0.2","0.05","0.65","0.7","300","3273","3011","262","0.08004888481515429","3011","891","0.32705243824147284","0.03724985544249566"
"1276","300","0.4","0.3","0.2","0.05","0.65","0.7","300","3270","2994","276","0.08440366972477065","2994","885","0.32645869701155106","0.02729857783285294"
"1278","300","0.4","0.3","0.2","0.05","0.65","0.7","300","3239","2979","260","0.08027168879283729","2979","872","0.326268734575928","0.03455013619066946"
"1279","300","0.4","0.3","0.2","0.05","0.65","0.7","300","3243","2979","264","0.08140610545790934","2979","912","0.32805835471937544","0.03463360610645801"
"1277","300","0.4","0.3","0.2","0.05","0.65","0.7","300","3271","3008","263","0.08040354631611128","3008","923","0.3264495088223416","0.037100695484186486"
"1280","300","0.4","0.3","0.2","0.05","0.65","0.7","300","3224","2945","279","0.08653846153846154","2945","866","0.3247909649508385","0.03198383003415951"
"1282","300","0.4","0.3","0.2","0.05","0.65","0.75","300","3109","2911","198","0.06368607269218399","2911","714","0.31682064771037677","0.032216292131360375"
"1283","300","0.4","0.3","0.2","0.05","0.65","0.75","300","3131","2935","196","0.06259980836793357","2935","718","0.32188643071600687","0.02718717099937801"
"1281","300","0.4","0.3","0.2","0.05","0.65","0.75","300","3158","2944","214","0.06776440785307157","2944","719","0.3182398243746295","0.03787365612672273"
"1284","300","0.4","0.3","0.2","0.05","0.65","0.75","300","3198","2990","208","0.06504065040650407","2990","767","0.3184376931608709","0.036126948439166966"
"1285","300","0.4","0.3","0.2","0.05","0.65","0.75","300","3123","2925","198","0.06340057636887608","2925","707","0.3207829099663001","0.03772354366573025"
"1286","300","0.4","0.3","0.2","0.05","0.65","0.75","300","3173","2941","232","0.07311692404664355","2941","705","0.3169310485498792","0.03936937543914119"
"1287","300","0.4","0.3","0.2","0.05","0.65","0.75","300","3143","2917","226","0.07190582246261533","2917","692","0.31807971069466445","0.030620617316783012"
"1288","300","0.4","0.3","0.2","0.05","0.65","0.75","300","3153","2922","231","0.07326355851569934","2922","752","0.3187949071914123","0.033429027033498405"
"1289","300","0.4","0.3","0.2","0.05","0.65","0.75","300","3198","2964","234","0.07317073170731707","2964","725","0.3170653722035958","0.03059138892021494"
"1290","300","0.4","0.3","0.2","0.05","0.65","0.75","300","3166","2955","211","0.06664560960202148","2955","747","0.3173361759809216","0.03297515925179569"
"1291","300","0.4","0.3","0.2","0.05","0.65","0.8","300","3074","2919","155","0.05042290175666884","2919","578","0.31239754552224636","0.03582857742755992"
"1292","300","0.4","0.3","0.2","0.05","0.65","0.8","300","3057","2927","130","0.042525351651946354","2927","610","0.3125474467792111","0.032654148467219986"
"1293","300","0.4","0.3","0.2","0.05","0.65","0.8","300","3010","2859","151","0.05016611295681063","2859","562","0.31190151725890414","0.033140125569672586"
"1294","300","0.4","0.3","0.2","0.05","0.65","0.8","300","3107","2944","163","0.05246218216929514","2944","606","0.3117462999888793","0.03262997892008153"
"1295","300","0.4","0.3","0.2","0.05","0.65","0.8","300","3116","2976","140","0.044929396662387676","2976","594","0.311547491906442","0.03406888510481351"
"1296","300","0.4","0.3","0.2","0.05","0.65","0.8","300","3098","2914","184","0.05939315687540349","2914","613","0.31136162421191166","0.03258846558971461"
"1297","300","0.4","0.3","0.2","0.05","0.65","0.8","300","3098","2950","148","0.04777275661717237","2950","586","0.31431291990672894","0.0342564291076724"
"1298","300","0.4","0.3","0.2","0.05","0.65","0.8","300","3075","2912","163","0.053008130081300814","2912","563","0.3114542119738781","0.023718221227456385"
"1299","300","0.4","0.3","0.2","0.05","0.65","0.8","300","3093","2921","172","0.05560944067248626","2921","630","0.313159573645235","0.03167704559607779"
"1300","300","0.4","0.3","0.2","0.05","0.65","0.8","300","3083","2898","185","0.06000648718780409","2898","576","0.31350374747451226","0.031524773394494374"
"1301","300","0.4","0.3","0.2","0.05","0.7","0.2","300","14656","3503","11153","0.7609852620087336","3503","2824","0.5555607843200694","0.1567193576841173"
"1303","300","0.4","0.3","0.2","0.05","0.7","0.2","300","14861","3471","11390","0.7664356369019582","3471","2796","0.5379165658164617","0.16440693431635772"
"1302","300","0.4","0.3","0.2","0.05","0.7","0.2","300","14840","3514","11326","0.7632075471698113","3514","2818","0.5504782614161033","0.1562474669319122"
"1304","300","0.4","0.3","0.2","0.05","0.7","0.2","300","14906","3487","11419","0.7660673554273447","3487","2823","0.5387893405290718","0.1693238984673034"
"1305","300","0.4","0.3","0.2","0.05","0.7","0.2","300","14856","3479","11377","0.7658185245018848","3479","2784","0.5238111194521968","0.17060181300430236"
"1306","300","0.4","0.3","0.2","0.05","0.7","0.2","300","15067","3458","11609","0.7704918032786885","3458","2798","0.5478907045344819","0.1575663258261546"
"1308","300","0.4","0.3","0.2","0.05","0.7","0.2","300","14770","3517","11253","0.7618821936357482","3517","2804","0.542478633652202","0.15162314312418523"
"1309","300","0.4","0.3","0.2","0.05","0.7","0.2","300","14670","3533","11137","0.7591683708248126","3533","2800","0.544259051298562","0.15945382252623483"
"1307","300","0.4","0.3","0.2","0.05","0.7","0.2","300","14718","3502","11216","0.762060062508493","3502","2799","0.5333485893489688","0.16152043558910703"
"1311","300","0.4","0.3","0.2","0.05","0.7","0.25","300","11046","3442","7604","0.6883939887742169","3442","2570","0.4997172046182653","0.13030677322766476"
"1310","300","0.4","0.3","0.2","0.05","0.7","0.2","300","14724","3492","11232","0.7628361858190709","3492","2803","0.543339072229226","0.15831800266480803"
"1312","300","0.4","0.3","0.2","0.05","0.7","0.25","300","10906","3449","7457","0.6837520630845406","3449","2610","0.5137634928716912","0.11650627642990978"
"1313","300","0.4","0.3","0.2","0.05","0.7","0.25","300","11176","3461","7715","0.6903185397279885","3461","2611","0.5138715744806936","0.10622591103311169"
"1314","300","0.4","0.3","0.2","0.05","0.7","0.25","300","10891","3492","7399","0.6793682857405197","3492","2624","0.5143023432731879","0.11737175029942021"
"1315","300","0.4","0.3","0.2","0.05","0.7","0.25","300","10950","3492","7458","0.6810958904109589","3492","2623","0.5222634457151785","0.10666218581997164"
"1316","300","0.4","0.3","0.2","0.05","0.7","0.25","300","10939","3473","7466","0.6825121126245544","3473","2625","0.5059236692967781","0.1199678214520664"
"1317","300","0.4","0.3","0.2","0.05","0.7","0.25","300","10975","3493","7482","0.6817312072892938","3493","2585","0.5036192485896914","0.12101270076785428"
"1318","300","0.4","0.3","0.2","0.05","0.7","0.25","300","10915","3478","7437","0.6813559322033899","3478","2590","0.5035611077322183","0.12386676974809083"
"1321","300","0.4","0.3","0.2","0.05","0.7","0.3","300","8154","3367","4787","0.5870738287956832","3367","2322","0.4776448097019612","0.08520269723963741"
"1322","300","0.4","0.3","0.2","0.05","0.7","0.3","300","8255","3367","4888","0.5921259842519685","3367","2390","0.47358151634948625","0.09569267577469666"
"1319","300","0.4","0.3","0.2","0.05","0.7","0.25","300","10994","3478","7516","0.6836456248863017","3478","2598","0.5031364896193192","0.11838506481332635"
"1320","300","0.4","0.3","0.2","0.05","0.7","0.25","300","10833","3481","7352","0.6786670359087972","3481","2657","0.5192679688975681","0.11783215647272868"
"1323","300","0.4","0.3","0.2","0.05","0.7","0.3","300","8317","3358","4959","0.5962486473488037","3358","2320","0.47251109006271946","0.0925571185880246"
"1324","300","0.4","0.3","0.2","0.05","0.7","0.3","300","8117","3386","4731","0.58285080694838","3386","2332","0.4740811216179004","0.09113375292028547"
"1328","300","0.4","0.3","0.2","0.05","0.7","0.3","300","8198","3396","4802","0.5857526225908758","3396","2414","0.48609448508359976","0.08844041404786357"
"1325","300","0.4","0.3","0.2","0.05","0.7","0.3","300","8295","3345","4950","0.596745027124774","3345","2367","0.48267980782862624","0.09108420295641373"
"1327","300","0.4","0.3","0.2","0.05","0.7","0.3","300","8203","3381","4822","0.5878337193709618","3381","2326","0.48030301583278867","0.08401643913837892"
"1331","300","0.4","0.3","0.2","0.05","0.7","0.35","300","6259","3255","3004","0.47994887362198435","3255","2162","0.4576374168802851","0.058274849638919796"
"1329","300","0.4","0.3","0.2","0.05","0.7","0.3","300","8210","3359","4851","0.5908647990255785","3359","2347","0.4831068823655703","0.07970824875364475"
"1330","300","0.4","0.3","0.2","0.05","0.7","0.3","300","8245","3375","4870","0.5906610066707095","3375","2326","0.48225760711914917","0.08399690995726637"
"1326","300","0.4","0.3","0.2","0.05","0.7","0.3","300","8174","3354","4820","0.589674577930022","3354","2372","0.4815555401270156","0.080689138862944"
"1332","300","0.4","0.3","0.2","0.05","0.7","0.35","300","6407","3249","3158","0.4928983923833307","3249","2117","0.43743171183230883","0.07708373371925116"
"1333","300","0.4","0.3","0.2","0.05","0.7","0.35","300","6397","3267","3130","0.4892918555572925","3267","2081","0.4366629414182406","0.06098859700649953"
"1335","300","0.4","0.3","0.2","0.05","0.7","0.35","300","6467","3227","3240","0.5010051028297511","3227","2060","0.4454553167076852","0.07219992940197369"
"1334","300","0.4","0.3","0.2","0.05","0.7","0.35","300","6260","3252","3008","0.4805111821086262","3252","2080","0.4385737917271529","0.07652864776360963"
"1336","300","0.4","0.3","0.2","0.05","0.7","0.35","300","6399","3246","3153","0.4927332395686826","3246","2130","0.44025164612671536","0.07390482622311154"
"1337","300","0.4","0.3","0.2","0.05","0.7","0.35","300","6481","3249","3232","0.4986884740009258","3249","2133","0.4489823188057511","0.05685298013642972"
"1338","300","0.4","0.3","0.2","0.05","0.7","0.35","300","6304","3268","3036","0.4815989847715736","3268","2096","0.44939157397816437","0.057842091818500356"
"1339","300","0.4","0.3","0.2","0.05","0.7","0.35","300","6376","3231","3145","0.4932559598494354","3231","2096","0.45269702281371804","0.06475117109675163"
"1340","300","0.4","0.3","0.2","0.05","0.7","0.35","300","6397","3253","3144","0.49148038142879474","3253","2107","0.44622993726237675","0.06367849254421942"
"1341","300","0.4","0.3","0.2","0.05","0.7","0.4","300","5236","3120","2116","0.40412528647822765","3120","1908","0.4246267710508188","0.05420150312197684"
"1342","300","0.4","0.3","0.2","0.05","0.7","0.4","300","5155","3149","2006","0.38913676042677015","3149","1851","0.4186328185874734","0.057841070463905866"
"1343","300","0.4","0.3","0.2","0.05","0.7","0.4","300","5256","3123","2133","0.4058219178082192","3123","1930","0.42178043138159915","0.06299057260170163"
"1344","300","0.4","0.3","0.2","0.05","0.7","0.4","300","5225","3113","2112","0.40421052631578946","3113","1888","0.4248455875476404","0.05226244066566567"
"1345","300","0.4","0.3","0.2","0.05","0.7","0.4","300","5235","3135","2100","0.40114613180515757","3135","1833","0.41737873117643076","0.05718927440370327"
"1346","300","0.4","0.3","0.2","0.05","0.7","0.4","300","5151","3103","2048","0.39759270044651523","3103","1839","0.414722624233216","0.05693125948897799"
"1347","300","0.4","0.3","0.2","0.05","0.7","0.4","300","5328","3150","2178","0.40878378378378377","3150","1884","0.41933853797897946","0.05473327842876541"
"1348","300","0.4","0.3","0.2","0.05","0.7","0.4","300","5235","3123","2112","0.4034383954154728","3123","1888","0.42596278863821935","0.04827000908885442"
"1349","300","0.4","0.3","0.2","0.05","0.7","0.4","300","5284","3160","2124","0.40196820590461774","3160","1854","0.42472127364532675","0.06261232460235029"
"1352","300","0.4","0.3","0.2","0.05","0.7","0.45","300","4470","3047","1423","0.31834451901565997","3047","1689","0.40612447180381284","0.03560008299675128"
"1353","300","0.4","0.3","0.2","0.05","0.7","0.45","300","4466","3072","1394","0.3121361397223466","3072","1713","0.4032765195573158","0.0499337131269574"
"1354","300","0.4","0.3","0.2","0.05","0.7","0.45","300","4498","3079","1419","0.31547354379724324","3079","1688","0.3985063233919848","0.041846636873788194"
"1350","300","0.4","0.3","0.2","0.05","0.7","0.4","300","5220","3173","2047","0.3921455938697318","3173","1901","0.42813739180246285","0.04532826686788313"
"1351","300","0.4","0.3","0.2","0.05","0.7","0.45","300","4502","3069","1433","0.3183029764549089","3069","1641","0.4009277778971289","0.04257007471242711"
"1356","300","0.4","0.3","0.2","0.05","0.7","0.45","300","4476","3071","1405","0.3138963360142985","3071","1689","0.40970626501246055","0.04594834665186014"
"1358","300","0.4","0.3","0.2","0.05","0.7","0.45","300","4526","3070","1456","0.32169686257180735","3070","1681","0.39764505063321304","0.042976510507802906"
"1355","300","0.4","0.3","0.2","0.05","0.7","0.45","300","4496","3090","1406","0.3127224199288256","3090","1678","0.39729489300023685","0.04321708583883279"
"1359","300","0.4","0.3","0.2","0.05","0.7","0.45","300","4472","3070","1402","0.3135062611806798","3070","1668","0.39530752297849486","0.0540722868329872"
"1357","300","0.4","0.3","0.2","0.05","0.7","0.45","300","4540","3059","1481","0.3262114537444934","3059","1698","0.4041000259569131","0.05665038656811123"
"1360","300","0.4","0.3","0.2","0.05","0.7","0.45","300","4509","3061","1448","0.3211355067642493","3061","1694","0.3998740315949817","0.046551371286806344"
"1361","300","0.4","0.3","0.2","0.05","0.7","0.5","300","4017","3028","989","0.24620363455314911","3028","1523","0.38069152292455893","0.03641548608230022"
"1363","300","0.4","0.3","0.2","0.05","0.7","0.5","300","4035","3036","999","0.24758364312267658","3036","1524","0.3866864420013335","0.0497960349744423"
"1362","300","0.4","0.3","0.2","0.05","0.7","0.5","300","4052","2982","1070","0.2640671273445212","2982","1485","0.37666869555825555","0.04338496857075218"
"1366","300","0.4","0.3","0.2","0.05","0.7","0.5","300","3967","2987","980","0.24703806402823292","2987","1488","0.37516484945622913","0.04246238517094127"
"1365","300","0.4","0.3","0.2","0.05","0.7","0.5","300","4039","3006","1033","0.2557563753404308","3006","1510","0.3833427189179307","0.04399493146509286"
"1364","300","0.4","0.3","0.2","0.05","0.7","0.5","300","4051","3020","1031","0.2545050604788941","3020","1472","0.38252584005909857","0.04820108098037953"
"1369","300","0.4","0.3","0.2","0.05","0.7","0.5","300","4043","3006","1037","0.25649270343804104","3006","1510","0.38238245724143366","0.04363913117583569"
"1368","300","0.4","0.3","0.2","0.05","0.7","0.5","300","4037","3011","1026","0.25414912063413425","3011","1484","0.3855403624378879","0.03238476918907814"
"1367","300","0.4","0.3","0.2","0.05","0.7","0.5","300","4021","2974","1047","0.26038298930614273","2974","1459","0.38087457208265457","0.052260251320799034"
"1370","300","0.4","0.3","0.2","0.05","0.7","0.5","300","4041","2996","1045","0.25859935659490224","2996","1451","0.3745428483904308","0.04426912457580437"
"1371","300","0.4","0.3","0.2","0.05","0.7","0.55","300","3682","2953","729","0.1979902227050516","2953","1325","0.36505431158869145","0.037597554390479945"
"1373","300","0.4","0.3","0.2","0.05","0.7","0.55","300","3712","2947","765","0.20608836206896552","2947","1337","0.3707486889696061","0.033752662054684836"
"1372","300","0.4","0.3","0.2","0.05","0.7","0.55","300","3738","2991","747","0.1998394863563403","2991","1359","0.37180552913273984","0.03347785361066867"
"1374","300","0.4","0.3","0.2","0.05","0.7","0.55","300","3668","2957","711","0.19383860414394766","2957","1342","0.35677538162517963","0.04584611631044902"
"1375","300","0.4","0.3","0.2","0.05","0.7","0.55","300","3673","2973","700","0.19057990743261638","2973","1319","0.3664058626619314","0.0344101737978582"
"1376","300","0.4","0.3","0.2","0.05","0.7","0.55","300","3707","2988","719","0.19395737793363907","2988","1395","0.3624338917544274","0.04321134770312091"
"1377","300","0.4","0.3","0.2","0.05","0.7","0.55","300","3671","2977","694","0.18904930536638517","2977","1352","0.35841417384914015","0.04197113222174901"
"1378","300","0.4","0.3","0.2","0.05","0.7","0.55","300","3707","2970","737","0.19881305637982197","2970","1312","0.362870253932493","0.04985636423425611"
"1379","300","0.4","0.3","0.2","0.05","0.7","0.55","300","3668","2943","725","0.19765539803707743","2943","1303","0.3560224224128189","0.043065602151631584"
"1380","300","0.4","0.3","0.2","0.05","0.7","0.55","300","3711","2975","736","0.1983292912961466","2975","1367","0.36552527136707125","0.03846251740766654"
"1382","300","0.4","0.3","0.2","0.05","0.7","0.6","300","3468","2941","527","0.15196078431372548","2941","1140","0.3542182174557721","0.03862170533007765"
"1381","300","0.4","0.3","0.2","0.05","0.7","0.6","300","3439","2938","501","0.14568188426868275","2938","1229","0.35011863359047934","0.04312438925776783"
"1383","300","0.4","0.3","0.2","0.05","0.7","0.6","300","3473","2937","536","0.15433342931183414","2937","1149","0.3488799276527472","0.03131245205851389"
"1384","300","0.4","0.3","0.2","0.05","0.7","0.6","300","3405","2940","465","0.13656387665198239","2940","1130","0.3498675239077373","0.04359195695110069"
"1386","300","0.4","0.3","0.2","0.05","0.7","0.6","300","3460","2956","504","0.14566473988439307","2956","1222","0.34910040789704216","0.04472890811835128"
"1385","300","0.4","0.3","0.2","0.05","0.7","0.6","300","3477","2991","486","0.13977566867989646","2991","1153","0.349804574334091","0.03965193267669051"
"1387","300","0.4","0.3","0.2","0.05","0.7","0.6","300","3483","2976","507","0.14556416881998277","2976","1224","0.34709761660571803","0.03964465169387522"
"1389","300","0.4","0.3","0.2","0.05","0.7","0.6","300","3439","2880","559","0.16254725210817098","2880","1170","0.352871128279251","0.036285600967114154"
"1388","300","0.4","0.3","0.2","0.05","0.7","0.6","300","3450","2963","487","0.14115942028985506","2963","1147","0.34853796542725","0.0383350336569132"
"1390","300","0.4","0.3","0.2","0.05","0.7","0.6","300","3486","2959","527","0.15117613310384395","2959","1161","0.3467170511316904","0.03766515525953458"
"1391","300","0.4","0.3","0.2","0.05","0.7","0.65","300","3300","2940","360","0.10909090909090909","2940","1030","0.33786924342626573","0.03779841005738978"
"1392","300","0.4","0.3","0.2","0.05","0.7","0.65","300","3268","2897","371","0.1135250917992656","2897","1027","0.33617098860917405","0.04036261803313483"
"1393","300","0.4","0.3","0.2","0.05","0.7","0.65","300","3325","2946","379","0.11398496240601504","2946","1010","0.33588708091305974","0.03203475411570757"
"1394","300","0.4","0.3","0.2","0.05","0.7","0.65","300","3303","2899","404","0.12231304874356645","2899","1063","0.3420596928659095","0.030706883283777624"
"1395","300","0.4","0.3","0.2","0.05","0.7","0.65","300","3334","2947","387","0.11607678464307139","2947","1025","0.3414272212229742","0.03070904199818405"
"1396","300","0.4","0.3","0.2","0.05","0.7","0.65","300","3368","2949","419","0.1244061757719715","2949","1047","0.34072793634309684","0.04080222825264255"
"1397","300","0.4","0.3","0.2","0.05","0.7","0.65","300","3333","2956","377","0.11311131113111311","2956","1049","0.34182927419335507","0.02733863927723925"
"1398","300","0.4","0.3","0.2","0.05","0.7","0.65","300","3334","2947","387","0.11607678464307139","2947","1055","0.34028976270675926","0.04223756758790921"
"1399","300","0.4","0.3","0.2","0.05","0.7","0.65","300","3322","2950","372","0.11198073449729079","2950","1056","0.3447096124356847","0.026267724715163088"
"1400","300","0.4","0.3","0.2","0.05","0.7","0.65","300","3306","2941","365","0.1104053236539625","2941","996","0.3371875548975792","0.02902405096745039"
"1401","300","0.4","0.3","0.2","0.05","0.7","0.7","300","3190","2893","297","0.09310344827586207","2893","855","0.32666762626263013","0.031750737865770644"
"1403","300","0.4","0.3","0.2","0.05","0.7","0.7","300","3152","2905","247","0.07836294416243655","2905","893","0.3278476385963331","0.032585463547268836"
"1402","300","0.4","0.3","0.2","0.05","0.7","0.7","300","3240","2933","307","0.09475308641975308","2933","894","0.3321522388825544","0.03223620716286501"
"1404","300","0.4","0.3","0.2","0.05","0.7","0.7","300","3229","2935","294","0.09104986063796841","2935","900","0.3289026105810594","0.03377462968663353"
"1405","300","0.4","0.3","0.2","0.05","0.7","0.7","300","3182","2922","260","0.08170961659333752","2922","886","0.32738548499955744","0.027618928249177017"
"1407","300","0.4","0.3","0.2","0.05","0.7","0.7","300","3185","2921","264","0.08288854003139717","2921","915","0.32645577895422373","0.03475863170380107"
"1406","300","0.4","0.3","0.2","0.05","0.7","0.7","300","3170","2884","286","0.09022082018927445","2884","885","0.3316231860035858","0.037605397178759194"
"1408","300","0.4","0.3","0.2","0.05","0.7","0.7","300","3171","2878","293","0.0923998738568275","2878","896","0.32850367750852805","0.03457035810622451"
"1409","300","0.4","0.3","0.2","0.05","0.7","0.7","300","3168","2904","264","0.08333333333333333","2904","873","0.33052302580112086","0.03492855212877459"
"1411","300","0.4","0.3","0.2","0.05","0.7","0.75","300","3147","2938","209","0.06641245630759453","2938","700","0.31765522318463985","0.031087676845827115"
"1410","300","0.4","0.3","0.2","0.05","0.7","0.7","300","3203","2946","257","0.08023727755229472","2946","913","0.33016559771589166","0.03422366588166561"
"1413","300","0.4","0.3","0.2","0.05","0.7","0.75","300","3042","2834","208","0.06837606837606838","2834","648","0.32003950947471266","0.027503031961457272"
"1412","300","0.4","0.3","0.2","0.05","0.7","0.75","300","3058","2891","167","0.05461085676913015","2891","723","0.3206743992687668","0.02996408604889245"
"1415","300","0.4","0.3","0.2","0.05","0.7","0.75","300","3096","2878","218","0.07041343669250646","2878","708","0.31640291119452774","0.035800234891389164"
"1414","300","0.4","0.3","0.2","0.05","0.7","0.75","300","3148","2932","216","0.06861499364675985","2932","703","0.3181196190297056","0.026081907138185815"
"1416","300","0.4","0.3","0.2","0.05","0.7","0.75","300","3104","2892","212","0.06829896907216494","2892","753","0.31775585840580434","0.042454387887063655"
"1417","300","0.4","0.3","0.2","0.05","0.7","0.75","300","3046","2866","180","0.05909389363099146","2866","702","0.31779534506519136","0.044751911818990145"
"1418","300","0.4","0.3","0.2","0.05","0.7","0.75","300","3127","2919","208","0.06651742884553885","2919","724","0.31910009924690785","0.029423346203127435"
"1420","300","0.4","0.3","0.2","0.05","0.7","0.75","300","3102","2903","199","0.06415215989684075","2903","711","0.31913688489402636","0.03288650283294706"
"1419","300","0.4","0.3","0.2","0.05","0.7","0.75","300","3083","2895","188","0.06097956535841713","2895","725","0.3193135288450708","0.033744529336058045"
"1423","300","0.4","0.3","0.2","0.05","0.7","0.8","300","3036","2877","159","0.05237154150197629","2877","602","0.3136100888424723","0.03344852183780847"
"1422","300","0.4","0.3","0.2","0.05","0.7","0.8","300","3134","2958","176","0.05615826419910657","2958","599","0.31119441346224247","0.03384665051133794"
"1421","300","0.4","0.3","0.2","0.05","0.7","0.8","300","2989","2860","129","0.043158246905319504","2860","583","0.31299826783890194","0.03636462597678788"
"1424","300","0.4","0.3","0.2","0.05","0.7","0.8","300","3059","2895","164","0.05361229159856162","2895","588","0.3135971917824689","0.03633736168681263"
"1426","300","0.4","0.3","0.2","0.05","0.7","0.8","300","2989","2839","150","0.050184008029441285","2839","561","0.3117060383948492","0.033016562465802896"
"1425","300","0.4","0.3","0.2","0.05","0.7","0.8","300","3035","2894","141","0.04645799011532125","2894","569","0.31458441561924383","0.03028039101415939"
"1427","300","0.4","0.3","0.2","0.05","0.7","0.8","300","3049","2887","162","0.05313217448343719","2887","572","0.3114461930857518","0.0330082836790223"
"1428","300","0.4","0.3","0.2","0.05","0.7","0.8","300","3027","2872","155","0.05120581433762801","2872","575","0.3117092943766307","0.02715220995666651"
"1429","300","0.4","0.3","0.2","0.05","0.7","0.8","300","3142","2971","171","0.054423933800127305","2971","532","0.3127168827735107","0.03572457294950666"
"1430","300","0.4","0.3","0.2","0.05","0.7","0.8","300","3023","2878","145","0.04796559708898445","2878","535","0.3100401128191826","0.027554036609068012"
"1432","300","0.4","0.3","0.2","0.05","0.75","0.2","300","14201","3397","10804","0.7607914935567918","3397","2707","0.5479849795609766","0.15027959326360588"
"1431","300","0.4","0.3","0.2","0.05","0.75","0.2","300","14296","3360","10936","0.7649692221600448","3360","2676","0.5449495811920956","0.1536386376996295"
"1433","300","0.4","0.3","0.2","0.05","0.75","0.2","300","14282","3335","10947","0.7664892872146758","3335","2680","0.5376109432060278","0.1509998577528189"
"1435","300","0.4","0.3","0.2","0.05","0.75","0.2","300","14201","3390","10811","0.7612844165903809","3390","2693","0.5326987433249032","0.1554719011724275"
"1434","300","0.4","0.3","0.2","0.05","0.75","0.2","300","14208","3416","10792","0.7595720720720721","3416","2725","0.5611330979586383","0.14143002553632744"
"1436","300","0.4","0.3","0.2","0.05","0.75","0.2","300","14438","3338","11100","0.7688045435655908","3338","2668","0.5438209899091906","0.15918981832840598"
"1437","300","0.4","0.3","0.2","0.05","0.75","0.2","300","14320","3333","10987","0.7672486033519553","3333","2669","0.5539853209709142","0.15288673002097197"
"1441","300","0.4","0.3","0.2","0.05","0.75","0.25","300","10678","3324","7354","0.6887057501404757","3324","2496","0.5274249553600064","0.10616277592216478"
"1438","300","0.4","0.3","0.2","0.05","0.75","0.2","300","14436","3345","11091","0.7682876142975894","3345","2706","0.5356889538118956","0.16163632494540975"
"1439","300","0.4","0.3","0.2","0.05","0.75","0.2","300","14201","3369","10832","0.7627631856911485","3369","2697","0.5432020570067478","0.15340642368987992"
"1442","300","0.4","0.3","0.2","0.05","0.75","0.25","300","10498","3336","7162","0.6822251857496666","3336","2460","0.49832320757258164","0.12073266365075876"
"1440","300","0.4","0.3","0.2","0.05","0.75","0.2","300","14298","3368","10930","0.7644425793817317","3368","2686","0.5447998572062878","0.15289309676222557"
"1443","300","0.4","0.3","0.2","0.05","0.75","0.25","300","10469","3355","7114","0.679530041073646","3355","2487","0.512568503091737","0.1072558231971162"
"1444","300","0.4","0.3","0.2","0.05","0.75","0.25","300","10592","3302","7290","0.6882552870090635","3302","2465","0.5253699785369945","0.11047556249478324"
"1445","300","0.4","0.3","0.2","0.05","0.75","0.25","300","10561","3347","7214","0.6830792538585361","3347","2532","0.5237615805490088","0.11071161732264666"
"1446","300","0.4","0.3","0.2","0.05","0.75","0.25","300","10654","3297","7357","0.69053876478318","3297","2482","0.5066099589760626","0.11232072610774094"
"1448","300","0.4","0.3","0.2","0.05","0.75","0.25","300","10532","3329","7203","0.6839156855298139","3329","2521","0.5267416951719099","0.11116623997230245"
"1447","300","0.4","0.3","0.2","0.05","0.75","0.25","300","10621","3317","7304","0.6876941907541663","3317","2467","0.5143363358750778","0.11757051118968304"
"1449","300","0.4","0.3","0.2","0.05","0.75","0.25","300","10583","3297","7286","0.6884626287442124","3297","2464","0.5094150417211237","0.11155449536926049"
"1451","300","0.4","0.3","0.2","0.05","0.75","0.3","300","7782","3252","4530","0.582112567463377","3252","2267","0.4793439342478015","0.08410326171808157"
"1450","300","0.4","0.3","0.2","0.05","0.75","0.25","300","10594","3335","7259","0.6851991693411364","3335","2503","0.5103349132961594","0.11428354067625968"
"1452","300","0.4","0.3","0.2","0.05","0.75","0.3","300","7851","3211","4640","0.5910075149662464","3211","2239","0.46737444691492974","0.08722599919719132"
"1453","300","0.4","0.3","0.2","0.05","0.75","0.3","300","7807","3231","4576","0.5861406430126809","3231","2259","0.48268651519268324","0.0882743597141829"
"1454","300","0.4","0.3","0.2","0.05","0.75","0.3","300","8002","3197","4805","0.6004748812796801","3197","2236","0.4690955073851335","0.08478385416574513"
"1455","300","0.4","0.3","0.2","0.05","0.75","0.3","300","7771","3235","4536","0.5837086604040664","3235","2241","0.4688703332409892","0.0882499176470015"
"1456","300","0.4","0.3","0.2","0.05","0.75","0.3","300","7756","3212","4544","0.5858690046415678","3212","2226","0.4736691879481032","0.08167215273757655"
"1457","300","0.4","0.3","0.2","0.05","0.75","0.3","300","7781","3229","4552","0.5850147795913122","3229","2258","0.47592452368541793","0.08494137730680139"
"1458","300","0.4","0.3","0.2","0.05","0.75","0.3","300","7852","3227","4625","0.5890219052470708","3227","2254","0.4786428936102649","0.08520483221714607"
"1459","300","0.4","0.3","0.2","0.05","0.75","0.3","300","8017","3193","4824","0.6017213421479356","3193","2273","0.4817901529502016","0.08849414104620673"
"1461","300","0.4","0.3","0.2","0.05","0.75","0.35","300","6210","3074","3136","0.5049919484702093","3074","1993","0.43835882531275466","0.06336648828938207"
"1460","300","0.4","0.3","0.2","0.05","0.75","0.3","300","7947","3217","4730","0.5951931546495532","3217","2264","0.48622053113445285","0.07197088599343299"
"1462","300","0.4","0.3","0.2","0.05","0.75","0.35","300","6142","3097","3045","0.4957668511885379","3097","1988","0.4474661698934892","0.07025489181338058"
"1463","300","0.4","0.3","0.2","0.05","0.75","0.35","300","6129","3088","3041","0.4961657692935226","3088","1971","0.4351219207397014","0.07972869721952659"
"1464","300","0.4","0.3","0.2","0.05","0.75","0.35","300","6115","3096","3019","0.49370400654129193","3096","2035","0.45166505881236957","0.05446656140704705"
"1466","300","0.4","0.3","0.2","0.05","0.75","0.35","300","6207","3089","3118","0.5023360721765748","3089","2047","0.4496394195890298","0.055451473831590936"
"1465","300","0.4","0.3","0.2","0.05","0.75","0.35","300","6186","3079","3107","0.5022631749110895","3079","1993","0.4398166534124498","0.07187521208109356"
"1467","300","0.4","0.3","0.2","0.05","0.75","0.35","300","6196","3090","3106","0.5012911555842479","3090","2021","0.44529800251453433","0.06204121615151878"
"1468","300","0.4","0.3","0.2","0.05","0.75","0.35","300","6174","3079","3095","0.5012957563977972","3079","1969","0.4482997209660592","0.06940564232305897"
"1471","300","0.4","0.3","0.2","0.05","0.75","0.4","300","5081","3007","2074","0.40818736469198974","3007","1788","0.4211209107968848","0.05984539538779952"
"1470","300","0.4","0.3","0.2","0.05","0.75","0.35","300","6147","3110","3037","0.4940621441353506","3110","1983","0.44951456810079615","0.06728981039183529"
"1469","300","0.4","0.3","0.2","0.05","0.75","0.35","300","6099","3127","2972","0.48729299885227084","3127","2062","0.4568720045099236","0.058409227298516934"
"1472","300","0.4","0.3","0.2","0.05","0.75","0.4","300","5020","3005","2015","0.40139442231075695","3005","1825","0.42818898546887035","0.04688337361619119"
"1473","300","0.4","0.3","0.2","0.05","0.75","0.4","300","5019","3048","1971","0.3927077106993425","3048","1793","0.420176089496673","0.051035839687037905"
"1475","300","0.4","0.3","0.2","0.05","0.75","0.4","300","5103","3027","2076","0.40681951793062904","3027","1819","0.4138623981373878","0.057050025266498834"
"1474","300","0.4","0.3","0.2","0.05","0.75","0.4","300","5023","3035","1988","0.3957794146924149","3035","1843","0.425045803407705","0.050987995774670246"
"1476","300","0.4","0.3","0.2","0.05","0.75","0.4","300","5070","3008","2062","0.4067061143984221","3008","1797","0.42380651396601543","0.050271323760007"
"1477","300","0.4","0.3","0.2","0.05","0.75","0.4","300","5016","3028","1988","0.3963317384370016","3028","1784","0.42817975056142094","0.051506945153630274"
"1478","300","0.4","0.3","0.2","0.05","0.75","0.4","300","5038","3023","2015","0.3999603017070266","3023","1814","0.41128655311861334","0.05408696269166848"
"1479","300","0.4","0.3","0.2","0.05","0.75","0.4","300","5063","3002","2061","0.4070709065771282","3002","1773","0.40789384364521464","0.05586897086216361"
"1481","300","0.4","0.3","0.2","0.05","0.75","0.45","300","4371","2971","1400","0.3202928391672386","2971","1659","0.4068513369612812","0.04659336471014496"
"1480","300","0.4","0.3","0.2","0.05","0.75","0.4","300","5109","3010","2099","0.41084360931689173","3010","1852","0.4319743685581864","0.04401034108825466"
"1484","300","0.4","0.3","0.2","0.05","0.75","0.45","300","4364","2917","1447","0.33157653528872594","2917","1653","0.4093722833312862","0.042757357231342524"
"1485","300","0.4","0.3","0.2","0.05","0.75","0.45","300","4366","2952","1414","0.3238662391204764","2952","1614","0.4057109528036266","0.04511158444973036"
"1483","300","0.4","0.3","0.2","0.05","0.75","0.45","300","4354","2951","1403","0.32223242994947177","2951","1594","0.40199399231618127","0.05284706990038145"
"1482","300","0.4","0.3","0.2","0.05","0.75","0.45","300","4365","2940","1425","0.32646048109965636","2940","1623","0.3955236018929977","0.04317810632737787"
"1486","300","0.4","0.3","0.2","0.05","0.75","0.45","300","4322","2926","1396","0.32299861175381767","2926","1619","0.4035896115402803","0.04590874892901719"
"1489","300","0.4","0.3","0.2","0.05","0.75","0.45","300","4355","2910","1445","0.33180252583237657","2910","1638","0.4002125718896356","0.04140506272500709"
"1487","300","0.4","0.3","0.2","0.05","0.75","0.45","300","4319","2944","1375","0.3183607316508451","2944","1600","0.40138827827832274","0.04442699917197061"
"1488","300","0.4","0.3","0.2","0.05","0.75","0.45","300","4267","2948","1319","0.3091164752753691","2948","1630","0.40016469005278127","0.04372776550664245"
"1490","300","0.4","0.3","0.2","0.05","0.75","0.45","300","4308","2925","1383","0.32103064066852366","2925","1602","0.403870168997173","0.046694215911156724"
"1491","300","0.4","0.3","0.2","0.05","0.75","0.5","300","3920","2918","1002","0.2556122448979592","2918","1478","0.3836170070554212","0.037127423463621634"
"1494","300","0.4","0.3","0.2","0.05","0.75","0.5","300","3907","2872","1035","0.26490913744561045","2872","1427","0.38057097657798805","0.04723329176051675"
"1495","300","0.4","0.3","0.2","0.05","0.75","0.5","300","3864","2881","983","0.25439958592132506","2881","1420","0.3750120775089338","0.031673817531864365"
"1492","300","0.4","0.3","0.2","0.05","0.75","0.5","300","3881","2890","991","0.255346560164906","2890","1455","0.382550124601038","0.04360161050689339"
"1493","300","0.4","0.3","0.2","0.05","0.75","0.5","300","3884","2917","967","0.24897013388259526","2917","1428","0.3777675827028441","0.051138518123906226"
"1497","300","0.4","0.3","0.2","0.05","0.75","0.5","300","3904","2919","985","0.25230532786885246","2919","1439","0.37886981256482205","0.04675626606052247"
"1496","300","0.4","0.3","0.2","0.05","0.75","0.5","300","3932","2905","1027","0.26119023397761953","2905","1464","0.37292001986395124","0.05161758134528195"
"1498","300","0.4","0.3","0.2","0.05","0.75","0.5","300","3948","2885","1063","0.2692502532928065","2885","1400","0.3782156398509647","0.050373661833789524"
"1499","300","0.4","0.3","0.2","0.05","0.75","0.5","300","3901","2923","978","0.25070494744937194","2923","1518","0.38359624150528665","0.03768133148240679"
"1500","300","0.4","0.3","0.2","0.05","0.75","0.5","300","3914","2920","994","0.25396014307613696","2920","1431","0.38637424384473634","0.04147797135152052"
"1501","300","0.4","0.3","0.2","0.05","0.75","0.55","300","3640","2901","739","0.20302197802197802","2901","1317","0.3666991882604217","0.042887251134824854"
"1502","300","0.4","0.3","0.2","0.05","0.75","0.55","300","3574","2896","678","0.1897034135422496","2896","1310","0.36467422455015175","0.033167122586550045"
"1503","300","0.4","0.3","0.2","0.05","0.75","0.55","300","3627","2922","705","0.19437551695616212","2922","1324","0.36705586860524647","0.03356001990614452"
"1504","300","0.4","0.3","0.2","0.05","0.75","0.55","300","3592","2902","690","0.1920935412026726","2902","1313","0.36823276653307124","0.03477190174640529"
"1505","300","0.4","0.3","0.2","0.05","0.75","0.55","300","3586","2883","703","0.19604015616285556","2883","1264","0.3675755247858938","0.03453241238483814"
"1506","300","0.4","0.3","0.2","0.05","0.75","0.55","300","3572","2883","689","0.19288913773796193","2883","1299","0.3620343087013019","0.034372924650301326"
"1507","300","0.4","0.3","0.2","0.05","0.75","0.55","300","3621","2923","698","0.1927644297155482","2923","1314","0.36578758651333354","0.039653702548318064"
"1508","300","0.4","0.3","0.2","0.05","0.75","0.55","300","3641","2913","728","0.19994507003570447","2913","1320","0.36715228268988864","0.045379362768572414"
"1510","300","0.4","0.3","0.2","0.05","0.75","0.55","300","3666","2934","732","0.19967266775777415","2934","1309","0.37204563615376773","0.0345433438989115"
"1512","300","0.4","0.3","0.2","0.05","0.75","0.6","300","3397","2883","514","0.15130997939358257","2883","1185","0.35465046305840364","0.035629099461496026"
"1511","300","0.4","0.3","0.2","0.05","0.75","0.6","300","3346","2837","509","0.1521219366407651","2837","1121","0.3509842330280055","0.0446177490861237"
"1513","300","0.4","0.3","0.2","0.05","0.75","0.6","300","3427","2911","516","0.1505690107966151","2911","1157","0.35266525019217565","0.028734116743284646"
"1509","300","0.4","0.3","0.2","0.05","0.75","0.55","300","3650","2922","728","0.19945205479452055","2922","1296","0.37025723116083736","0.03509134317304357"
"1514","300","0.4","0.3","0.2","0.05","0.75","0.6","300","3355","2856","499","0.14873323397913563","2856","1139","0.351867315064825","0.03764721884715299"
"1515","300","0.4","0.3","0.2","0.05","0.75","0.6","300","3387","2885","502","0.14821375848833776","2885","1155","0.34905715574311036","0.03679974381434186"
"1516","300","0.4","0.3","0.2","0.05","0.75","0.6","300","3442","2867","575","0.16705403834979662","2867","1139","0.34962163772998023","0.03768982990729581"
"1517","300","0.4","0.3","0.2","0.05","0.75","0.6","300","3403","2878","525","0.1542756391419336","2878","1098","0.3539385125064485","0.034035084662816295"
"1518","300","0.4","0.3","0.2","0.05","0.75","0.6","300","3379","2886","493","0.14590115418762947","2886","1133","0.34788112794859477","0.0416757783833771"
"1519","300","0.4","0.3","0.2","0.05","0.75","0.6","300","3371","2879","492","0.14595075645209138","2879","1152","0.35042501324263875","0.03662957970546763"
"1520","300","0.4","0.3","0.2","0.05","0.75","0.6","300","3342","2833","509","0.15230400957510473","2833","1132","0.3463609730684243","0.04585777315774887"
"1521","300","0.4","0.3","0.2","0.05","0.75","0.65","300","3267","2877","390","0.11937557392102846","2877","1005","0.34074787589199074","0.03613991643995353"
"1522","300","0.4","0.3","0.2","0.05","0.75","0.65","300","3245","2870","375","0.11556240369799692","2870","990","0.3372960391009589","0.0318449521460676"
"1523","300","0.4","0.3","0.2","0.05","0.75","0.65","300","3231","2857","374","0.11575363664500155","2857","1010","0.3368509951653103","0.02853471524161366"
"1524","300","0.4","0.3","0.2","0.05","0.75","0.65","300","3182","2818","364","0.11439346323067254","2818","983","0.33853518040561487","0.03685750199144962"
"1525","300","0.4","0.3","0.2","0.05","0.75","0.65","300","3202","2824","378","0.11805121798875702","2824","1013","0.344289270074888","0.03724432529586398"
"1526","300","0.4","0.3","0.2","0.05","0.75","0.65","300","3255","2874","381","0.11705069124423963","2874","971","0.3364422125826088","0.037578208362338744"
"1527","300","0.4","0.3","0.2","0.05","0.75","0.65","300","3243","2892","351","0.10823311748381129","2892","955","0.3359631870607264","0.037523624270799506"
"1528","300","0.4","0.3","0.2","0.05","0.75","0.65","300","3251","2889","362","0.1113503537373116","2889","1020","0.3404653772234403","0.037790009149690905"
"1529","300","0.4","0.3","0.2","0.05","0.75","0.65","300","3242","2853","389","0.11998766193707588","2853","969","0.3394785803878247","0.028325195203130368"
"1531","300","0.4","0.3","0.2","0.05","0.75","0.7","300","3074","2794","280","0.09108653220559532","2794","818","0.3280927341258714","0.029810969929211607"
"1530","300","0.4","0.3","0.2","0.05","0.75","0.65","300","3220","2875","345","0.10714285714285714","2875","1019","0.34515864904846993","0.030566258840173492"
"1533","300","0.4","0.3","0.2","0.05","0.75","0.7","300","3141","2889","252","0.08022922636103152","2889","878","0.3313375535718016","0.031107602856744503"
"1536","300","0.4","0.3","0.2","0.05","0.75","0.7","300","3081","2789","292","0.09477442388834793","2789","846","0.32708441595457777","0.03202440747900493"
"1532","300","0.4","0.3","0.2","0.05","0.75","0.7","300","3138","2859","279","0.08891013384321224","2859","835","0.32570609755244834","0.033427245280602196"
"1534","300","0.4","0.3","0.2","0.05","0.75","0.7","300","3117","2860","257","0.08245107475136348","2860","859","0.3239837379029206","0.04008691072669927"
"1535","300","0.4","0.3","0.2","0.05","0.75","0.7","300","3128","2849","279","0.08919437340153452","2849","830","0.32814488169565875","0.03854085811755774"
"1539","300","0.4","0.3","0.2","0.05","0.75","0.7","300","3077","2793","284","0.09229769255768606","2793","877","0.3280192168139439","0.027801163599415996"
"1537","300","0.4","0.3","0.2","0.05","0.75","0.7","300","3164","2892","272","0.08596713021491782","2892","938","0.3338793552056317","0.026731355046665198"
"1538","300","0.4","0.3","0.2","0.05","0.75","0.7","300","3159","2845","314","0.09939854384298828","2845","813","0.3277024916546302","0.03390740094717504"
"1540","300","0.4","0.3","0.2","0.05","0.75","0.7","300","3143","2889","254","0.08081450843143494","2889","845","0.32807521254475247","0.04422701108760596"
"1541","300","0.4","0.3","0.2","0.05","0.75","0.75","300","3055","2830","225","0.07364975450081833","2830","707","0.31565703505088305","0.030860767971237126"
"1542","300","0.4","0.3","0.2","0.05","0.75","0.75","300","3026","2833","193","0.06378056840713814","2833","715","0.321713559385595","0.027506415529497813"
"1544","300","0.4","0.3","0.2","0.05","0.75","0.75","300","3106","2904","202","0.06503541532517708","2904","724","0.3220415238065335","0.027480945278180992"
"1543","300","0.4","0.3","0.2","0.05","0.75","0.75","300","3121","2917","204","0.06536366549182954","2917","713","0.32092353388912576","0.02997752109876263"
"1545","300","0.4","0.3","0.2","0.05","0.75","0.75","300","3087","2865","222","0.07191448007774538","2865","726","0.31876387017240315","0.03364472777126473"
"1546","300","0.4","0.3","0.2","0.05","0.75","0.75","300","3067","2848","219","0.07140528203456147","2848","736","0.3219204550297979","0.030344720205740885"
"1547","300","0.4","0.3","0.2","0.05","0.75","0.75","300","3073","2874","199","0.06475756589651806","2874","722","0.31934189160143417","0.034043955029914814"
"1548","300","0.4","0.3","0.2","0.05","0.75","0.75","300","3020","2819","201","0.06655629139072848","2819","711","0.31753259771701486","0.03487938670166727"
"1549","300","0.4","0.3","0.2","0.05","0.75","0.75","300","3020","2801","219","0.07251655629139073","2801","689","0.32078376731282726","0.03424734104087477"
"1550","300","0.4","0.3","0.2","0.05","0.75","0.75","300","3098","2916","182","0.05874757908327954","2916","742","0.3200484845212644","0.029091179623038973"
"1552","300","0.4","0.3","0.2","0.05","0.75","0.8","300","2937","2795","142","0.04834865509022812","2795","564","0.31116212284748374","0.03541327075685393"
"1551","300","0.4","0.3","0.2","0.05","0.75","0.8","300","3042","2882","160","0.05259697567389875","2882","554","0.31426725825119467","0.03638932846626174"
"1554","300","0.4","0.3","0.2","0.05","0.75","0.8","300","3005","2862","143","0.0475873544093178","2862","603","0.31425553028972086","0.03776142969060579"
"1555","300","0.4","0.3","0.2","0.05","0.75","0.8","300","2965","2815","150","0.050590219224283306","2815","566","0.31245120098113366","0.03508180952161973"
"1553","300","0.4","0.3","0.2","0.05","0.75","0.8","300","3036","2897","139","0.045783926218708824","2897","550","0.3107335762828366","0.03366151118058794"
"1556","300","0.4","0.3","0.2","0.05","0.75","0.8","300","2940","2769","171","0.058163265306122446","2769","580","0.31075432669165204","0.03527486994374462"
"1559","300","0.4","0.3","0.2","0.05","0.75","0.8","300","2954","2798","156","0.052809749492213946","2798","535","0.31165464040322194","0.027116613804352378"
"1560","300","0.4","0.3","0.2","0.05","0.75","0.8","300","3011","2856","155","0.05147791431418133","2856","594","0.3149917977931919","0.02670407454062487"
"1557","300","0.4","0.3","0.2","0.05","0.75","0.8","300","3030","2882","148","0.04884488448844884","2882","568","0.3142913744301724","0.028851536327118652"
"1558","300","0.4","0.3","0.2","0.05","0.75","0.8","300","3009","2865","144","0.047856430707876374","2865","605","0.31273143438607387","0.033342094700131567"
"1561","300","0.4","0.3","0.2","0.05","0.8","0.2","300","13991","3231","10760","0.7690658280323065","3231","2588","0.5493342085211025","0.14392746535763967"
"1563","300","0.4","0.3","0.2","0.05","0.8","0.2","300","13809","3204","10605","0.7679774060395395","3204","2536","0.5398631275144128","0.1534429603399165"
"1562","300","0.4","0.3","0.2","0.05","0.8","0.2","300","13790","3226","10564","0.7660623640319072","3226","2615","0.5554596141211465","0.15155566329783354"
"1564","300","0.4","0.3","0.2","0.05","0.8","0.2","300","13797","3264","10533","0.7634268319199826","3264","2577","0.5492907847903208","0.14641860311961383"
"1565","300","0.4","0.3","0.2","0.05","0.8","0.2","300","13747","3252","10495","0.7634392958463665","3252","2580","0.5365705089181267","0.15608594728607805"
"1568","300","0.4","0.3","0.2","0.05","0.8","0.2","300","13694","3225","10469","0.7644953994450124","3225","2617","0.5734379756112189","0.14789687662028767"
"1567","300","0.4","0.3","0.2","0.05","0.8","0.2","300","13845","3232","10613","0.7665583243048032","3232","2587","0.5448353792468301","0.14284484324951638"
"1566","300","0.4","0.3","0.2","0.05","0.8","0.2","300","13831","3202","10629","0.7684910707830236","3202","2563","0.5252666554792494","0.16255493992754433"
"1570","300","0.4","0.3","0.2","0.05","0.8","0.2","300","13798","3242","10556","0.7650384113639658","3242","2605","0.5526782808236307","0.15218391755015828"
"1571","300","0.4","0.3","0.2","0.05","0.8","0.25","300","10192","3171","7021","0.6888736263736264","3171","2389","0.5176036696330303","0.10846900463615895"
"1569","300","0.4","0.3","0.2","0.05","0.8","0.2","300","13837","3230","10607","0.766567897665679","3230","2624","0.5509099829008537","0.15529629718114493"
"1572","300","0.4","0.3","0.2","0.05","0.8","0.25","300","10097","3191","6906","0.6839655343171239","3191","2397","0.5093683138278641","0.10658390138832634"
"1573","300","0.4","0.3","0.2","0.05","0.8","0.25","300","10275","3175","7100","0.6909975669099757","3175","2416","0.5295493197163045","0.09564536228746208"
"1574","300","0.4","0.3","0.2","0.05","0.8","0.25","300","10089","3176","6913","0.6852017048270393","3176","2384","0.5099318908686744","0.10917598897388864"
"1576","300","0.4","0.3","0.2","0.05","0.8","0.25","300","10106","3189","6917","0.6844448842271917","3189","2395","0.5175210488915932","0.10851127459411039"
"1575","300","0.4","0.3","0.2","0.05","0.8","0.25","300","10275","3174","7101","0.6910948905109489","3174","2398","0.5016588301986653","0.10649120938051668"
"1577","300","0.4","0.3","0.2","0.05","0.8","0.25","300","9977","3226","6751","0.6766563095118773","3226","2370","0.5020936315358446","0.10817287879194741"
"1578","300","0.4","0.3","0.2","0.05","0.8","0.25","300","10318","3173","7145","0.6924791626284164","3173","2397","0.5189295723641357","0.1068093388954388"
"1581","300","0.4","0.3","0.2","0.05","0.8","0.3","300","7467","3073","4394","0.5884558725056918","3073","2129","0.47195678831204524","0.08609313308572347"
"1582","300","0.4","0.3","0.2","0.05","0.8","0.3","300","7407","3103","4304","0.5810719589577427","3103","2178","0.4870860988991773","0.08166716703688447"
"1579","300","0.4","0.3","0.2","0.05","0.8","0.25","300","10219","3166","7053","0.6901849496036794","3166","2375","0.5173682136607359","0.10274121731866558"
"1580","300","0.4","0.3","0.2","0.05","0.8","0.25","300","10148","3190","6958","0.6856523452897123","3190","2391","0.5215515368229391","0.09644801847676582"
"1583","300","0.4","0.3","0.2","0.05","0.8","0.3","300","7592","3057","4535","0.5973393045310853","3057","2147","0.4812346256493446","0.09663135194653585"
"1584","300","0.4","0.3","0.2","0.05","0.8","0.3","300","7583","3083","4500","0.5934326783594883","3083","2176","0.483519835684201","0.06373977698304005"
"1585","300","0.4","0.3","0.2","0.05","0.8","0.3","300","7574","3038","4536","0.5988909426987061","3038","2118","0.48415737756056887","0.07873896204484593"
"1586","300","0.4","0.3","0.2","0.05","0.8","0.3","300","7553","3091","4462","0.59075863895141","3091","2167","0.48762800787760996","0.08242300782728809"
"1587","300","0.4","0.3","0.2","0.05","0.8","0.3","300","7500","3083","4417","0.5889333333333333","3083","2165","0.4987901308248864","0.07020307480825873"
"1588","300","0.4","0.3","0.2","0.05","0.8","0.3","300","7488","3096","4392","0.5865384615384616","3096","2172","0.4793415085855255","0.07669521043869143"
"1589","300","0.4","0.3","0.2","0.05","0.8","0.3","300","7514","3071","4443","0.5912962470055896","3071","2158","0.4846536654511531","0.08863442421410789"
"1591","300","0.4","0.3","0.2","0.05","0.8","0.35","300","5853","2985","2868","0.4900051255766274","2985","1946","0.44364121387668914","0.05999478264717883"
"1590","300","0.4","0.3","0.2","0.05","0.8","0.3","300","7568","3093","4475","0.5913054968287527","3093","2182","0.4760522762208004","0.08287682265094957"
"1592","300","0.4","0.3","0.2","0.05","0.8","0.35","300","5967","2963","3004","0.5034355622590917","2963","1901","0.44506984521210446","0.06073308796463096"
"1593","300","0.4","0.3","0.2","0.05","0.8","0.35","300","5827","2967","2860","0.4908186030547452","2967","1916","0.4485386008769789","0.06819026312496868"
"1594","300","0.4","0.3","0.2","0.05","0.8","0.35","300","5937","2968","2969","0.5000842176183258","2968","1936","0.4530074998827883","0.0582361974392184"
"1595","300","0.4","0.3","0.2","0.05","0.8","0.35","300","5848","2973","2875","0.49162106703146374","2973","1878","0.4393567231475914","0.06404990255471439"
"1596","300","0.4","0.3","0.2","0.05","0.8","0.35","300","5822","2997","2825","0.4852284438337341","2997","1955","0.4472034379509075","0.07424895244451941"
"1597","300","0.4","0.3","0.2","0.05","0.8","0.35","300","5968","2975","2993","0.5015080428954424","2975","1934","0.44731078950078673","0.05359199691838594"
"1598","300","0.4","0.3","0.2","0.05","0.8","0.35","300","5902","2978","2924","0.4954252795662487","2978","1918","0.4525785625513222","0.05574750714496093"
"1600","300","0.4","0.3","0.2","0.05","0.8","0.35","300","5917","2977","2940","0.4968734155822207","2977","1957","0.4465001346475269","0.07129684650175333"
"1599","300","0.4","0.3","0.2","0.05","0.8","0.35","300","5951","2959","2992","0.5027726432532348","2959","1915","0.44405186966902344","0.0725085321625577"
"1601","300","0.4","0.3","0.2","0.05","0.8","0.4","300","4870","2859","2011","0.4129363449691992","2859","1686","0.4155292288353273","0.059715181296059176"
"1602","300","0.4","0.3","0.2","0.05","0.8","0.4","300","4818","2899","1919","0.3982980489829805","2899","1750","0.4169165957004854","0.05767902585863361"
"1603","300","0.4","0.3","0.2","0.05","0.8","0.4","300","4857","2889","1968","0.4051883878937616","2889","1715","0.42078663159034047","0.05792982638923268"
"1604","300","0.4","0.3","0.2","0.05","0.8","0.4","300","4841","2905","1936","0.39991737244370995","2905","1797","0.4329021923598401","0.04227172841932159"
"1607","300","0.4","0.3","0.2","0.05","0.8","0.4","300","4868","2899","1969","0.4044782251437962","2899","1727","0.4314396987103973","0.04907227539000206"
"1606","300","0.4","0.3","0.2","0.05","0.8","0.4","300","4775","2884","1891","0.396020942408377","2884","1699","0.4205014980911776","0.04644843561745858"
"1608","300","0.4","0.3","0.2","0.05","0.8","0.4","300","4881","2872","2009","0.4115959844294202","2872","1739","0.4287505165753133","0.05707182441281843"
"1605","300","0.4","0.3","0.2","0.05","0.8","0.4","300","4843","2901","1942","0.4009911212058641","2901","1691","0.42896671904641265","0.045640398630383064"
"1609","300","0.4","0.3","0.2","0.05","0.8","0.4","300","4903","2888","2015","0.41097287375076486","2888","1781","0.43427068422338466","0.05575469673369471"
"1610","300","0.4","0.3","0.2","0.05","0.8","0.4","300","4810","2902","1908","0.3966735966735967","2902","1693","0.42043315427262107","0.05404384602678038"
"1612","300","0.4","0.3","0.2","0.05","0.8","0.45","300","4207","2887","1320","0.31376277632517235","2887","1571","0.4003952129202927","0.04745780059472129"
"1611","300","0.4","0.3","0.2","0.05","0.8","0.45","300","4202","2854","1348","0.3207996192289386","2854","1583","0.4053665051544934","0.0465600526015021"
"1614","300","0.4","0.3","0.2","0.05","0.8","0.45","300","4231","2834","1397","0.3301819900732687","2834","1615","0.4017497087861135","0.04847816782593734"
"1613","300","0.4","0.3","0.2","0.05","0.8","0.45","300","4165","2836","1329","0.3190876350540216","2836","1480","0.39346020808879983","0.0388224334665443"
"1615","300","0.4","0.3","0.2","0.05","0.8","0.45","300","4200","2889","1311","0.31214285714285717","2889","1573","0.407574115463283","0.041841914854657235"
"1616","300","0.4","0.3","0.2","0.05","0.8","0.45","300","4219","2831","1388","0.32898791182744724","2831","1560","0.41186138428136637","0.043980313652643425"
"1617","300","0.4","0.3","0.2","0.05","0.8","0.45","300","4228","2822","1406","0.3325449385052034","2822","1617","0.4072313399125524","0.03864021474038273"
"1618","300","0.4","0.3","0.2","0.05","0.8","0.45","300","4222","2869","1353","0.32046423495973475","2869","1584","0.4078072617619285","0.042003581387685854"
"1620","300","0.4","0.3","0.2","0.05","0.8","0.45","300","4272","2881","1391","0.3256086142322097","2881","1615","0.4079739936958377","0.04616048618688612"
"1619","300","0.4","0.3","0.2","0.05","0.8","0.45","300","4246","2871","1375","0.3238341968911917","2871","1594","0.40594994146480573","0.04696598521551349"
"1621","300","0.4","0.3","0.2","0.05","0.8","0.5","300","3768","2810","958","0.25424628450106157","2810","1408","0.38052500000634015","0.04674125902835422"
"1623","300","0.4","0.3","0.2","0.05","0.8","0.5","300","3778","2815","963","0.2548967707781895","2815","1410","0.3875461444954179","0.036192394937555834"
"1622","300","0.4","0.3","0.2","0.05","0.8","0.5","300","3783","2810","973","0.2572032778218345","2810","1390","0.3790999116818326","0.0441567771065785"
"1624","300","0.4","0.3","0.2","0.05","0.8","0.5","300","3826","2824","1002","0.2618923157344485","2824","1431","0.393242519410643","0.034550866760353856"
"1625","300","0.4","0.3","0.2","0.05","0.8","0.5","300","3787","2824","963","0.2542909955109585","2824","1454","0.38196307713986144","0.03931721623773272"
"1626","300","0.4","0.3","0.2","0.05","0.8","0.5","300","3787","2835","952","0.2513863216266174","2835","1416","0.38362451187721014","0.04204228365897503"
"1627","300","0.4","0.3","0.2","0.05","0.8","0.5","300","3825","2851","974","0.254640522875817","2851","1434","0.38739387624564986","0.036512648297446694"
"1628","300","0.4","0.3","0.2","0.05","0.8","0.5","300","3801","2813","988","0.25993159694817153","2813","1428","0.37797981106405837","0.03308404044119642"
"1629","300","0.4","0.3","0.2","0.05","0.8","0.5","300","3771","2827","944","0.2503314770617873","2827","1405","0.37814100929712363","0.04787119829420477"
"1630","300","0.4","0.3","0.2","0.05","0.8","0.5","300","3753","2810","943","0.251265654143352","2810","1449","0.38559166046408105","0.043272368128845065"
"1633","300","0.4","0.3","0.2","0.05","0.8","0.55","300","3494","2808","686","0.1963365769891242","2808","1258","0.36498668529880507","0.03743885648674246"
"1631","300","0.4","0.3","0.2","0.05","0.8","0.55","300","3549","2834","715","0.20146520146520147","2834","1276","0.36826573378318517","0.03215860261484735"
"1632","300","0.4","0.3","0.2","0.05","0.8","0.55","300","3467","2804","663","0.19123161234496683","2804","1226","0.3729372425269084","0.03602552220050156"
"1634","300","0.4","0.3","0.2","0.05","0.8","0.55","300","3502","2853","649","0.18532267275842376","2853","1304","0.36721221214951044","0.037746785686559266"
"1635","300","0.4","0.3","0.2","0.05","0.8","0.55","300","3578","2821","757","0.21157070989379542","2821","1249","0.3728429063597481","0.03716228596962887"
"1639","300","0.4","0.3","0.2","0.05","0.8","0.55","300","3552","2824","728","0.20495495495495494","2824","1244","0.3627106343732405","0.04954120317163414"
"1637","300","0.4","0.3","0.2","0.05","0.8","0.55","300","3560","2876","684","0.19213483146067414","2876","1279","0.3692178229117828","0.03311287301935431"
"1638","300","0.4","0.3","0.2","0.05","0.8","0.55","300","3505","2827","678","0.1934379457917261","2827","1284","0.3712914404003176","0.03401380224206247"
"1636","300","0.4","0.3","0.2","0.05","0.8","0.55","300","3458","2807","651","0.1882591093117409","2807","1274","0.37031197739119354","0.04091999412795483"
"1640","300","0.4","0.3","0.2","0.05","0.8","0.55","300","3559","2862","697","0.19584152851924697","2862","1244","0.36606293018770875","0.03359464064836366"
"1641","300","0.4","0.3","0.2","0.05","0.8","0.6","300","3329","2837","492","0.14779212976869932","2837","1142","0.35580863490260983","0.03577900499436107"
"1642","300","0.4","0.3","0.2","0.05","0.8","0.6","300","3305","2788","517","0.15642965204236006","2788","1123","0.36013826490800194","0.029235570375315358"
"1643","300","0.4","0.3","0.2","0.05","0.8","0.6","300","3349","2844","505","0.15079128097939684","2844","1138","0.35082886102530975","0.035399940229668074"
"1644","300","0.4","0.3","0.2","0.05","0.8","0.6","300","3325","2826","499","0.1500751879699248","2826","1150","0.3584163723870551","0.034309661059221855"
"1645","300","0.4","0.3","0.2","0.05","0.8","0.6","300","3279","2787","492","0.15004574565416284","2787","1110","0.3546207652216744","0.02730826864483408"
"1646","300","0.4","0.3","0.2","0.05","0.8","0.6","300","3344","2839","505","0.15101674641148324","2839","1152","0.3528439519790579","0.04439351402368155"
"1648","300","0.4","0.3","0.2","0.05","0.8","0.6","300","3378","2860","518","0.15334517465956188","2860","1173","0.35631248115569186","0.02954724353153751"
"1647","300","0.4","0.3","0.2","0.05","0.8","0.6","300","3279","2792","487","0.14852089051540104","2792","1137","0.34937661282270577","0.034514398540309806"
"1649","300","0.4","0.3","0.2","0.05","0.8","0.6","300","3322","2837","485","0.14599638771824203","2837","1141","0.3494218003110416","0.031171102280482397"
"1650","300","0.4","0.3","0.2","0.05","0.8","0.6","300","3342","2833","509","0.15230400957510473","2833","1126","0.35696716223540664","0.030041914737694537"
"1651","300","0.4","0.3","0.2","0.05","0.8","0.65","300","3214","2830","384","0.119477286869944","2830","951","0.3355679229263702","0.0359445811432044"
"1652","300","0.4","0.3","0.2","0.05","0.8","0.65","300","3205","2830","375","0.11700468018720749","2830","993","0.3429010551723369","0.03074960151875114"
"1654","300","0.4","0.3","0.2","0.05","0.8","0.65","300","3200","2828","372","0.11625","2828","977","0.3410169154230908","0.029704919569334905"
"1653","300","0.4","0.3","0.2","0.05","0.8","0.65","300","3207","2836","371","0.11568444028687247","2836","961","0.33515408527215007","0.03325002703104666"
"1655","300","0.4","0.3","0.2","0.05","0.8","0.65","300","3176","2863","313","0.09855163727959698","2863","977","0.3387408483072749","0.03794052688179145"
"1656","300","0.4","0.3","0.2","0.05","0.8","0.65","300","3251","2870","381","0.11719470932020917","2870","986","0.34317694072805244","0.03323280929969902"
"1657","300","0.4","0.3","0.2","0.05","0.8","0.65","300","3186","2802","384","0.12052730696798493","2802","1033","0.34339354368894964","0.03488995771716581"
"1659","300","0.4","0.3","0.2","0.05","0.8","0.65","300","3198","2814","384","0.1200750469043152","2814","975","0.3405117518457842","0.027646712296437722"
"1658","300","0.4","0.3","0.2","0.05","0.8","0.65","300","3190","2806","384","0.12037617554858934","2806","1028","0.3400543226347896","0.04216827686760565"
"1662","300","0.4","0.3","0.2","0.05","0.8","0.7","300","3065","2790","275","0.08972267536704731","2790","895","0.33508629726450256","0.031225454745426807"
"1661","300","0.4","0.3","0.2","0.05","0.8","0.7","300","3054","2795","259","0.0848068107400131","2795","780","0.33065408934679974","0.03320664107276267"
"1660","300","0.4","0.3","0.2","0.05","0.8","0.65","300","3185","2835","350","0.10989010989010989","2835","1002","0.34641296777573777","0.026621043258455327"
"1663","300","0.4","0.3","0.2","0.05","0.8","0.7","300","3099","2830","269","0.08680219425621168","2830","847","0.33015627483608473","0.03622310611269369"
"1664","300","0.4","0.3","0.2","0.05","0.8","0.7","300","3082","2804","278","0.09020116807268008","2804","852","0.32840291764445123","0.037357393473421985"
"1665","300","0.4","0.3","0.2","0.05","0.8","0.7","300","3087","2802","285","0.0923226433430515","2802","805","0.33458321272081176","0.02949027034469712"
"1667","300","0.4","0.3","0.2","0.05","0.8","0.7","300","3073","2799","274","0.0891636836967133","2799","877","0.334040095668133","0.029790997906865516"
"1666","300","0.4","0.3","0.2","0.05","0.8","0.7","300","3082","2810","272","0.0882543802725503","2810","813","0.32738631662431533","0.038075540420091425"
"1668","300","0.4","0.3","0.2","0.05","0.8","0.7","300","3094","2844","250","0.08080155138978669","2844","851","0.332397419524447","0.035630408742314344"
"1669","300","0.4","0.3","0.2","0.05","0.8","0.7","300","3095","2846","249","0.08045234248788369","2846","871","0.3375068892617207","0.03255076453291627"
"1670","300","0.4","0.3","0.2","0.05","0.8","0.7","300","3133","2866","267","0.08522183210979892","2866","843","0.3314989608224076","0.03568498400035504"
"1671","300","0.4","0.3","0.2","0.05","0.8","0.75","300","3036","2828","208","0.06851119894598155","2828","674","0.31946777333983134","0.039889525700409136"
"1672","300","0.4","0.3","0.2","0.05","0.8","0.75","300","2984","2798","186","0.06233243967828418","2798","725","0.32249094952983626","0.030343668577560566"
"1673","300","0.4","0.3","0.2","0.05","0.8","0.75","300","3014","2796","218","0.07232913072329131","2796","704","0.32079426615110873","0.030521102567774065"
"1674","300","0.4","0.3","0.2","0.05","0.8","0.75","300","2990","2793","197","0.06588628762541807","2793","715","0.3210191544395448","0.03590241544842711"
"1675","300","0.4","0.3","0.2","0.05","0.8","0.75","300","3014","2821","193","0.06403450564034506","2821","679","0.3215321411177754","0.03022024104377996"
"1676","300","0.4","0.3","0.2","0.05","0.8","0.75","300","2994","2763","231","0.07715430861723446","2763","653","0.3210068042627885","0.0388827928262473"
"1679","300","0.4","0.3","0.2","0.05","0.8","0.75","300","2990","2793","197","0.06588628762541807","2793","678","0.32085744016570106","0.03407552845959793"
"1677","300","0.4","0.3","0.2","0.05","0.8","0.75","300","3064","2859","205","0.06690600522193212","2859","680","0.3210671421897171","0.03715847829927756"
"1678","300","0.4","0.3","0.2","0.05","0.8","0.75","300","2981","2789","192","0.06440791680644078","2789","705","0.31953142566738213","0.026042724935443802"
"1680","300","0.4","0.3","0.2","0.05","0.8","0.75","300","2999","2788","211","0.0703567855951984","2788","688","0.3230841852679547","0.03358199877371064"
"1681","300","0.4","0.3","0.2","0.05","0.8","0.8","300","2951","2811","140","0.047441545238902066","2811","573","0.3145024519034024","0.028069869448891196"
"1682","300","0.4","0.3","0.2","0.05","0.8","0.8","300","2859","2727","132","0.046169989506820566","2727","535","0.31244732236672806","0.028883334571056334"
"1683","300","0.4","0.3","0.2","0.05","0.8","0.8","300","2945","2784","161","0.05466893039049236","2784","576","0.31351466808268275","0.04082796156261755"
"1684","300","0.4","0.3","0.2","0.05","0.8","0.8","300","2890","2764","126","0.04359861591695502","2764","564","0.3113987934311247","0.03850335080759665"
"1685","300","0.4","0.3","0.2","0.05","0.8","0.8","300","2965","2811","154","0.05193929173693086","2811","580","0.31220697761638744","0.0264291776674215"
"1686","300","0.4","0.3","0.2","0.05","0.8","0.8","300","2957","2802","155","0.0524179912073047","2802","567","0.31137850308673864","0.038985927959916705"
"1687","300","0.4","0.3","0.2","0.05","0.8","0.8","300","3040","2885","155","0.05098684210526316","2885","589","0.31896472907186824","0.03185309682467632"
"1688","300","0.4","0.3","0.2","0.05","0.8","0.8","300","2976","2812","164","0.05510752688172043","2812","533","0.3141192945172073","0.0327109331833051"
"1689","300","0.4","0.3","0.2","0.05","0.8","0.8","300","3003","2851","152","0.050616050616050616","2851","567","0.3149808418147889","0.034344659301821054"
"1690","300","0.4","0.3","0.2","0.05","0.8","0.8","300","2961","2805","156","0.05268490374873354","2805","537","0.31216427919766737","0.03568859942602358"
