"BehaviorSpace results (NetLogo 7.0.3)","Table version 2.0"
"Experiments-06-05-ABM-F.nlogox"
"exp1_policy_grid"
"05/06/2026 16:00:45:288 +0200"
"min-pxcor","max-pxcor","min-pycor","max-pycor"
"-16","16","-16","16"
"[run number]","number-employees","initial-misconduct-propensity","initial-fear","learning-rate","baseline-recovery-rate","punishment-severity","reporter-protection","[step]","committed-misconduct-total","punished-misconduct-total","hidden-misconduct-total","hidden-misconduct-rate","reported-events-total","retaliation-events-total","mean [fear] of employees","mean [misconduct-propensity] of employees"
"16","300","0.4","0.3","0.2","0.05","0.2","0.25","300","33355","8628","24727","0.7413281367111377","8628","6471","0.5705836529217594","0.36491299358596213"
"17","300","0.4","0.3","0.2","0.05","0.2","0.25","300","32962","8601","24361","0.7390631636429829","8601","6386","0.5553734668209436","0.36566933825793524"
"5","300","0.4","0.3","0.2","0.05","0.2","0.2","300","36585","7720","28865","0.7889845565122318","7720","6167","0.5778348562070852","0.4089535867414076"
"2","300","0.4","0.3","0.2","0.05","0.2","0.2","300","36430","7793","28637","0.7860828987098545","7793","6287","0.5789219148417284","0.4089631345730714"
"18","300","0.4","0.3","0.2","0.05","0.2","0.25","300","33025","8689","24336","0.7368962906888721","8689","6500","0.5601798963694808","0.36420294568371653"
"15","300","0.4","0.3","0.2","0.05","0.2","0.25","300","33207","8701","24506","0.7379769325744572","8701","6589","0.5696315598072177","0.36493629977800557"
"6","300","0.4","0.3","0.2","0.05","0.2","0.2","300","36820","7886","28934","0.7858229223248234","7886","6302","0.5796613474028728","0.40913453078775286"
"8","300","0.4","0.3","0.2","0.05","0.2","0.2","300","36700","7745","28955","0.7889645776566757","7745","6189","0.573945402805262","0.40896156817282353"
"14","300","0.4","0.3","0.2","0.05","0.2","0.25","300","33405","8734","24671","0.7385421344110163","8734","6634","0.5760117569591928","0.3640587222280443"
"20","300","0.4","0.3","0.2","0.05","0.2","0.25","300","33360","8662","24698","0.7403477218225419","8662","6520","0.5644200446595267","0.36562724493239346"
"13","300","0.4","0.3","0.2","0.05","0.2","0.25","300","33001","8603","24398","0.739310929971819","8603","6379","0.5513080906262547","0.36685834915599663"
"22","300","0.4","0.3","0.2","0.05","0.2","0.3","300","29031","9324","19707","0.6788260824635735","9324","6516","0.5504405397246058","0.31920677716343204"
"11","300","0.4","0.3","0.2","0.05","0.2","0.25","300","33168","8639","24529","0.7395381090207429","8639","6551","0.5711217482169562","0.3644551137796181"
"23","300","0.4","0.3","0.2","0.05","0.2","0.3","300","29447","9482","19965","0.6779977586850953","9482","6602","0.5567688721050824","0.3184934144037822"
"9","300","0.4","0.3","0.2","0.05","0.2","0.2","300","36764","7743","29021","0.7893863562180394","7743","6225","0.5745162710025442","0.40913771305780683"
"3","300","0.4","0.3","0.2","0.05","0.2","0.2","300","36728","7785","28943","0.7880363755173165","7785","6276","0.5812882748822848","0.40902219734327233"
"7","300","0.4","0.3","0.2","0.05","0.2","0.2","300","36885","7855","29030","0.7870408024942388","7855","6211","0.5679815115240473","0.40901866237184425"
"21","300","0.4","0.3","0.2","0.05","0.2","0.3","300","29190","9419","19771","0.677321000342583","9419","6573","0.5408287448834606","0.321503128150267"
"10","300","0.4","0.3","0.2","0.05","0.2","0.2","300","36826","7774","29052","0.7888991473415522","7774","6269","0.5739958884030597","0.4089174621157973"
"4","300","0.4","0.3","0.2","0.05","0.2","0.2","300","36939","7910","29029","0.7858631798370286","7910","6236","0.564300097122597","0.4091485855427033"
"19","300","0.4","0.3","0.2","0.05","0.2","0.25","300","33337","8718","24619","0.738488766235714","8718","6559","0.559522010513287","0.36528821904207814"
"1","300","0.4","0.3","0.2","0.05","0.2","0.2","300","36817","7811","29006","0.7878425727245566","7811","6249","0.5835042657090846","0.40923986574799204"
"12","300","0.4","0.3","0.2","0.05","0.2","0.25","300","32946","8776","24170","0.7336247192375402","8776","6492","0.5637531791381709","0.3652483958255794"
"24","300","0.4","0.3","0.2","0.05","0.2","0.3","300","29066","9457","19609","0.6746370329594715","9457","6658","0.5538159991520171","0.3203091796675882"
"25","300","0.4","0.3","0.2","0.05","0.2","0.3","300","29324","9378","19946","0.6801936979948165","9378","6639","0.5570898054675588","0.3179455710032249"
"26","300","0.4","0.3","0.2","0.05","0.2","0.3","300","29375","9426","19949","0.6791148936170213","9426","6626","0.5489568176206718","0.3210957491564765"
"29","300","0.4","0.3","0.2","0.05","0.2","0.3","300","29472","9414","20058","0.6805781758957655","9414","6632","0.5582901945735744","0.3202031262390643"
"27","300","0.4","0.3","0.2","0.05","0.2","0.3","300","29287","9418","19869","0.6784238740738211","9418","6688","0.5559415323924638","0.3187223687016703"
"30","300","0.4","0.3","0.2","0.05","0.2","0.3","300","29248","9388","19860","0.6790207877461707","9388","6591","0.5536198169757001","0.32070163735121526"
"28","300","0.4","0.3","0.2","0.05","0.2","0.3","300","29207","9489","19718","0.6751121306536104","9489","6633","0.550544468393371","0.32162331924025084"
"31","300","0.4","0.3","0.2","0.05","0.2","0.35","300","25186","10126","15060","0.5979512427539109","10126","6569","0.5244470981018291","0.27663089161568405"
"33","300","0.4","0.3","0.2","0.05","0.2","0.35","300","25275","10194","15081","0.5966765578635015","10194","6639","0.5461920457745115","0.27171567834437355"
"34","300","0.4","0.3","0.2","0.05","0.2","0.35","300","25407","10240","15167","0.596961467312158","10240","6648","0.5327635992479334","0.2761756359074388"
"32","300","0.4","0.3","0.2","0.05","0.2","0.35","300","25059","10184","14875","0.5935991061095814","10184","6633","0.5425097223154582","0.2723834726658198"
"35","300","0.4","0.3","0.2","0.05","0.2","0.35","300","25239","10200","15039","0.5958635445144419","10200","6576","0.5405654551277804","0.27346063380816915"
"37","300","0.4","0.3","0.2","0.05","0.2","0.35","300","25136","10188","14948","0.5946849140674729","10188","6610","0.5416376182707825","0.27358154931547757"
"36","300","0.4","0.3","0.2","0.05","0.2","0.35","300","25283","10141","15142","0.598900446940632","10141","6597","0.5306512228769512","0.27509313952279385"
"39","300","0.4","0.3","0.2","0.05","0.2","0.35","300","25392","10148","15244","0.600346565847511","10148","6626","0.5378264102492777","0.27471648973712554"
"38","300","0.4","0.3","0.2","0.05","0.2","0.35","300","25263","10118","15145","0.5994933301666469","10118","6612","0.5393088832387425","0.27249383954916756"
"40","300","0.4","0.3","0.2","0.05","0.2","0.35","300","25073","10163","14910","0.5946635823395685","10163","6521","0.5344759963244948","0.27388478536883215"
"49","300","0.4","0.3","0.2","0.05","0.2","0.4","300","21530","10641","10889","0.5057594054807246","10641","6308","0.4944870286686362","0.23085879540462823"
"41","300","0.4","0.3","0.2","0.05","0.2","0.4","300","21549","10608","10941","0.5077265766392872","10608","6399","0.5127458796694795","0.22543901962453017"
"42","300","0.4","0.3","0.2","0.05","0.2","0.4","300","21288","10646","10642","0.49990605035700864","10646","6221","0.49430165499935386","0.2334554660845037"
"44","300","0.4","0.3","0.2","0.05","0.2","0.4","300","21411","10558","10853","0.5068889822988184","10558","6260","0.5075249336964244","0.23233864814376243"
"43","300","0.4","0.3","0.2","0.05","0.2","0.4","300","21685","10649","11036","0.5089232188148489","10649","6395","0.5068643852916644","0.23139977913245716"
"45","300","0.4","0.3","0.2","0.05","0.2","0.4","300","21537","10558","10979","0.509773877513117","10558","6308","0.5071487677485506","0.2298269254007812"
"50","300","0.4","0.3","0.2","0.05","0.2","0.4","300","21479","10669","10810","0.5032822757111597","10669","6438","0.5132867691786644","0.23508223159516897"
"53","300","0.4","0.3","0.2","0.05","0.2","0.45","300","18240","10740","7500","0.41118421052631576","10740","5897","0.4757146172181241","0.19813780289729055"
"47","300","0.4","0.3","0.2","0.05","0.2","0.4","300","21550","10595","10955","0.508352668213457","10595","6435","0.5214289852584884","0.22900297170704037"
"51","300","0.4","0.3","0.2","0.05","0.2","0.45","300","18391","10814","7577","0.411994997553151","10814","5947","0.4812979192328805","0.19346347430234886"
"52","300","0.4","0.3","0.2","0.05","0.2","0.45","300","18255","10750","7505","0.41112024102985484","10750","5908","0.463322471092038","0.2006278662209818"
"55","300","0.4","0.3","0.2","0.05","0.2","0.45","300","18252","10722","7530","0.41255752794214334","10722","5908","0.4777566310032762","0.19808558538397833"
"56","300","0.4","0.3","0.2","0.05","0.2","0.45","300","18254","10730","7524","0.4121836309849896","10730","5865","0.47160450389633135","0.19596771506757676"
"57","300","0.4","0.3","0.2","0.05","0.2","0.45","300","18133","10769","7364","0.40611040644129487","10769","5997","0.4808809413633361","0.199349215712386"
"46","300","0.4","0.3","0.2","0.05","0.2","0.4","300","21535","10652","10883","0.5053633619688879","10652","6418","0.5110421923012118","0.23280778942686983"
"62","300","0.4","0.3","0.2","0.05","0.2","0.5","300","15463","10664","4799","0.31035374765569423","10664","5428","0.44635064898324883","0.16276449463248066"
"59","300","0.4","0.3","0.2","0.05","0.2","0.45","300","18280","10847","7433","0.4066192560175055","10847","5910","0.47653923291796996","0.19170380464616657"
"54","300","0.4","0.3","0.2","0.05","0.2","0.45","300","18302","10886","7416","0.40520161730958365","10886","5916","0.47780106714604925","0.19474016701051172"
"58","300","0.4","0.3","0.2","0.05","0.2","0.45","300","18293","10709","7584","0.4145848138632264","10709","5918","0.4824992893478377","0.1935375327077304"
"61","300","0.4","0.3","0.2","0.05","0.2","0.5","300","15530","10647","4883","0.31442369607211845","10647","5270","0.43628462682827773","0.16755624653319334"
"63","300","0.4","0.3","0.2","0.05","0.2","0.5","300","15567","10668","4899","0.3147041819232993","10668","5438","0.44428035072861954","0.16330448570869105"
"65","300","0.4","0.3","0.2","0.05","0.2","0.5","300","15459","10694","4765","0.308234685296591","10694","5251","0.44464565278558743","0.16061680461174016"
"60","300","0.4","0.3","0.2","0.05","0.2","0.45","300","18192","10723","7469","0.4105650835532102","10723","5938","0.47075696374097153","0.19640302416245486"
"64","300","0.4","0.3","0.2","0.05","0.2","0.5","300","15417","10600","4817","0.31244729843679053","10600","5239","0.438768189490059","0.1722569339227423"
"48","300","0.4","0.3","0.2","0.05","0.2","0.4","300","21478","10582","10896","0.5073098053822516","10582","6367","0.5095757123373108","0.23159928627071152"
"68","300","0.4","0.3","0.2","0.05","0.2","0.5","300","15414","10655","4759","0.3087452964837161","10655","5302","0.4422281996188488","0.16808568509195282"
"69","300","0.4","0.3","0.2","0.05","0.2","0.5","300","15510","10607","4903","0.31611863313990973","10607","5336","0.4435731148490975","0.1678544993766422"
"67","300","0.4","0.3","0.2","0.05","0.2","0.5","300","15378","10715","4663","0.303225386916374","10715","5259","0.44517079167298124","0.16323706765589446"
"66","300","0.4","0.3","0.2","0.05","0.2","0.5","300","15439","10554","4885","0.3164065030118531","10554","5264","0.4446763641632277","0.16110319389662095"
"70","300","0.4","0.3","0.2","0.05","0.2","0.5","300","15497","10637","4860","0.31360908562947665","10637","5242","0.446329332418597","0.16566374663153816"
"77","300","0.4","0.3","0.2","0.05","0.2","0.55","300","13381","10228","3153","0.23563261340706973","10228","4623","0.40964142249603586","0.14615685309080048"
"76","300","0.4","0.3","0.2","0.05","0.2","0.55","300","13460","10254","3206","0.23818722139673104","10254","4644","0.4144166733037892","0.14842016783373926"
"74","300","0.4","0.3","0.2","0.05","0.2","0.55","300","13454","10299","3155","0.234502750111491","10299","4582","0.41156401406381216","0.14011690809406419"
"72","300","0.4","0.3","0.2","0.05","0.2","0.55","300","13477","10304","3173","0.2354381538918157","10304","4621","0.40395245881708397","0.13969513595024072"
"71","300","0.4","0.3","0.2","0.05","0.2","0.55","300","13464","10299","3165","0.23507130124777184","10299","4613","0.4114449826324461","0.14093445797996756"
"75","300","0.4","0.3","0.2","0.05","0.2","0.55","300","13417","10317","3100","0.23105016024446598","10317","4600","0.4082805755574341","0.14137132214863216"
"73","300","0.4","0.3","0.2","0.05","0.2","0.55","300","13417","10298","3119","0.23246627412983528","10298","4694","0.4141353967048235","0.13844031394549547"
"86","300","0.4","0.3","0.2","0.05","0.2","0.6","300","11889","9832","2057","0.17301707460677937","9832","3986","0.3875386601762337","0.1224578163369001"
"81","300","0.4","0.3","0.2","0.05","0.2","0.6","300","11896","9842","2054","0.17266308002689978","9842","4024","0.38553576405857537","0.11665884870743594"
"78","300","0.4","0.3","0.2","0.05","0.2","0.55","300","13371","10233","3138","0.23468700919901278","10233","4574","0.4081260046783689","0.14335653395884995"
"80","300","0.4","0.3","0.2","0.05","0.2","0.55","300","13445","10308","3137","0.23332093715135738","10308","4603","0.41613641589547695","0.13670542558027943"
"79","300","0.4","0.3","0.2","0.05","0.2","0.55","300","13393","10307","3086","0.23041887553199433","10307","4661","0.4076320182266411","0.14493775826963817"
"85","300","0.4","0.3","0.2","0.05","0.2","0.6","300","11794","9824","1970","0.1670340851280312","9824","3933","0.3844969847096834","0.11962872428959113"
"82","300","0.4","0.3","0.2","0.05","0.2","0.6","300","11784","9808","1976","0.16768499660556688","9808","3958","0.3823763477599838","0.1285784501528327"
"88","300","0.4","0.3","0.2","0.05","0.2","0.6","300","11718","9788","1930","0.16470387438129375","9788","3903","0.3791441567855181","0.12687606701443457"
"95","300","0.4","0.3","0.2","0.05","0.2","0.65","300","10565","9286","1279","0.12106010411736867","9286","3208","0.35722483168112285","0.10153210039816783"
"84","300","0.4","0.3","0.2","0.05","0.2","0.6","300","11778","9790","1988","0.16878926812701647","9790","3839","0.38168855020930786","0.12752029043571503"
"87","300","0.4","0.3","0.2","0.05","0.2","0.6","300","11749","9745","2004","0.1705677078900332","9745","3895","0.37880109686801244","0.1267786867160971"
"90","300","0.4","0.3","0.2","0.05","0.2","0.6","300","11754","9838","1916","0.16300833758720434","9838","3793","0.3749953871530857","0.12008769965191417"
"91","300","0.4","0.3","0.2","0.05","0.2","0.65","300","10632","9265","1367","0.12857411587659895","9265","3274","0.35625714517255774","0.11672700806668443"
"89","300","0.4","0.3","0.2","0.05","0.2","0.6","300","11852","9788","2064","0.17414782315221058","9788","4001","0.38901420382883967","0.11779507486894422"
"94","300","0.4","0.3","0.2","0.05","0.2","0.65","300","10604","9296","1308","0.12334967936627687","9296","3171","0.35968421775634823","0.1081958919132019"
"83","300","0.4","0.3","0.2","0.05","0.2","0.6","300","11802","9822","1980","0.1677681748856126","9822","3937","0.38072290939959297","0.11634425467545709"
"96","300","0.4","0.3","0.2","0.05","0.2","0.65","300","10612","9284","1328","0.12514134941575575","9284","3303","0.36243632163386413","0.10782162763444733"
"99","300","0.4","0.3","0.2","0.05","0.2","0.65","300","10600","9262","1338","0.12622641509433963","9262","3166","0.3545761712516402","0.1108694241400319"
"100","300","0.4","0.3","0.2","0.05","0.2","0.65","300","10543","9277","1266","0.1200796737171583","9277","3322","0.36444964044802536","0.109844729572946"
"93","300","0.4","0.3","0.2","0.05","0.2","0.65","300","10620","9273","1347","0.1268361581920904","9273","3241","0.36102992131453543","0.10495674879865904"
"97","300","0.4","0.3","0.2","0.05","0.2","0.65","300","10514","9215","1299","0.12354955297698307","9215","3183","0.357158402417141","0.11516277034116715"
"98","300","0.4","0.3","0.2","0.05","0.2","0.65","300","10503","9202","1301","0.12386937065600305","9202","3202","0.36177292754559026","0.11445137669163967"
"92","300","0.4","0.3","0.2","0.05","0.2","0.65","300","10604","9203","1401","0.13211995473406263","9203","3248","0.3637605885954592","0.11696264937788282"
"103","300","0.4","0.3","0.2","0.05","0.2","0.7","300","9570","8744","826","0.08631138975966562","8744","2637","0.341772559636973","0.09744302496052999"
"104","300","0.4","0.3","0.2","0.05","0.2","0.7","300","9618","8720","898","0.09336660428363486","8720","2622","0.3389761885365323","0.09672080558222768"
"102","300","0.4","0.3","0.2","0.05","0.2","0.7","300","9625","8745","880","0.09142857142857143","8745","2568","0.34154070520691865","0.10070229063476456"
"101","300","0.4","0.3","0.2","0.05","0.2","0.7","300","9590","8712","878","0.09155370177267988","8712","2634","0.33999627014392425","0.1071751158052812"
"105","300","0.4","0.3","0.2","0.05","0.2","0.7","300","9605","8697","908","0.09453409682457053","8697","2557","0.3393729411668323","0.1117640993988556"
"109","300","0.4","0.3","0.2","0.05","0.2","0.7","300","9671","8740","931","0.0962671905697446","8740","2604","0.33984996493895625","0.0955367196389643"
"110","300","0.4","0.3","0.2","0.05","0.2","0.7","300","9610","8673","937","0.09750260145681582","8673","2581","0.3390668475034235","0.10300944878709481"
"106","300","0.4","0.3","0.2","0.05","0.2","0.7","300","9614","8694","920","0.09569377990430622","8694","2557","0.3378100567354083","0.10252392403713037"
"114","300","0.4","0.3","0.2","0.05","0.2","0.75","300","8857","8206","651","0.07350118550299198","8206","2058","0.32746669050154026","0.09538325229007173"
"116","300","0.4","0.3","0.2","0.05","0.2","0.75","300","8791","8255","536","0.060971448071891705","8255","2061","0.3265829719831411","0.09575359763914318"
"113","300","0.4","0.3","0.2","0.05","0.2","0.75","300","8880","8275","605","0.06813063063063063","8275","2057","0.3264564944352552","0.0851581775745334"
"112","300","0.4","0.3","0.2","0.05","0.2","0.75","300","8830","8251","579","0.06557191392978483","8251","2003","0.3256818563394179","0.09047971254455314"
"115","300","0.4","0.3","0.2","0.05","0.2","0.75","300","8870","8245","625","0.07046223224351747","8245","2025","0.32378500805008487","0.09518925454172586"
"108","300","0.4","0.3","0.2","0.05","0.2","0.7","300","9646","8723","923","0.09568733153638814","8723","2653","0.34169813766368967","0.10399419863215856"
"118","300","0.4","0.3","0.2","0.05","0.2","0.75","300","8863","8248","615","0.0693895972018504","8248","2030","0.3258090579652346","0.08921317303320614"
"107","300","0.4","0.3","0.2","0.05","0.2","0.7","300","9590","8775","815","0.08498435870698644","8775","2581","0.3394993531922937","0.10229083262388575"
"123","300","0.4","0.3","0.2","0.05","0.2","0.8","300","8229","7794","435","0.05286183011301495","7794","1547","0.3159963437940875","0.07972941952978196"
"125","300","0.4","0.3","0.2","0.05","0.2","0.8","300","8252","7811","441","0.05344158991759573","7811","1561","0.3163446322602409","0.08446569187408416"
"121","300","0.4","0.3","0.2","0.05","0.2","0.8","300","8250","7806","444","0.05381818181818182","7806","1573","0.3165514875636825","0.0803482336556517"
"120","300","0.4","0.3","0.2","0.05","0.2","0.75","300","8859","8273","586","0.06614742070211085","8273","2098","0.3255250916143764","0.08901486325716093"
"119","300","0.4","0.3","0.2","0.05","0.2","0.75","300","8843","8205","638","0.07214746126880019","8205","2136","0.32479661607783283","0.09786938828643862"
"111","300","0.4","0.3","0.2","0.05","0.2","0.75","300","8820","8213","607","0.06882086167800454","8213","2082","0.3283758190826768","0.08557668237768531"
"126","300","0.4","0.3","0.2","0.05","0.2","0.8","300","8243","7818","425","0.0515588984592988","7818","1516","0.3146461151269637","0.08602304021234924"
"117","300","0.4","0.3","0.2","0.05","0.2","0.75","300","8849","8274","575","0.06497909368290203","8274","2116","0.32519225704011145","0.09432697564744176"
"122","300","0.4","0.3","0.2","0.05","0.2","0.8","300","8217","7766","451","0.05488621151271754","7766","1580","0.3156465492513431","0.08134305573611211"
"128","300","0.4","0.3","0.2","0.05","0.2","0.8","300","8203","7797","406","0.049494087528952825","7797","1535","0.3164314131657213","0.08695730365026035"
"129","300","0.4","0.3","0.2","0.05","0.2","0.8","300","8209","7792","417","0.050797904738701424","7792","1538","0.3147412103322243","0.08274653469795115"
"124","300","0.4","0.3","0.2","0.05","0.2","0.8","300","8236","7827","409","0.0496600291403594","7827","1534","0.31723942387467985","0.08722883895430221"
"130","300","0.4","0.3","0.2","0.05","0.2","0.8","300","8227","7789","438","0.05323933390057129","7789","1540","0.31567566593257207","0.09286473444511963"
"131","300","0.4","0.3","0.2","0.05","0.25","0.2","300","40334","7727","32607","0.8084246541379482","7727","6182","0.5874274489283405","0.452349835030965"
"127","300","0.4","0.3","0.2","0.05","0.2","0.8","300","8195","7789","406","0.04954240390482001","7789","1594","0.31725107121055773","0.08804109419092726"
"132","300","0.4","0.3","0.2","0.05","0.25","0.2","300","40053","7682","32371","0.808204129528375","7682","6206","0.6067646738896351","0.45269784148206593"
"133","300","0.4","0.3","0.2","0.05","0.25","0.2","300","40257","7705","32552","0.8086047147080011","7705","6177","0.5992350336875778","0.4530028205656901"
"135","300","0.4","0.3","0.2","0.05","0.25","0.2","300","40512","7736","32776","0.809044233807267","7736","6247","0.6024138080369893","0.45368354679644257"
"134","300","0.4","0.3","0.2","0.05","0.25","0.2","300","40749","7797","32952","0.8086578811749981","7797","6227","0.6095617477314602","0.4541881271178632"
"142","300","0.4","0.3","0.2","0.05","0.25","0.25","300","35196","8501","26695","0.7584668712353676","8501","6298","0.5822684343344543","0.39093002433603125"
"137","300","0.4","0.3","0.2","0.05","0.25","0.2","300","40493","7784","32709","0.8077692440668758","7784","6197","0.5951092543410064","0.4526718376621009"
"139","300","0.4","0.3","0.2","0.05","0.25","0.2","300","40414","7742","32672","0.8084327213341911","7742","6218","0.5973014486371477","0.45321551862449355"
"141","300","0.4","0.3","0.2","0.05","0.25","0.25","300","35431","8470","26961","0.7609438062713443","8470","6376","0.589904104047529","0.39085186221435353"
"136","300","0.4","0.3","0.2","0.05","0.25","0.2","300","40410","7688","32722","0.8097500618658748","7688","6173","0.6012400968783245","0.4526889885000004"
"140","300","0.4","0.3","0.2","0.05","0.25","0.2","300","40438","7751","32687","0.8083238538008803","7751","6214","0.6033312021782128","0.4546918171725958"
"144","300","0.4","0.3","0.2","0.05","0.25","0.25","300","35451","8417","27034","0.7625736932667626","8417","6332","0.5783733493876498","0.3907433736882086"
"145","300","0.4","0.3","0.2","0.05","0.25","0.25","300","35074","8485","26589","0.7580829104179734","8485","6317","0.5863396416780015","0.39057558699847905"
"147","300","0.4","0.3","0.2","0.05","0.25","0.25","300","35293","8491","26802","0.7594140481115236","8491","6395","0.5867599733617009","0.3908697344370176"
"138","300","0.4","0.3","0.2","0.05","0.25","0.2","300","40534","7752","32782","0.8087531455074752","7752","6227","0.5863260422396088","0.4534154202610456"
"150","300","0.4","0.3","0.2","0.05","0.25","0.25","300","35305","8518","26787","0.7587310579238068","8518","6407","0.5922190936259876","0.3906252569883088"
"149","300","0.4","0.3","0.2","0.05","0.25","0.25","300","35331","8474","26857","0.7601539724321418","8474","6327","0.5868615964079795","0.3906344537499243"
"146","300","0.4","0.3","0.2","0.05","0.25","0.25","300","35594","8500","27094","0.7611957071416531","8500","6402","0.5859610916212126","0.3905674348719923"
"143","300","0.4","0.3","0.2","0.05","0.25","0.25","300","35259","8424","26835","0.7610822768654811","8424","6371","0.578116216488085","0.3907599922501768"
"148","300","0.4","0.3","0.2","0.05","0.25","0.25","300","35455","8474","26981","0.7609928077845156","8474","6372","0.585498081690872","0.3908819677231156"
"152","300","0.4","0.3","0.2","0.05","0.25","0.3","300","30122","9058","21064","0.6992895558063874","9058","6329","0.5727458884571699","0.33178892840780433"
"151","300","0.4","0.3","0.2","0.05","0.25","0.3","300","30118","9155","20963","0.6960289527857095","9155","6424","0.5776552570070334","0.32896706695259875"
"154","300","0.4","0.3","0.2","0.05","0.25","0.3","300","30153","9219","20934","0.6942592776838126","9219","6468","0.5748183020662292","0.33035807976158954"
"155","300","0.4","0.3","0.2","0.05","0.25","0.3","300","30258","9125","21133","0.6984268623174037","9125","6376","0.5616182605760579","0.33189498014802"
"153","300","0.4","0.3","0.2","0.05","0.25","0.3","300","30071","9140","20931","0.6960526753350404","9140","6449","0.571394259227326","0.3321727884901676"
"157","300","0.4","0.3","0.2","0.05","0.25","0.3","300","30339","9201","21138","0.6967269850687234","9201","6465","0.5821349048272216","0.3297288725340703"
"159","300","0.4","0.3","0.2","0.05","0.25","0.3","300","30074","9151","20923","0.6957172308306178","9151","6469","0.5709480669800859","0.33082311947682563"
"158","300","0.4","0.3","0.2","0.05","0.25","0.3","300","30302","9250","21052","0.694739621147119","9250","6500","0.5726103994918949","0.3310122046253669"
"160","300","0.4","0.3","0.2","0.05","0.25","0.3","300","30169","9146","21023","0.6968411283105174","9146","6457","0.5755984389201909","0.32997490082150305"
"162","300","0.4","0.3","0.2","0.05","0.25","0.35","300","25166","9675","15491","0.6155527298736391","9675","6329","0.5450075345234905","0.2757366042076479"
"156","300","0.4","0.3","0.2","0.05","0.25","0.3","300","30256","9215","21041","0.6954323109465891","9215","6356","0.5705759783248613","0.3293546920969089"
"163","300","0.4","0.3","0.2","0.05","0.25","0.35","300","25165","9717","15448","0.6138684681104709","9717","6298","0.5441858626391654","0.2763391432983106"
"166","300","0.4","0.3","0.2","0.05","0.25","0.35","300","25148","9731","15417","0.6130507396214411","9731","6349","0.5459216282361024","0.2777886828062668"
"167","300","0.4","0.3","0.2","0.05","0.25","0.35","300","25276","9640","15636","0.6186105396423485","9640","6296","0.5363069058159936","0.277367479257565"
"165","300","0.4","0.3","0.2","0.05","0.25","0.35","300","25174","9711","15463","0.6142448558036069","9711","6410","0.5557545404682944","0.2727798921738979"
"168","300","0.4","0.3","0.2","0.05","0.25","0.35","300","25021","9628","15393","0.6152032292873986","9628","6300","0.558658349169985","0.2729034173437335"
"171","300","0.4","0.3","0.2","0.05","0.25","0.4","300","20706","9971","10735","0.5184487588138704","9971","5972","0.522614098354769","0.22422396814776543"
"164","300","0.4","0.3","0.2","0.05","0.25","0.35","300","25155","9665","15490","0.6157821506658716","9665","6293","0.5454324970135731","0.2722529292150376"
"161","300","0.4","0.3","0.2","0.05","0.25","0.35","300","25134","9800","15334","0.6100899180393093","9800","6330","0.5439630445882399","0.27294742804318317"
"169","300","0.4","0.3","0.2","0.05","0.25","0.35","300","25141","9650","15491","0.6161648303567877","9650","6266","0.5379653608425221","0.27674560470482407"
"176","300","0.4","0.3","0.2","0.05","0.25","0.4","300","20867","9976","10891","0.5219245698950497","9976","6054","0.5154241607532746","0.2245689151219438"
"170","300","0.4","0.3","0.2","0.05","0.25","0.35","300","25251","9639","15612","0.6182725436616372","9639","6262","0.5318208373376205","0.27947445610895555"
"177","300","0.4","0.3","0.2","0.05","0.25","0.4","300","20645","10022","10623","0.514555582465488","10022","6015","0.5230735472714674","0.22631620872597635"
"179","300","0.4","0.3","0.2","0.05","0.25","0.4","300","20783","9987","10796","0.5194630226627532","9987","6007","0.5252313824861963","0.21955814412130162"
"178","300","0.4","0.3","0.2","0.05","0.25","0.4","300","20866","9994","10872","0.521039010831017","9994","5982","0.509371424620252","0.22624219496524517"
"172","300","0.4","0.3","0.2","0.05","0.25","0.4","300","20708","10073","10635","0.513569634923701","10073","5923","0.4965886518859446","0.22766082386804076"
"173","300","0.4","0.3","0.2","0.05","0.25","0.4","300","20648","10030","10618","0.5142386671832623","10030","5991","0.5145063299398209","0.2291782790833836"
"174","300","0.4","0.3","0.2","0.05","0.25","0.4","300","20667","10070","10597","0.5127497943581555","10070","6003","0.5246131886402792","0.21921310408860417"
"175","300","0.4","0.3","0.2","0.05","0.25","0.4","300","20713","9975","10738","0.5184183845893883","9975","5998","0.5156887480383535","0.2214313789069046"
"182","300","0.4","0.3","0.2","0.05","0.25","0.45","300","16920","10042","6878","0.40650118203309693","10042","5535","0.4859760586430759","0.1743323994314804"
"181","300","0.4","0.3","0.2","0.05","0.25","0.45","300","17023","9912","7111","0.41772895494331197","9912","5497","0.4747601154867747","0.18476306055225183"
"183","300","0.4","0.3","0.2","0.05","0.25","0.45","300","16992","9938","7054","0.4151365348399247","9938","5465","0.48380877291745805","0.181793424077884"
"180","300","0.4","0.3","0.2","0.05","0.25","0.4","300","20870","10020","10850","0.5198850023957834","10020","6054","0.5173482087762085","0.22192701827310488"
"184","300","0.4","0.3","0.2","0.05","0.25","0.45","300","17075","9931","7144","0.418389458272328","9931","5504","0.4712630700498595","0.18639850465974617"
"186","300","0.4","0.3","0.2","0.05","0.25","0.45","300","17022","9960","7062","0.4148748678181177","9960","5452","0.4711344687329254","0.1845329967638801"
"185","300","0.4","0.3","0.2","0.05","0.25","0.45","300","16985","9994","6991","0.41159846923756255","9994","5530","0.4858129706639678","0.18008978762041886"
"187","300","0.4","0.3","0.2","0.05","0.25","0.45","300","16846","9995","6851","0.40668407930666034","9995","5458","0.47048483004693603","0.1845295953236101"
"190","300","0.4","0.3","0.2","0.05","0.25","0.45","300","16927","10029","6898","0.4075146216104448","10029","5580","0.4885850110102739","0.17879792646191878"
"188","300","0.4","0.3","0.2","0.05","0.25","0.45","300","16924","9933","6991","0.4130820137083432","9933","5486","0.47302707898971563","0.18441373744020162"
"191","300","0.4","0.3","0.2","0.05","0.25","0.5","300","13971","9562","4409","0.31558227757497676","9562","4771","0.4417225867983455","0.1559276776133078"
"189","300","0.4","0.3","0.2","0.05","0.25","0.45","300","17039","9967","7072","0.4150478314455074","9967","5546","0.48486027545283217","0.18014520412894874"
"196","300","0.4","0.3","0.2","0.05","0.25","0.5","300","14020","9636","4384","0.31269614835948645","9636","4851","0.4477603644899544","0.146666672618226"
"195","300","0.4","0.3","0.2","0.05","0.25","0.5","300","14068","9581","4487","0.3189508103497299","9581","4789","0.442791255208411","0.1530620369897207"
"192","300","0.4","0.3","0.2","0.05","0.25","0.5","300","14024","9662","4362","0.3110382201939532","9662","4824","0.43939765950867166","0.1503699853650834"
"197","300","0.4","0.3","0.2","0.05","0.25","0.5","300","14001","9639","4362","0.3115491750589244","9639","4800","0.43940769705933413","0.1515143726299905"
"193","300","0.4","0.3","0.2","0.05","0.25","0.5","300","14037","9690","4347","0.3096815558880103","9690","4893","0.43964106000866676","0.14556801176153888"
"198","300","0.4","0.3","0.2","0.05","0.25","0.5","300","14055","9668","4387","0.312130914265386","9668","4843","0.4456908273198733","0.14408874104747046"
"199","300","0.4","0.3","0.2","0.05","0.25","0.5","300","14142","9649","4493","0.31770612360345074","9649","4815","0.4398995188258796","0.15393100602403814"
"194","300","0.4","0.3","0.2","0.05","0.25","0.5","300","14042","9579","4463","0.3178322176328158","9579","4726","0.4354277513413456","0.1477757388939558"
"201","300","0.4","0.3","0.2","0.05","0.25","0.55","300","11891","9080","2811","0.23639727525018922","9080","4158","0.41094788657405934","0.11962701490708817"
"206","300","0.4","0.3","0.2","0.05","0.25","0.55","300","11840","9132","2708","0.2287162162162162","9132","4054","0.4111305580162429","0.12523297192302518"
"205","300","0.4","0.3","0.2","0.05","0.25","0.55","300","11821","9102","2719","0.23001438118602488","9102","4166","0.40910928824664156","0.12233852264699316"
"204","300","0.4","0.3","0.2","0.05","0.25","0.55","300","11792","9088","2704","0.22930800542740842","9088","4080","0.4014629496203558","0.12689511208236987"
"202","300","0.4","0.3","0.2","0.05","0.25","0.55","300","11765","9092","2673","0.22719932001699958","9092","4038","0.3987643501034196","0.12690062539153416"
"203","300","0.4","0.3","0.2","0.05","0.25","0.55","300","11851","9137","2714","0.2290102101088516","9137","4097","0.40775905153002256","0.12478648364483037"
"200","300","0.4","0.3","0.2","0.05","0.25","0.5","300","13953","9674","4279","0.3066724002006737","9674","4812","0.4368760669064675","0.15308597871835267"
"207","300","0.4","0.3","0.2","0.05","0.25","0.55","300","11859","9109","2750","0.2318913905051016","9109","4078","0.40727712145760103","0.12884094747159813"
"216","300","0.4","0.3","0.2","0.05","0.25","0.6","300","10269","8533","1736","0.169052488070893","8533","3343","0.37699214479862103","0.10901984166594487"
"208","300","0.4","0.3","0.2","0.05","0.25","0.55","300","11871","9115","2756","0.23216241260213966","9115","4156","0.40864535239738176","0.12945645489383556"
"209","300","0.4","0.3","0.2","0.05","0.25","0.55","300","11791","9102","2689","0.228055296412518","9102","4105","0.40302685622057643","0.12820228310966322"
"211","300","0.4","0.3","0.2","0.05","0.25","0.6","300","10260","8513","1747","0.1702729044834308","8513","3440","0.38219838966807534","0.11661117155441329"
"212","300","0.4","0.3","0.2","0.05","0.25","0.6","300","10311","8529","1782","0.17282513820192028","8529","3341","0.37631782438792477","0.10736721963726469"
"219","300","0.4","0.3","0.2","0.05","0.25","0.6","300","10340","8530","1810","0.17504835589941972","8530","3465","0.38078013701550373","0.10581291964226484"
"214","300","0.4","0.3","0.2","0.05","0.25","0.6","300","10198","8514","1684","0.16513041772896647","8514","3387","0.3768916397575025","0.10767852396835607"
"210","300","0.4","0.3","0.2","0.05","0.25","0.55","300","11795","9072","2723","0.2308605341246291","9072","4003","0.40651497312544976","0.12179049734042496"
"215","300","0.4","0.3","0.2","0.05","0.25","0.6","300","10256","8559","1697","0.16546411856474258","8559","3473","0.3803325756353492","0.10566491440888201"
"213","300","0.4","0.3","0.2","0.05","0.25","0.6","300","10243","8546","1697","0.16567411891047545","8546","3407","0.3761854371462167","0.10405976997273908"
"217","300","0.4","0.3","0.2","0.05","0.25","0.6","300","10228","8500","1728","0.1689479859210012","8500","3419","0.37931798831972885","0.11383452432978901"
"225","300","0.4","0.3","0.2","0.05","0.25","0.65","300","9172","7978","1194","0.13017880505887483","7978","2744","0.3526664037958569","0.09276154689441206"
"220","300","0.4","0.3","0.2","0.05","0.25","0.6","300","10204","8541","1663","0.16297530380243042","8541","3364","0.3769291297491343","0.11115206234361698"
"218","300","0.4","0.3","0.2","0.05","0.25","0.6","300","10264","8572","1692","0.16484801247077163","8572","3472","0.38648131924176793","0.10587664149168306"
"221","300","0.4","0.3","0.2","0.05","0.25","0.65","300","8987","7914","1073","0.11939468120618671","7914","2747","0.3505089720791977","0.10435936061573999"
"222","300","0.4","0.3","0.2","0.05","0.25","0.65","300","9004","7927","1077","0.11961350510884051","7927","2756","0.3552328111089463","0.10561563312554996"
"226","300","0.4","0.3","0.2","0.05","0.25","0.65","300","9079","7944","1135","0.12501376803612732","7944","2767","0.3566557819005688","0.09891438698127698"
"227","300","0.4","0.3","0.2","0.05","0.25","0.65","300","9073","7946","1127","0.12421470296484073","7946","2851","0.3580863451438711","0.09849040150477667"
"232","300","0.4","0.3","0.2","0.05","0.25","0.7","300","8204","7458","746","0.090931253047294","7458","2221","0.3368432549587881","0.08890532101503475"
"224","300","0.4","0.3","0.2","0.05","0.25","0.65","300","9152","8005","1147","0.12532779720279721","8005","2797","0.3595823996229831","0.07946334157761271"
"237","300","0.4","0.3","0.2","0.05","0.25","0.7","300","8152","7384","768","0.09421000981354269","7384","2173","0.33753539059151966","0.08410210164730555"
"231","300","0.4","0.3","0.2","0.05","0.25","0.7","300","8131","7406","725","0.08916492436354692","7406","2255","0.338062485074935","0.08827627005675001"
"223","300","0.4","0.3","0.2","0.05","0.25","0.65","300","9002","7951","1051","0.11675183292601644","7951","2801","0.3528951966963122","0.10314045209724935"
"236","300","0.4","0.3","0.2","0.05","0.25","0.7","300","8136","7406","730","0.08972468043264503","7406","2163","0.3349162607860411","0.08878274202897143"
"233","300","0.4","0.3","0.2","0.05","0.25","0.7","300","8204","7444","760","0.09263773768893223","7444","2232","0.33991103375511056","0.08256592904418775"
"235","300","0.4","0.3","0.2","0.05","0.25","0.7","300","8180","7426","754","0.0921760391198044","7426","2198","0.33663115738034627","0.08257549137214257"
"234","300","0.4","0.3","0.2","0.05","0.25","0.7","300","8185","7455","730","0.08918753817959682","7455","2182","0.3356427677516724","0.08348149674056839"
"238","300","0.4","0.3","0.2","0.05","0.25","0.7","300","8137","7381","756","0.09290893449674327","7381","2192","0.33483425802090294","0.09388978329517031"
"243","300","0.4","0.3","0.2","0.05","0.25","0.75","300","7424","6939","485","0.06532866379310345","6939","1716","0.3234798982391517","0.07973740122901307"
"240","300","0.4","0.3","0.2","0.05","0.25","0.7","300","8168","7417","751","0.09194417238001959","7417","2179","0.3397059036722363","0.0846106039033148"
"239","300","0.4","0.3","0.2","0.05","0.25","0.7","300","8147","7392","755","0.09267214925739536","7392","2207","0.33470359749016004","0.08971048891649808"
"242","300","0.4","0.3","0.2","0.05","0.25","0.75","300","7451","6948","503","0.06750771708495504","6948","1756","0.3243329335467797","0.07434454971565391"
"230","300","0.4","0.3","0.2","0.05","0.25","0.65","300","8988","7909","1079","0.1200489541611037","7909","2711","0.358753686145788","0.0981880570752134"
"229","300","0.4","0.3","0.2","0.05","0.25","0.65","300","9070","7977","1093","0.1205071664829107","7977","2731","0.35255682228380786","0.09396807773038784"
"228","300","0.4","0.3","0.2","0.05","0.25","0.65","300","9124","7951","1173","0.12856203419552828","7951","2820","0.35630148926958977","0.09306555736882687"
"241","300","0.4","0.3","0.2","0.05","0.25","0.75","300","7426","6953","473","0.0636951252356585","6953","1709","0.3244570950758275","0.07665851014355939"
"245","300","0.4","0.3","0.2","0.05","0.25","0.75","300","7431","6931","500","0.06728569506122999","6931","1700","0.3258960897522607","0.08025775076197458"
"246","300","0.4","0.3","0.2","0.05","0.25","0.75","300","7436","6925","511","0.06871974179666487","6925","1754","0.32690066425525593","0.07849601327785109"
"244","300","0.4","0.3","0.2","0.05","0.25","0.75","300","7485","6931","554","0.07401469605878423","6931","1786","0.3252736767536883","0.07954162548662169"
"248","300","0.4","0.3","0.2","0.05","0.25","0.75","300","7447","6937","510","0.06848395326977307","6937","1754","0.3259329992077745","0.07739065371181385"
"247","300","0.4","0.3","0.2","0.05","0.25","0.75","300","7419","6943","476","0.06415959024127241","6943","1682","0.3217425111462119","0.07781555809973516"
"250","300","0.4","0.3","0.2","0.05","0.25","0.75","300","7440","6947","493","0.06626344086021506","6947","1780","0.3235909977872157","0.07669260033117277"
"252","300","0.4","0.3","0.2","0.05","0.25","0.8","300","6850","6494","356","0.05197080291970803","6494","1331","0.3137593723223513","0.07843487756693414"
"249","300","0.4","0.3","0.2","0.05","0.25","0.75","300","7438","6941","497","0.06681903737563862","6941","1792","0.32253744773887527","0.07336551915567648"
"255","300","0.4","0.3","0.2","0.05","0.25","0.8","300","6883","6539","344","0.04997820717710301","6539","1258","0.3129731522807836","0.06561560433800231"
"256","300","0.4","0.3","0.2","0.05","0.25","0.8","300","6892","6554","338","0.049042367962855486","6554","1273","0.31664079809161166","0.06727983255627798"
"253","300","0.4","0.3","0.2","0.05","0.25","0.8","300","6863","6519","344","0.05012385254261985","6519","1275","0.3155009422040858","0.07220543771425476"
"260","300","0.4","0.3","0.2","0.05","0.25","0.8","300","6860","6531","329","0.04795918367346939","6531","1301","0.31521018760261466","0.07230962255374937"
"257","300","0.4","0.3","0.2","0.05","0.25","0.8","300","6925","6551","374","0.0540072202166065","6551","1246","0.31312866883945084","0.0736909404341375"
"258","300","0.4","0.3","0.2","0.05","0.25","0.8","300","6869","6529","340","0.04949774348522347","6529","1319","0.31628278172310614","0.07952356086317286"
"251","300","0.4","0.3","0.2","0.05","0.25","0.8","300","6872","6545","327","0.04758440046565774","6545","1279","0.31460408029785186","0.07287622225497857"
"259","300","0.4","0.3","0.2","0.05","0.25","0.8","300","6864","6492","372","0.05419580419580419","6492","1250","0.313669437967351","0.08214898181710514"
"254","300","0.4","0.3","0.2","0.05","0.25","0.8","300","6876","6533","343","0.04988365328679465","6533","1313","0.3146283637500248","0.07397463715757036"
"261","300","0.4","0.3","0.2","0.05","0.3","0.2","300","46878","7806","39072","0.833482657109945","7806","6223","0.641032251824661","0.5370690545554848"
"263","300","0.4","0.3","0.2","0.05","0.3","0.2","300","47084","7866","39218","0.8329368787698581","7866","6270","0.6375433569808743","0.5383604942486443"
"262","300","0.4","0.3","0.2","0.05","0.3","0.2","300","46652","7804","38848","0.8327188544971277","7804","6213","0.6267855832385313","0.5375111622503838"
"268","300","0.4","0.3","0.2","0.05","0.3","0.2","300","46496","7830","38666","0.8315984170681349","7830","6315","0.639722021698941","0.5420719162306932"
"267","300","0.4","0.3","0.2","0.05","0.3","0.2","300","47205","7907","39298","0.8324965575680542","7907","6294","0.6373389153153838","0.5420658983764229"
"270","300","0.4","0.3","0.2","0.05","0.3","0.2","300","46747","7830","38917","0.8325026204890154","7830","6261","0.6347802552853894","0.5349499358059798"
"269","300","0.4","0.3","0.2","0.05","0.3","0.2","300","46911","7814","39097","0.833429259661913","7814","6286","0.6453195679562115","0.5398567369443952"
"271","300","0.4","0.3","0.2","0.05","0.3","0.25","300","38999","8463","30536","0.7829944357547629","8463","6339","0.615028009075805","0.43394099741492115"
"273","300","0.4","0.3","0.2","0.05","0.3","0.25","300","38665","8315","30350","0.7849476270528902","8315","6323","0.6115036814033551","0.4321908614804019"
"272","300","0.4","0.3","0.2","0.05","0.3","0.25","300","38845","8409","30436","0.7835242630969237","8409","6414","0.6191493796996372","0.4331987063219869"
"274","300","0.4","0.3","0.2","0.05","0.3","0.25","300","39035","8463","30572","0.7831945689765595","8463","6368","0.6147376373707918","0.4332309887542372"
"265","300","0.4","0.3","0.2","0.05","0.3","0.2","300","46877","7802","39075","0.8335644345841244","7802","6251","0.6241393949010899","0.534826449805109"
"266","300","0.4","0.3","0.2","0.05","0.3","0.2","300","46857","7848","39009","0.832511684486843","7848","6174","0.6358035672389639","0.5413150163033226"
"264","300","0.4","0.3","0.2","0.05","0.3","0.2","300","46948","7899","39049","0.8317500213001618","7899","6322","0.6367515041612833","0.5366862565321279"
"279","300","0.4","0.3","0.2","0.05","0.3","0.25","300","38845","8448","30397","0.7825202728793924","8448","6316","0.6316594248434086","0.43461285803022376"
"277","300","0.4","0.3","0.2","0.05","0.3","0.25","300","38749","8389","30360","0.7835040904281401","8389","6307","0.6099014179101024","0.4332445531704883"
"276","300","0.4","0.3","0.2","0.05","0.3","0.25","300","38594","8364","30230","0.7832823754987822","8364","6302","0.6077089513347625","0.43300044340261207"
"275","300","0.4","0.3","0.2","0.05","0.3","0.25","300","38572","8398","30174","0.7822772995955616","8398","6290","0.617045896626598","0.43413341966029556"
"278","300","0.4","0.3","0.2","0.05","0.3","0.25","300","38894","8454","30440","0.782639995886255","8454","6326","0.6098094621955219","0.4331585327229088"
"280","300","0.4","0.3","0.2","0.05","0.3","0.25","300","38688","8432","30256","0.782051282051282","8432","6401","0.6197277263607095","0.4342799542380043"
"283","300","0.4","0.3","0.2","0.05","0.3","0.3","300","31925","8980","22945","0.7187157400156617","8980","6282","0.59513042158891","0.3520835888653575"
"281","300","0.4","0.3","0.2","0.05","0.3","0.3","300","31771","9060","22711","0.714834282836549","9060","6339","0.5981779079842292","0.3522852606586841"
"282","300","0.4","0.3","0.2","0.05","0.3","0.3","300","32054","9053","23001","0.7175703500343171","9053","6354","0.6022781648747701","0.35046762220791405"
"284","300","0.4","0.3","0.2","0.05","0.3","0.3","300","32129","9007","23122","0.7196613651218525","9007","6325","0.6035558000015379","0.35247827087697475"
"286","300","0.4","0.3","0.2","0.05","0.3","0.3","300","31978","9035","22943","0.7174620051285259","9035","6281","0.5980902201937509","0.35331720915094716"
"285","300","0.4","0.3","0.2","0.05","0.3","0.3","300","31870","9043","22827","0.7162535299654847","9043","6279","0.5952643993982393","0.35052815050362246"
"293","300","0.4","0.3","0.2","0.05","0.3","0.35","300","25923","9522","16401","0.632681402615438","9522","6138","0.5747045710362559","0.27307392881967785"
"292","300","0.4","0.3","0.2","0.05","0.3","0.35","300","25735","9387","16348","0.6352438313580727","9387","6101","0.5666007047524453","0.28179707352568345"
"288","300","0.4","0.3","0.2","0.05","0.3","0.3","300","32042","9017","23025","0.718588103114662","9017","6332","0.5857348196559805","0.3528228247089867"
"291","300","0.4","0.3","0.2","0.05","0.3","0.35","300","25909","9442","16467","0.6355706511250917","9442","6177","0.5606301396008654","0.280545234194834"
"289","300","0.4","0.3","0.2","0.05","0.3","0.3","300","32237","9057","23180","0.719049539349195","9057","6335","0.6135824705672303","0.35019389275222523"
"295","300","0.4","0.3","0.2","0.05","0.3","0.35","300","26054","9417","16637","0.6385583787518231","9417","6192","0.5640705500351333","0.2803190432377306"
"290","300","0.4","0.3","0.2","0.05","0.3","0.3","300","31890","8977","22913","0.7185010975227344","8977","6281","0.584698574441732","0.3533794848200146"
"287","300","0.4","0.3","0.2","0.05","0.3","0.3","300","32118","9047","23071","0.7183199452020673","9047","6358","0.5855993567658152","0.3518080291100484"
"294","300","0.4","0.3","0.2","0.05","0.3","0.35","300","25735","9416","16319","0.634116961336701","9416","6155","0.5622840454176085","0.2831813384076911"
"299","300","0.4","0.3","0.2","0.05","0.3","0.35","300","25861","9533","16328","0.6313754301844476","9533","6195","0.566740368978965","0.28162081779757864"
"297","300","0.4","0.3","0.2","0.05","0.3","0.35","300","25873","9464","16409","0.63421327252348","9464","6182","0.5628659996591352","0.2801343985922939"
"296","300","0.4","0.3","0.2","0.05","0.3","0.35","300","25688","9459","16229","0.6317735907816879","9459","6127","0.5597100435999689","0.2799880123802023"
"302","300","0.4","0.3","0.2","0.05","0.3","0.4","300","20417","9533","10884","0.5330851741196062","9533","5708","0.5298330937100804","0.22342407347003154"
"298","300","0.4","0.3","0.2","0.05","0.3","0.35","300","25998","9499","16499","0.6346257404415724","9499","6173","0.5668180022298301","0.2828977118482915"
"301","300","0.4","0.3","0.2","0.05","0.3","0.4","300","20252","9527","10725","0.5295773256962275","9527","5759","0.5155558565483056","0.22635783119193895"
"300","300","0.4","0.3","0.2","0.05","0.3","0.35","300","25850","9476","16374","0.6334235976789169","9476","6242","0.5592944118336132","0.2821754361716318"
"303","300","0.4","0.3","0.2","0.05","0.3","0.4","300","20399","9648","10751","0.5270356390019119","9648","5754","0.5360489802846707","0.21540309435284896"
"304","300","0.4","0.3","0.2","0.05","0.3","0.4","300","20536","9564","10972","0.5342812621737437","9564","5728","0.5319390825803177","0.21820492122895577"
"306","300","0.4","0.3","0.2","0.05","0.3","0.4","300","20497","9524","10973","0.5353466360930867","9524","5737","0.5237482116906924","0.21962042235315177"
"305","300","0.4","0.3","0.2","0.05","0.3","0.4","300","20375","9528","10847","0.5323680981595093","9528","5666","0.5141740270152255","0.22311027037950495"
"311","300","0.4","0.3","0.2","0.05","0.3","0.45","300","16085","9353","6732","0.4185265775567299","9353","5210","0.4916602700258946","0.17262132019582657"
"310","300","0.4","0.3","0.2","0.05","0.3","0.4","300","20277","9602","10675","0.5264585490950338","9602","5682","0.5256828263598811","0.21957609589848304"
"316","300","0.4","0.3","0.2","0.05","0.3","0.45","300","16255","9366","6889","0.42380805905875113","9366","5239","0.49384590076813795","0.1752373746653006"
"313","300","0.4","0.3","0.2","0.05","0.3","0.45","300","16129","9319","6810","0.4222208444416889","9319","5181","0.4884003406141038","0.17534840542955768"
"307","300","0.4","0.3","0.2","0.05","0.3","0.4","300","20340","9561","10779","0.5299410029498525","9561","5720","0.532160196232824","0.2158301015072494"
"317","300","0.4","0.3","0.2","0.05","0.3","0.45","300","16170","9329","6841","0.4230674087816945","9329","5159","0.48378184237352895","0.17916315358339038"
"309","300","0.4","0.3","0.2","0.05","0.3","0.4","300","20598","9616","10982","0.5331585590834061","9616","5778","0.5287010890971334","0.22028549500042752"
"318","300","0.4","0.3","0.2","0.05","0.3","0.45","300","16006","9362","6644","0.41509433962264153","9362","5134","0.4911730433294405","0.17007110175354356"
"308","300","0.4","0.3","0.2","0.05","0.3","0.4","300","20445","9594","10851","0.5307410124724872","9594","5738","0.5266373256007957","0.21358844918006517"
"312","300","0.4","0.3","0.2","0.05","0.3","0.45","300","16158","9391","6767","0.41880183190988984","9391","5202","0.4913084728572187","0.17011928199054838"
"320","300","0.4","0.3","0.2","0.05","0.3","0.45","300","16110","9433","6677","0.41446306641837366","9433","5182","0.4908896308912291","0.17281371760935083"
"319","300","0.4","0.3","0.2","0.05","0.3","0.45","300","16136","9336","6800","0.421417947446703","9336","5155","0.4845025183351217","0.1756065618690924"
"314","300","0.4","0.3","0.2","0.05","0.3","0.45","300","16308","9399","6909","0.4236571008094187","9399","5105","0.4822624303342054","0.16981825788846108"
"315","300","0.4","0.3","0.2","0.05","0.3","0.45","300","16068","9427","6641","0.4133059497137167","9427","5158","0.49284509263362913","0.16955554555774854"
"325","300","0.4","0.3","0.2","0.05","0.3","0.5","300","12939","8805","4134","0.31949918849988407","8805","4426","0.4418662145561268","0.14358347680655859"
"323","300","0.4","0.3","0.2","0.05","0.3","0.5","300","12833","8850","3983","0.3103716979661809","8850","4449","0.4457606837934114","0.140688611064534"
"326","300","0.4","0.3","0.2","0.05","0.3","0.5","300","13002","8851","4151","0.31925857560375326","8851","4534","0.44728057190456555","0.13710678539381987"
"321","300","0.4","0.3","0.2","0.05","0.3","0.5","300","12953","8878","4075","0.3145989346097429","8878","4407","0.44238064719957615","0.13566642257608266"
"327","300","0.4","0.3","0.2","0.05","0.3","0.5","300","12822","8874","3948","0.3079082826392138","8874","4388","0.4394819503523874","0.14298752733999637"
"322","300","0.4","0.3","0.2","0.05","0.3","0.5","300","12876","8862","4014","0.31174277726001864","8862","4435","0.4507977263525591","0.1422129385345024"
"324","300","0.4","0.3","0.2","0.05","0.3","0.5","300","12871","8909","3962","0.3078237899153135","8909","4374","0.44979033733531004","0.12837033316416996"
"329","300","0.4","0.3","0.2","0.05","0.3","0.5","300","12785","8873","3912","0.3059835745013688","8873","4412","0.4465648006641541","0.13870890579701287"
"331","300","0.4","0.3","0.2","0.05","0.3","0.55","300","10679","8182","2497","0.23382339170334301","8182","3675","0.4063156382109554","0.11357185070436525"
"328","300","0.4","0.3","0.2","0.05","0.3","0.5","300","12906","8870","4036","0.31272276460560977","8870","4414","0.4389462471420414","0.13945091360790302"
"330","300","0.4","0.3","0.2","0.05","0.3","0.5","300","12936","8888","4048","0.3129251700680272","8888","4411","0.4386532359790171","0.13892427505936325"
"333","300","0.4","0.3","0.2","0.05","0.3","0.55","300","10723","8180","2543","0.23715378159097267","8180","3710","0.4021632367301222","0.11896390262133172"
"332","300","0.4","0.3","0.2","0.05","0.3","0.55","300","10682","8220","2462","0.23048118329900769","8220","3673","0.4120955253794891","0.10226838712794822"
"336","300","0.4","0.3","0.2","0.05","0.3","0.55","300","10708","8222","2486","0.23216286888307808","8222","3667","0.4063756174563606","0.11962001699958551"
"334","300","0.4","0.3","0.2","0.05","0.3","0.55","300","10635","8159","2476","0.23281617301363422","8159","3596","0.39737578523416617","0.11732744617941598"
"341","300","0.4","0.3","0.2","0.05","0.3","0.6","300","9048","7545","1503","0.16611405835543766","7545","2995","0.3777296469664703","0.09224815639723541"
"338","300","0.4","0.3","0.2","0.05","0.3","0.55","300","10592","8207","2385","0.22516993957703926","8207","3756","0.4016525708674988","0.12033983643425415"
"337","300","0.4","0.3","0.2","0.05","0.3","0.55","300","10651","8227","2424","0.22758426438832036","8227","3637","0.408703889974889","0.11546024855454683"
"340","300","0.4","0.3","0.2","0.05","0.3","0.55","300","10620","8236","2384","0.22448210922787193","8236","3702","0.4022905527557972","0.11479007484748031"
"335","300","0.4","0.3","0.2","0.05","0.3","0.55","300","10773","8253","2520","0.23391812865497075","8253","3753","0.409762491286551","0.10914694485943305"
"342","300","0.4","0.3","0.2","0.05","0.3","0.6","300","8997","7507","1490","0.1656107591419362","7507","2987","0.37934834764195585","0.0999495663266154"
"339","300","0.4","0.3","0.2","0.05","0.3","0.55","300","10651","8242","2409","0.22617594592057083","8242","3709","0.4085126826813899","0.10716905569994199"
"343","300","0.4","0.3","0.2","0.05","0.3","0.6","300","9128","7546","1582","0.17331288343558282","7546","3013","0.37709675606858983","0.10442694079073597"
"344","300","0.4","0.3","0.2","0.05","0.3","0.6","300","9064","7601","1463","0.16140776699029127","7601","3044","0.3780465714476435","0.10015382768432729"
"345","300","0.4","0.3","0.2","0.05","0.3","0.6","300","9144","7602","1542","0.16863517060367453","7602","3055","0.3749527333992487","0.09931057954031122"
"346","300","0.4","0.3","0.2","0.05","0.3","0.6","300","9063","7566","1497","0.1651770936775902","7566","2945","0.38003046090433956","0.09097953847968368"
"347","300","0.4","0.3","0.2","0.05","0.3","0.6","300","9053","7611","1442","0.1592842151772893","7611","3018","0.37487766869427874","0.09619075882206359"
"349","300","0.4","0.3","0.2","0.05","0.3","0.6","300","9080","7555","1525","0.16795154185022027","7555","2985","0.38085064715178796","0.09671978510889244"
"353","300","0.4","0.3","0.2","0.05","0.3","0.65","300","7926","6993","933","0.11771385314155942","6993","2435","0.35046159115322334","0.08093409122609208"
"348","300","0.4","0.3","0.2","0.05","0.3","0.6","300","9073","7577","1496","0.16488482310150998","7577","3074","0.3774334990685283","0.10111954150581616"
"351","300","0.4","0.3","0.2","0.05","0.3","0.65","300","7920","7001","919","0.11603535353535353","7001","2399","0.3538378264992934","0.08205453224322697"
"352","300","0.4","0.3","0.2","0.05","0.3","0.65","300","7940","6943","997","0.12556675062972292","6943","2477","0.3546004501792367","0.0894101569424429"
"350","300","0.4","0.3","0.2","0.05","0.3","0.6","300","9068","7526","1542","0.17004852227613587","7526","2990","0.3778334855496451","0.1006305340787035"
"356","300","0.4","0.3","0.2","0.05","0.3","0.65","300","7955","6983","972","0.12218730358265242","6983","2420","0.35388739327573915","0.08682914069715293"
"354","300","0.4","0.3","0.2","0.05","0.3","0.65","300","7982","7011","971","0.12164870959659234","7011","2460","0.35463330738545534","0.08051325955991914"
"357","300","0.4","0.3","0.2","0.05","0.3","0.65","300","7951","6998","953","0.1198591372154446","6998","2395","0.354032880237079","0.08394503578850565"
"360","300","0.4","0.3","0.2","0.05","0.3","0.65","300","7986","6968","1018","0.12747307788630102","6968","2396","0.35709112728302983","0.07554735399088294"
"355","300","0.4","0.3","0.2","0.05","0.3","0.65","300","7934","6972","962","0.12125031509957146","6972","2447","0.3486263258950263","0.08855800988206816"
"358","300","0.4","0.3","0.2","0.05","0.3","0.65","300","7933","6984","949","0.11962687507878482","6984","2425","0.3590158370471468","0.0787237725448505"
"361","300","0.4","0.3","0.2","0.05","0.3","0.7","300","7073","6455","618","0.08737452283330976","6455","1886","0.33721191929184197","0.06783605918944939"
"359","300","0.4","0.3","0.2","0.05","0.3","0.65","300","7961","6988","973","0.12222082652933049","6988","2463","0.35305226058206063","0.08798394473765758"
"362","300","0.4","0.3","0.2","0.05","0.3","0.7","300","7112","6439","673","0.09462879640044994","6439","1949","0.33529508807669667","0.07514118376629897"
"363","300","0.4","0.3","0.2","0.05","0.3","0.7","300","7080","6453","627","0.08855932203389831","6453","1931","0.33394209719532075","0.08044153113213025"
"365","300","0.4","0.3","0.2","0.05","0.3","0.7","300","7115","6490","625","0.08784258608573436","6490","1943","0.3376926724637151","0.07174782401594175"
"367","300","0.4","0.3","0.2","0.05","0.3","0.7","300","7099","6435","664","0.09353430060571911","6435","1921","0.33649809443675033","0.07116747816994984"
"368","300","0.4","0.3","0.2","0.05","0.3","0.7","300","7090","6459","631","0.08899858956276446","6459","1904","0.3356174006658778","0.08020634208767391"
"369","300","0.4","0.3","0.2","0.05","0.3","0.7","300","7088","6461","627","0.08845936794582393","6461","1921","0.33503378831589015","0.06664921286375831"
"364","300","0.4","0.3","0.2","0.05","0.3","0.7","300","7045","6445","600","0.085166784953868","6445","1935","0.3355185822692511","0.07095355542568639"
"371","300","0.4","0.3","0.2","0.05","0.3","0.75","300","6450","6001","449","0.0696124031007752","6001","1501","0.3227647383419517","0.06795628466354216"
"370","300","0.4","0.3","0.2","0.05","0.3","0.7","300","7061","6454","607","0.08596516074210452","6454","1987","0.33591697179120805","0.08374790268463134"
"373","300","0.4","0.3","0.2","0.05","0.3","0.75","300","6380","5983","397","0.062225705329153606","5983","1511","0.3261035866945533","0.0764445258289145"
"366","300","0.4","0.3","0.2","0.05","0.3","0.7","300","7123","6468","655","0.09195563666994244","6468","1937","0.3363124752369772","0.0698805412845551"
"372","300","0.4","0.3","0.2","0.05","0.3","0.75","300","6427","6018","409","0.06363777812354131","6018","1470","0.325378840392819","0.05735371647546006"
"378","300","0.4","0.3","0.2","0.05","0.3","0.75","300","6464","6013","451","0.0697710396039604","6013","1539","0.32329911304525466","0.06661461213598559"
"381","300","0.4","0.3","0.2","0.05","0.3","0.8","300","5960","5658","302","0.05067114093959731","5658","1138","0.31321259807634017","0.05596299109383243"
"376","300","0.4","0.3","0.2","0.05","0.3","0.75","300","6412","6029","383","0.05973175296319401","6029","1501","0.3222103524425166","0.06791369363984956"
"380","300","0.4","0.3","0.2","0.05","0.3","0.75","300","6440","5989","451","0.07003105590062111","5989","1575","0.3228069507060112","0.06914531634309838"
"383","300","0.4","0.3","0.2","0.05","0.3","0.8","300","5928","5645","283","0.04773954116059379","5645","1104","0.3151100615404526","0.06327189058846697"
"384","300","0.4","0.3","0.2","0.05","0.3","0.8","300","5971","5663","308","0.05158264947245018","5663","1096","0.31303409473232013","0.060461127089007825"
"385","300","0.4","0.3","0.2","0.05","0.3","0.8","300","5917","5625","292","0.049349332431975666","5625","1173","0.31525367799313075","0.054004074648130215"
"374","300","0.4","0.3","0.2","0.05","0.3","0.75","300","6427","5989","438","0.06814999222032052","5989","1573","0.3257109897869447","0.06780685996812295"
"379","300","0.4","0.3","0.2","0.05","0.3","0.75","300","6431","6018","413","0.06422018348623854","6018","1480","0.32123153873467036","0.06337984270009163"
"382","300","0.4","0.3","0.2","0.05","0.3","0.8","300","5961","5655","306","0.051333668847508805","5655","1094","0.3141209720944474","0.06128973783133213"
"375","300","0.4","0.3","0.2","0.05","0.3","0.75","300","6464","6021","443","0.06853341584158416","6021","1491","0.31977655922249365","0.06444850689794904"
"377","300","0.4","0.3","0.2","0.05","0.3","0.75","300","6449","6027","422","0.0654365017832222","6027","1538","0.3233793261848511","0.0671682246226117"
"387","300","0.4","0.3","0.2","0.05","0.3","0.8","300","5949","5646","303","0.050932929904185575","5646","1151","0.31270207141383394","0.05729865060560777"
"386","300","0.4","0.3","0.2","0.05","0.3","0.8","300","5910","5626","284","0.048054145516074454","5626","1174","0.31589157307022414","0.06699345410271496"
"388","300","0.4","0.3","0.2","0.05","0.3","0.8","300","5951","5630","321","0.053940514199294236","5630","1105","0.3135116757519594","0.06584082846676707"
"389","300","0.4","0.3","0.2","0.05","0.3","0.8","300","5984","5665","319","0.05330882352941176","5665","1106","0.3110251674256716","0.061141204226419214"
"390","300","0.4","0.3","0.2","0.05","0.3","0.8","300","5989","5661","328","0.05476707296710636","5661","1087","0.3137375784596374","0.05923454759389777"
"395","300","0.4","0.3","0.2","0.05","0.35","0.2","300","65690","8488","57202","0.8707870299893439","8488","6759","0.7200362030261719","0.9585584433871619"
"393","300","0.4","0.3","0.2","0.05","0.35","0.2","300","65138","8468","56670","0.8699990788786883","8468","6737","0.7286412356442983","0.958725406637044"
"391","300","0.4","0.3","0.2","0.05","0.35","0.2","300","65673","8477","57196","0.870921078677691","8477","6757","0.7387974725065468","0.9608633612718376"
"398","300","0.4","0.3","0.2","0.05","0.35","0.2","300","65607","8522","57085","0.8701053241269986","8522","6799","0.7391074930817829","0.9625575227523597"
"399","300","0.4","0.3","0.2","0.05","0.35","0.2","300","64777","8462","56315","0.8693672136715193","8462","6779","0.7179883054257619","0.9547467744355063"
"394","300","0.4","0.3","0.2","0.05","0.35","0.2","300","66442","8515","57927","0.8718431112850306","8515","6798","0.7339616852275608","0.9603009249291635"
"397","300","0.4","0.3","0.2","0.05","0.35","0.2","300","64948","8430","56518","0.870203855392006","8430","6787","0.7365296110874698","0.9478032073770208"
"403","300","0.4","0.3","0.2","0.05","0.35","0.25","300","44944","8573","36371","0.809251512993948","8573","6455","0.6425895762381809","0.5065859849560288"
"401","300","0.4","0.3","0.2","0.05","0.35","0.25","300","44492","8522","35970","0.8084599478557943","8522","6419","0.6382890868751387","0.5087252856209689"
"402","300","0.4","0.3","0.2","0.05","0.35","0.25","300","45046","8611","36435","0.808839852595125","8611","6406","0.6629556257418401","0.5122154663963094"
"404","300","0.4","0.3","0.2","0.05","0.35","0.25","300","44565","8556","36009","0.8080107707842478","8556","6356","0.6514347855722513","0.5103804053650802"
"400","300","0.4","0.3","0.2","0.05","0.35","0.2","300","65035","8427","56608","0.8704236180518182","8427","6811","0.7355245166603789","0.9515768383672709"
"392","300","0.4","0.3","0.2","0.05","0.35","0.2","300","66578","8535","58043","0.87180449998498","8535","6786","0.7305001355756126","0.9623397431037801"
"396","300","0.4","0.3","0.2","0.05","0.35","0.2","300","65678","8470","57208","0.8710374859161363","8470","6748","0.7239638496256995","0.9436976337256916"
"407","300","0.4","0.3","0.2","0.05","0.35","0.25","300","44281","8420","35861","0.8098507260450306","8420","6365","0.6352711127115322","0.5065603727402568"
"406","300","0.4","0.3","0.2","0.05","0.35","0.25","300","44437","8562","35875","0.8073227265566982","8562","6408","0.651868922549731","0.5094223699170448"
"410","300","0.4","0.3","0.2","0.05","0.35","0.25","300","44595","8541","36054","0.8084762865792129","8541","6391","0.6384244779294042","0.5071392997585383"
"412","300","0.4","0.3","0.2","0.05","0.35","0.3","300","34847","9048","25799","0.7403506758114041","9048","6314","0.6223131087014006","0.3852921060962131"
"411","300","0.4","0.3","0.2","0.05","0.35","0.3","300","34738","9024","25714","0.7402268409234843","9024","6268","0.6265954633657115","0.3857399120110504"
"408","300","0.4","0.3","0.2","0.05","0.35","0.25","300","44975","8534","36441","0.8102501389660923","8534","6388","0.6411219831885365","0.5077853933562372"
"405","300","0.4","0.3","0.2","0.05","0.35","0.25","300","45060","8611","36449","0.8088992454505104","8611","6487","0.6521137302002001","0.5101255311759654"
"409","300","0.4","0.3","0.2","0.05","0.35","0.25","300","45003","8542","36461","0.8101904317489945","8542","6391","0.642233582830463","0.5085016702428045"
"413","300","0.4","0.3","0.2","0.05","0.35","0.3","300","34988","8887","26101","0.7459986281010632","8887","6225","0.6151816646795791","0.38615918114025016"
"414","300","0.4","0.3","0.2","0.05","0.35","0.3","300","34815","8962","25853","0.7425822203073388","8962","6340","0.6200724756099476","0.3860136623885848"
"415","300","0.4","0.3","0.2","0.05","0.35","0.3","300","34953","9023","25930","0.7418533459216662","9023","6345","0.6217278300431591","0.38595888330332206"
"418","300","0.4","0.3","0.2","0.05","0.35","0.3","300","35060","9034","26026","0.7423274386765545","9034","6274","0.6218256632138635","0.3856300570067849"
"419","300","0.4","0.3","0.2","0.05","0.35","0.3","300","34910","8970","25940","0.7430535663133773","8970","6286","0.615661026934005","0.3861316039405862"
"416","300","0.4","0.3","0.2","0.05","0.35","0.3","300","34873","8958","25915","0.7431250537665243","8958","6318","0.6224733072539256","0.3857178686489375"
"417","300","0.4","0.3","0.2","0.05","0.35","0.3","300","35155","8918","26237","0.7463234248328829","8918","6365","0.6146728944743353","0.38581096338479465"
"422","300","0.4","0.3","0.2","0.05","0.35","0.35","300","27198","9280","17918","0.6587984410618428","9280","6038","0.5803270949551474","0.29534138860972076"
"423","300","0.4","0.3","0.2","0.05","0.35","0.35","300","27074","9302","17772","0.656423136588609","9302","6038","0.5703376199971322","0.2978324989948491"
"421","300","0.4","0.3","0.2","0.05","0.35","0.35","300","27127","9332","17795","0.6559884985438862","9332","6050","0.5892975275456386","0.29327593043043587"
"420","300","0.4","0.3","0.2","0.05","0.35","0.3","300","34587","8950","25637","0.7412322548934571","8950","6266","0.6178668268482711","0.3860076926382089"
"424","300","0.4","0.3","0.2","0.05","0.35","0.35","300","26850","9417","17433","0.6492737430167598","9417","6075","0.5913721597061271","0.29345873267615064"
"425","300","0.4","0.3","0.2","0.05","0.35","0.35","300","26936","9347","17589","0.652992277992278","9347","5994","0.5816293950629572","0.2953760994201562"
"426","300","0.4","0.3","0.2","0.05","0.35","0.35","300","26933","9339","17594","0.65325065904281","9339","6008","0.5843421576297193","0.2933036345464075"
"431","300","0.4","0.3","0.2","0.05","0.35","0.4","300","20522","9236","11286","0.5499463989864536","9236","5543","0.5341927641363577","0.2235329379186352"
"427","300","0.4","0.3","0.2","0.05","0.35","0.35","300","26955","9282","17673","0.6556483027267669","9282","6030","0.5854239519118182","0.2939451003553018"
"432","300","0.4","0.3","0.2","0.05","0.35","0.4","300","20331","9260","11071","0.5445378977915498","9260","5556","0.5413762553666535","0.22617342288932424"
"433","300","0.4","0.3","0.2","0.05","0.35","0.4","300","20576","9252","11324","0.5503499222395023","9252","5570","0.5420650726249941","0.2199860763411346"
"429","300","0.4","0.3","0.2","0.05","0.35","0.35","300","26932","9269","17663","0.6558369226199317","9269","6028","0.5752560307829588","0.29601393088427874"
"430","300","0.4","0.3","0.2","0.05","0.35","0.35","300","26962","9367","17595","0.6525851197982345","9367","6067","0.5784759117020684","0.2954674386399662"
"428","300","0.4","0.3","0.2","0.05","0.35","0.35","300","26990","9347","17643","0.6536865505742868","9347","6058","0.5931726256272161","0.2932441479488854"
"434","300","0.4","0.3","0.2","0.05","0.35","0.4","300","20568","9257","11311","0.5499319330999611","9257","5520","0.5473171333532387","0.22194148879662545"
"435","300","0.4","0.3","0.2","0.05","0.35","0.4","300","20509","9237","11272","0.5496123653030377","9237","5536","0.5379041831738384","0.22337537513257227"
"439","300","0.4","0.3","0.2","0.05","0.35","0.4","300","20564","9334","11230","0.5460999805485314","9334","5570","0.5267071331650385","0.22442991239141014"
"436","300","0.4","0.3","0.2","0.05","0.35","0.4","300","20559","9268","11291","0.5491998638066053","9268","5629","0.5482958062931975","0.22201458396453636"
"437","300","0.4","0.3","0.2","0.05","0.35","0.4","300","20490","9330","11160","0.5446559297218155","9330","5624","0.5358932943963244","0.22284886394288142"
"441","300","0.4","0.3","0.2","0.05","0.35","0.45","300","15501","8954","6547","0.42235984775175794","8954","4910","0.49615599188486326","0.1666964271261584"
"440","300","0.4","0.3","0.2","0.05","0.35","0.4","300","20538","9286","11252","0.5478624987827442","9286","5601","0.544314952872163","0.22224510215001075"
"438","300","0.4","0.3","0.2","0.05","0.35","0.4","300","20423","9302","11121","0.5445331244185477","9302","5600","0.5464070780988696","0.2191806278266538"
"444","300","0.4","0.3","0.2","0.05","0.35","0.45","300","15507","8926","6581","0.4243889856193977","8926","4835","0.48265875396109803","0.16592859417602188"
"442","300","0.4","0.3","0.2","0.05","0.35","0.45","300","15526","8865","6661","0.42902228519902097","8865","4918","0.4893803711898489","0.17085376291037296"
"443","300","0.4","0.3","0.2","0.05","0.35","0.45","300","15565","8938","6627","0.42576292964985546","8938","4936","0.4863410409970362","0.17014418050687638"
"445","300","0.4","0.3","0.2","0.05","0.35","0.45","300","15474","8908","6566","0.4243246736461161","8908","4854","0.49410143728098094","0.16290607279620986"
"448","300","0.4","0.3","0.2","0.05","0.35","0.45","300","15599","8875","6724","0.43105327264568244","8875","4898","0.47809947660441926","0.17253319214309618"
"449","300","0.4","0.3","0.2","0.05","0.35","0.45","300","15596","8905","6691","0.42902026160553985","8905","4942","0.49288421026162754","0.16563248360060664"
"447","300","0.4","0.3","0.2","0.05","0.35","0.45","300","15551","8909","6642","0.427110796733329","8909","4934","0.4956897906856465","0.16840585896843066"
"446","300","0.4","0.3","0.2","0.05","0.35","0.45","300","15601","8850","6751","0.43272867123902314","8850","4816","0.48896020231185966","0.17147663901583476"
"450","300","0.4","0.3","0.2","0.05","0.35","0.45","300","15501","8897","6604","0.4260370298690407","8897","4924","0.4938653641340796","0.168913222095312"
"451","300","0.4","0.3","0.2","0.05","0.35","0.5","300","12113","8246","3867","0.3192437876661438","8246","4144","0.44446077279220364","0.12996071416512878"
"453","300","0.4","0.3","0.2","0.05","0.35","0.5","300","12055","8284","3771","0.31281625881377023","8284","4150","0.4465617575700515","0.12455179014407525"
"454","300","0.4","0.3","0.2","0.05","0.35","0.5","300","12105","8283","3822","0.3157372986369269","8283","4142","0.44516892854810197","0.1340268674533951"
"455","300","0.4","0.3","0.2","0.05","0.35","0.5","300","12148","8251","3897","0.3207935462627593","8251","4140","0.44302539379290123","0.13249718965421994"
"456","300","0.4","0.3","0.2","0.05","0.35","0.5","300","12068","8227","3841","0.31827974809413323","8227","4080","0.43708081003072713","0.13357495339684744"
"452","300","0.4","0.3","0.2","0.05","0.35","0.5","300","12060","8221","3839","0.3183250414593698","8221","4161","0.4453412569471158","0.13212173929759277"
"460","300","0.4","0.3","0.2","0.05","0.35","0.5","300","12050","8222","3828","0.31767634854771787","8222","4000","0.4347369954458468","0.1315865706360146"
"463","300","0.4","0.3","0.2","0.05","0.35","0.55","300","9718","7540","2178","0.22412018933937025","7540","3398","0.4139038135371936","0.09790121921194654"
"457","300","0.4","0.3","0.2","0.05","0.35","0.5","300","12169","8308","3861","0.31728161722409404","8308","4177","0.4483747905936468","0.11824924155893905"
"464","300","0.4","0.3","0.2","0.05","0.35","0.55","300","9726","7542","2184","0.22455274521900062","7542","3456","0.4178604898299553","0.09504165511357814"
"462","300","0.4","0.3","0.2","0.05","0.35","0.55","300","9788","7552","2236","0.22844299141806293","7552","3331","0.40037112627147425","0.09681783470700935"
"458","300","0.4","0.3","0.2","0.05","0.35","0.5","300","12005","8281","3724","0.31020408163265306","8281","4086","0.44330759318215823","0.1316384696459369"
"459","300","0.4","0.3","0.2","0.05","0.35","0.5","300","11981","8243","3738","0.3119939904849345","8243","4180","0.4447457078191443","0.12425118130909088"
"461","300","0.4","0.3","0.2","0.05","0.35","0.55","300","9697","7532","2165","0.2232649272971022","7532","3401","0.4102710496461246","0.10062588700418544"
"466","300","0.4","0.3","0.2","0.05","0.35","0.55","300","9706","7534","2172","0.2237791057078096","7534","3335","0.4090141118920077","0.09935258139109537"
"465","300","0.4","0.3","0.2","0.05","0.35","0.55","300","9738","7524","2214","0.22735674676524953","7524","3430","0.40190284043751506","0.1076376970962175"
"469","300","0.4","0.3","0.2","0.05","0.35","0.55","300","9809","7541","2268","0.2312162299928637","7541","3440","0.40993645544121515","0.10203664854904684"
"470","300","0.4","0.3","0.2","0.05","0.35","0.55","300","9835","7523","2312","0.23507880020335536","7523","3390","0.4010069877821996","0.1009058765180181"
"471","300","0.4","0.3","0.2","0.05","0.35","0.6","300","8122","6801","1321","0.16264466880078798","6801","2662","0.3710998772263547","0.09466793403160868"
"467","300","0.4","0.3","0.2","0.05","0.35","0.55","300","9788","7525","2263","0.23120147118921128","7525","3477","0.40685292552294894","0.09637198364056118"
"468","300","0.4","0.3","0.2","0.05","0.35","0.55","300","9877","7488","2389","0.24187506327832337","7488","3376","0.39763510176776656","0.11030929189622424"
"472","300","0.4","0.3","0.2","0.05","0.35","0.6","300","8155","6822","1333","0.16345800122624157","6822","2691","0.37184680721887164","0.08420117659659931"
"473","300","0.4","0.3","0.2","0.05","0.35","0.6","300","8171","6812","1359","0.1663199118834904","6812","2630","0.36711161903672535","0.09051411708891428"
"474","300","0.4","0.3","0.2","0.05","0.35","0.6","300","8157","6836","1321","0.16194679416452126","6836","2693","0.3720864950358792","0.08703656667490764"
"475","300","0.4","0.3","0.2","0.05","0.35","0.6","300","8246","6850","1396","0.16929420325006064","6850","2742","0.3772576928272117","0.07966803949103675"
"476","300","0.4","0.3","0.2","0.05","0.35","0.6","300","8215","6820","1395","0.16981132075471697","6820","2732","0.37895390537792945","0.08331871178077886"
"481","300","0.4","0.3","0.2","0.05","0.35","0.65","300","7073","6240","833","0.11777180828502756","6240","2165","0.35261467483165754","0.07927940975474067"
"482","300","0.4","0.3","0.2","0.05","0.35","0.65","300","7093","6230","863","0.12166925137459467","6230","2221","0.3508832277092398","0.07759390718004507"
"477","300","0.4","0.3","0.2","0.05","0.35","0.6","300","8127","6820","1307","0.16082195151962594","6820","2665","0.3710597350848096","0.08999549740977479"
"484","300","0.4","0.3","0.2","0.05","0.35","0.65","300","7037","6202","835","0.1186585192553645","6202","2108","0.3466823317175174","0.08556360931498813"
"478","300","0.4","0.3","0.2","0.05","0.35","0.6","300","8193","6798","1395","0.17026730135481508","6798","2750","0.37559335901955987","0.08996309849532186"
"479","300","0.4","0.3","0.2","0.05","0.35","0.6","300","8195","6837","1358","0.16571079926784624","6837","2745","0.37740274781814787","0.08387701719304502"
"480","300","0.4","0.3","0.2","0.05","0.35","0.6","300","8147","6847","1300","0.159567939118694","6847","2689","0.3764314639911697","0.08026657517941761"
"489","300","0.4","0.3","0.2","0.05","0.35","0.65","300","7052","6213","839","0.11897334089619965","6213","2089","0.3477677453982713","0.07117314763005932"
"485","300","0.4","0.3","0.2","0.05","0.35","0.65","300","7047","6228","819","0.11621966794380588","6228","2181","0.3529017407733062","0.06714178461633692"
"483","300","0.4","0.3","0.2","0.05","0.35","0.65","300","7073","6220","853","0.12059946274565247","6220","2191","0.35245684401841887","0.07486530670875773"
"491","300","0.4","0.3","0.2","0.05","0.35","0.7","300","6264","5659","605","0.09658365261813538","5659","1678","0.3327229617425123","0.07478783674245802"
"493","300","0.4","0.3","0.2","0.05","0.35","0.7","300","6241","5722","519","0.08315975004005768","5722","1718","0.335853589064274","0.06692525064022542"
"492","300","0.4","0.3","0.2","0.05","0.35","0.7","300","6329","5761","568","0.08974561542107758","5761","1710","0.33435063103944906","0.06316893973914552"
"494","300","0.4","0.3","0.2","0.05","0.35","0.7","300","6346","5760","586","0.09234163252442483","5760","1791","0.33430342948558","0.06485832493244584"
"495","300","0.4","0.3","0.2","0.05","0.35","0.7","300","6346","5715","631","0.09943271352032776","5715","1687","0.33230091321880306","0.07241243259640263"
"486","300","0.4","0.3","0.2","0.05","0.35","0.65","300","7149","6227","922","0.12896908658553644","6227","2166","0.3511163376928836","0.07921052669362218"
"487","300","0.4","0.3","0.2","0.05","0.35","0.65","300","7101","6219","882","0.12420785804816223","6219","2218","0.3552731498026766","0.0758003929364638"
"496","300","0.4","0.3","0.2","0.05","0.35","0.7","300","6338","5767","571","0.09009151151782897","5767","1714","0.33507370839884587","0.0736145455401675"
"490","300","0.4","0.3","0.2","0.05","0.35","0.65","300","7102","6230","872","0.12278231484088989","6230","2187","0.3543391489429427","0.0705843487947836"
"497","300","0.4","0.3","0.2","0.05","0.35","0.7","300","6285","5700","585","0.09307875894988067","5700","1711","0.33556132875339467","0.06787329088850345"
"488","300","0.4","0.3","0.2","0.05","0.35","0.65","300","7063","6244","819","0.1159563924677899","6244","2162","0.35038738497372707","0.07348845041327763"
"498","300","0.4","0.3","0.2","0.05","0.35","0.7","300","6332","5735","597","0.09428300694883134","5735","1700","0.33701394789634703","0.05755103782158108"
"502","300","0.4","0.3","0.2","0.05","0.35","0.75","300","5706","5331","375","0.06572029442691903","5331","1364","0.32094049375414685","0.05923188131522937"
"501","300","0.4","0.3","0.2","0.05","0.35","0.75","300","5713","5325","388","0.0679152809382111","5325","1293","0.3240340438902118","0.05624912996667491"
"504","300","0.4","0.3","0.2","0.05","0.35","0.75","300","5723","5310","413","0.07216494845360824","5310","1316","0.3222934815336831","0.06455715974368695"
"499","300","0.4","0.3","0.2","0.05","0.35","0.7","300","6316","5758","558","0.08834705509816339","5758","1708","0.33470029584168853","0.0636616092657774"
"500","300","0.4","0.3","0.2","0.05","0.35","0.7","300","6314","5721","593","0.09391827684510612","5721","1729","0.3313715873193879","0.06801291701235006"
"503","300","0.4","0.3","0.2","0.05","0.35","0.75","300","5695","5303","392","0.06883230904302019","5303","1290","0.32278029441336875","0.06143317999042086"
"505","300","0.4","0.3","0.2","0.05","0.35","0.75","300","5722","5323","399","0.06973086333449843","5323","1364","0.3221994365543888","0.06032402073576615"
"506","300","0.4","0.3","0.2","0.05","0.35","0.75","300","5686","5334","352","0.06190643686246922","5334","1355","0.32334966580017166","0.06921021707976349"
"508","300","0.4","0.3","0.2","0.05","0.35","0.75","300","5695","5311","384","0.06742756804214223","5311","1352","0.3219914619369105","0.06591689886509941"
"513","300","0.4","0.3","0.2","0.05","0.35","0.8","300","5240","4957","283","0.054007633587786257","4957","959","0.3122338327140765","0.06712709169152616"
"512","300","0.4","0.3","0.2","0.05","0.35","0.8","300","5250","4977","273","0.052","4977","965","0.3163109406093543","0.04527383219675149"
"511","300","0.4","0.3","0.2","0.05","0.35","0.8","300","5235","4990","245","0.04680038204393505","4990","987","0.3151751728263792","0.0508289453110724"
"509","300","0.4","0.3","0.2","0.05","0.35","0.75","300","5691","5299","392","0.06888068880688807","5299","1361","0.32169886287289573","0.06423022923428717"
"507","300","0.4","0.3","0.2","0.05","0.35","0.75","300","5690","5308","382","0.0671353251318102","5308","1301","0.3210047975930151","0.0583192269824397"
"514","300","0.4","0.3","0.2","0.05","0.35","0.8","300","5235","4970","265","0.050620821394460364","4970","958","0.3131577753806459","0.059574415114356065"
"515","300","0.4","0.3","0.2","0.05","0.35","0.8","300","5270","4987","283","0.053700189753320686","4987","1048","0.31327125366713476","0.060507226368820555"
"518","300","0.4","0.3","0.2","0.05","0.35","0.8","300","5243","4979","264","0.05035285142094221","4979","981","0.31492001813914605","0.048835482507052094"
"520","300","0.4","0.3","0.2","0.05","0.35","0.8","300","5236","4940","296","0.05653170359052712","4940","999","0.3137684443946912","0.0575216601703909"
"519","300","0.4","0.3","0.2","0.05","0.35","0.8","300","5271","4986","285","0.05406943653955606","4986","993","0.3125468145400207","0.05236495164879656"
"510","300","0.4","0.3","0.2","0.05","0.35","0.75","300","5725","5335","390","0.06812227074235808","5335","1270","0.32204715873352235","0.05640777333972128"
"516","300","0.4","0.3","0.2","0.05","0.35","0.8","300","5227","4988","239","0.045724124736942796","4988","914","0.31253048974613784","0.05721361737201239"
"517","300","0.4","0.3","0.2","0.05","0.35","0.8","300","5221","4956","265","0.05075656004596821","4956","986","0.31339953971523077","0.0686039755980831"
"524","300","0.4","0.3","0.2","0.05","0.4","0.2","300","80297","8590","71707","0.8930221552486394","8590","6955","0.7427313562940687","1"
"523","300","0.4","0.3","0.2","0.05","0.4","0.2","300","80706","8778","71928","0.8912348524273288","8778","6943","0.7603796572471139","1"
"522","300","0.4","0.3","0.2","0.05","0.4","0.2","300","80736","8623","72113","0.89319510503369","8623","6953","0.7633289305572082","1"
"525","300","0.4","0.3","0.2","0.05","0.4","0.2","300","80977","8673","72304","0.8928955135408819","8673","6930","0.757172770665538","1"
"526","300","0.4","0.3","0.2","0.05","0.4","0.2","300","80518","8651","71867","0.8925581857472863","8651","6926","0.7487594270373877","1"
"521","300","0.4","0.3","0.2","0.05","0.4","0.2","300","80413","8670","71743","0.8921816124258516","8670","6903","0.7414847212987948","1"
"527","300","0.4","0.3","0.2","0.05","0.4","0.2","300","80967","8705","72262","0.8924870626304544","8705","6899","0.7547498396806163","1"
"528","300","0.4","0.3","0.2","0.05","0.4","0.2","300","80627","8747","71880","0.8915127686755058","8747","6903","0.7517791970040416","1"
"531","300","0.4","0.3","0.2","0.05","0.4","0.25","300","59648","9086","50562","0.8476730150214592","9086","6855","0.7361698806919889","0.8247847218449528"
"529","300","0.4","0.3","0.2","0.05","0.4","0.2","300","80729","8729","72000","0.8918728090277348","8729","7015","0.7645353244101846","1"
"532","300","0.4","0.3","0.2","0.05","0.4","0.25","300","59515","9171","50344","0.8459043938502898","9171","6907","0.7354522270502449","0.8293661232698487"
"533","300","0.4","0.3","0.2","0.05","0.4","0.25","300","61065","9257","51808","0.8484074347007288","9257","6931","0.7408702726384998","0.8615242048396342"
"534","300","0.4","0.3","0.2","0.05","0.4","0.25","300","60666","9253","51413","0.847476345893911","9253","6863","0.7428411717482247","0.8597435877628598"
"530","300","0.4","0.3","0.2","0.05","0.4","0.2","300","80281","8599","71682","0.8928887283416997","8599","6942","0.7382500670898842","1"
"537","300","0.4","0.3","0.2","0.05","0.4","0.25","300","59729","9108","50621","0.8475112591873294","9108","6838","0.7282314562237844","0.8344216897437426"
"538","300","0.4","0.3","0.2","0.05","0.4","0.25","300","60471","9208","51263","0.8477286633262224","9208","6897","0.7328913658252719","0.8555242227967709"
"539","300","0.4","0.3","0.2","0.05","0.4","0.25","300","60572","9134","51438","0.8492042527900681","9134","6859","0.7371052586542551","0.8496292971260525"
"535","300","0.4","0.3","0.2","0.05","0.4","0.25","300","60024","9200","50824","0.846727975476476","9200","6876","0.7310631366319048","0.8439093969756518"
"541","300","0.4","0.3","0.2","0.05","0.4","0.3","300","39364","9090","30274","0.7690783456965755","9090","6378","0.6472443318880047","0.438998440079612"
"540","300","0.4","0.3","0.2","0.05","0.4","0.25","300","59824","9199","50625","0.846232281358652","9199","6889","0.7457024458679138","0.8509563992581838"
"536","300","0.4","0.3","0.2","0.05","0.4","0.25","300","60272","9190","51082","0.8475245553490841","9190","6875","0.7239686889846036","0.8528744990761876"
"543","300","0.4","0.3","0.2","0.05","0.4","0.3","300","39147","9164","29983","0.765907987840703","9164","6350","0.6390555516001578","0.43859350437679806"
"542","300","0.4","0.3","0.2","0.05","0.4","0.3","300","39260","9139","30121","0.7672185430463576","9139","6356","0.6419704390548238","0.4397347945461105"
"544","300","0.4","0.3","0.2","0.05","0.4","0.3","300","39354","9194","30160","0.766376988362047","9194","6441","0.6706647189790671","0.4401550744454581"
"546","300","0.4","0.3","0.2","0.05","0.4","0.3","300","38917","8987","29930","0.7690726417760876","8987","6337","0.6611185241241253","0.4392713460380743"
"545","300","0.4","0.3","0.2","0.05","0.4","0.3","300","39298","8992","30306","0.7711842841874904","8992","6356","0.6425503854884693","0.437900579737091"
"548","300","0.4","0.3","0.2","0.05","0.4","0.3","300","39678","9210","30468","0.7678814456373809","9210","6389","0.6496727245302748","0.43935616020532897"
"547","300","0.4","0.3","0.2","0.05","0.4","0.3","300","39506","9126","30380","0.7689971143623754","9126","6307","0.6470725135337164","0.43952254918644956"
"549","300","0.4","0.3","0.2","0.05","0.4","0.3","300","39579","9141","30438","0.769044190100811","9141","6440","0.6497672999464267","0.4393583154354236"
"551","300","0.4","0.3","0.2","0.05","0.4","0.35","300","28706","9296","19410","0.6761652616177802","9296","6033","0.6104681903260616","0.3148015587739016"
"553","300","0.4","0.3","0.2","0.05","0.4","0.35","300","28760","9339","19421","0.675278164116829","9339","5981","0.5966967734422683","0.31899512652888795"
"552","300","0.4","0.3","0.2","0.05","0.4","0.35","300","28696","9238","19458","0.6780735991078896","9238","5973","0.6106458834123654","0.31594640902868504"
"555","300","0.4","0.3","0.2","0.05","0.4","0.35","300","28831","9296","19535","0.6775692830633693","9296","6079","0.5993263461426938","0.31567047542600357"
"556","300","0.4","0.3","0.2","0.05","0.4","0.35","300","28792","9216","19576","0.6799110864128924","9216","6056","0.6008965315069176","0.3175811454415475"
"557","300","0.4","0.3","0.2","0.05","0.4","0.35","300","28819","9283","19536","0.6778861167979457","9283","6072","0.6136512868961218","0.3148975150984124"
"554","300","0.4","0.3","0.2","0.05","0.4","0.35","300","28974","9303","19671","0.6789190308552495","9303","6015","0.6068845828427137","0.3160210814385123"
"550","300","0.4","0.3","0.2","0.05","0.4","0.3","300","39597","9164","30433","0.768568325883274","9164","6337","0.6461486367139467","0.43850627687448823"
"559","300","0.4","0.3","0.2","0.05","0.4","0.35","300","28624","9305","19319","0.6749231414197876","9305","5999","0.6108140121171741","0.31378748374438875"
"560","300","0.4","0.3","0.2","0.05","0.4","0.35","300","28900","9200","19700","0.6816608996539792","9200","6006","0.602019428280867","0.3154081783826342"
"558","300","0.4","0.3","0.2","0.05","0.4","0.35","300","28964","9217","19747","0.6817773788150808","9217","6099","0.5996189280072787","0.3182878712816133"
"561","300","0.4","0.3","0.2","0.05","0.4","0.4","300","20990","9147","11843","0.5642210576464983","9147","5483","0.5515209440755979","0.2267720997510569"
"564","300","0.4","0.3","0.2","0.05","0.4","0.4","300","20850","9164","11686","0.5604796163069544","9164","5483","0.5533711004697616","0.22762542092326632"
"562","300","0.4","0.3","0.2","0.05","0.4","0.4","300","20867","9078","11789","0.5649590262136388","9078","5445","0.5526171461237244","0.2236391709487953"
"563","300","0.4","0.3","0.2","0.05","0.4","0.4","300","20897","9134","11763","0.5629037660908265","9134","5439","0.5489925372905154","0.2285148776534941"
"569","300","0.4","0.3","0.2","0.05","0.4","0.4","300","20932","9212","11720","0.559908274412383","9212","5452","0.5459318497093073","0.227770000677648"
"571","300","0.4","0.3","0.2","0.05","0.4","0.45","300","15280","8523","6757","0.4422120418848168","8523","4689","0.4982553095205193","0.16199630490821842"
"565","300","0.4","0.3","0.2","0.05","0.4","0.4","300","21159","9166","11993","0.5668037241835625","9166","5407","0.5607863778606835","0.22495416495148698"
"570","300","0.4","0.3","0.2","0.05","0.4","0.4","300","20957","9024","11933","0.5694040177506322","9024","5474","0.5669054818442152","0.2235615885914951"
"566","300","0.4","0.3","0.2","0.05","0.4","0.4","300","20836","9010","11826","0.5675753503551545","9010","5474","0.5404660451252568","0.23316390029557638"
"568","300","0.4","0.3","0.2","0.05","0.4","0.4","300","20886","9159","11727","0.5614765871875897","9159","5521","0.5536585182056413","0.22285299503341569"
"567","300","0.4","0.3","0.2","0.05","0.4","0.4","300","20984","9079","11905","0.5673370186808997","9079","5517","0.5630977484817731","0.2306772670406673"
"572","300","0.4","0.3","0.2","0.05","0.4","0.45","300","15318","8512","6806","0.4443138790964878","8512","4724","0.5077702294408958","0.1556041564482511"
"573","300","0.4","0.3","0.2","0.05","0.4","0.45","300","15151","8620","6531","0.4310606560623061","8620","4684","0.49177920395514985","0.16411898026706453"
"575","300","0.4","0.3","0.2","0.05","0.4","0.45","300","15177","8605","6572","0.4330236542136127","8605","4704","0.4870860941614973","0.17056580403228533"
"574","300","0.4","0.3","0.2","0.05","0.4","0.45","300","15213","8578","6635","0.4361401432984947","8578","4737","0.5048886619656405","0.16049612422459775"
"577","300","0.4","0.3","0.2","0.05","0.4","0.45","300","15236","8640","6596","0.4329220267786821","8640","4726","0.4982299874937337","0.1557820796008023"
"576","300","0.4","0.3","0.2","0.05","0.4","0.45","300","15329","8565","6764","0.4412551373214169","8565","4716","0.49906568954674696","0.16411622870412004"
"578","300","0.4","0.3","0.2","0.05","0.4","0.45","300","15184","8541","6643","0.4375","8541","4693","0.49554595228222353","0.169402209340817"
"579","300","0.4","0.3","0.2","0.05","0.4","0.45","300","15096","8574","6522","0.4320349761526232","8574","4689","0.493273102838803","0.1624673525888246"
"582","300","0.4","0.3","0.2","0.05","0.4","0.5","300","11447","7741","3706","0.32375294837075214","7741","3917","0.45192967538950757","0.1224831709443282"
"583","300","0.4","0.3","0.2","0.05","0.4","0.5","300","11384","7733","3651","0.32071328179901615","7733","3828","0.4501799689841861","0.12671219848124127"
"580","300","0.4","0.3","0.2","0.05","0.4","0.45","300","15214","8536","6678","0.43893782042855267","8536","4711","0.49967348369370823","0.16548515416157722"
"585","300","0.4","0.3","0.2","0.05","0.4","0.5","300","11401","7810","3591","0.31497237084466273","7810","3906","0.4540800325760446","0.11378607944459015"
"581","300","0.4","0.3","0.2","0.05","0.4","0.5","300","11367","7781","3586","0.3154746195126243","7781","3882","0.4429472181502364","0.12243373888685989"
"584","300","0.4","0.3","0.2","0.05","0.4","0.5","300","11375","7789","3586","0.31525274725274727","7789","3848","0.4499302282155215","0.11839335326123951"
"586","300","0.4","0.3","0.2","0.05","0.4","0.5","300","11536","7780","3756","0.32558945908460474","7780","3817","0.45973255715974726","0.11910452836187654"
"592","300","0.4","0.3","0.2","0.05","0.4","0.55","300","9068","6965","2103","0.23191442434936038","6965","3151","0.4064300173990077","0.10320064111849872"
"589","300","0.4","0.3","0.2","0.05","0.4","0.5","300","11451","7740","3711","0.32407649986900705","7740","3870","0.4375459740766334","0.12302990447715817"
"587","300","0.4","0.3","0.2","0.05","0.4","0.5","300","11433","7769","3664","0.32047581562144667","7769","3946","0.45429529716034117","0.11300470973634534"
"590","300","0.4","0.3","0.2","0.05","0.4","0.5","300","11445","7724","3721","0.32512013979903887","7724","3839","0.438472506713993","0.11927960263127313"
"588","300","0.4","0.3","0.2","0.05","0.4","0.5","300","11421","7783","3638","0.31853603011995446","7783","3913","0.4501434570758345","0.11757650279062944"
"591","300","0.4","0.3","0.2","0.05","0.4","0.55","300","9047","6938","2109","0.23311595003868685","6938","3161","0.40236297695272794","0.0993349446961497"
"594","300","0.4","0.3","0.2","0.05","0.4","0.55","300","8990","6988","2002","0.22269187986651837","6988","3131","0.41158912603699344","0.09539704980370353"
"593","300","0.4","0.3","0.2","0.05","0.4","0.55","300","9028","6938","2090","0.23150199379707576","6938","3057","0.3991692197039939","0.09614152144795081"
"596","300","0.4","0.3","0.2","0.05","0.4","0.55","300","8980","6957","2023","0.2252783964365256","6957","3086","0.4061170160780122","0.09921957048113735"
"598","300","0.4","0.3","0.2","0.05","0.4","0.55","300","9006","6969","2037","0.22618254497002","6969","3141","0.404873747134696","0.09430812778879338"
"595","300","0.4","0.3","0.2","0.05","0.4","0.55","300","9044","6972","2072","0.22910216718266255","6972","3076","0.40493091193624764","0.10241051983957752"
"597","300","0.4","0.3","0.2","0.05","0.4","0.55","300","9013","6933","2080","0.2307777654499057","6933","3101","0.3980273805856197","0.10279508385402267"
"600","300","0.4","0.3","0.2","0.05","0.4","0.55","300","9003","6920","2083","0.23136732200377652","6920","3180","0.41057066094060995","0.09854364698270207"
"602","300","0.4","0.3","0.2","0.05","0.4","0.6","300","7526","6217","1309","0.1739303747010364","6217","2565","0.373258284156856","0.08082573693360097"
"601","300","0.4","0.3","0.2","0.05","0.4","0.6","300","7428","6245","1183","0.1592622509423802","6245","2508","0.37294034325172715","0.0759009734670238"
"603","300","0.4","0.3","0.2","0.05","0.4","0.6","300","7461","6229","1232","0.16512531832194074","6229","2526","0.3752757031759933","0.07665576755826566"
"599","300","0.4","0.3","0.2","0.05","0.4","0.55","300","8956","6949","2007","0.2240955783832068","6949","3155","0.4028924907735837","0.10770361749227725"
"604","300","0.4","0.3","0.2","0.05","0.4","0.6","300","7502","6254","1248","0.16635563849640095","6254","2543","0.37792029885272777","0.08541841853624342"
"612","300","0.4","0.3","0.2","0.05","0.4","0.65","300","6399","5631","768","0.12001875293014534","5631","1951","0.3490986987320355","0.07418973074585944"
"611","300","0.4","0.3","0.2","0.05","0.4","0.65","300","6406","5673","733","0.114423977521074","5673","1981","0.34454594234482566","0.05618590890614235"
"605","300","0.4","0.3","0.2","0.05","0.4","0.6","300","7477","6248","1229","0.16437073692657483","6248","2553","0.37668613926315997","0.07505916092243779"
"614","300","0.4","0.3","0.2","0.05","0.4","0.65","300","6387","5640","747","0.11695631751996242","5640","1975","0.3538597065895551","0.0672335255299943"
"607","300","0.4","0.3","0.2","0.05","0.4","0.6","300","7487","6218","1269","0.16949378923467343","6218","2514","0.37684883023309906","0.07757636824725846"
"606","300","0.4","0.3","0.2","0.05","0.4","0.6","300","7518","6274","1244","0.16546953977121576","6274","2478","0.3736862417393617","0.07377216967131088"
"610","300","0.4","0.3","0.2","0.05","0.4","0.6","300","7409","6222","1187","0.1602105547307329","6222","2520","0.3776836037195264","0.08226592729208929"
"609","300","0.4","0.3","0.2","0.05","0.4","0.6","300","7417","6229","1188","0.16017257651341513","6229","2433","0.3724072204977654","0.07881399942567835"
"613","300","0.4","0.3","0.2","0.05","0.4","0.65","300","6411","5636","775","0.12088597722664171","5636","1907","0.3473242744560643","0.06505606680547524"
"615","300","0.4","0.3","0.2","0.05","0.4","0.65","300","6436","5675","761","0.11824114356743319","5675","1960","0.34819506036317643","0.06145142009869182"
"608","300","0.4","0.3","0.2","0.05","0.4","0.6","300","7446","6251","1195","0.16048885307547678","6251","2488","0.37321369560377887","0.07873608316625039"
"620","300","0.4","0.3","0.2","0.05","0.4","0.65","300","6393","5658","735","0.11496949788831534","5658","1936","0.34682313471548265","0.06551643065871404"
"619","300","0.4","0.3","0.2","0.05","0.4","0.65","300","6476","5657","819","0.12646695491043855","5657","1990","0.34919236722370883","0.057930359087967176"
"623","300","0.4","0.3","0.2","0.05","0.4","0.7","300","5648","5148","500","0.08852691218130311","5148","1544","0.333840515715809","0.05537649027493651"
"622","300","0.4","0.3","0.2","0.05","0.4","0.7","300","5693","5188","505","0.08870542771825048","5188","1580","0.33584143394788796","0.06643159023639073"
"624","300","0.4","0.3","0.2","0.05","0.4","0.7","300","5717","5171","546","0.09550463529823335","5171","1544","0.334567647914717","0.06218363299564855"
"626","300","0.4","0.3","0.2","0.05","0.4","0.7","300","5703","5179","524","0.09188146589514291","5179","1549","0.33238525773176136","0.05499718580992959"
"616","300","0.4","0.3","0.2","0.05","0.4","0.65","300","6479","5657","822","0.12687143077635438","5657","1966","0.35538723223842295","0.07000801721078351"
"629","300","0.4","0.3","0.2","0.05","0.4","0.7","300","5698","5219","479","0.08406458406458406","5219","1553","0.3382763213399383","0.04247278027841618"
"627","300","0.4","0.3","0.2","0.05","0.4","0.7","300","5688","5165","523","0.09194796061884669","5165","1582","0.3374008575103324","0.060134516083018355"
"632","300","0.4","0.3","0.2","0.05","0.4","0.75","300","5126","4758","368","0.07179087007413187","4758","1213","0.3237117095584615","0.05686099084267176"
"630","300","0.4","0.3","0.2","0.05","0.4","0.7","300","5669","5144","525","0.09260892573646146","5144","1535","0.33209185256818435","0.059699324168196434"
"625","300","0.4","0.3","0.2","0.05","0.4","0.7","300","5663","5159","504","0.08899876390605686","5159","1576","0.3321184674896542","0.06154976674563957"
"628","300","0.4","0.3","0.2","0.05","0.4","0.7","300","5652","5175","477","0.08439490445859872","5175","1539","0.3330500326258419","0.056374408186006114"
"617","300","0.4","0.3","0.2","0.05","0.4","0.65","300","6442","5638","804","0.12480596088171375","5638","1967","0.34882745718002944","0.06699890049269505"
"631","300","0.4","0.3","0.2","0.05","0.4","0.75","300","5134","4798","336","0.0654460459680561","4798","1174","0.32224046947636575","0.052730356332103795"
"618","300","0.4","0.3","0.2","0.05","0.4","0.65","300","6406","5628","778","0.12144864189822042","5628","1969","0.3512393579412318","0.07824387035895394"
"621","300","0.4","0.3","0.2","0.05","0.4","0.7","300","5690","5169","521","0.09156414762741652","5169","1571","0.3329719458075774","0.05292562376192268"
"633","300","0.4","0.3","0.2","0.05","0.4","0.75","300","5096","4756","340","0.06671899529042387","4756","1255","0.324693652491229","0.05488030335150545"
"635","300","0.4","0.3","0.2","0.05","0.4","0.75","300","5184","4842","342","0.06597222222222222","4842","1156","0.32000699703156615","0.042770536402001486"
"634","300","0.4","0.3","0.2","0.05","0.4","0.75","300","5173","4784","389","0.07519814421032282","4784","1159","0.3225883733673067","0.04854389155456604"
"636","300","0.4","0.3","0.2","0.05","0.4","0.75","300","5107","4736","371","0.0726453886822009","4736","1196","0.31898642590120324","0.07093239498039106"
"637","300","0.4","0.3","0.2","0.05","0.4","0.75","300","5144","4793","351","0.0682348367029549","4793","1260","0.31979907855790574","0.05450678954207423"
"640","300","0.4","0.3","0.2","0.05","0.4","0.75","300","5126","4802","324","0.06320717908700742","4802","1209","0.3209299809565584","0.05057408679627824"
"638","300","0.4","0.3","0.2","0.05","0.4","0.75","300","5131","4787","344","0.0670434613135841","4787","1240","0.32451322476555994","0.043727668455128106"
"642","300","0.4","0.3","0.2","0.05","0.4","0.8","300","4738","4506","232","0.04896580835795694","4506","911","0.31267126536097645","0.05032186394832427"
"644","300","0.4","0.3","0.2","0.05","0.4","0.8","300","4793","4545","248","0.05174212393073232","4545","911","0.3139749255238474","0.04714103107840776"
"645","300","0.4","0.3","0.2","0.05","0.4","0.8","300","4741","4493","248","0.052309639316599876","4493","816","0.3113213630993934","0.05585244319933733"
"643","300","0.4","0.3","0.2","0.05","0.4","0.8","300","4710","4485","225","0.04777070063694268","4485","920","0.31318672684286974","0.042226441860946165"
"641","300","0.4","0.3","0.2","0.05","0.4","0.8","300","4717","4481","236","0.05003179987280051","4481","880","0.31407895910611533","0.053271675712021224"
"647","300","0.4","0.3","0.2","0.05","0.4","0.8","300","4740","4498","242","0.0510548523206751","4498","907","0.3115526777771081","0.04634694902955978"
"649","300","0.4","0.3","0.2","0.05","0.4","0.8","300","4769","4503","266","0.055776892430278883","4503","923","0.3130383347905655","0.0425178701684553"
"650","300","0.4","0.3","0.2","0.05","0.4","0.8","300","4705","4448","257","0.054622741764080766","4448","917","0.3126014678640135","0.05034026600060708"
"639","300","0.4","0.3","0.2","0.05","0.4","0.75","300","5138","4811","327","0.06364344102763721","4811","1210","0.3215735384553765","0.04988458634389378"
"648","300","0.4","0.3","0.2","0.05","0.4","0.8","300","4720","4488","232","0.04915254237288136","4488","885","0.31144138435216284","0.051311458286881925"
"646","300","0.4","0.3","0.2","0.05","0.4","0.8","300","4731","4502","229","0.04840414288733883","4502","902","0.31486900479531194","0.038029965204520254"
"652","300","0.4","0.3","0.2","0.05","0.45","0.2","300","84966","8488","76478","0.9001012169573712","8488","6738","0.762502424971657","1"
"654","300","0.4","0.3","0.2","0.05","0.45","0.2","300","84941","8445","76496","0.9005780482923441","8445","6797","0.7810513994963352","1"
"651","300","0.4","0.3","0.2","0.05","0.45","0.2","300","84753","8420","76333","0.9006524842778427","8420","6741","0.7358470124900013","1"
"657","300","0.4","0.3","0.2","0.05","0.45","0.2","300","85036","8495","76541","0.9001011336375182","8495","6813","0.7729325600142413","1"
"658","300","0.4","0.3","0.2","0.05","0.45","0.2","300","85016","8507","76509","0.8999364825444622","8507","6777","0.7591478399873919","1"
"659","300","0.4","0.3","0.2","0.05","0.45","0.2","300","85197","8419","76778","0.9011819665011679","8419","6794","0.7560065828153201","1"
"653","300","0.4","0.3","0.2","0.05","0.45","0.2","300","84850","8407","76443","0.9009192692987625","8407","6766","0.7600450269011559","1"
"662","300","0.4","0.3","0.2","0.05","0.45","0.25","300","80126","9684","70442","0.8791403539425405","9684","7284","0.7691925579722249","1"
"655","300","0.4","0.3","0.2","0.05","0.45","0.2","300","84902","8455","76447","0.900414595651457","8455","6718","0.7665449550538339","1"
"671","300","0.4","0.3","0.2","0.05","0.45","0.3","300","46928","9416","37512","0.7993521991135356","9416","6557","0.691785684254013","0.5383148308984737"
"656","300","0.4","0.3","0.2","0.05","0.45","0.2","300","85006","8568","76438","0.8992071147918971","8568","6793","0.771457132772012","1"
"660","300","0.4","0.3","0.2","0.05","0.45","0.2","300","84919","8562","76357","0.8991745074718261","8562","6720","0.7574782955332308","1"
"669","300","0.4","0.3","0.2","0.05","0.45","0.25","300","80143","9699","70444","0.8789788253496874","9699","7270","0.7692635682808892","1"
"670","300","0.4","0.3","0.2","0.05","0.45","0.25","300","79633","9654","69979","0.8787688521090503","9654","7189","0.7772736227132241","1"
"661","300","0.4","0.3","0.2","0.05","0.45","0.25","300","80137","9685","70452","0.8791444651035102","9685","7235","0.7899804176482779","1"
"665","300","0.4","0.3","0.2","0.05","0.45","0.25","300","80411","9701","70710","0.8793573018616856","9701","7257","0.7817413425300052","1"
"666","300","0.4","0.3","0.2","0.05","0.45","0.25","300","80401","9661","70740","0.8798398029875251","9661","7252","0.7713756020256703","1"
"664","300","0.4","0.3","0.2","0.05","0.45","0.25","300","80039","9726","70313","0.8784842389335199","9726","7327","0.7857430450877213","1"
"663","300","0.4","0.3","0.2","0.05","0.45","0.25","300","80735","9831","70904","0.8782312503870688","9831","7289","0.7810610222413783","1"
"667","300","0.4","0.3","0.2","0.05","0.45","0.25","300","79874","9655","70219","0.8791221173348023","9655","7297","0.7840876682867025","1"
"673","300","0.4","0.3","0.2","0.05","0.45","0.3","300","46736","9419","37317","0.7984637110578569","9419","6558","0.693227376480953","0.5379011679415826"
"668","300","0.4","0.3","0.2","0.05","0.45","0.25","300","79911","9654","70257","0.8791905995419904","9654","7271","0.7690246511349171","1"
"672","300","0.4","0.3","0.2","0.05","0.45","0.3","300","46629","9302","37327","0.8005104119753801","9302","6601","0.6935720235131417","0.53289045882261"
"674","300","0.4","0.3","0.2","0.05","0.45","0.3","300","46838","9406","37432","0.7991801528673299","9406","6577","0.6898717580524114","0.5339954626213742"
"676","300","0.4","0.3","0.2","0.05","0.45","0.3","300","46680","9385","37295","0.7989502999143102","9385","6598","0.6942934528722796","0.5371326573767529"
"675","300","0.4","0.3","0.2","0.05","0.45","0.3","300","46738","9358","37380","0.7997774829902863","9358","6551","0.6821222829546347","0.5360804806371346"
"677","300","0.4","0.3","0.2","0.05","0.45","0.3","300","46684","9440","37244","0.797789392511353","9440","6558","0.6932456224606576","0.5384666291805634"
"684","300","0.4","0.3","0.2","0.05","0.45","0.35","300","31514","9408","22106","0.7014660151043981","9408","6067","0.6319846755876455","0.34657714386196936"
"678","300","0.4","0.3","0.2","0.05","0.45","0.3","300","46872","9331","37541","0.8009259259259259","9331","6601","0.6922545564362648","0.5373996756210743"
"682","300","0.4","0.3","0.2","0.05","0.45","0.35","300","31319","9242","22077","0.7049075640984706","9242","6015","0.6253900095505365","0.34738611110995726"
"679","300","0.4","0.3","0.2","0.05","0.45","0.3","300","46729","9329","37400","0.8003595197842881","9329","6588","0.6931813910305968","0.5377490394547338"
"687","300","0.4","0.3","0.2","0.05","0.45","0.35","300","31599","9376","22223","0.70328174942245","9376","6088","0.6315139276069583","0.34532976415909516"
"688","300","0.4","0.3","0.2","0.05","0.45","0.35","300","31516","9262","22254","0.706117527605026","9262","6093","0.6334357297776528","0.34571142932703813"
"692","300","0.4","0.3","0.2","0.05","0.45","0.4","300","21756","9012","12744","0.5857694429123","9012","5411","0.566760170578842","0.23291445624518264"
"691","300","0.4","0.3","0.2","0.05","0.45","0.4","300","21674","9003","12671","0.5846175140721602","9003","5382","0.5665372019038765","0.23384184844539968"
"690","300","0.4","0.3","0.2","0.05","0.45","0.35","300","31441","9324","22117","0.7034445469291689","9324","6084","0.6318007775845825","0.3464507290380505"
"680","300","0.4","0.3","0.2","0.05","0.45","0.3","300","46573","9451","37122","0.7970712644665364","9451","6625","0.6967460727549425","0.5415497814359572"
"694","300","0.4","0.3","0.2","0.05","0.45","0.4","300","21699","9067","12632","0.5821466427024287","9067","5425","0.577019234359013","0.2293141161482182"
"695","300","0.4","0.3","0.2","0.05","0.45","0.4","300","21745","9054","12691","0.5836284203265119","9054","5486","0.5890301262991832","0.23193506188114837"
"686","300","0.4","0.3","0.2","0.05","0.45","0.35","300","31639","9383","22256","0.7034356332374601","9383","6101","0.6419834830491266","0.3444245471806327"
"696","300","0.4","0.3","0.2","0.05","0.45","0.4","300","21753","9145","12608","0.5795982163379764","9145","5395","0.5768854695629769","0.22968909134748253"
"681","300","0.4","0.3","0.2","0.05","0.45","0.35","300","31386","9329","22057","0.7027655642643217","9329","6110","0.6495451304470702","0.3455353824328506"
"689","300","0.4","0.3","0.2","0.05","0.45","0.35","300","31759","9319","22440","0.7065713655971536","9319","6094","0.6274174357991936","0.34606354511895715"
"683","300","0.4","0.3","0.2","0.05","0.45","0.35","300","31457","9315","22142","0.7038814890167531","9315","6083","0.6326505633511509","0.3458772988808515"
"693","300","0.4","0.3","0.2","0.05","0.45","0.4","300","21640","9110","12530","0.5790203327171903","9110","5419","0.5716621640388556","0.22975521443004193"
"685","300","0.4","0.3","0.2","0.05","0.45","0.35","300","31237","9341","21896","0.700963600857957","9341","6043","0.6363489281245023","0.345882362285097"
"697","300","0.4","0.3","0.2","0.05","0.45","0.4","300","21771","9068","12703","0.5834826144871618","9068","5436","0.5715385225491024","0.23263827812612392"
"702","300","0.4","0.3","0.2","0.05","0.45","0.45","300","15054","8400","6654","0.4420087684336389","8400","4526","0.5180465143600215","0.15682675734036822"
"699","300","0.4","0.3","0.2","0.05","0.45","0.4","300","21667","9027","12640","0.5833756403747634","9027","5470","0.5675745738338839","0.23578114221954086"
"704","300","0.4","0.3","0.2","0.05","0.45","0.45","300","15202","8347","6855","0.45092750953821864","8347","4655","0.5108531322552188","0.1631563371031504"
"701","300","0.4","0.3","0.2","0.05","0.45","0.45","300","15139","8388","6751","0.445934341766299","8388","4611","0.5008899414488124","0.15941505460411667"
"706","300","0.4","0.3","0.2","0.05","0.45","0.45","300","15107","8303","6804","0.45038723770437544","8303","4572","0.5049992018529634","0.1641257702718041"
"700","300","0.4","0.3","0.2","0.05","0.45","0.4","300","21841","9041","12800","0.586053752117577","9041","5443","0.5764459535091754","0.23221141104479373"
"707","300","0.4","0.3","0.2","0.05","0.45","0.45","300","15155","8336","6819","0.44995051138238207","8336","4596","0.514942612596866","0.1600790861984373"
"703","300","0.4","0.3","0.2","0.05","0.45","0.45","300","14909","8308","6601","0.4427526997115836","8308","4555","0.50416234115948","0.16436629979471404"
"698","300","0.4","0.3","0.2","0.05","0.45","0.4","300","21802","9007","12795","0.5868727639666086","9007","5395","0.56848384381614","0.23433756850263848"
"705","300","0.4","0.3","0.2","0.05","0.45","0.45","300","15132","8298","6834","0.45162569389373514","8298","4535","0.5039455989849868","0.16058970870676176"
"708","300","0.4","0.3","0.2","0.05","0.45","0.45","300","15067","8321","6746","0.44773345722439767","8321","4583","0.5081471657734711","0.16326099753812012"
"709","300","0.4","0.3","0.2","0.05","0.45","0.45","300","15074","8378","6696","0.4442085710494892","8378","4618","0.5110460843566885","0.15511284027421574"
"710","300","0.4","0.3","0.2","0.05","0.45","0.45","300","14947","8387","6560","0.438884057001405","8387","4569","0.5042586836622804","0.15741116412359196"
"711","300","0.4","0.3","0.2","0.05","0.45","0.5","300","10853","7385","3468","0.31954298350686444","7385","3675","0.444218985377663","0.10852670388385373"
"712","300","0.4","0.3","0.2","0.05","0.45","0.5","300","10920","7422","3498","0.32032967032967036","7422","3734","0.45343678246714386","0.12196665793046418"
"713","300","0.4","0.3","0.2","0.05","0.45","0.5","300","10989","7389","3600","0.3276003276003276","7389","3653","0.44115488396460495","0.12895328304943846"
"715","300","0.4","0.3","0.2","0.05","0.45","0.5","300","10880","7372","3508","0.3224264705882353","7372","3694","0.44034700047117475","0.1235195435537819"
"714","300","0.4","0.3","0.2","0.05","0.45","0.5","300","10879","7392","3487","0.320525783619818","7392","3737","0.4518538146934505","0.10691532089737533"
"717","300","0.4","0.3","0.2","0.05","0.45","0.5","300","10825","7400","3425","0.3163972286374134","7400","3696","0.4533088082624048","0.11273254573590533"
"719","300","0.4","0.3","0.2","0.05","0.45","0.5","300","10825","7373","3452","0.318891454965358","7373","3621","0.44582764702775196","0.11717017068451555"
"716","300","0.4","0.3","0.2","0.05","0.45","0.5","300","10888","7390","3498","0.3212711241734019","7390","3672","0.4559243388338094","0.11085652750993681"
"718","300","0.4","0.3","0.2","0.05","0.45","0.5","300","10950","7407","3543","0.3235616438356164","7407","3728","0.45105635574590885","0.12292897226114129"
"722","300","0.4","0.3","0.2","0.05","0.45","0.55","300","8387","6502","1885","0.22475259329915345","6502","2931","0.41303574510848373","0.08433940607958491"
"726","300","0.4","0.3","0.2","0.05","0.45","0.55","300","8418","6457","1961","0.23295319553338084","6457","2907","0.4004142410225733","0.09681597779057911"
"724","300","0.4","0.3","0.2","0.05","0.45","0.55","300","8424","6476","1948","0.2312440645773979","6476","2986","0.39835002118472884","0.0893261667237447"
"728","300","0.4","0.3","0.2","0.05","0.45","0.55","300","8391","6499","1892","0.22547968061017756","6499","2901","0.4036698239372138","0.08751194246560354"
"720","300","0.4","0.3","0.2","0.05","0.45","0.5","300","11002","7383","3619","0.3289401926922378","7383","3705","0.4553032287220739","0.11637922941146712"
"727","300","0.4","0.3","0.2","0.05","0.45","0.55","300","8383","6478","1905","0.22724561612787786","6478","2877","0.40037818351191695","0.09329420856347478"
"725","300","0.4","0.3","0.2","0.05","0.45","0.55","300","8420","6515","1905","0.22624703087885986","6515","2881","0.40654617756844563","0.08379569152629711"
"723","300","0.4","0.3","0.2","0.05","0.45","0.55","300","8419","6476","1943","0.2307875044542107","6476","2917","0.4126101617943313","0.08191819179502036"
"729","300","0.4","0.3","0.2","0.05","0.45","0.55","300","8453","6515","1938","0.2292677156039276","6515","2915","0.40682034332058775","0.07369052320621747"
"732","300","0.4","0.3","0.2","0.05","0.45","0.6","300","6917","5741","1176","0.1700159028480555","5741","2317","0.376377371955966","0.06845609291331146"
"731","300","0.4","0.3","0.2","0.05","0.45","0.6","300","6804","5720","1084","0.1593180482069371","5720","2285","0.374490697079195","0.07725298443236141"
"733","300","0.4","0.3","0.2","0.05","0.45","0.6","300","6894","5748","1146","0.16623150565709313","5748","2316","0.3748511550769886","0.07479932048471435"
"734","300","0.4","0.3","0.2","0.05","0.45","0.6","300","6860","5762","1098","0.1600583090379009","5762","2331","0.37217914847545946","0.07472433344242593"
"721","300","0.4","0.3","0.2","0.05","0.45","0.55","300","8435","6500","1935","0.22940130409010076","6500","2940","0.4137944078466549","0.07966084983232131"
"736","300","0.4","0.3","0.2","0.05","0.45","0.6","300","6888","5767","1121","0.16274680603948896","5767","2373","0.3682363041390426","0.06391731168032037"
"738","300","0.4","0.3","0.2","0.05","0.45","0.6","300","6877","5732","1145","0.16649701904900394","5732","2232","0.3696000420095082","0.07312379760083468"
"737","300","0.4","0.3","0.2","0.05","0.45","0.6","300","6906","5734","1172","0.16970750072400811","5734","2362","0.37659068755086983","0.0658702175959946"
"730","300","0.4","0.3","0.2","0.05","0.45","0.55","300","8396","6487","1909","0.22737017627441639","6487","2872","0.3977867388503302","0.0891516545515731"
"735","300","0.4","0.3","0.2","0.05","0.45","0.6","300","6864","5770","1094","0.15938228438228438","5770","2279","0.3759389835438322","0.08133599585862032"
"739","300","0.4","0.3","0.2","0.05","0.45","0.6","300","6871","5760","1111","0.16169407655363122","5760","2273","0.3754460222115816","0.06377894062335733"
"744","300","0.4","0.3","0.2","0.05","0.45","0.65","300","5899","5141","758","0.12849635531446008","5141","1754","0.3439936755245185","0.06905461937109955"
"745","300","0.4","0.3","0.2","0.05","0.45","0.65","300","5916","5173","743","0.12559161595672752","5173","1790","0.3480429036058464","0.054652668890275986"
"740","300","0.4","0.3","0.2","0.05","0.45","0.6","300","6873","5698","1175","0.1709588243852757","5698","2269","0.37211662993752764","0.07700317164222877"
"747","300","0.4","0.3","0.2","0.05","0.45","0.65","300","5828","5119","709","0.12165408373369939","5119","1802","0.35485331251864327","0.06167473773883427"
"741","300","0.4","0.3","0.2","0.05","0.45","0.65","300","5875","5168","707","0.12034042553191489","5168","1877","0.34997732992439007","0.06679500524279948"
"746","300","0.4","0.3","0.2","0.05","0.45","0.65","300","5890","5168","722","0.12258064516129032","5168","1856","0.3569460053485663","0.05378706704890093"
"749","300","0.4","0.3","0.2","0.05","0.45","0.65","300","5838","5151","687","0.11767728674203494","5151","1772","0.3495577923236444","0.05617985321612779"
"751","300","0.4","0.3","0.2","0.05","0.45","0.7","300","5197","4721","476","0.09159130267461997","4721","1486","0.3380412018615227","0.05286980139824086"
"753","300","0.4","0.3","0.2","0.05","0.45","0.7","300","5208","4719","489","0.09389400921658986","4719","1401","0.33267734515958386","0.04808261669420126"
"742","300","0.4","0.3","0.2","0.05","0.45","0.65","300","5866","5217","649","0.11063757245141494","5217","1825","0.3508840690889987","0.05849523920385135"
"755","300","0.4","0.3","0.2","0.05","0.45","0.7","300","5160","4726","434","0.08410852713178295","4726","1434","0.3278813561462306","0.05543074572148203"
"752","300","0.4","0.3","0.2","0.05","0.45","0.7","300","5182","4727","455","0.0878039367039753","4727","1399","0.3341405012867378","0.05694501609750009"
"750","300","0.4","0.3","0.2","0.05","0.45","0.65","300","5881","5150","731","0.12429858867539534","5150","1806","0.3476030513688824","0.06554001352100784"
"743","300","0.4","0.3","0.2","0.05","0.45","0.65","300","5891","5192","699","0.11865557630283484","5192","1842","0.3511985657885582","0.05656140823888416"
"754","300","0.4","0.3","0.2","0.05","0.45","0.7","300","5177","4759","418","0.080741742321808","4759","1424","0.33513463304440205","0.0473391333203302"
"756","300","0.4","0.3","0.2","0.05","0.45","0.7","300","5159","4720","439","0.08509401046714479","4720","1429","0.3348861342898204","0.057108679564540986"
"758","300","0.4","0.3","0.2","0.05","0.45","0.7","300","5208","4747","461","0.08851766513056836","4747","1442","0.3330630540389478","0.057900637689562086"
"760","300","0.4","0.3","0.2","0.05","0.45","0.7","300","5151","4704","447","0.08677926616191031","4704","1344","0.32722342605697785","0.059873212227037495"
"759","300","0.4","0.3","0.2","0.05","0.45","0.7","300","5258","4742","516","0.09813617344998098","4742","1411","0.3412459082586801","0.04935232626660726"
"748","300","0.4","0.3","0.2","0.05","0.45","0.65","300","5862","5186","676","0.11531900375298533","5186","1783","0.3459139693733767","0.058976494552019976"
"764","300","0.4","0.3","0.2","0.05","0.45","0.75","300","4739","4373","366","0.0772314834353239","4373","1066","0.32296201693704574","0.0452401014703001"
"765","300","0.4","0.3","0.2","0.05","0.45","0.75","300","4692","4405","287","0.061167945439045183","4405","1119","0.32036355303203595","0.05380739000605496"
"762","300","0.4","0.3","0.2","0.05","0.45","0.75","300","4685","4371","314","0.06702241195304162","4371","1081","0.3228791075675672","0.04861735646608795"
"767","300","0.4","0.3","0.2","0.05","0.45","0.75","300","4688","4381","307","0.0654863481228669","4381","1029","0.32142127364170325","0.03809257381979408"
"769","300","0.4","0.3","0.2","0.05","0.45","0.75","300","4690","4375","315","0.06716417910447761","4375","1067","0.3217107024101539","0.051569588632317934"
"763","300","0.4","0.3","0.2","0.05","0.45","0.75","300","4672","4363","309","0.06613869863013698","4363","1125","0.3184304242935436","0.055991401862355364"
"766","300","0.4","0.3","0.2","0.05","0.45","0.75","300","4647","4347","300","0.0645577792123951","4347","1061","0.3210218222711829","0.05457065488221781"
"757","300","0.4","0.3","0.2","0.05","0.45","0.7","300","5194","4714","480","0.09241432422025414","4714","1381","0.3366876106844741","0.05275241102255072"
"761","300","0.4","0.3","0.2","0.05","0.45","0.75","300","4676","4374","302","0.06458511548331908","4374","1053","0.320215552854169","0.05012706065575453"
"768","300","0.4","0.3","0.2","0.05","0.45","0.75","300","4699","4388","311","0.06618429453075123","4388","1105","0.3204176597749112","0.04321760197643981"
"772","300","0.4","0.3","0.2","0.05","0.45","0.8","300","4371","4143","228","0.05216197666437886","4143","793","0.3134012645103172","0.04326253581573896"
"770","300","0.4","0.3","0.2","0.05","0.45","0.75","300","4702","4403","299","0.0635899617184177","4403","1106","0.31992879734929297","0.05206789049697101"
"771","300","0.4","0.3","0.2","0.05","0.45","0.8","300","4328","4122","206","0.047597042513863215","4122","810","0.312582079259298","0.04243841613443119"
"774","300","0.4","0.3","0.2","0.05","0.45","0.8","300","4330","4107","223","0.05150115473441109","4107","843","0.31074914245070706","0.05400660663314131"
"779","300","0.4","0.3","0.2","0.05","0.45","0.8","300","4335","4124","211","0.04867358708189158","4124","838","0.31451225016646756","0.0377922587627359"
"778","300","0.4","0.3","0.2","0.05","0.45","0.8","300","4353","4141","212","0.04870204456696531","4141","815","0.31407162484563356","0.038186059821698135"
"775","300","0.4","0.3","0.2","0.05","0.45","0.8","300","4375","4133","242","0.05531428571428571","4133","831","0.31582552769553196","0.04289714021227823"
"776","300","0.4","0.3","0.2","0.05","0.45","0.8","300","4348","4132","216","0.04967801287948482","4132","784","0.31002780182706163","0.040986150964919435"
"780","300","0.4","0.3","0.2","0.05","0.45","0.8","300","4346","4126","220","0.05062126092959043","4126","862","0.3142648922873977","0.03753678430817434"
"773","300","0.4","0.3","0.2","0.05","0.45","0.8","300","4342","4112","230","0.05297098111469369","4112","824","0.3146425892460302","0.047820726589430956"
"777","300","0.4","0.3","0.2","0.05","0.45","0.8","300","4362","4129","233","0.053415864282439246","4129","821","0.3133029841027796","0.047716876545718524"
"785","300","0.4","0.3","0.2","0.05","0.5","0.2","300","86834","8324","78510","0.9041389317548426","8324","6583","0.7686113355376126","1"
"784","300","0.4","0.3","0.2","0.05","0.5","0.2","300","86671","8177","78494","0.9056547172641368","8177","6557","0.7791089935436172","1"
"781","300","0.4","0.3","0.2","0.05","0.5","0.2","300","86528","8196","78332","0.9052792159763313","8196","6567","0.7768007046885669","1"
"782","300","0.4","0.3","0.2","0.05","0.5","0.2","300","86701","8166","78535","0.9058142351299293","8166","6571","0.7839613442520122","1"
"787","300","0.4","0.3","0.2","0.05","0.5","0.2","300","86865","8209","78656","0.9054970356300006","8209","6587","0.7800124132081091","1"
"788","300","0.4","0.3","0.2","0.05","0.5","0.2","300","86626","8157","78469","0.9058365848590493","8157","6550","0.7641198251708261","1"
"786","300","0.4","0.3","0.2","0.05","0.5","0.2","300","86681","8116","78565","0.9063693312259895","8116","6524","0.7771410700925269","1"
"789","300","0.4","0.3","0.2","0.05","0.5","0.2","300","86852","8262","78590","0.9048726569336343","8262","6528","0.7504337004781385","1"
"783","300","0.4","0.3","0.2","0.05","0.5","0.2","300","86602","8207","78395","0.9052331354934067","8207","6547","0.7725799196504995","1"
"790","300","0.4","0.3","0.2","0.05","0.5","0.2","300","86793","8230","78563","0.905176684755683","8230","6580","0.764865063423102","1"
"794","300","0.4","0.3","0.2","0.05","0.5","0.25","300","84483","9406","75077","0.8886639915722689","9406","7110","0.785148871850378","1"
"796","300","0.4","0.3","0.2","0.05","0.5","0.25","300","84616","9555","75061","0.8870780939774984","9555","7132","0.7725755976774239","1"
"795","300","0.4","0.3","0.2","0.05","0.5","0.25","300","84770","9539","75231","0.8874719830128583","9539","7122","0.7705404663337909","1"
"797","300","0.4","0.3","0.2","0.05","0.5","0.25","300","84609","9298","75311","0.8901062534718529","9298","7058","0.7829399296681099","1"
"798","300","0.4","0.3","0.2","0.05","0.5","0.25","300","84567","9456","75111","0.8881833339245805","9456","7120","0.7740147099631796","1"
"793","300","0.4","0.3","0.2","0.05","0.5","0.25","300","84535","9411","75124","0.8886733305731354","9411","7081","0.778918116906078","1"
"800","300","0.4","0.3","0.2","0.05","0.5","0.25","300","84619","9350","75269","0.889504721161914","9350","7022","0.7911432111666471","1"
"801","300","0.4","0.3","0.2","0.05","0.5","0.3","300","69803","10455","59348","0.8502213371918113","10455","7341","0.8056123754133361","0.989220709144106"
"799","300","0.4","0.3","0.2","0.05","0.5","0.25","300","84431","9424","75007","0.8883822292759769","9424","7134","0.7838906119117859","1"
"791","300","0.4","0.3","0.2","0.05","0.5","0.25","300","84706","9485","75221","0.8880244610771374","9485","7128","0.7920252277456261","1"
"792","300","0.4","0.3","0.2","0.05","0.5","0.25","300","84622","9461","75161","0.8881969227860367","9461","7108","0.7857378538006742","1"
"802","300","0.4","0.3","0.2","0.05","0.5","0.3","300","69998","10330","59668","0.8524243549815709","10330","7253","0.8008942506971253","0.9924844015809735"
"803","300","0.4","0.3","0.2","0.05","0.5","0.3","300","68817","10284","58533","0.8505601813505383","10284","7252","0.8039873151121922","0.9876241050042497"
"804","300","0.4","0.3","0.2","0.05","0.5","0.3","300","70405","10484","59921","0.8510901214402387","10484","7363","0.8034756725520632","0.993288076987605"
"805","300","0.4","0.3","0.2","0.05","0.5","0.3","300","69567","10284","59283","0.8521712881107422","10284","7219","0.7844978329832725","0.9905029671304343"
"806","300","0.4","0.3","0.2","0.05","0.5","0.3","300","70527","10465","60062","0.8516171111772797","10465","7298","0.7955784807598208","0.9911265601940238"
"809","300","0.4","0.3","0.2","0.05","0.5","0.3","300","69225","10331","58894","0.8507620079451066","10331","7261","0.8104978658127283","0.9903687002574829"
"807","300","0.4","0.3","0.2","0.05","0.5","0.3","300","70193","10353","59840","0.8525066602082829","10353","7241","0.794584192084155","0.9936641142437724"
"810","300","0.4","0.3","0.2","0.05","0.5","0.3","300","69060","10274","58786","0.8512308137851144","10274","7252","0.8071741542543603","0.9872249682733393"
"808","300","0.4","0.3","0.2","0.05","0.5","0.3","300","69245","10336","58909","0.8507329049028811","10336","7275","0.7837708883354522","0.9877666253284677"
"811","300","0.4","0.3","0.2","0.05","0.5","0.35","300","35205","9412","25793","0.7326516119869336","9412","6048","0.6535908044369378","0.39180902866425377"
"815","300","0.4","0.3","0.2","0.05","0.5","0.35","300","35329","9413","25916","0.7335616632228481","9413","6136","0.6523018855316344","0.39179478420434244"
"812","300","0.4","0.3","0.2","0.05","0.5","0.35","300","35091","9485","25606","0.729702772790744","9485","6158","0.6548866599836544","0.39170707962664675"
"816","300","0.4","0.3","0.2","0.05","0.5","0.35","300","35305","9435","25870","0.7327573998017278","9435","6170","0.6488961517565369","0.3917536334771022"
"817","300","0.4","0.3","0.2","0.05","0.5","0.35","300","35383","9429","25954","0.7335160953000028","9429","6184","0.6606745375741946","0.3917543428720686"
"818","300","0.4","0.3","0.2","0.05","0.5","0.35","300","35225","9507","25718","0.7301064584811924","9507","6089","0.6525203728061034","0.39180418516119214"
"819","300","0.4","0.3","0.2","0.05","0.5","0.35","300","35371","9542","25829","0.7302309801815047","9542","6222","0.6588052959965788","0.3917525184009556"
"821","300","0.4","0.3","0.2","0.05","0.5","0.4","300","22833","8984","13849","0.6065344019620724","8984","5473","0.5814866347228097","0.2533351205756789"
"814","300","0.4","0.3","0.2","0.05","0.5","0.35","300","35297","9454","25843","0.7321585403858685","9454","6194","0.6769707044701088","0.3916135248009234"
"822","300","0.4","0.3","0.2","0.05","0.5","0.4","300","22883","9102","13781","0.6022374688633484","9102","5487","0.5896269597340487","0.2507658885593201"
"826","300","0.4","0.3","0.2","0.05","0.5","0.4","300","22894","9052","13842","0.6046125622433826","9052","5404","0.5798043592015742","0.25012400713519956"
"823","300","0.4","0.3","0.2","0.05","0.5","0.4","300","22805","9041","13764","0.6035518526638894","9041","5390","0.586173257760276","0.24714664373510833"
"813","300","0.4","0.3","0.2","0.05","0.5","0.35","300","35397","9536","25861","0.730598638302681","9536","6156","0.6611827450128357","0.39173798549830363"
"820","300","0.4","0.3","0.2","0.05","0.5","0.35","300","35301","9434","25867","0.7327554460213591","9434","6169","0.6729005636749124","0.39175212510554874"
"829","300","0.4","0.3","0.2","0.05","0.5","0.4","300","22894","9005","13889","0.6066655018782213","9005","5388","0.5887603197537032","0.24963665437852672"
"825","300","0.4","0.3","0.2","0.05","0.5","0.4","300","23043","8939","14104","0.6120730807620536","8939","5420","0.5844188328007238","0.2523677486813252"
"831","300","0.4","0.3","0.2","0.05","0.5","0.45","300","15205","8175","7030","0.46234791187109503","8175","4589","0.5236095348331202","0.15225055594700193"
"824","300","0.4","0.3","0.2","0.05","0.5","0.4","300","22793","8958","13835","0.606984600535252","8958","5454","0.5931365838696215","0.2550020992687986"
"830","300","0.4","0.3","0.2","0.05","0.5","0.4","300","22977","9060","13917","0.60569264917091","9060","5399","0.5986861768901354","0.2469091010571809"
"833","300","0.4","0.3","0.2","0.05","0.5","0.45","300","15035","8201","6834","0.4545394080478883","8201","4486","0.5304708118330053","0.15655762688956137"
"832","300","0.4","0.3","0.2","0.05","0.5","0.45","300","15104","8196","6908","0.4573622881355932","8196","4513","0.5211152554515349","0.15455068569964947"
"834","300","0.4","0.3","0.2","0.05","0.5","0.45","300","15216","8166","7050","0.4633280757097792","8166","4415","0.5126533153684635","0.16127145826888467"
"841","300","0.4","0.3","0.2","0.05","0.5","0.5","300","10598","7103","3495","0.32977920362332513","7103","3569","0.4630806186253843","0.10800907178823425"
"836","300","0.4","0.3","0.2","0.05","0.5","0.45","300","15112","8127","6985","0.46221545791424035","8127","4443","0.5057684267692646","0.16519535217369272"
"827","300","0.4","0.3","0.2","0.05","0.5","0.4","300","22878","8971","13907","0.6078765626365941","8971","5395","0.5885135358438929","0.25328268250617675"
"840","300","0.4","0.3","0.2","0.05","0.5","0.45","300","15133","8207","6926","0.4576752791911716","8207","4433","0.5174236437793843","0.1688333840903291"
"828","300","0.4","0.3","0.2","0.05","0.5","0.4","300","22816","8992","13824","0.605890603085554","8992","5487","0.6029254700622445","0.2470243613273442"
"838","300","0.4","0.3","0.2","0.05","0.5","0.45","300","15145","8087","7058","0.4660283922086497","8087","4514","0.5149036914459802","0.15908278413308122"
"839","300","0.4","0.3","0.2","0.05","0.5","0.45","300","15154","8154","7000","0.4619242444239145","8154","4586","0.5137609532187409","0.16751636752807741"
"835","300","0.4","0.3","0.2","0.05","0.5","0.45","300","14873","8119","6754","0.45411147717340145","8119","4458","0.5128588501634417","0.16449502355717996"
"845","300","0.4","0.3","0.2","0.05","0.5","0.5","300","10628","7057","3571","0.33599924727135866","7057","3583","0.44930660769111314","0.11434974095837072"
"844","300","0.4","0.3","0.2","0.05","0.5","0.5","300","10513","7174","3339","0.31760677256729763","7174","3487","0.4458784441443634","0.10812777468908243"
"842","300","0.4","0.3","0.2","0.05","0.5","0.5","300","10513","7096","3417","0.3250261580899838","7096","3513","0.4544870489728429","0.11631301703067382"
"837","300","0.4","0.3","0.2","0.05","0.5","0.45","300","15129","8182","6947","0.4591843479410404","8182","4463","0.5226292969059034","0.1635553703768439"
"846","300","0.4","0.3","0.2","0.05","0.5","0.5","300","10538","7080","3458","0.3281457582083887","7080","3569","0.4521487320212699","0.11304478580023755"
"843","300","0.4","0.3","0.2","0.05","0.5","0.5","300","10553","7065","3488","0.3305221264095518","7065","3592","0.4542617789296014","0.1101722612776364"
"851","300","0.4","0.3","0.2","0.05","0.5","0.55","300","7953","6077","1876","0.2358858292468251","6077","2681","0.41097394411101174","0.0944764489908885"
"849","300","0.4","0.3","0.2","0.05","0.5","0.5","300","10379","7122","3257","0.31380672511802676","7122","3484","0.4533194573677379","0.10896949391049951"
"853","300","0.4","0.3","0.2","0.05","0.5","0.55","300","8041","6086","1955","0.24312896405919662","6086","2834","0.40896670662258433","0.08953517698184985"
"848","300","0.4","0.3","0.2","0.05","0.5","0.5","300","10608","7105","3503","0.33022247360482654","7105","3588","0.450785685596742","0.11099184638428414"
"847","300","0.4","0.3","0.2","0.05","0.5","0.5","300","10472","7080","3392","0.32391138273491216","7080","3574","0.45365140037677426","0.11416036135463552"
"854","300","0.4","0.3","0.2","0.05","0.5","0.55","300","7937","6091","1846","0.2325815799420436","6091","2757","0.40513202572140483","0.08990427412635574"
"852","300","0.4","0.3","0.2","0.05","0.5","0.55","300","7860","6107","1753","0.22302798982188296","6107","2732","0.4081942311421994","0.0845818270081078"
"850","300","0.4","0.3","0.2","0.05","0.5","0.5","300","10505","7053","3452","0.32860542598762493","7053","3502","0.4592985115444741","0.10829454370781662"
"855","300","0.4","0.3","0.2","0.05","0.5","0.55","300","7897","6137","1760","0.22286944409269344","6137","2795","0.40964845356913043","0.07901483922738163"
"858","300","0.4","0.3","0.2","0.05","0.5","0.55","300","7869","6104","1765","0.22429787774812557","6104","2719","0.39973395591707817","0.07925541938972065"
"857","300","0.4","0.3","0.2","0.05","0.5","0.55","300","7930","6114","1816","0.22900378310214375","6114","2733","0.4129328560994263","0.07675761527515958"
"856","300","0.4","0.3","0.2","0.05","0.5","0.55","300","7937","6085","1852","0.23333753307294947","6085","2756","0.4031730181632552","0.08556537949639736"
"860","300","0.4","0.3","0.2","0.05","0.5","0.55","300","7962","6102","1860","0.23360964581763377","6102","2756","0.4091096683169835","0.07380322116555475"
"862","300","0.4","0.3","0.2","0.05","0.5","0.6","300","6406","5340","1066","0.16640649391195753","5340","2100","0.37381149639657235","0.05891919884301317"
"863","300","0.4","0.3","0.2","0.05","0.5","0.6","300","6334","5354","980","0.15472055573097568","5354","2091","0.37877068144564574","0.06557760213358987"
"864","300","0.4","0.3","0.2","0.05","0.5","0.6","300","6382","5353","1029","0.16123472265747416","5353","2153","0.373494390511301","0.06392665507672242"
"866","300","0.4","0.3","0.2","0.05","0.5","0.6","300","6415","5321","1094","0.1705378020265004","5321","2131","0.3761422156751458","0.05790554072447543"
"867","300","0.4","0.3","0.2","0.05","0.5","0.6","300","6390","5361","1029","0.16103286384976526","5361","2127","0.37478217022872307","0.06320478465201886"
"865","300","0.4","0.3","0.2","0.05","0.5","0.6","300","6405","5353","1052","0.16424668227946917","5353","2168","0.38088737220058844","0.05936509416620773"
"871","300","0.4","0.3","0.2","0.05","0.5","0.65","300","5444","4814","630","0.11572373254959588","4814","1706","0.3470875226631272","0.06728455177689531"
"872","300","0.4","0.3","0.2","0.05","0.5","0.65","300","5501","4849","652","0.11852390474459189","4849","1722","0.3486560720279509","0.05309942463804816"
"861","300","0.4","0.3","0.2","0.05","0.5","0.6","300","6418","5344","1074","0.16734185104393892","5344","2125","0.3691191999350101","0.06848035187310973"
"873","300","0.4","0.3","0.2","0.05","0.5","0.65","300","5448","4796","652","0.1196769456681351","4796","1707","0.3480448326841564","0.0548893230990508"
"859","300","0.4","0.3","0.2","0.05","0.5","0.55","300","7947","6139","1808","0.22750723543475526","6139","2707","0.40615213428995856","0.07341057354607437"
"869","300","0.4","0.3","0.2","0.05","0.5","0.6","300","6404","5343","1061","0.16567770143660213","5343","2171","0.36808498867196","0.0735416403808336"
"868","300","0.4","0.3","0.2","0.05","0.5","0.6","300","6365","5345","1020","0.16025137470542028","5345","2145","0.3673406454874889","0.078751933308116"
"870","300","0.4","0.3","0.2","0.05","0.5","0.6","300","6379","5349","1030","0.16146731462611694","5349","2119","0.3757588157062285","0.06472465698161912"
"876","300","0.4","0.3","0.2","0.05","0.5","0.65","300","5419","4789","630","0.11625761210555453","4789","1667","0.35181104015944914","0.058176893546384806"
"874","300","0.4","0.3","0.2","0.05","0.5","0.65","300","5456","4835","621","0.11381964809384164","4835","1664","0.3539892381978674","0.04604923039170355"
"875","300","0.4","0.3","0.2","0.05","0.5","0.65","300","5466","4819","647","0.11836809366995975","4819","1691","0.34602092212901886","0.05529372910071094"
"881","300","0.4","0.3","0.2","0.05","0.5","0.7","300","4835","4397","438","0.0905894519131334","4397","1263","0.3361328537202194","0.0584116797091518"
"880","300","0.4","0.3","0.2","0.05","0.5","0.65","300","5421","4775","646","0.11916620549714074","4775","1683","0.34854772596140277","0.059997998046150275"
"883","300","0.4","0.3","0.2","0.05","0.5","0.7","300","4771","4345","426","0.08928945713686857","4345","1316","0.3322254599490008","0.05818091588498877"
"879","300","0.4","0.3","0.2","0.05","0.5","0.65","300","5444","4812","632","0.11609110947832477","4812","1652","0.3425050754454329","0.061001655482866554"
"884","300","0.4","0.3","0.2","0.05","0.5","0.7","300","4803","4351","452","0.09410784926087862","4351","1230","0.3296591507593394","0.05620563078060686"
"882","300","0.4","0.3","0.2","0.05","0.5","0.7","300","4822","4377","445","0.09228535877229366","4377","1293","0.332996803965628","0.04491935900778582"
"891","300","0.4","0.3","0.2","0.05","0.5","0.75","300","4347","4030","317","0.07292385553255118","4030","986","0.3226467948064917","0.046558531963120604"
"877","300","0.4","0.3","0.2","0.05","0.5","0.65","300","5449","4797","652","0.11965498256560837","4797","1638","0.34764542841616713","0.056050747669306775"
"878","300","0.4","0.3","0.2","0.05","0.5","0.65","300","5448","4790","658","0.12077826725403817","4790","1669","0.34720321303427476","0.05797671342666038"
"890","300","0.4","0.3","0.2","0.05","0.5","0.7","300","4796","4394","402","0.08381984987489574","4394","1288","0.3330708846680632","0.04648796801634268"
"885","300","0.4","0.3","0.2","0.05","0.5","0.7","300","4817","4371","446","0.09258874818351671","4371","1303","0.3299474890582209","0.0487959771860959"
"893","300","0.4","0.3","0.2","0.05","0.5","0.75","300","4393","4099","294","0.06692465285681766","4099","991","0.32079089682273454","0.0434242754644596"
"889","300","0.4","0.3","0.2","0.05","0.5","0.7","300","4828","4397","431","0.08927091963545981","4397","1316","0.3330736296307565","0.04842447777379197"
"887","300","0.4","0.3","0.2","0.05","0.5","0.7","300","4798","4380","418","0.08711963318049187","4380","1358","0.3320308996827674","0.05606921398566413"
"888","300","0.4","0.3","0.2","0.05","0.5","0.7","300","4803","4373","430","0.08952737872163231","4373","1345","0.335862401075941","0.04885145913788174"
"886","300","0.4","0.3","0.2","0.05","0.5","0.7","300","4838","4382","456","0.09425382389417114","4382","1273","0.3347731908200185","0.050184319778119144"
"895","300","0.4","0.3","0.2","0.05","0.5","0.75","300","4339","4075","264","0.060843512330029964","4075","1013","0.3197756956326322","0.04565994306700481"
"896","300","0.4","0.3","0.2","0.05","0.5","0.75","300","4394","4084","310","0.07055075102412381","4084","1086","0.32085235145395313","0.04189899149336857"
"897","300","0.4","0.3","0.2","0.05","0.5","0.75","300","4378","4121","257","0.05870260392873458","4121","1078","0.32505136071697566","0.03719974297583961"
"898","300","0.4","0.3","0.2","0.05","0.5","0.75","300","4327","4034","293","0.06771435174485788","4034","1017","0.321285116774432","0.044943595943213864"
"892","300","0.4","0.3","0.2","0.05","0.5","0.75","300","4385","4100","285","0.06499429874572406","4100","1056","0.3271556327510043","0.04544721216264793"
"894","300","0.4","0.3","0.2","0.05","0.5","0.75","300","4386","4083","303","0.06908344733242135","4083","1043","0.3243441651128276","0.04507514990773435"
"899","300","0.4","0.3","0.2","0.05","0.5","0.75","300","4356","4071","285","0.06542699724517906","4071","993","0.31848986872258067","0.04893905855497113"
"901","300","0.4","0.3","0.2","0.05","0.5","0.8","300","4025","3834","191","0.047453416149068325","3834","760","0.3119791833002191","0.04863688830591996"
"902","300","0.4","0.3","0.2","0.05","0.5","0.8","300","3995","3802","193","0.048310387984981225","3802","798","0.31217690589383557","0.048588195273333204"
"907","300","0.4","0.3","0.2","0.05","0.5","0.8","300","4034","3823","211","0.05230540406544373","3823","771","0.31231743206879886","0.04013343635638094"
"903","300","0.4","0.3","0.2","0.05","0.5","0.8","300","4006","3797","209","0.05217174238642037","3797","738","0.310759442214725","0.0455171807238413"
"905","300","0.4","0.3","0.2","0.05","0.5","0.8","300","4028","3832","196","0.04865938430983118","3832","768","0.31261042582796555","0.0399924709846959"
"904","300","0.4","0.3","0.2","0.05","0.5","0.8","300","4005","3805","200","0.049937578027465665","3805","737","0.31130297735002505","0.0421054853349427"
"910","300","0.4","0.3","0.2","0.05","0.5","0.8","300","4062","3863","199","0.04899064500246184","3863","744","0.31192444940562974","0.042963771818032355"
"906","300","0.4","0.3","0.2","0.05","0.5","0.8","300","4068","3839","229","0.056293018682399214","3839","787","0.31604378723137344","0.03905196810402097"
"900","300","0.4","0.3","0.2","0.05","0.5","0.75","300","4367","4076","291","0.06663613464621021","4076","1069","0.3237822527688195","0.04669866162726109"
"908","300","0.4","0.3","0.2","0.05","0.5","0.8","300","4067","3840","227","0.05581509712318662","3840","754","0.3119820529046129","0.03989375114803227"
"909","300","0.4","0.3","0.2","0.05","0.5","0.8","300","4028","3831","197","0.04890764647467726","3831","785","0.3132211444717299","0.04308201606725482"
"912","300","0.4","0.3","0.2","0.05","0.55","0.2","300","87768","7928","79840","0.9096709506881779","7928","6303","0.7552517452196611","1"
"911","300","0.4","0.3","0.2","0.05","0.55","0.2","300","87651","7893","79758","0.9099496868261628","7893","6313","0.7769200374127053","1"
"913","300","0.4","0.3","0.2","0.05","0.55","0.2","300","87735","7996","79739","0.9088619137174446","7996","6383","0.7805104726498808","1"
"914","300","0.4","0.3","0.2","0.05","0.55","0.2","300","87622","7898","79724","0.9098628198397662","7898","6349","0.7738063342991257","1"
"915","300","0.4","0.3","0.2","0.05","0.55","0.2","300","87504","7876","79628","0.9099926860486378","7876","6286","0.7731118100746185","1"
"917","300","0.4","0.3","0.2","0.05","0.55","0.2","300","87697","7908","79789","0.9098258777381211","7908","6297","0.7700996077190293","1"
"920","300","0.4","0.3","0.2","0.05","0.55","0.2","300","88002","7978","80024","0.9093429694779664","7978","6329","0.7608015921396273","1"
"916","300","0.4","0.3","0.2","0.05","0.55","0.2","300","87709","7879","79830","0.9101688538234388","7879","6306","0.7783900147073689","1"
"918","300","0.4","0.3","0.2","0.05","0.55","0.2","300","87859","7952","79907","0.9094913440854095","7952","6313","0.7857014884583682","1"
"919","300","0.4","0.3","0.2","0.05","0.55","0.2","300","87752","7903","79849","0.9099393746011487","7903","6318","0.770400135441069","1"
"926","300","0.4","0.3","0.2","0.05","0.55","0.25","300","86709","9131","77578","0.8946937457472696","9131","6939","0.7961535945555598","1"
"921","300","0.4","0.3","0.2","0.05","0.55","0.25","300","86780","9252","77528","0.8933855727126065","9252","6948","0.7883267635490133","1"
"924","300","0.4","0.3","0.2","0.05","0.55","0.25","300","86584","9181","77403","0.8939642428162247","9181","6908","0.8000340924583811","1"
"922","300","0.4","0.3","0.2","0.05","0.55","0.25","300","86791","9268","77523","0.8932147342466384","9268","6920","0.7912637118788148","1"
"923","300","0.4","0.3","0.2","0.05","0.55","0.25","300","86958","9290","77668","0.8931668161641252","9290","6858","0.7892858288796447","1"
"930","300","0.4","0.3","0.2","0.05","0.55","0.25","300","87087","9238","77849","0.8939221697842388","9238","6914","0.7864971020771644","1"
"925","300","0.4","0.3","0.2","0.05","0.55","0.25","300","86567","9103","77464","0.894844455739485","9103","6890","0.7896239498337178","1"
"928","300","0.4","0.3","0.2","0.05","0.55","0.25","300","86498","9161","77337","0.8940900367638558","9161","6909","0.7921510581853118","1"
"927","300","0.4","0.3","0.2","0.05","0.55","0.25","300","86962","9329","77633","0.8927232584347186","9329","6953","0.7919556333463509","1"
"929","300","0.4","0.3","0.2","0.05","0.55","0.25","300","86861","9319","77542","0.8927136459400652","9319","6966","0.8015834580627509","1"
"931","300","0.4","0.3","0.2","0.05","0.55","0.3","300","82428","10546","71882","0.8720580385305964","10546","7460","0.8037280916053351","1"
"932","300","0.4","0.3","0.2","0.05","0.55","0.3","300","81931","10515","71416","0.8716602995203281","10515","7415","0.8017240512091379","1"
"933","300","0.4","0.3","0.2","0.05","0.55","0.3","300","82373","10644","71729","0.8707829021645442","10644","7479","0.8192850795681775","1"
"934","300","0.4","0.3","0.2","0.05","0.55","0.3","300","82207","10654","71553","0.8704003308720668","10654","7460","0.818218757437972","1"
"935","300","0.4","0.3","0.2","0.05","0.55","0.3","300","82338","10646","71692","0.8707036848113872","10646","7459","0.8175284162970051","1"
"936","300","0.4","0.3","0.2","0.05","0.55","0.3","300","82112","10596","71516","0.8709567420109119","10596","7420","0.7979860958523642","1"
"941","300","0.4","0.3","0.2","0.05","0.55","0.35","300","41460","9887","31573","0.7615291847563918","9887","6342","0.7001931909766946","0.46499154715667257"
"937","300","0.4","0.3","0.2","0.05","0.55","0.3","300","82204","10537","71667","0.8718188895917474","10537","7432","0.8032322230333298","1"
"942","300","0.4","0.3","0.2","0.05","0.55","0.35","300","40986","9789","31197","0.7611623481188698","9789","6305","0.7026956164721362","0.46461905975949735"
"938","300","0.4","0.3","0.2","0.05","0.55","0.3","300","82181","10607","71574","0.8709312371472725","10607","7387","0.8147863551327189","1"
"939","300","0.4","0.3","0.2","0.05","0.55","0.3","300","82486","10660","71826","0.8707659481609","10660","7445","0.7975215894920891","1"
"940","300","0.4","0.3","0.2","0.05","0.55","0.3","300","82485","10708","71777","0.8701824574165","10708","7513","0.8137339095404226","1"
"944","300","0.4","0.3","0.2","0.05","0.55","0.35","300","41226","9788","31438","0.7625770145054092","9788","6367","0.6957210443804221","0.46404354901188394"
"945","300","0.4","0.3","0.2","0.05","0.55","0.35","300","41285","9708","31577","0.7648540632190869","9708","6337","0.6965431740740781","0.4639088287890871"
"943","300","0.4","0.3","0.2","0.05","0.55","0.35","300","41061","9724","31337","0.7631816078517328","9724","6355","0.7010977724734954","0.46198661310166367"
"952","300","0.4","0.3","0.2","0.05","0.55","0.4","300","24557","9138","15419","0.6278861424441097","9138","5476","0.6063473751319224","0.2656341222367363"
"951","300","0.4","0.3","0.2","0.05","0.55","0.4","300","24470","8985","15485","0.6328156926849203","8985","5407","0.6166756082311515","0.26759364898359894"
"950","300","0.4","0.3","0.2","0.05","0.55","0.35","300","40926","9655","31271","0.7640863998436201","9655","6314","0.6943763365069431","0.4636473786951954"
"953","300","0.4","0.3","0.2","0.05","0.55","0.4","300","24646","9117","15529","0.6300819605615515","9117","5497","0.6266119128810063","0.265348688376565"
"947","300","0.4","0.3","0.2","0.05","0.55","0.35","300","41435","9746","31689","0.7647882225171956","9746","6345","0.7003459573666221","0.4652153295552038"
"954","300","0.4","0.3","0.2","0.05","0.55","0.4","300","24437","9136","15301","0.6261406883005279","9136","5435","0.6137615978669959","0.2651659857046742"
"955","300","0.4","0.3","0.2","0.05","0.55","0.4","300","24561","9135","15426","0.628068889703188","9135","5404","0.6127847792047405","0.2670718769697394"
"949","300","0.4","0.3","0.2","0.05","0.55","0.35","300","41095","9653","31442","0.7651052439469522","9653","6365","0.7026844833097204","0.4621868724895494"
"946","300","0.4","0.3","0.2","0.05","0.55","0.35","300","41617","9843","31774","0.7634860754018791","9843","6365","0.6955826702052893","0.46314180322018617"
"948","300","0.4","0.3","0.2","0.05","0.55","0.35","300","41243","9784","31459","0.7627718643163688","9784","6318","0.6985941748234807","0.46244770733178486"
"959","300","0.4","0.3","0.2","0.05","0.55","0.4","300","24599","9057","15542","0.6318143013943657","9057","5529","0.6110058839459328","0.26907178178616614"
"956","300","0.4","0.3","0.2","0.05","0.55","0.4","300","24589","9092","15497","0.6302411647484648","9092","5443","0.6117341809332499","0.2723616523805309"
"961","300","0.4","0.3","0.2","0.05","0.55","0.45","300","15359","8090","7269","0.4732729995442412","8090","4446","0.5255934735001458","0.1613924769566393"
"962","300","0.4","0.3","0.2","0.05","0.55","0.45","300","15374","8058","7316","0.475868349160921","8058","4379","0.5446426421227286","0.160280988524456"
"960","300","0.4","0.3","0.2","0.05","0.55","0.4","300","24880","9073","15807","0.6353295819935691","9073","5429","0.6049221025138904","0.264980103782488"
"968","300","0.4","0.3","0.2","0.05","0.55","0.45","300","15279","8057","7222","0.4726749132796649","8057","4438","0.5350261680366762","0.1684884194691516"
"972","300","0.4","0.3","0.2","0.05","0.55","0.5","300","10164","6838","3326","0.32723337268791813","6838","3368","0.44821833478229156","0.11717571933128906"
"964","300","0.4","0.3","0.2","0.05","0.55","0.45","300","15308","8082","7226","0.4720407629997387","8082","4406","0.526051560225673","0.15997248655922408"
"957","300","0.4","0.3","0.2","0.05","0.55","0.4","300","24651","9143","15508","0.6291022676564845","9143","5473","0.6115623506692407","0.266144376893083"
"971","300","0.4","0.3","0.2","0.05","0.55","0.5","300","10242","6854","3388","0.33079476664713925","6854","3355","0.44339867120526916","0.10688896888043009"
"965","300","0.4","0.3","0.2","0.05","0.55","0.45","300","15334","8092","7242","0.4722838137472284","8092","4417","0.527936631259735","0.16693073673297096"
"958","300","0.4","0.3","0.2","0.05","0.55","0.4","300","24556","9177","15379","0.6262827822120867","9177","5456","0.6195670493469512","0.2649229780742472"
"973","300","0.4","0.3","0.2","0.05","0.55","0.5","300","10136","6839","3297","0.32527624309392267","6839","3415","0.45920804272107035","0.10924992391011143"
"963","300","0.4","0.3","0.2","0.05","0.55","0.45","300","15403","8036","7367","0.4782834512757255","8036","4476","0.5354118363105586","0.17168000762583863"
"974","300","0.4","0.3","0.2","0.05","0.55","0.5","300","10219","6851","3368","0.32958215089539095","6851","3394","0.46105429822634014","0.10988864433561078"
"966","300","0.4","0.3","0.2","0.05","0.55","0.45","300","15287","8053","7234","0.4732125335252175","8053","4448","0.5263681110203186","0.16435259206603844"
"970","300","0.4","0.3","0.2","0.05","0.55","0.45","300","15301","8107","7194","0.4701653486700216","8107","4410","0.5251849967914389","0.16229739669753898"
"975","300","0.4","0.3","0.2","0.05","0.55","0.5","300","10241","6864","3377","0.3297529538131042","6864","3396","0.4646030352250916","0.10111719199575679"
"967","300","0.4","0.3","0.2","0.05","0.55","0.45","300","15333","8088","7245","0.47251027196243395","8088","4434","0.5356214713187974","0.1629695995434398"
"976","300","0.4","0.3","0.2","0.05","0.55","0.5","300","10175","6877","3298","0.3241277641277641","6877","3438","0.46800049690558165","0.10470986968774726"
"969","300","0.4","0.3","0.2","0.05","0.55","0.45","300","15309","8071","7238","0.47279378143575673","8071","4391","0.5275482460499813","0.15979599072360087"
"977","300","0.4","0.3","0.2","0.05","0.55","0.5","300","10231","6841","3390","0.33134590949076337","6841","3346","0.44139447268055826","0.11260968108876097"
"980","300","0.4","0.3","0.2","0.05","0.55","0.5","300","10248","6818","3430","0.33469945355191255","6818","3416","0.44982069916662726","0.10595450458962055"
"978","300","0.4","0.3","0.2","0.05","0.55","0.5","300","10181","6855","3326","0.32668696591690405","6855","3381","0.44642246821950693","0.11211167179323489"
"982","300","0.4","0.3","0.2","0.05","0.55","0.55","300","7406","5772","1634","0.2206319200648123","5772","2620","0.41655570808822684","0.07392828350908535"
"979","300","0.4","0.3","0.2","0.05","0.55","0.5","300","10224","6843","3381","0.3306924882629108","6843","3480","0.45281927737085764","0.11330292917000866"
"985","300","0.4","0.3","0.2","0.05","0.55","0.55","300","7491","5785","1706","0.2277399546122013","5785","2612","0.4032782471760126","0.07982631135097007"
"986","300","0.4","0.3","0.2","0.05","0.55","0.55","300","7434","5805","1629","0.21912832929782083","5805","2616","0.40263152962305515","0.06942640515007986"
"983","300","0.4","0.3","0.2","0.05","0.55","0.55","300","7573","5780","1793","0.23676218143404199","5780","2648","0.40635041897687796","0.07556625863031334"
"984","300","0.4","0.3","0.2","0.05","0.55","0.55","300","7554","5793","1761","0.23312152501985703","5793","2683","0.413716208530178","0.07959611558348097"
"989","300","0.4","0.3","0.2","0.05","0.55","0.55","300","7440","5810","1630","0.21908602150537634","5810","2592","0.4041727951922439","0.07899501497601853"
"992","300","0.4","0.3","0.2","0.05","0.55","0.6","300","6035","5011","1024","0.16967688483844243","5011","2058","0.3632683689049747","0.07080939302416175"
"994","300","0.4","0.3","0.2","0.05","0.55","0.6","300","5996","4988","1008","0.16811207471647766","4988","2056","0.3754468807996741","0.06953997249434872"
"981","300","0.4","0.3","0.2","0.05","0.55","0.55","300","7513","5786","1727","0.22986822840409957","5786","2573","0.4030850010488146","0.07349874787525348"
"987","300","0.4","0.3","0.2","0.05","0.55","0.55","300","7469","5786","1683","0.22533136966126657","5786","2615","0.412011172601209","0.08550113950386175"
"995","300","0.4","0.3","0.2","0.05","0.55","0.6","300","6000","5024","976","0.16266666666666665","5024","2008","0.3740037672024917","0.0629339265341812"
"990","300","0.4","0.3","0.2","0.05","0.55","0.55","300","7522","5790","1732","0.2302579101302845","5790","2627","0.40209225973728546","0.0819092359044759"
"996","300","0.4","0.3","0.2","0.05","0.55","0.6","300","6031","5014","1017","0.16862875145083733","5014","2016","0.37876551979502926","0.06897040579430389"
"993","300","0.4","0.3","0.2","0.05","0.55","0.6","300","5989","5004","985","0.16446819168475538","5004","2034","0.3687015862942746","0.060302135923080404"
"999","300","0.4","0.3","0.2","0.05","0.55","0.6","300","5964","4978","986","0.1653252850435949","4978","2008","0.3734658100756455","0.07524475508286135"
"997","300","0.4","0.3","0.2","0.05","0.55","0.6","300","6046","5038","1008","0.1667217995368839","5038","2015","0.37438691224296217","0.054718000340305176"
"991","300","0.4","0.3","0.2","0.05","0.55","0.6","300","6057","5039","1018","0.16807000165098235","5039","2027","0.373636998096177","0.059164760737446566"
"998","300","0.4","0.3","0.2","0.05","0.55","0.6","300","6032","5020","1012","0.16777188328912468","5020","2018","0.37220086915556916","0.06503236010000513"
"1000","300","0.4","0.3","0.2","0.05","0.55","0.6","300","5969","5018","951","0.15932316971016922","5018","2006","0.36766023515637586","0.06517494022420443"
"988","300","0.4","0.3","0.2","0.05","0.55","0.55","300","7482","5785","1697","0.22681101309810212","5785","2572","0.41288863683123345","0.07649486517162415"
"1002","300","0.4","0.3","0.2","0.05","0.55","0.65","300","5073","4494","579","0.11413364872856298","4494","1556","0.3441491142658414","0.05086288871606033"
"1001","300","0.4","0.3","0.2","0.05","0.55","0.65","300","5130","4504","626","0.12202729044834308","4504","1539","0.34727080174247044","0.05519843247128509"
"1004","300","0.4","0.3","0.2","0.05","0.55","0.65","300","5078","4459","619","0.12189838519102009","4459","1616","0.35393534818376293","0.052726050638175995"
"1006","300","0.4","0.3","0.2","0.05","0.55","0.65","300","5118","4491","627","0.12250879249706917","4491","1607","0.34567158892005906","0.05967503340274862"
"1007","300","0.4","0.3","0.2","0.05","0.55","0.65","300","5037","4440","597","0.11852293031566409","4440","1556","0.34855524927836723","0.05718725781731357"
"1008","300","0.4","0.3","0.2","0.05","0.55","0.65","300","5097","4470","627","0.12301353737492643","4470","1548","0.3473545000918924","0.052202640186783486"
"1003","300","0.4","0.3","0.2","0.05","0.55","0.65","300","5080","4484","596","0.1173228346456693","4484","1604","0.35385448188049506","0.04978255878845311"
"1011","300","0.4","0.3","0.2","0.05","0.55","0.7","300","4511","4094","417","0.09244070050986478","4094","1218","0.3364389291614267","0.04323639959228631"
"1005","300","0.4","0.3","0.2","0.05","0.55","0.65","300","5086","4477","609","0.11974046401887535","4477","1595","0.35631667591109467","0.051542527894698736"
"1010","300","0.4","0.3","0.2","0.05","0.55","0.65","300","5101","4453","648","0.1270339149186434","4453","1583","0.3496411903897237","0.05896021256591794"
"1012","300","0.4","0.3","0.2","0.05","0.55","0.7","300","4513","4075","438","0.09705295812098383","4075","1263","0.33686673328326955","0.045157041221742654"
"1009","300","0.4","0.3","0.2","0.05","0.55","0.65","300","5114","4491","623","0.12182244818146265","4491","1584","0.3454171833639208","0.05561902306848696"
"1015","300","0.4","0.3","0.2","0.05","0.55","0.7","300","4467","4100","367","0.08215804790687262","4100","1203","0.3313295936979805","0.04244901749537823"
"1014","300","0.4","0.3","0.2","0.05","0.55","0.7","300","4454","4064","390","0.08756174225415357","4064","1195","0.3346740196519262","0.043307935204915896"
"1016","300","0.4","0.3","0.2","0.05","0.55","0.7","300","4483","4089","394","0.08788757528440776","4089","1263","0.3379571900940144","0.04256308810711193"
"1017","300","0.4","0.3","0.2","0.05","0.55","0.7","300","4491","4097","394","0.08773101759073702","4097","1218","0.3353349250546839","0.055409949420815986"
"1013","300","0.4","0.3","0.2","0.05","0.55","0.7","300","4484","4088","396","0.08831400535236396","4088","1237","0.3347720704303802","0.04710200520208056"
"1018","300","0.4","0.3","0.2","0.05","0.55","0.7","300","4500","4106","394","0.08755555555555555","4106","1217","0.33576212930715227","0.04080526282892832"
"1020","300","0.4","0.3","0.2","0.05","0.55","0.7","300","4513","4100","413","0.09151340571681808","4100","1205","0.33337947883661906","0.046468131918831555"
"1019","300","0.4","0.3","0.2","0.05","0.55","0.7","300","4486","4093","393","0.08760588497547928","4093","1213","0.33615986382788277","0.047893240664494914"
"1025","300","0.4","0.3","0.2","0.05","0.55","0.75","300","4114","3821","293","0.07122022362664074","3821","979","0.32112268089311347","0.04237478986229885"
"1022","300","0.4","0.3","0.2","0.05","0.55","0.75","300","4120","3846","274","0.06650485436893204","3846","973","0.3216032969309516","0.0337986617371062"
"1021","300","0.4","0.3","0.2","0.05","0.55","0.75","300","4098","3813","285","0.06954612005856516","3813","923","0.32176671023838616","0.046890167252556285"
"1023","300","0.4","0.3","0.2","0.05","0.55","0.75","300","4061","3790","271","0.06673233193794632","3790","934","0.3199611782038602","0.04171434648179819"
"1027","300","0.4","0.3","0.2","0.05","0.55","0.75","300","4127","3854","273","0.06614974557790163","3854","977","0.3266367521180977","0.03546811029279271"
"1028","300","0.4","0.3","0.2","0.05","0.55","0.75","300","4067","3799","268","0.0658962380132776","3799","922","0.3202652532590972","0.050359638498240586"
"1024","300","0.4","0.3","0.2","0.05","0.55","0.75","300","4096","3818","278","0.06787109375","3818","958","0.3204587742091219","0.04830608096167503"
"1026","300","0.4","0.3","0.2","0.05","0.55","0.75","300","4121","3829","292","0.07085658820674594","3829","1003","0.3229675762090216","0.03666645020432153"
"1029","300","0.4","0.3","0.2","0.05","0.55","0.75","300","4047","3798","249","0.061527057079318014","3798","938","0.32150251698463683","0.03932239830931952"
"1032","300","0.4","0.3","0.2","0.05","0.55","0.8","300","3779","3576","203","0.053717914792273086","3576","699","0.3110407884778205","0.037474314867515075"
"1030","300","0.4","0.3","0.2","0.05","0.55","0.75","300","4084","3811","273","0.0668462291870715","3811","997","0.32274293279768534","0.040190510791409784"
"1034","300","0.4","0.3","0.2","0.05","0.55","0.8","300","3732","3562","170","0.04555198285101822","3562","685","0.31098447208720476","0.04493129415727483"
"1035","300","0.4","0.3","0.2","0.05","0.55","0.8","300","3749","3565","184","0.049079754601226995","3565","730","0.3137690797292174","0.03796019480311286"
"1036","300","0.4","0.3","0.2","0.05","0.55","0.8","300","3809","3628","181","0.04751903386715674","3628","715","0.3164274695534909","0.03067871206564255"
"1031","300","0.4","0.3","0.2","0.05","0.55","0.8","300","3789","3583","206","0.05436790709949855","3583","713","0.31250118725155185","0.030628783074589484"
"1033","300","0.4","0.3","0.2","0.05","0.55","0.8","300","3712","3535","177","0.04768318965517242","3535","720","0.3134539989387578","0.044685214412858144"
"1037","300","0.4","0.3","0.2","0.05","0.55","0.8","300","3764","3571","193","0.05127523910733262","3571","740","0.3118727259770876","0.040439049173502495"
"1039","300","0.4","0.3","0.2","0.05","0.55","0.8","300","3814","3611","203","0.053224960671211324","3611","762","0.3133153187582705","0.03947387591274087"
"1040","300","0.4","0.3","0.2","0.05","0.55","0.8","300","3767","3595","172","0.045659676134855325","3595","710","0.31199250985495514","0.03953752270156739"
"1038","300","0.4","0.3","0.2","0.05","0.55","0.8","300","3801","3610","191","0.05024993422783478","3610","681","0.3114070738740014","0.03871915357264944"
"1045","300","0.4","0.3","0.2","0.05","0.6","0.2","300","88314","7691","80623","0.9129130149240211","7691","6175","0.7894609220335046","1"
"1044","300","0.4","0.3","0.2","0.05","0.6","0.2","300","88572","7749","80823","0.9125118547622273","7749","6169","0.7978347280870313","1"
"1043","300","0.4","0.3","0.2","0.05","0.6","0.2","300","88375","7677","80698","0.9131315417256012","7677","6142","0.7887549879510397","1"
"1042","300","0.4","0.3","0.2","0.05","0.6","0.2","300","88486","7716","80770","0.9127997649345659","7716","6145","0.7762520464789755","1"
"1050","300","0.4","0.3","0.2","0.05","0.6","0.2","300","88422","7673","80749","0.9132229535635927","7673","6134","0.7792293959538499","1"
"1049","300","0.4","0.3","0.2","0.05","0.6","0.2","300","88330","7709","80621","0.9127250084908864","7709","6161","0.7832192635534729","1"
"1041","300","0.4","0.3","0.2","0.05","0.6","0.2","300","88243","7651","80592","0.9132962387951452","7651","6067","0.7856884474470448","1"
"1046","300","0.4","0.3","0.2","0.05","0.6","0.2","300","88337","7693","80644","0.9129130488923102","7693","6127","0.7960948906166977","1"
"1048","300","0.4","0.3","0.2","0.05","0.6","0.2","300","88462","7710","80752","0.9128439329881757","7710","6129","0.7811686369724941","1"
"1053","300","0.4","0.3","0.2","0.05","0.6","0.25","300","87661","8945","78716","0.8979591836734694","8945","6685","0.7976399720595014","1"
"1047","300","0.4","0.3","0.2","0.05","0.6","0.2","300","88259","7724","80535","0.9124848457381117","7724","6090","0.7712383745282889","1"
"1052","300","0.4","0.3","0.2","0.05","0.6","0.25","300","87662","8948","78714","0.8979261253450754","8948","6711","0.7935964874157045","1"
"1051","300","0.4","0.3","0.2","0.05","0.6","0.25","300","87843","8950","78893","0.8981136800883395","8950","6713","0.810083956796768","1"
"1054","300","0.4","0.3","0.2","0.05","0.6","0.25","300","87756","8994","78762","0.8975112812799125","8994","6701","0.7860615806394313","1"
"1056","300","0.4","0.3","0.2","0.05","0.6","0.25","300","87896","8941","78955","0.8982775097842906","8941","6770","0.8034132089914032","1"
"1057","300","0.4","0.3","0.2","0.05","0.6","0.25","300","87674","8908","78766","0.8983963318657755","8908","6673","0.7976421168715856","1"
"1055","300","0.4","0.3","0.2","0.05","0.6","0.25","300","87602","9091","78511","0.8962238305061528","9091","6772","0.8188850325149383","1"
"1058","300","0.4","0.3","0.2","0.05","0.6","0.25","300","87680","8846","78834","0.899110401459854","8846","6680","0.7963195059332571","1"
"1061","300","0.4","0.3","0.2","0.05","0.6","0.3","300","85822","10256","75566","0.8804968423015078","10256","7245","0.8004734324696128","1"
"1063","300","0.4","0.3","0.2","0.05","0.6","0.3","300","85768","10325","75443","0.879617106613189","10325","7250","0.8170976628544772","1"
"1062","300","0.4","0.3","0.2","0.05","0.6","0.3","300","85842","10353","75489","0.8793947018941777","10353","7247","0.8215061320579549","1"
"1059","300","0.4","0.3","0.2","0.05","0.6","0.25","300","87790","8887","78903","0.8987697915480123","8887","6727","0.8123586689865158","1"
"1064","300","0.4","0.3","0.2","0.05","0.6","0.3","300","85824","10534","75290","0.8772604399701716","10534","7266","0.812635445307187","1"
"1060","300","0.4","0.3","0.2","0.05","0.6","0.25","300","88126","8940","79186","0.8985543426457572","8940","6727","0.8020786704966575","1"
"1065","300","0.4","0.3","0.2","0.05","0.6","0.3","300","86124","10432","75692","0.8788723236263991","10432","7283","0.8041231160908486","1"
"1069","300","0.4","0.3","0.2","0.05","0.6","0.3","300","85643","10388","75255","0.8787057903156125","10388","7288","0.814557135919546","1"
"1074","300","0.4","0.3","0.2","0.05","0.6","0.35","300","53041","10345","42696","0.8049621990535624","10345","6692","0.7496502667493339","0.6506137546903216"
"1066","300","0.4","0.3","0.2","0.05","0.6","0.3","300","85744","10325","75419","0.8795834110841575","10325","7330","0.8203424835410295","1"
"1067","300","0.4","0.3","0.2","0.05","0.6","0.3","300","85876","10395","75481","0.878953374633192","10395","7246","0.8072468055151986","1"
"1070","300","0.4","0.3","0.2","0.05","0.6","0.3","300","85496","10407","75089","0.8782750070178722","10407","7273","0.8113969163945476","1"
"1072","300","0.4","0.3","0.2","0.05","0.6","0.35","300","52766","10237","42529","0.8059924951673426","10237","6720","0.7442367584572055","0.632920469040004"
"1073","300","0.4","0.3","0.2","0.05","0.6","0.35","300","52902","10451","42451","0.802446032286114","10451","6745","0.7605066927442343","0.6553947986800823"
"1068","300","0.4","0.3","0.2","0.05","0.6","0.3","300","85599","10408","75191","0.8784097945069452","10408","7222","0.7972211256697742","1"
"1081","300","0.4","0.3","0.2","0.05","0.6","0.4","300","26958","9336","17622","0.6536835076786112","9336","5567","0.6623447135394507","0.28883689403728946"
"1071","300","0.4","0.3","0.2","0.05","0.6","0.35","300","53265","10408","42857","0.8045996432929691","10408","6777","0.7675448025163982","0.6542951357893259"
"1082","300","0.4","0.3","0.2","0.05","0.6","0.4","300","26646","9162","17484","0.6561585228552128","9162","5529","0.6380484273892579","0.29460055539350116"
"1078","300","0.4","0.3","0.2","0.05","0.6","0.35","300","52968","10440","42528","0.8028998640688718","10440","6685","0.7564964380687651","0.6542240993510683"
"1075","300","0.4","0.3","0.2","0.05","0.6","0.35","300","52806","10307","42499","0.8048138469113358","10307","6721","0.7650815658172867","0.6429586925351365"
"1079","300","0.4","0.3","0.2","0.05","0.6","0.35","300","52420","10350","42070","0.8025562762304463","10350","6749","0.7585953374320918","0.6430573899076739"
"1080","300","0.4","0.3","0.2","0.05","0.6","0.35","300","53538","10327","43211","0.8071089693301954","10327","6711","0.767728841988949","0.6548868077707386"
"1076","300","0.4","0.3","0.2","0.05","0.6","0.35","300","53136","10418","42718","0.8039370671484493","10418","6733","0.7600423500357745","0.6604364541089454"
"1083","300","0.4","0.3","0.2","0.05","0.6","0.4","300","26796","9273","17523","0.6539408866995073","9273","5511","0.6326304145556115","0.29695484172860004"
"1084","300","0.4","0.3","0.2","0.05","0.6","0.4","300","27017","9260","17757","0.6572528408039383","9260","5508","0.6419812500067702","0.29275775115098623"
"1085","300","0.4","0.3","0.2","0.05","0.6","0.4","300","26666","9315","17351","0.6506787669691743","9315","5492","0.6329565793066354","0.29234679741022146"
"1087","300","0.4","0.3","0.2","0.05","0.6","0.4","300","26707","9225","17482","0.6545849402778298","9225","5510","0.6494054812261821","0.29419347744072155"
"1077","300","0.4","0.3","0.2","0.05","0.6","0.35","300","53456","10337","43119","0.8066260101765939","10337","6723","0.7402460036598436","0.6453227395005586"
"1086","300","0.4","0.3","0.2","0.05","0.6","0.4","300","26745","9365","17380","0.6498410917928584","9365","5539","0.6400443761258454","0.2927156248149616"
"1088","300","0.4","0.3","0.2","0.05","0.6","0.4","300","26990","9205","17785","0.6589477584290478","9205","5596","0.6370340451361783","0.2937886735341381"
"1091","300","0.4","0.3","0.2","0.05","0.6","0.45","300","15598","8068","7530","0.4827541992563149","8068","4361","0.5327644019132489","0.1649421628575889"
"1089","300","0.4","0.3","0.2","0.05","0.6","0.4","300","27006","9302","17704","0.6555580241427831","9302","5542","0.6398048389441867","0.29199139927643697"
"1090","300","0.4","0.3","0.2","0.05","0.6","0.4","300","27212","9229","17983","0.6608481552256358","9229","5561","0.6449095305863678","0.2952377798158061"
"1094","300","0.4","0.3","0.2","0.05","0.6","0.45","300","15760","8090","7670","0.4866751269035533","8090","4408","0.5414375800001032","0.16581700792404996"
"1092","300","0.4","0.3","0.2","0.05","0.6","0.45","300","15743","8071","7672","0.4873277012005336","8071","4467","0.5452833699101994","0.1640378946023603"
"1093","300","0.4","0.3","0.2","0.05","0.6","0.45","300","15805","8053","7752","0.49047769693135085","8053","4474","0.5524115268799292","0.16902648111073754"
"1101","300","0.4","0.3","0.2","0.05","0.6","0.5","300","9921","6625","3296","0.3322245741356718","6625","3291","0.46551719177218054","0.11052022062411462"
"1103","300","0.4","0.3","0.2","0.05","0.6","0.5","300","9969","6614","3355","0.33654328418096097","6614","3380","0.46059889694856193","0.11082372837880963"
"1104","300","0.4","0.3","0.2","0.05","0.6","0.5","300","9978","6681","3297","0.33042693926638605","6681","3309","0.4615493806783267","0.09402631742116634"
"1097","300","0.4","0.3","0.2","0.05","0.6","0.45","300","15791","7979","7812","0.49471217782281046","7979","4389","0.5329210550882858","0.17654002135965688"
"1095","300","0.4","0.3","0.2","0.05","0.6","0.45","300","15732","8029","7703","0.4896389524535978","8029","4433","0.5450909072039785","0.1705847388982096"
"1096","300","0.4","0.3","0.2","0.05","0.6","0.45","300","15679","8063","7616","0.4857452643663499","8063","4456","0.5337784416845569","0.16947658526823287"
"1098","300","0.4","0.3","0.2","0.05","0.6","0.45","300","15735","8010","7725","0.4909437559580553","8010","4403","0.5378213249113033","0.1663361192005545"
"1100","300","0.4","0.3","0.2","0.05","0.6","0.45","300","15642","8074","7568","0.4838255977496484","8074","4440","0.5306445771427036","0.17449888315065581"
"1107","300","0.4","0.3","0.2","0.05","0.6","0.5","300","10060","6620","3440","0.341948310139165","6620","3278","0.4519428480223168","0.11167098997642726"
"1106","300","0.4","0.3","0.2","0.05","0.6","0.5","300","10069","6647","3422","0.33985500049657363","6647","3385","0.4697948429909985","0.1000235829268018"
"1108","300","0.4","0.3","0.2","0.05","0.6","0.5","300","9872","6667","3205","0.3246555915721232","6667","3317","0.4611552920695305","0.10901435139875183"
"1105","300","0.4","0.3","0.2","0.05","0.6","0.5","300","10000","6638","3362","0.3362","6638","3295","0.4516905405525282","0.10725657529711623"
"1109","300","0.4","0.3","0.2","0.05","0.6","0.5","300","9984","6656","3328","0.3333333333333333","6656","3342","0.4527611370121444","0.11176032254363742"
"1099","300","0.4","0.3","0.2","0.05","0.6","0.45","300","15768","8016","7752","0.4916286149162861","8016","4404","0.5367908873259906","0.16886742080297318"
"1102","300","0.4","0.3","0.2","0.05","0.6","0.5","300","9989","6629","3360","0.33637000700770847","6629","3319","0.462759051721388","0.10316286009966551"
"1113","300","0.4","0.3","0.2","0.05","0.6","0.55","300","7172","5518","1654","0.2306190741773564","5518","2481","0.41151528550461125","0.07494579438553965"
"1114","300","0.4","0.3","0.2","0.05","0.6","0.55","300","7108","5527","1581","0.22242543612830615","5527","2481","0.4146259848460668","0.0664073818443776"
"1110","300","0.4","0.3","0.2","0.05","0.6","0.5","300","10013","6670","3343","0.33386597423349645","6670","3401","0.47009603831708213","0.10397836750687696"
"1111","300","0.4","0.3","0.2","0.05","0.6","0.55","300","7203","5503","1700","0.23601277245592114","5503","2526","0.40813871387916834","0.07923014910562129"
"1115","300","0.4","0.3","0.2","0.05","0.6","0.55","300","7217","5519","1698","0.23527781626714703","5519","2497","0.4072781342002709","0.07698485865995658"
"1112","300","0.4","0.3","0.2","0.05","0.6","0.55","300","7195","5497","1698","0.23599722029186934","5497","2558","0.4060369698232702","0.08284572749145908"
"1116","300","0.4","0.3","0.2","0.05","0.6","0.55","300","7170","5536","1634","0.22789400278940028","5536","2500","0.4092463251754448","0.06892813475047262"
"1117","300","0.4","0.3","0.2","0.05","0.6","0.55","300","7059","5481","1578","0.22354441138971526","5481","2493","0.4060471914168719","0.07772493044046687"
"1118","300","0.4","0.3","0.2","0.05","0.6","0.55","300","7184","5516","1668","0.2321826280623608","5516","2479","0.40386099457817337","0.07994098035239623"
"1121","300","0.4","0.3","0.2","0.05","0.6","0.6","300","5672","4747","925","0.1630818053596615","4747","1846","0.37610618782487665","0.0517218019351359"
"1119","300","0.4","0.3","0.2","0.05","0.6","0.55","300","7094","5501","1593","0.2245559627854525","5501","2442","0.4018585255461959","0.0776454186361982"
"1120","300","0.4","0.3","0.2","0.05","0.6","0.55","300","7166","5537","1629","0.22732347195087915","5537","2498","0.4153185773572565","0.07210181434951114"
"1125","300","0.4","0.3","0.2","0.05","0.6","0.6","300","5681","4712","969","0.1705685618729097","4712","1906","0.3724489288975517","0.06243233575872646"
"1126","300","0.4","0.3","0.2","0.05","0.6","0.6","300","5670","4718","952","0.16790123456790124","4718","1845","0.3694553510423112","0.062498183522952715"
"1122","300","0.4","0.3","0.2","0.05","0.6","0.6","300","5653","4733","920","0.16274544489651513","4733","1915","0.3760943862472882","0.06513492278573627"
"1127","300","0.4","0.3","0.2","0.05","0.6","0.6","300","5689","4739","950","0.16698892599753912","4739","1808","0.36753103596028847","0.06910741237276245"
"1124","300","0.4","0.3","0.2","0.05","0.6","0.6","300","5662","4705","957","0.16902154715648182","4705","1884","0.37048719370274547","0.06765675116954187"
"1123","300","0.4","0.3","0.2","0.05","0.6","0.6","300","5702","4713","989","0.1734479130129779","4713","1875","0.3788109761827775","0.06328211693109222"
"1128","300","0.4","0.3","0.2","0.05","0.6","0.6","300","5668","4705","963","0.16990119971771347","4705","1839","0.36449116018756894","0.05717373021024948"
"1129","300","0.4","0.3","0.2","0.05","0.6","0.6","300","5654","4768","886","0.1567032189600283","4768","1878","0.37414006872353656","0.056167502068151146"
"1131","300","0.4","0.3","0.2","0.05","0.6","0.65","300","4783","4229","554","0.11582688689107255","4229","1481","0.3501736697514415","0.06053666003834407"
"1130","300","0.4","0.3","0.2","0.05","0.6","0.6","300","5692","4723","969","0.1702389318341532","4723","1867","0.3735622805612901","0.060124595009042575"
"1134","300","0.4","0.3","0.2","0.05","0.6","0.65","300","4857","4258","599","0.12332715668107885","4258","1434","0.3506877416633819","0.05802058999085429"
"1135","300","0.4","0.3","0.2","0.05","0.6","0.65","300","4806","4219","587","0.12213899292550978","4219","1517","0.3507360590001251","0.04905890615004569"
"1132","300","0.4","0.3","0.2","0.05","0.6","0.65","300","4824","4251","573","0.11878109452736318","4251","1474","0.34956726097293345","0.04706003127082215"
"1133","300","0.4","0.3","0.2","0.05","0.6","0.65","300","4779","4218","561","0.11738857501569366","4218","1507","0.3545048421439772","0.0545652720036127"
"1138","300","0.4","0.3","0.2","0.05","0.6","0.65","300","4723","4196","527","0.11158162185051874","4196","1460","0.34573058113714855","0.05866716478454665"
"1140","300","0.4","0.3","0.2","0.05","0.6","0.65","300","4833","4230","603","0.12476722532588454","4230","1497","0.3540197351607168","0.04014993997378392"
"1137","300","0.4","0.3","0.2","0.05","0.6","0.65","300","4808","4232","576","0.11980033277870217","4232","1441","0.3448249935842182","0.05511888641770273"
"1139","300","0.4","0.3","0.2","0.05","0.6","0.65","300","4799","4213","586","0.12210877266097103","4213","1462","0.3458655318183751","0.05939644828532977"
"1136","300","0.4","0.3","0.2","0.05","0.6","0.65","300","4812","4202","610","0.12676641729010807","4202","1434","0.3498508148062769","0.04760861475884131"
"1143","300","0.4","0.3","0.2","0.05","0.6","0.7","300","4249","3854","395","0.09296305012944223","3854","1205","0.3328428327946548","0.044751431942183666"
"1141","300","0.4","0.3","0.2","0.05","0.6","0.7","300","4226","3870","356","0.08424041646947468","3870","1180","0.3327947175974824","0.04861071479329446"
"1144","300","0.4","0.3","0.2","0.05","0.6","0.7","300","4203","3829","374","0.08898405900547228","3829","1116","0.331936445163058","0.055444962169490575"
"1142","300","0.4","0.3","0.2","0.05","0.6","0.7","300","4227","3869","358","0.08469363614856873","3869","1164","0.33675039225885023","0.03971930377858437"
"1145","300","0.4","0.3","0.2","0.05","0.6","0.7","300","4191","3818","373","0.08900023860653782","3818","1158","0.3354594916914848","0.03692729245004071"
"1146","300","0.4","0.3","0.2","0.05","0.6","0.7","300","4230","3856","374","0.0884160756501182","3856","1192","0.3364902018658901","0.0393190455025792"
"1147","300","0.4","0.3","0.2","0.05","0.6","0.7","300","4218","3861","357","0.08463726884779517","3861","1145","0.33254231630141406","0.04321684470089769"
"1149","300","0.4","0.3","0.2","0.05","0.6","0.7","300","4250","3892","358","0.08423529411764706","3892","1186","0.3296630171343052","0.04021537679696861"
"1152","300","0.4","0.3","0.2","0.05","0.6","0.75","300","3845","3587","258","0.0671001300390117","3587","931","0.32458410529196097","0.04856567103897791"
"1148","300","0.4","0.3","0.2","0.05","0.6","0.7","300","4254","3869","385","0.09050305594734367","3869","1165","0.3316279768026347","0.04835051950736718"
"1151","300","0.4","0.3","0.2","0.05","0.6","0.75","300","3855","3581","274","0.07107652399481193","3581","885","0.32119543964967967","0.043469780566600835"
"1150","300","0.4","0.3","0.2","0.05","0.6","0.7","300","4262","3892","370","0.08681370248709526","3892","1222","0.3340087774034404","0.040697255887071654"
"1153","300","0.4","0.3","0.2","0.05","0.6","0.75","300","3841","3599","242","0.0630044259307472","3599","894","0.3184723625013665","0.038076992322876535"
"1154","300","0.4","0.3","0.2","0.05","0.6","0.75","300","3866","3586","280","0.07242628039317124","3586","937","0.32193473970138997","0.03626093608207214"
"1156","300","0.4","0.3","0.2","0.05","0.6","0.75","300","3825","3584","241","0.06300653594771242","3584","893","0.3197365789547777","0.04195596229815247"
"1157","300","0.4","0.3","0.2","0.05","0.6","0.75","300","3898","3629","269","0.06900974858902001","3629","865","0.3180192218297811","0.045275543452111475"
"1160","300","0.4","0.3","0.2","0.05","0.6","0.75","300","3880","3599","281","0.07242268041237114","3599","853","0.3171546314692353","0.03860553427169292"
"1155","300","0.4","0.3","0.2","0.05","0.6","0.75","300","3867","3621","246","0.06361520558572537","3621","933","0.3217533041013326","0.04738362245020996"
"1161","300","0.4","0.3","0.2","0.05","0.6","0.8","300","3567","3389","178","0.04990187832912812","3389","671","0.3127386037736784","0.035333029447194055"
"1159","300","0.4","0.3","0.2","0.05","0.6","0.75","300","3887","3631","256","0.06586056084383844","3631","898","0.3245207778481537","0.0295691694008714"
"1158","300","0.4","0.3","0.2","0.05","0.6","0.75","300","3865","3607","258","0.0667529107373868","3607","882","0.32089445736203276","0.040674062277592495"
"1165","300","0.4","0.3","0.2","0.05","0.6","0.8","300","3610","3401","209","0.05789473684210526","3401","683","0.3152039521147583","0.0432584271262907"
"1167","300","0.4","0.3","0.2","0.05","0.6","0.8","300","3558","3389","169","0.04749859471613266","3389","680","0.31277604870709724","0.03541067012267088"
"1166","300","0.4","0.3","0.2","0.05","0.6","0.8","300","3615","3422","193","0.05338865836791148","3422","675","0.31191291690729905","0.0339116810114643"
"1169","300","0.4","0.3","0.2","0.05","0.6","0.8","300","3628","3427","201","0.055402425578831314","3427","695","0.31211730207164956","0.035663776398745906"
"1168","300","0.4","0.3","0.2","0.05","0.6","0.8","300","3575","3391","184","0.05146853146853147","3391","704","0.31231630509122377","0.03651840739484884"
"1162","300","0.4","0.3","0.2","0.05","0.6","0.8","300","3557","3386","171","0.048074219848186675","3386","621","0.31189983979846797","0.037273168544517565"
"1163","300","0.4","0.3","0.2","0.05","0.6","0.8","300","3559","3377","182","0.05113796010115201","3377","672","0.3124622071439148","0.03970500903637721"
"1164","300","0.4","0.3","0.2","0.05","0.6","0.8","300","3513","3320","193","0.05493879874750925","3320","660","0.31169447697063923","0.03865080187283204"
"1170","300","0.4","0.3","0.2","0.05","0.6","0.8","300","3581","3411","170","0.04747277296844457","3411","656","0.3119934065109942","0.04216221083057299"
"1172","300","0.4","0.3","0.2","0.05","0.65","0.2","300","88677","7459","81218","0.9158857426390158","7459","5946","0.8020596875133654","1"
"1171","300","0.4","0.3","0.2","0.05","0.65","0.2","300","88711","7433","81278","0.9162110673986316","7433","5950","0.7860539040175815","1"
"1173","300","0.4","0.3","0.2","0.05","0.65","0.2","300","88833","7401","81432","0.9166863665529702","7401","5883","0.7925474182962154","1"
"1179","300","0.4","0.3","0.2","0.05","0.65","0.2","300","88740","7550","81190","0.9149199909848997","7550","5947","0.7861193878077632","1"
"1180","300","0.4","0.3","0.2","0.05","0.65","0.2","300","88747","7400","81347","0.9166168997261879","7400","5937","0.792116116904933","1"
"1177","300","0.4","0.3","0.2","0.05","0.65","0.2","300","88595","7432","81163","0.9161126474406005","7432","5900","0.8013259131376023","1"
"1181","300","0.4","0.3","0.2","0.05","0.65","0.25","300","88420","8650","79770","0.9021714544220765","8650","6440","0.8174310373311332","1"
"1174","300","0.4","0.3","0.2","0.05","0.65","0.2","300","88710","7449","81261","0.9160297598917823","7449","5920","0.798029226810983","1"
"1178","300","0.4","0.3","0.2","0.05","0.65","0.2","300","88755","7474","81281","0.9157906596811447","7474","5958","0.8030996669099014","1"
"1175","300","0.4","0.3","0.2","0.05","0.65","0.2","300","88843","7473","81370","0.9158853257994439","7473","5982","0.7984634110710441","1"
"1176","300","0.4","0.3","0.2","0.05","0.65","0.2","300","88901","7375","81526","0.9170425529521603","7375","5913","0.7993401664737615","1"
"1182","300","0.4","0.3","0.2","0.05","0.65","0.25","300","88298","8667","79631","0.9018437563704728","8667","6469","0.8124353107326272","1"
"1183","300","0.4","0.3","0.2","0.05","0.65","0.25","300","88389","8721","79668","0.9013338763873333","8721","6485","0.8135795482272552","1"
"1186","300","0.4","0.3","0.2","0.05","0.65","0.25","300","88392","8667","79725","0.9019481401031768","8667","6507","0.800383490889812","1"
"1188","300","0.4","0.3","0.2","0.05","0.65","0.25","300","88304","8759","79545","0.9008085703931872","8759","6523","0.8194686749382036","1"
"1189","300","0.4","0.3","0.2","0.05","0.65","0.25","300","88348","8706","79642","0.9014578711459229","8706","6474","0.8005490612586232","1"
"1187","300","0.4","0.3","0.2","0.05","0.65","0.25","300","88416","8753","79663","0.9010020810712993","8753","6509","0.8062649316303275","1"
"1184","300","0.4","0.3","0.2","0.05","0.65","0.25","300","88419","8814","79605","0.900315543039392","8814","6501","0.7950112380688241","1"
"1190","300","0.4","0.3","0.2","0.05","0.65","0.25","300","88531","8780","79751","0.9008256994725011","8780","6534","0.812320469889643","1"
"1185","300","0.4","0.3","0.2","0.05","0.65","0.25","300","88573","8710","79863","0.9016630350106691","8710","6514","0.8097207484005241","1"
"1194","300","0.4","0.3","0.2","0.05","0.65","0.3","300","87297","10066","77231","0.8846924865688397","10066","7049","0.8205573948154569","1"
"1192","300","0.4","0.3","0.2","0.05","0.65","0.3","300","87392","10120","77272","0.8841999267667521","10120","7087","0.822728372127351","1"
"1191","300","0.4","0.3","0.2","0.05","0.65","0.3","300","87052","10062","76990","0.8844139135229518","10062","7068","0.8203289545514352","1"
"1193","300","0.4","0.3","0.2","0.05","0.65","0.3","300","87376","10238","77138","0.8828282365867057","10238","7103","0.8279207173289128","1"
"1198","300","0.4","0.3","0.2","0.05","0.65","0.3","300","87401","10115","77286","0.8842690587064221","10115","7114","0.8123086820631126","1"
"1199","300","0.4","0.3","0.2","0.05","0.65","0.3","300","87177","10100","77077","0.8841437535129679","10100","7085","0.8265012036997906","1"
"1195","300","0.4","0.3","0.2","0.05","0.65","0.3","300","87359","10142","77217","0.8839043487219405","10142","7151","0.829726063735679","1"
"1196","300","0.4","0.3","0.2","0.05","0.65","0.3","300","87203","10065","77138","0.8845796589566872","10065","7158","0.8231583838410945","1"
"1197","300","0.4","0.3","0.2","0.05","0.65","0.3","300","87340","10171","77169","0.8835470574765285","10171","7113","0.830083955207555","1"
"1201","300","0.4","0.3","0.2","0.05","0.65","0.35","300","79532","11560","67972","0.8546497007493838","11560","7494","0.835779204934329","1"
"1200","300","0.4","0.3","0.2","0.05","0.65","0.3","300","87231","10165","77066","0.8834703259162454","10165","7109","0.8251743628609276","1"
"1203","300","0.4","0.3","0.2","0.05","0.65","0.35","300","78664","11461","67203","0.8543043831994305","11461","7500","0.8267275287705703","1"
"1202","300","0.4","0.3","0.2","0.05","0.65","0.35","300","79111","11462","67649","0.8551149650491082","11462","7452","0.8330055957206463","1"
"1204","300","0.4","0.3","0.2","0.05","0.65","0.35","300","79069","11468","67601","0.8549621216911811","11468","7445","0.8323353332910024","1"
"1211","300","0.4","0.3","0.2","0.05","0.65","0.4","300","30005","9454","20551","0.6849191801366439","9454","5585","0.6661471319832553","0.32947682819759566"
"1205","300","0.4","0.3","0.2","0.05","0.65","0.35","300","79390","11582","67808","0.8541126086408868","11582","7445","0.8251516147616734","1"
"1213","300","0.4","0.3","0.2","0.05","0.65","0.4","300","29990","9443","20547","0.6851283761253751","9443","5660","0.6761792585749685","0.32867128039716814"
"1207","300","0.4","0.3","0.2","0.05","0.65","0.35","300","78765","11538","67227","0.8535136164540088","11538","7499","0.8292867227656706","1"
"1215","300","0.4","0.3","0.2","0.05","0.65","0.4","300","30201","9372","20829","0.6896791496970299","9372","5704","0.6637114342807077","0.3313027893597724"
"1206","300","0.4","0.3","0.2","0.05","0.65","0.35","300","78414","11507","66907","0.853253245593899","11507","7508","0.8310952727949261","1"
"1212","300","0.4","0.3","0.2","0.05","0.65","0.4","300","30165","9473","20692","0.6859605503066468","9473","5723","0.6669082377500563","0.3309730045421228"
"1214","300","0.4","0.3","0.2","0.05","0.65","0.4","300","29969","9489","20480","0.6833728185791985","9489","5610","0.6498651306655016","0.3312884692041327"
"1208","300","0.4","0.3","0.2","0.05","0.65","0.35","300","78737","11449","67288","0.8545918691339522","11449","7410","0.8090655030568016","1"
"1210","300","0.4","0.3","0.2","0.05","0.65","0.35","300","78243","11443","66800","0.8537504952519714","11443","7479","0.8313419006716337","1"
"1209","300","0.4","0.3","0.2","0.05","0.65","0.35","300","79303","11666","67637","0.8528933331652018","11666","7486","0.8294395368271784","1"
"1216","300","0.4","0.3","0.2","0.05","0.65","0.4","300","30138","9391","20747","0.6884000265445617","9391","5684","0.6488929987850792","0.33108929985323776"
"1217","300","0.4","0.3","0.2","0.05","0.65","0.4","300","30068","9445","20623","0.6858786750033258","9445","5612","0.6499265848554697","0.3297869260218398"
"1218","300","0.4","0.3","0.2","0.05","0.65","0.4","300","29986","9443","20543","0.6850863736410325","9443","5632","0.6519015453819618","0.33294284903077503"
"1224","300","0.4","0.3","0.2","0.05","0.65","0.45","300","16390","8027","8363","0.5102501525320318","8027","4497","0.5598558131275789","0.17917725123686515"
"1219","300","0.4","0.3","0.2","0.05","0.65","0.4","300","30250","9336","20914","0.6913719008264463","9336","5651","0.6712074102711179","0.32990717665841224"
"1221","300","0.4","0.3","0.2","0.05","0.65","0.45","300","16297","8004","8293","0.5088666625759343","8004","4392","0.5491354589835797","0.17639310425470792"
"1222","300","0.4","0.3","0.2","0.05","0.65","0.45","300","16178","8099","8079","0.4993818766225739","8099","4326","0.5593609219063203","0.17141667543388822"
"1220","300","0.4","0.3","0.2","0.05","0.65","0.4","300","30063","9500","20563","0.6839969397598377","9500","5651","0.6549244994242501","0.3311888094352615"
"1223","300","0.4","0.3","0.2","0.05","0.65","0.45","300","16366","8008","8358","0.5106928999144568","8008","4496","0.5610788592372835","0.17612576578401506"
"1225","300","0.4","0.3","0.2","0.05","0.65","0.45","300","16201","8032","8169","0.5042281340657984","8032","4429","0.5618681911742742","0.17646366942142816"
"1226","300","0.4","0.3","0.2","0.05","0.65","0.45","300","16124","8100","8024","0.49764326469858594","8100","4357","0.5445735772278437","0.1687249218651327"
"1232","300","0.4","0.3","0.2","0.05","0.65","0.5","300","9870","6491","3379","0.3423505572441743","6491","3314","0.47854681965867796","0.1004461227664512"
"1231","300","0.4","0.3","0.2","0.05","0.65","0.5","300","9720","6459","3261","0.3354938271604938","6459","3200","0.463459036640385","0.11188831439329107"
"1227","300","0.4","0.3","0.2","0.05","0.65","0.45","300","16342","8084","8258","0.5053237057887652","8084","4495","0.550390374909434","0.17566051339948538"
"1229","300","0.4","0.3","0.2","0.05","0.65","0.45","300","16301","8016","8285","0.5082510275443224","8016","4444","0.5593331075658869","0.17119794896526289"
"1233","300","0.4","0.3","0.2","0.05","0.65","0.5","300","9708","6513","3195","0.32911001236093945","6513","3217","0.47752657665885256","0.10096774691623077"
"1228","300","0.4","0.3","0.2","0.05","0.65","0.45","300","16367","8030","8337","0.5093786277265229","8030","4436","0.561623088269322","0.17384065300748552"
"1237","300","0.4","0.3","0.2","0.05","0.65","0.5","300","9907","6552","3355","0.33864943979004747","6552","3267","0.4666480403742426","0.0957525218145476"
"1230","300","0.4","0.3","0.2","0.05","0.65","0.45","300","16220","8072","8148","0.5023427866831073","8072","4404","0.5586238751603972","0.1706665291888464"
"1234","300","0.4","0.3","0.2","0.05","0.65","0.5","300","9827","6491","3336","0.33947288083850613","6491","3255","0.4686526822830997","0.10970625223000587"
"1238","300","0.4","0.3","0.2","0.05","0.65","0.5","300","9803","6499","3304","0.33703968173008264","6499","3197","0.45862781974541955","0.11007524498137108"
"1239","300","0.4","0.3","0.2","0.05","0.65","0.5","300","9841","6486","3355","0.34092063814652984","6486","3271","0.4580544981486031","0.11148890431331829"
"1235","300","0.4","0.3","0.2","0.05","0.65","0.5","300","9874","6477","3397","0.34403483897103504","6477","3257","0.4670319915856073","0.10319832080630383"
"1243","300","0.4","0.3","0.2","0.05","0.65","0.55","300","6879","5309","1570","0.22823084750690506","5309","2353","0.4087776509539201","0.07496353180784152"
"1236","300","0.4","0.3","0.2","0.05","0.65","0.5","300","9880","6440","3440","0.3481781376518219","6440","3245","0.46646691497493664","0.11271707784253197"
"1244","300","0.4","0.3","0.2","0.05","0.65","0.55","300","6867","5288","1579","0.22994029416047765","5288","2398","0.4105297747983907","0.06592838911717377"
"1247","300","0.4","0.3","0.2","0.05","0.65","0.55","300","6852","5295","1557","0.22723292469352013","5295","2293","0.4039747602247158","0.07356551033981372"
"1245","300","0.4","0.3","0.2","0.05","0.65","0.55","300","6900","5269","1631","0.2363768115942029","5269","2289","0.41194360908204464","0.0667776338546095"
"1246","300","0.4","0.3","0.2","0.05","0.65","0.55","300","6865","5288","1577","0.22971595047341586","5288","2370","0.41128685935038056","0.07458289934424751"
"1241","300","0.4","0.3","0.2","0.05","0.65","0.55","300","6822","5265","1557","0.22823218997361477","5265","2378","0.4157538259248895","0.07655122835629874"
"1240","300","0.4","0.3","0.2","0.05","0.65","0.5","300","9867","6489","3378","0.342353298875038","6489","3219","0.47097279977044026","0.11046738002597564"
"1242","300","0.4","0.3","0.2","0.05","0.65","0.55","300","6847","5298","1549","0.22623046589747334","5298","2419","0.4095954611781776","0.06816854853867449"
"1248","300","0.4","0.3","0.2","0.05","0.65","0.55","300","6899","5285","1614","0.23394694883316422","5285","2415","0.4098006312999711","0.06900385779973367"
"1251","300","0.4","0.3","0.2","0.05","0.65","0.6","300","5361","4499","862","0.16079089722066778","4499","1779","0.3711621602665575","0.06094741583089285"
"1249","300","0.4","0.3","0.2","0.05","0.65","0.55","300","6847","5304","1543","0.22535416970936176","5304","2278","0.406777640778419","0.06877453687008185"
"1254","300","0.4","0.3","0.2","0.05","0.65","0.6","300","5417","4522","895","0.16522060180911943","4522","1804","0.37401489221135303","0.054838231363779986"
"1250","300","0.4","0.3","0.2","0.05","0.65","0.55","300","6890","5306","1584","0.22989840348330914","5306","2384","0.4059116251637787","0.07084334646227854"
"1252","300","0.4","0.3","0.2","0.05","0.65","0.6","300","5434","4537","897","0.16507177033492823","4537","1824","0.37581162921053674","0.049894012881878315"
"1253","300","0.4","0.3","0.2","0.05","0.65","0.6","300","5424","4518","906","0.1670353982300885","4518","1771","0.37852461698304896","0.05259712129514696"
"1255","300","0.4","0.3","0.2","0.05","0.65","0.6","300","5295","4490","805","0.15203021718602455","4490","1806","0.3713312601953919","0.055753667534970554"
"1257","300","0.4","0.3","0.2","0.05","0.65","0.6","300","5407","4533","874","0.1616423155169225","4533","1817","0.3703139338136322","0.05723866996909221"
"1256","300","0.4","0.3","0.2","0.05","0.65","0.6","300","5429","4526","903","0.1663289740283662","4526","1786","0.3717721567842599","0.058030616152237674"
"1263","300","0.4","0.3","0.2","0.05","0.65","0.65","300","4503","4015","488","0.10837219631356873","4015","1420","0.34954902050506054","0.04663704485805906"
"1260","300","0.4","0.3","0.2","0.05","0.65","0.6","300","5323","4499","824","0.1547999248544054","4499","1791","0.3710327522140795","0.061967535468947274"
"1261","300","0.4","0.3","0.2","0.05","0.65","0.65","300","4520","3974","546","0.12079646017699115","3974","1408","0.3526488465707721","0.05809778592840722"
"1258","300","0.4","0.3","0.2","0.05","0.65","0.6","300","5408","4492","916","0.16937869822485208","4492","1766","0.37856180078665813","0.0551440204049743"
"1265","300","0.4","0.3","0.2","0.05","0.65","0.65","300","4542","3979","563","0.12395420519594892","3979","1424","0.35113652709414145","0.043422482367258916"
"1259","300","0.4","0.3","0.2","0.05","0.65","0.6","300","5362","4552","810","0.15106303618052966","4552","1829","0.3784967099350033","0.0521172211168654"
"1266","300","0.4","0.3","0.2","0.05","0.65","0.65","300","4587","4000","587","0.1279703509919337","4000","1395","0.35513694929874207","0.040740373129551595"
"1262","300","0.4","0.3","0.2","0.05","0.65","0.65","300","4550","4000","550","0.12087912087912088","4000","1359","0.3472042071671794","0.05785237629188346"
"1267","300","0.4","0.3","0.2","0.05","0.65","0.65","300","4539","3986","553","0.12183300286406698","3986","1375","0.3484281639594169","0.0455979691262971"
"1268","300","0.4","0.3","0.2","0.05","0.65","0.65","300","4552","4029","523","0.11489455184534271","4029","1493","0.35063174931055374","0.05101136425508026"
"1264","300","0.4","0.3","0.2","0.05","0.65","0.65","300","4532","4013","519","0.1145189761694616","4013","1390","0.3514259537304969","0.04501424264409032"
"1273","300","0.4","0.3","0.2","0.05","0.65","0.7","300","4005","3693","312","0.07790262172284644","3693","1143","0.3370955365337674","0.04444667797845699"
"1272","300","0.4","0.3","0.2","0.05","0.65","0.7","300","4027","3676","351","0.08716165880307922","3676","1110","0.3319304628423426","0.05045106826540884"
"1274","300","0.4","0.3","0.2","0.05","0.65","0.7","300","3985","3643","342","0.08582183186951066","3643","1066","0.33475492819921876","0.04325067649750773"
"1275","300","0.4","0.3","0.2","0.05","0.65","0.7","300","3995","3638","357","0.08936170212765958","3638","1119","0.33505558471614866","0.03504615240655714"
"1269","300","0.4","0.3","0.2","0.05","0.65","0.65","300","4536","4030","506","0.11155202821869488","4030","1421","0.3568505947297033","0.04039917385067303"
"1276","300","0.4","0.3","0.2","0.05","0.65","0.7","300","4042","3681","361","0.08931222167243939","3681","1128","0.33471186222712374","0.03949178255910386"
"1271","300","0.4","0.3","0.2","0.05","0.65","0.7","300","4026","3648","378","0.09388971684053651","3648","1073","0.3319194432456163","0.045912532687683576"
"1277","300","0.4","0.3","0.2","0.05","0.65","0.7","300","4031","3644","387","0.09600595385760358","3644","1099","0.33469624991107977","0.04537553676555287"
"1270","300","0.4","0.3","0.2","0.05","0.65","0.65","300","4530","4005","525","0.11589403973509933","4005","1386","0.35214216954811206","0.045425151858585915"
"1282","300","0.4","0.3","0.2","0.05","0.65","0.75","300","3694","3412","282","0.07634001082837033","3412","869","0.3229322145766148","0.035431393345432396"
"1280","300","0.4","0.3","0.2","0.05","0.65","0.7","300","4048","3673","375","0.09263833992094862","3673","1111","0.3308423885857552","0.03832037806788807"
"1279","300","0.4","0.3","0.2","0.05","0.65","0.7","300","4000","3624","376","0.094","3624","1120","0.3338933155896186","0.03948781917137856"
"1278","300","0.4","0.3","0.2","0.05","0.65","0.7","300","4044","3694","350","0.08654797230464886","3694","1126","0.33082712684241333","0.05191104991721606"
"1286","300","0.4","0.3","0.2","0.05","0.65","0.75","300","3625","3377","248","0.06841379310344828","3377","830","0.3187944585574458","0.039666451983647655"
"1283","300","0.4","0.3","0.2","0.05","0.65","0.75","300","3669","3430","239","0.06514036522213137","3430","886","0.3240185373238292","0.046340000367180015"
"1281","300","0.4","0.3","0.2","0.05","0.65","0.75","300","3672","3395","277","0.07543572984749455","3395","846","0.32095277719542564","0.030496998391559314"
"1284","300","0.4","0.3","0.2","0.05","0.65","0.75","300","3711","3424","287","0.07733764483966586","3424","819","0.31907433486755005","0.04374204548742501"
"1288","300","0.4","0.3","0.2","0.05","0.65","0.75","300","3654","3401","253","0.0692391899288451","3401","833","0.32184865725714445","0.03853287491757753"
"1285","300","0.4","0.3","0.2","0.05","0.65","0.75","300","3673","3420","253","0.06888102368635993","3420","829","0.32621733289955607","0.03729605504548953"
"1287","300","0.4","0.3","0.2","0.05","0.65","0.75","300","3654","3433","221","0.06048166392993979","3433","824","0.32279712170663816","0.040280451855227294"
"1293","300","0.4","0.3","0.2","0.05","0.65","0.8","300","3444","3276","168","0.04878048780487805","3276","706","0.31446066804033485","0.031581193540279856"
"1291","300","0.4","0.3","0.2","0.05","0.65","0.8","300","3455","3267","188","0.05441389290882779","3267","629","0.31099142641180666","0.03336817628133533"
"1290","300","0.4","0.3","0.2","0.05","0.65","0.75","300","3648","3388","260","0.0712719298245614","3388","863","0.31977742907327245","0.04458796399576268"
"1294","300","0.4","0.3","0.2","0.05","0.65","0.8","300","3405","3242","163","0.04787077826725404","3242","685","0.3109066979538396","0.037075486261273945"
"1289","300","0.4","0.3","0.2","0.05","0.65","0.75","300","3640","3403","237","0.06510989010989011","3403","816","0.3191963196139083","0.05047325372948612"
"1296","300","0.4","0.3","0.2","0.05","0.65","0.8","300","3435","3248","187","0.05443959243085881","3248","656","0.313169812108505","0.029301738518531472"
"1295","300","0.4","0.3","0.2","0.05","0.65","0.8","300","3427","3250","177","0.051648672308141234","3250","621","0.3127826831087544","0.03436234982220692"
"1292","300","0.4","0.3","0.2","0.05","0.65","0.8","300","3423","3242","181","0.05287759275489337","3242","649","0.3119926761083955","0.03348363566018172"
"1298","300","0.4","0.3","0.2","0.05","0.65","0.8","300","3457","3292","165","0.047729245010124384","3292","679","0.31261184610396486","0.043319717099639374"
"1300","300","0.4","0.3","0.2","0.05","0.65","0.8","300","3447","3266","181","0.05250942848854076","3266","686","0.31369053622332227","0.034608050304225056"
"1297","300","0.4","0.3","0.2","0.05","0.65","0.8","300","3369","3194","175","0.051944197091124966","3194","654","0.3163090621153139","0.04356110672983751"
"1299","300","0.4","0.3","0.2","0.05","0.65","0.8","300","3445","3272","173","0.050217706821480405","3272","651","0.31284015956069594","0.031237655104431498"
"1302","300","0.4","0.3","0.2","0.05","0.7","0.2","300","89093","7222","81871","0.9189386371544341","7222","5796","0.7936927868515359","1"
"1306","300","0.4","0.3","0.2","0.05","0.7","0.2","300","89040","7223","81817","0.9188791554357592","7223","5832","0.7948831582863329","1"
"1303","300","0.4","0.3","0.2","0.05","0.7","0.2","300","88904","7217","81687","0.9188225501664717","7217","5804","0.7918058261323307","1"
"1304","300","0.4","0.3","0.2","0.05","0.7","0.2","300","89108","7280","81828","0.9183013870808457","7280","5832","0.7901806168128948","1"
"1310","300","0.4","0.3","0.2","0.05","0.7","0.2","300","88976","7187","81789","0.9192254090990829","7187","5736","0.8091592127112918","1"
"1307","300","0.4","0.3","0.2","0.05","0.7","0.2","300","89061","7308","81753","0.9179438811601037","7308","5778","0.8108556850905669","1"
"1305","300","0.4","0.3","0.2","0.05","0.7","0.2","300","88972","7215","81757","0.918907071887785","7215","5831","0.8136197012146589","1"
"1309","300","0.4","0.3","0.2","0.05","0.7","0.2","300","89021","7198","81823","0.9191426742004696","7198","5833","0.8107047692486129","1"
"1308","300","0.4","0.3","0.2","0.05","0.7","0.2","300","88940","7223","81717","0.9187879469305149","7223","5751","0.7885319045497177","1"
"1301","300","0.4","0.3","0.2","0.05","0.7","0.2","300","89068","7238","81830","0.9187362464633763","7238","5737","0.8137319210645594","1"
"1313","300","0.4","0.3","0.2","0.05","0.7","0.25","300","88808","8447","80361","0.904884695072516","8447","6371","0.8074577529687487","1"
"1311","300","0.4","0.3","0.2","0.05","0.7","0.25","300","88744","8391","80353","0.9054471288199766","8391","6290","0.8231639166430734","1"
"1315","300","0.4","0.3","0.2","0.05","0.7","0.25","300","88839","8443","80396","0.9049629104334808","8443","6333","0.8192004485349316","1"
"1314","300","0.4","0.3","0.2","0.05","0.7","0.25","300","88766","8397","80369","0.9054029696054796","8397","6299","0.8157816982359254","1"
"1312","300","0.4","0.3","0.2","0.05","0.7","0.25","300","88661","8418","80243","0.9050540824037626","8418","6298","0.8069258547090187","1"
"1316","300","0.4","0.3","0.2","0.05","0.7","0.25","300","88732","8533","80199","0.9038340170400757","8533","6383","0.8152845589101926","1"
"1318","300","0.4","0.3","0.2","0.05","0.7","0.25","300","88832","8435","80397","0.9050454791066282","8435","6386","0.8182404659376324","1"
"1319","300","0.4","0.3","0.2","0.05","0.7","0.25","300","88735","8397","80338","0.9053699216769031","8397","6304","0.8141295082200521","1"
"1322","300","0.4","0.3","0.2","0.05","0.7","0.3","300","88219","9959","78260","0.8871104864031558","9959","6946","0.8468255818200985","1"
"1321","300","0.4","0.3","0.2","0.05","0.7","0.3","300","88156","9920","78236","0.887472208357911","9920","6881","0.8349537478970602","1"
"1317","300","0.4","0.3","0.2","0.05","0.7","0.25","300","88696","8434","80262","0.9049111572111482","8434","6353","0.8228706590572954","1"
"1320","300","0.4","0.3","0.2","0.05","0.7","0.25","300","88853","8418","80435","0.9052592484215503","8418","6388","0.8331982504533909","1"
"1323","300","0.4","0.3","0.2","0.05","0.7","0.3","300","88207","9942","78265","0.8872878569728027","9942","6946","0.8327288833119166","1"
"1325","300","0.4","0.3","0.2","0.05","0.7","0.3","300","88169","9907","78262","0.8876362440313489","9907","6861","0.8216490627511956","1"
"1324","300","0.4","0.3","0.2","0.05","0.7","0.3","300","88091","9905","78186","0.8875594555629973","9905","6934","0.8243616357728412","1"
"1327","300","0.4","0.3","0.2","0.05","0.7","0.3","300","88029","9873","78156","0.8878437787547285","9873","6886","0.824852500343432","1"
"1329","300","0.4","0.3","0.2","0.05","0.7","0.3","300","88222","9866","78356","0.8881684840515971","9866","6890","0.8190388284817457","1"
"1326","300","0.4","0.3","0.2","0.05","0.7","0.3","300","88244","9905","78339","0.8877544082317211","9905","6982","0.8335990015481725","1"
"1328","300","0.4","0.3","0.2","0.05","0.7","0.3","300","88209","9903","78306","0.8877325442982008","9903","6933","0.834968208801746","1"
"1330","300","0.4","0.3","0.2","0.05","0.7","0.3","300","88108","9853","78255","0.8881713351795524","9853","6936","0.8156269293617214","1"
"1332","300","0.4","0.3","0.2","0.05","0.7","0.35","300","84737","11543","73194","0.8637785146984198","11543","7522","0.841718252316388","1"
"1341","300","0.4","0.3","0.2","0.05","0.7","0.4","300","34526","9721","24805","0.7184440711347969","9721","5882","0.6964848047838258","0.3816746419565295"
"1335","300","0.4","0.3","0.2","0.05","0.7","0.35","300","84386","11378","73008","0.8651672078306828","11378","7366","0.8411215774264579","1"
"1331","300","0.4","0.3","0.2","0.05","0.7","0.35","300","85305","11599","73706","0.8640290721528633","11599","7464","0.8302669629449844","1"
"1342","300","0.4","0.3","0.2","0.05","0.7","0.4","300","34738","9873","24865","0.7157867465023893","9873","5894","0.7033609670301584","0.3809832039429098"
"1337","300","0.4","0.3","0.2","0.05","0.7","0.35","300","84695","11483","73212","0.8644193872129405","11483","7472","0.8295396044846887","1"
"1333","300","0.4","0.3","0.2","0.05","0.7","0.35","300","84534","11600","72934","0.8627771074360612","11600","7403","0.8483476649725917","1"
"1338","300","0.4","0.3","0.2","0.05","0.7","0.35","300","84415","11533","72882","0.8633773618432743","11533","7425","0.8434406805449187","1"
"1343","300","0.4","0.3","0.2","0.05","0.7","0.4","300","34232","9703","24529","0.7165517644309418","9703","5769","0.6754670601678772","0.38172326492317377"
"1344","300","0.4","0.3","0.2","0.05","0.7","0.4","300","34443","9667","24776","0.7193333914002845","9667","5820","0.6786483241845072","0.38165046073684616"
"1336","300","0.4","0.3","0.2","0.05","0.7","0.35","300","84796","11365","73431","0.8659724515307325","11365","7452","0.8430856481506602","1"
"1340","300","0.4","0.3","0.2","0.05","0.7","0.35","300","84853","11474","73379","0.8647779100326447","11474","7476","0.8375576679095035","1"
"1334","300","0.4","0.3","0.2","0.05","0.7","0.35","300","84662","11664","72998","0.8622286267747041","11664","7510","0.8442258979546062","1"
"1339","300","0.4","0.3","0.2","0.05","0.7","0.35","300","84572","11436","73136","0.8647779406895899","11436","7513","0.8309268570751326","1"
"1348","300","0.4","0.3","0.2","0.05","0.7","0.4","300","34575","9798","24777","0.7166160520607375","9798","5842","0.6910181893621965","0.3811979263553571"
"1345","300","0.4","0.3","0.2","0.05","0.7","0.4","300","34724","9856","24868","0.716161732519295","9856","5861","0.6960006611751812","0.3812835019398806"
"1351","300","0.4","0.3","0.2","0.05","0.7","0.45","300","17120","8111","9009","0.5262266355140187","8111","4504","0.572021634069212","0.18571566719059415"
"1346","300","0.4","0.3","0.2","0.05","0.7","0.4","300","34189","9757","24432","0.714615812103308","9757","5782","0.6863532158201813","0.381016658962629"
"1350","300","0.4","0.3","0.2","0.05","0.7","0.4","300","34414","9703","24711","0.7180507932818039","9703","5843","0.6902979094694622","0.3819078038778909"
"1352","300","0.4","0.3","0.2","0.05","0.7","0.45","300","17303","8014","9289","0.5368433219672889","8014","4457","0.571053434153651","0.18305852958285418"
"1353","300","0.4","0.3","0.2","0.05","0.7","0.45","300","17152","8076","9076","0.5291511194029851","8076","4478","0.5786552486484831","0.18441869415369855"
"1347","300","0.4","0.3","0.2","0.05","0.7","0.4","300","34542","9814","24728","0.7158821145272422","9814","5849","0.694892535293761","0.3817567251293582"
"1349","300","0.4","0.3","0.2","0.05","0.7","0.4","300","34512","9744","24768","0.717663421418637","9744","5818","0.6993259650717769","0.3812239312438537"
"1354","300","0.4","0.3","0.2","0.05","0.7","0.45","300","17015","8054","8961","0.5266529532765207","8054","4461","0.5756173099340449","0.18629162781690872"
"1355","300","0.4","0.3","0.2","0.05","0.7","0.45","300","17190","8143","9047","0.5262943571844095","8143","4493","0.5848399522840645","0.18406589241556487"
"1356","300","0.4","0.3","0.2","0.05","0.7","0.45","300","17190","8049","9141","0.5317626527050611","8049","4467","0.5695012220059955","0.18153629130665885"
"1357","300","0.4","0.3","0.2","0.05","0.7","0.45","300","17118","8094","9024","0.5271643883631265","8094","4421","0.5760443321303583","0.186890317142826"
"1362","300","0.4","0.3","0.2","0.05","0.7","0.5","300","9818","6353","3465","0.35292320228152374","6353","3171","0.4753483831607863","0.0985177781398146"
"1359","300","0.4","0.3","0.2","0.05","0.7","0.45","300","17145","8155","8990","0.5243511227763197","8155","4490","0.5817913233610217","0.18197343004607666"
"1358","300","0.4","0.3","0.2","0.05","0.7","0.45","300","17199","8168","9031","0.5250886679458108","8168","4499","0.5738023646288467","0.18329117443779858"
"1363","300","0.4","0.3","0.2","0.05","0.7","0.5","300","9846","6325","3521","0.3576071501117205","6325","3162","0.4786079792166933","0.10839535788109766"
"1361","300","0.4","0.3","0.2","0.05","0.7","0.5","300","9734","6335","3399","0.34918841175261967","6335","3142","0.4720339156746789","0.10640102202795737"
"1364","300","0.4","0.3","0.2","0.05","0.7","0.5","300","9777","6346","3431","0.3509256418124169","6346","3206","0.47613605248644236","0.10974339777932249"
"1360","300","0.4","0.3","0.2","0.05","0.7","0.45","300","17143","8148","8995","0.5247039608003267","8148","4412","0.5591234553490679","0.18508997411001524"
"1365","300","0.4","0.3","0.2","0.05","0.7","0.5","300","9882","6359","3523","0.3565067800040478","6359","3187","0.47719928468802647","0.1077772606734248"
"1371","300","0.4","0.3","0.2","0.05","0.7","0.55","300","6600","5103","1497","0.2268181818181818","5103","2317","0.4122987945619698","0.0646721804343939"
"1366","300","0.4","0.3","0.2","0.05","0.7","0.5","300","9834","6362","3472","0.35306080943664836","6362","3196","0.4727438600568245","0.09663266965057254"
"1369","300","0.4","0.3","0.2","0.05","0.7","0.5","300","9746","6401","3345","0.3432177303509132","6401","3189","0.4814498195103196","0.10330823351919603"
"1368","300","0.4","0.3","0.2","0.05","0.7","0.5","300","9788","6338","3450","0.3524724152022885","6338","3199","0.47706986755550246","0.10140271630337007"
"1373","300","0.4","0.3","0.2","0.05","0.7","0.55","300","6616","5066","1550","0.23428053204353083","5066","2226","0.41213741599768633","0.0676935733774477"
"1367","300","0.4","0.3","0.2","0.05","0.7","0.5","300","9685","6360","3325","0.34331440371708827","6360","3143","0.47053389215567554","0.09555422610145778"
"1374","300","0.4","0.3","0.2","0.05","0.7","0.55","300","6620","5067","1553","0.23459214501510575","5067","2280","0.4236564636115811","0.0671739043774045"
"1372","300","0.4","0.3","0.2","0.05","0.7","0.55","300","6624","5091","1533","0.23143115942028986","5091","2296","0.41604124483147253","0.06444791495121233"
"1375","300","0.4","0.3","0.2","0.05","0.7","0.55","300","6650","5062","1588","0.238796992481203","5062","2272","0.4165204889535264","0.07160228741338892"
"1370","300","0.4","0.3","0.2","0.05","0.7","0.5","300","9851","6319","3532","0.3585422799715765","6319","3179","0.46655664177700173","0.11042448966292777"
"1378","300","0.4","0.3","0.2","0.05","0.7","0.55","300","6652","5077","1575","0.2367708959711365","5077","2275","0.40659408896272964","0.0676380280324914"
"1381","300","0.4","0.3","0.2","0.05","0.7","0.6","300","5158","4287","871","0.16886390073671967","4287","1696","0.37390389900637927","0.0455306658108668"
"1376","300","0.4","0.3","0.2","0.05","0.7","0.55","300","6589","5052","1537","0.2332675671573835","5052","2328","0.4079163636854247","0.07497186047398319"
"1377","300","0.4","0.3","0.2","0.05","0.7","0.55","300","6595","5064","1531","0.2321455648218347","5064","2240","0.4057256767874553","0.0694939051204583"
"1380","300","0.4","0.3","0.2","0.05","0.7","0.55","300","6587","5093","1494","0.226810384089874","5093","2278","0.41788475738601555","0.06475233432856095"
"1379","300","0.4","0.3","0.2","0.05","0.7","0.55","300","6579","5087","1492","0.22678218574251405","5087","2237","0.40902638299096555","0.06958442682485061"
"1382","300","0.4","0.3","0.2","0.05","0.7","0.6","300","5166","4302","864","0.1672473867595819","4302","1763","0.3697194093282926","0.057124394060575436"
"1383","300","0.4","0.3","0.2","0.05","0.7","0.6","300","5097","4312","785","0.15401216401804985","4312","1722","0.37400036754450916","0.05565293854005193"
"1392","300","0.4","0.3","0.2","0.05","0.7","0.65","300","4319","3792","527","0.12201898587636027","3792","1324","0.3488013373627334","0.04788646666011767"
"1385","300","0.4","0.3","0.2","0.05","0.7","0.6","300","5178","4308","870","0.16801853997682503","4308","1687","0.3764117237921245","0.04522477869476396"
"1384","300","0.4","0.3","0.2","0.05","0.7","0.6","300","5177","4291","886","0.17114158779215763","4291","1776","0.3760352591606701","0.061047087547882815"
"1390","300","0.4","0.3","0.2","0.05","0.7","0.6","300","5162","4307","855","0.16563347539713288","4307","1690","0.37536200824690696","0.04845320677731992"
"1387","300","0.4","0.3","0.2","0.05","0.7","0.6","300","5168","4309","859","0.16621517027863777","4309","1697","0.36848651635587115","0.04443281072211169"
"1388","300","0.4","0.3","0.2","0.05","0.7","0.6","300","5145","4303","842","0.16365403304178813","4303","1735","0.378970842819788","0.052871515663134104"
"1391","300","0.4","0.3","0.2","0.05","0.7","0.65","300","4324","3839","485","0.11216466234967623","3839","1346","0.34913535755859504","0.04589446342541125"
"1386","300","0.4","0.3","0.2","0.05","0.7","0.6","300","5130","4295","835","0.1627680311890838","4295","1678","0.37313614685164753","0.05433566097341124"
"1394","300","0.4","0.3","0.2","0.05","0.7","0.65","300","4349","3811","538","0.12370659921821109","3811","1332","0.3510394002042427","0.04398935196281396"
"1389","300","0.4","0.3","0.2","0.05","0.7","0.6","300","5166","4272","894","0.17305458768873402","4272","1688","0.3728731724794757","0.05855494950068066"
"1396","300","0.4","0.3","0.2","0.05","0.7","0.65","300","4305","3802","503","0.11684088269454124","3802","1365","0.35466523724436855","0.04520910907761617"
"1393","300","0.4","0.3","0.2","0.05","0.7","0.65","300","4311","3790","521","0.12085363024820227","3790","1366","0.3449556126383318","0.047377437177121264"
"1398","300","0.4","0.3","0.2","0.05","0.7","0.65","300","4334","3788","546","0.12598061836640517","3788","1367","0.34441158641417524","0.04921714183573691"
"1400","300","0.4","0.3","0.2","0.05","0.7","0.65","300","4322","3807","515","0.11915779731605738","3807","1345","0.34860654793005175","0.05189217312247518"
"1395","300","0.4","0.3","0.2","0.05","0.7","0.65","300","4393","3818","575","0.13089005235602094","3818","1331","0.3483583859543937","0.04720749238870199"
"1401","300","0.4","0.3","0.2","0.05","0.7","0.7","300","3872","3500","372","0.09607438016528926","3500","1053","0.3325403540323107","0.04729707341254615"
"1397","300","0.4","0.3","0.2","0.05","0.7","0.65","300","4367","3797","570","0.1305243874513396","3797","1342","0.35383029667746263","0.03987723289119964"
"1399","300","0.4","0.3","0.2","0.05","0.7","0.65","300","4357","3840","517","0.11865962818453064","3840","1293","0.3469827106914771","0.03675366342194276"
"1405","300","0.4","0.3","0.2","0.05","0.7","0.7","300","3806","3479","327","0.08591697320021019","3479","1104","0.3365844394559937","0.039203029976721"
"1404","300","0.4","0.3","0.2","0.05","0.7","0.7","300","3883","3512","371","0.09554468194694823","3512","1060","0.3336368239608291","0.050964325825028814"
"1408","300","0.4","0.3","0.2","0.05","0.7","0.7","300","3795","3470","325","0.08563899868247694","3470","1022","0.33283136873556773","0.03666549976808036"
"1406","300","0.4","0.3","0.2","0.05","0.7","0.7","300","3839","3489","350","0.09116957541026309","3489","1083","0.3363024185010457","0.03200616178368993"
"1402","300","0.4","0.3","0.2","0.05","0.7","0.7","300","3868","3526","342","0.08841778697001035","3526","1057","0.33300745959000727","0.04615059360395566"
"1411","300","0.4","0.3","0.2","0.05","0.7","0.75","300","3526","3284","242","0.06863301191151447","3284","805","0.3225817009036579","0.03417342818184137"
"1407","300","0.4","0.3","0.2","0.05","0.7","0.7","300","3842","3500","342","0.0890161374284227","3500","1026","0.33188362517957903","0.040146260299832884"
"1403","300","0.4","0.3","0.2","0.05","0.7","0.7","300","3875","3533","342","0.08825806451612903","3533","1072","0.336504793394412","0.04247540882358159"
"1416","300","0.4","0.3","0.2","0.05","0.7","0.75","300","3544","3303","241","0.06800225733634312","3303","866","0.3243733647292922","0.03484041743513683"
"1409","300","0.4","0.3","0.2","0.05","0.7","0.7","300","3829","3495","334","0.0872290415252024","3495","1084","0.3342977375610513","0.04249809898453392"
"1412","300","0.4","0.3","0.2","0.05","0.7","0.75","300","3504","3268","236","0.06735159817351598","3268","791","0.3217465397163794","0.03621795617173858"
"1413","300","0.4","0.3","0.2","0.05","0.7","0.75","300","3496","3271","225","0.06435926773455378","3271","871","0.3238601175939815","0.0366278921075348"
"1410","300","0.4","0.3","0.2","0.05","0.7","0.7","300","3830","3510","320","0.0835509138381201","3510","1041","0.33445023412573477","0.04418090591410455"
"1414","300","0.4","0.3","0.2","0.05","0.7","0.75","300","3502","3296","206","0.058823529411764705","3296","843","0.32338024579212493","0.041077849620044835"
"1415","300","0.4","0.3","0.2","0.05","0.7","0.75","300","3474","3236","238","0.06850892343120323","3236","808","0.32678551048819887","0.03432285845194503"
"1418","300","0.4","0.3","0.2","0.05","0.7","0.75","300","3474","3258","216","0.06217616580310881","3258","813","0.32284603675423035","0.04096819490008298"
"1417","300","0.4","0.3","0.2","0.05","0.7","0.75","300","3501","3290","211","0.060268494715795484","3290","798","0.32276375007256014","0.02818935800561127"
"1419","300","0.4","0.3","0.2","0.05","0.7","0.75","300","3502","3268","234","0.06681896059394632","3268","800","0.3205179886013372","0.0479592438273112"
"1420","300","0.4","0.3","0.2","0.05","0.7","0.75","300","3478","3245","233","0.06699252443933296","3245","798","0.32230268434801723","0.042764312530430185"
"1421","300","0.4","0.3","0.2","0.05","0.7","0.8","300","3296","3127","169","0.05127427184466019","3127","570","0.31297827191836114","0.02766594984828657"
"1423","300","0.4","0.3","0.2","0.05","0.7","0.8","300","3284","3114","170","0.05176613885505481","3114","597","0.31175693148001427","0.03275095934598164"
"1422","300","0.4","0.3","0.2","0.05","0.7","0.8","300","3352","3183","169","0.05041766109785203","3183","597","0.3121147007207221","0.04019061810609681"
"1428","300","0.4","0.3","0.2","0.05","0.7","0.8","300","3317","3148","169","0.05094965330117576","3148","634","0.314339237711926","0.04351712924167103"
"1426","300","0.4","0.3","0.2","0.05","0.7","0.8","300","3329","3170","159","0.04776209071793331","3170","573","0.31380236648339893","0.03775104002668081"
"1427","300","0.4","0.3","0.2","0.05","0.7","0.8","300","3261","3102","159","0.04875804967801288","3102","590","0.31436237470703615","0.032471708485670166"
"1424","300","0.4","0.3","0.2","0.05","0.7","0.8","300","3308","3145","163","0.04927448609431681","3145","598","0.3154669710600099","0.0442851123340857"
"1425","300","0.4","0.3","0.2","0.05","0.7","0.8","300","3327","3176","151","0.04538623384430418","3176","612","0.31200414526876735","0.03804996473103235"
"1429","300","0.4","0.3","0.2","0.05","0.7","0.8","300","3267","3100","167","0.05111723293541475","3100","637","0.31493134594492367","0.033400050651086574"
"1430","300","0.4","0.3","0.2","0.05","0.7","0.8","300","3316","3138","178","0.05367913148371532","3138","596","0.31187736132493976","0.037723593199918165"
"1431","300","0.4","0.3","0.2","0.05","0.75","0.2","300","89115","7082","82033","0.9205296526959547","7082","5634","0.8190950857526335","1"
"1434","300","0.4","0.3","0.2","0.05","0.75","0.2","300","89227","7109","82118","0.9203268069082229","7109","5637","0.8196017456243535","1"
"1432","300","0.4","0.3","0.2","0.05","0.75","0.2","300","89179","6952","82227","0.9220444274997477","6952","5576","0.7956202740082384","1"
"1436","300","0.4","0.3","0.2","0.05","0.75","0.2","300","89127","7032","82095","0.9211013497593322","7032","5622","0.8097218116070617","1"
"1437","300","0.4","0.3","0.2","0.05","0.75","0.2","300","89126","6989","82137","0.921582927540785","6989","5612","0.8145296412212158","1"
"1435","300","0.4","0.3","0.2","0.05","0.75","0.2","300","89201","7034","82167","0.9211443817894418","7034","5599","0.8074264295458202","1"
"1439","300","0.4","0.3","0.2","0.05","0.75","0.2","300","89149","7062","82087","0.9207843049277054","7062","5597","0.7989287579743828","1"
"1438","300","0.4","0.3","0.2","0.05","0.75","0.2","300","89250","7096","82154","0.9204929971988796","7096","5607","0.8036491146128852","1"
"1433","300","0.4","0.3","0.2","0.05","0.75","0.2","300","89130","7029","82101","0.9211376640861663","7029","5668","0.8116745742780368","1"
"1441","300","0.4","0.3","0.2","0.05","0.75","0.25","300","88963","8273","80690","0.9070062835111226","8273","6234","0.832197415145564","1"
"1440","300","0.4","0.3","0.2","0.05","0.75","0.2","300","89163","7038","82125","0.9210659129908145","7038","5616","0.8049219953460631","1"
"1446","300","0.4","0.3","0.2","0.05","0.75","0.25","300","88910","8328","80582","0.9063322460915533","8328","6215","0.8103746563202693","1"
"1442","300","0.4","0.3","0.2","0.05","0.75","0.25","300","89082","8215","80867","0.9077815944859792","8215","6159","0.8235749307220572","1"
"1445","300","0.4","0.3","0.2","0.05","0.75","0.25","300","89101","8258","80843","0.9073186608455572","8258","6186","0.8217366142134285","1"
"1444","300","0.4","0.3","0.2","0.05","0.75","0.25","300","89088","8285","80803","0.9070020653735632","8285","6194","0.8186567762483941","1"
"1448","300","0.4","0.3","0.2","0.05","0.75","0.25","300","89133","8266","80867","0.907262181234784","8266","6205","0.8237323271044094","1"
"1443","300","0.4","0.3","0.2","0.05","0.75","0.25","300","89098","8238","80860","0.9075400121214842","8238","6157","0.8297446439981125","1"
"1449","300","0.4","0.3","0.2","0.05","0.75","0.25","300","89009","8168","80841","0.9082339988091092","8168","6122","0.8175269640133043","1"
"1450","300","0.4","0.3","0.2","0.05","0.75","0.25","300","88921","8332","80589","0.9062988495406035","8332","6192","0.8334688921114203","1"
"1453","300","0.4","0.3","0.2","0.05","0.75","0.3","300","88580","9557","79023","0.8921088281779183","9557","6780","0.8408578646454336","1"
"1447","300","0.4","0.3","0.2","0.05","0.75","0.25","300","88955","8208","80747","0.9077286268337924","8208","6214","0.8289977207261315","1"
"1452","300","0.4","0.3","0.2","0.05","0.75","0.3","300","88586","9568","79018","0.8919919626126025","9568","6689","0.8319671645014893","1"
"1451","300","0.4","0.3","0.2","0.05","0.75","0.3","300","88570","9623","78947","0.8913514734108615","9623","6781","0.827482648869832","1"
"1454","300","0.4","0.3","0.2","0.05","0.75","0.3","300","88558","9560","78998","0.8920481492355292","9560","6794","0.8389587130603389","1"
"1455","300","0.4","0.3","0.2","0.05","0.75","0.3","300","88513","9625","78888","0.8912589111204003","9625","6756","0.8284686582185047","1"
"1456","300","0.4","0.3","0.2","0.05","0.75","0.3","300","88662","9640","79022","0.8912724729873001","9640","6759","0.8248126174221476","1"
"1459","300","0.4","0.3","0.2","0.05","0.75","0.3","300","88638","9554","79084","0.8922132719601074","9554","6779","0.8399517293978961","1"
"1457","300","0.4","0.3","0.2","0.05","0.75","0.3","300","88453","9602","78851","0.8914451742733429","9602","6720","0.8280193063950383","1"
"1458","300","0.4","0.3","0.2","0.05","0.75","0.3","300","88758","9708","79050","0.8906239437571825","9708","6774","0.8334536833893667","1"
"1460","300","0.4","0.3","0.2","0.05","0.75","0.3","300","88548","9786","78762","0.8894836698739667","9786","6749","0.8273288881381504","1"
"1461","300","0.4","0.3","0.2","0.05","0.75","0.35","300","87006","11305","75701","0.8700664322000782","11305","7353","0.8456401565669275","1"
"1464","300","0.4","0.3","0.2","0.05","0.75","0.35","300","86833","11333","75500","0.8694851035896491","11333","7307","0.8518283071098594","1"
"1472","300","0.4","0.3","0.2","0.05","0.75","0.4","300","40776","10075","30701","0.7529183833627624","10075","6083","0.7364378252285086","0.4609378976133047"
"1470","300","0.4","0.3","0.2","0.05","0.75","0.35","300","87002","11170","75832","0.8716121468471989","11170","7322","0.8371536726795374","1"
"1466","300","0.4","0.3","0.2","0.05","0.75","0.35","300","86862","11289","75573","0.8700352282931546","11289","7347","0.8455453588900258","1"
"1473","300","0.4","0.3","0.2","0.05","0.75","0.4","300","41242","9992","31250","0.7577227098588817","9992","6111","0.7316476962007032","0.46050319578726145"
"1462","300","0.4","0.3","0.2","0.05","0.75","0.35","300","86966","11403","75563","0.8688797921026609","11403","7338","0.8452555400578239","1"
"1469","300","0.4","0.3","0.2","0.05","0.75","0.35","300","86725","11201","75524","0.8708446238108966","11201","7360","0.8501482166212986","1"
"1468","300","0.4","0.3","0.2","0.05","0.75","0.35","300","86997","11260","75737","0.870570249548835","11260","7321","0.8374073936448218","1"
"1471","300","0.4","0.3","0.2","0.05","0.75","0.4","300","41144","10139","31005","0.7535728174217383","10139","6051","0.7444678631743582","0.4612190307335571"
"1465","300","0.4","0.3","0.2","0.05","0.75","0.35","300","86832","11315","75517","0.8696908973650267","11315","7303","0.8468548354952243","1"
"1474","300","0.4","0.3","0.2","0.05","0.75","0.4","300","41256","10114","31142","0.7548477797168897","10114","6127","0.7448137794286707","0.46116519386570454"
"1463","300","0.4","0.3","0.2","0.05","0.75","0.35","300","86938","11334","75604","0.8696312314522994","11334","7391","0.852011921478382","1"
"1467","300","0.4","0.3","0.2","0.05","0.75","0.35","300","86647","11196","75451","0.8707860629912172","11196","7345","0.8286895769472159","1"
"1475","300","0.4","0.3","0.2","0.05","0.75","0.4","300","40800","10127","30673","0.7517892156862745","10127","6072","0.7175713913432898","0.461035771246104"
"1476","300","0.4","0.3","0.2","0.05","0.75","0.4","300","41006","10126","30880","0.7530605277276496","10126","6086","0.7322278069122653","0.46016246052053883"
"1479","300","0.4","0.3","0.2","0.05","0.75","0.4","300","40879","10165","30714","0.7513393184764794","10165","6090","0.7257749618592394","0.45946997515292337"
"1477","300","0.4","0.3","0.2","0.05","0.75","0.4","300","40675","10073","30602","0.7523540258143823","10073","6147","0.725577986633236","0.45895453907046646"
"1480","300","0.4","0.3","0.2","0.05","0.75","0.4","300","41188","10094","31094","0.7549286199864038","10094","6093","0.7486688168529451","0.4602762618535119"
"1481","300","0.4","0.3","0.2","0.05","0.75","0.45","300","18233","8173","10060","0.5517468326660451","8173","4554","0.5877088963662103","0.1995944323318379"
"1482","300","0.4","0.3","0.2","0.05","0.75","0.45","300","18213","8276","9937","0.5455992972052929","8276","4538","0.5863844393673598","0.1945298094602574"
"1483","300","0.4","0.3","0.2","0.05","0.75","0.45","300","18261","8254","10007","0.547998466677619","8254","4531","0.5971150244908832","0.19553337558667017"
"1484","300","0.4","0.3","0.2","0.05","0.75","0.45","300","18172","8228","9944","0.5472154963680388","8228","4533","0.6004043838402222","0.1890627683799164"
"1478","300","0.4","0.3","0.2","0.05","0.75","0.4","300","41028","10237","30791","0.7504874719703617","10237","6084","0.7167187605425518","0.4604018195110519"
"1486","300","0.4","0.3","0.2","0.05","0.75","0.45","300","18276","8299","9977","0.545907200700372","8299","4566","0.5964588208896483","0.18948505144507596"
"1485","300","0.4","0.3","0.2","0.05","0.75","0.45","300","18275","8170","10105","0.5529411764705883","8170","4512","0.5741878872923508","0.19610421464300817"
"1488","300","0.4","0.3","0.2","0.05","0.75","0.45","300","18144","8251","9893","0.5452491181657848","8251","4490","0.5950183768875791","0.1929891864383987"
"1493","300","0.4","0.3","0.2","0.05","0.75","0.5","300","9675","6243","3432","0.35472868217054265","6243","3143","0.48231492177874763","0.11063526101974813"
"1492","300","0.4","0.3","0.2","0.05","0.75","0.5","300","9779","6288","3491","0.3569894672256877","6288","3188","0.47653762107536174","0.09870345644282053"
"1489","300","0.4","0.3","0.2","0.05","0.75","0.45","300","18218","8231","9987","0.5481940937534306","8231","4456","0.5788320614132384","0.19581102338595163"
"1487","300","0.4","0.3","0.2","0.05","0.75","0.45","300","18180","8217","9963","0.5480198019801981","8217","4523","0.5872978933759548","0.20095695469184685"
"1491","300","0.4","0.3","0.2","0.05","0.75","0.5","300","9729","6296","3433","0.3528625758042964","6296","3154","0.47797534685516857","0.10277907819051994"
"1495","300","0.4","0.3","0.2","0.05","0.75","0.5","300","9703","6261","3442","0.3547356487684221","6261","3104","0.47804648306414815","0.11071700233345055"
"1494","300","0.4","0.3","0.2","0.05","0.75","0.5","300","9822","6297","3525","0.35888821014050093","6297","3066","0.4872977670455468","0.09751432840338745"
"1496","300","0.4","0.3","0.2","0.05","0.75","0.5","300","9719","6258","3461","0.3561065953287375","6258","3118","0.47826572887401225","0.11261296158055265"
"1490","300","0.4","0.3","0.2","0.05","0.75","0.45","300","18261","8220","10041","0.549860358140299","8220","4522","0.5685071863444977","0.19678684793779425"
"1498","300","0.4","0.3","0.2","0.05","0.75","0.5","300","9770","6263","3507","0.35895598771750253","6263","3137","0.4777867204452227","0.10642746624478573"
"1497","300","0.4","0.3","0.2","0.05","0.75","0.5","300","9740","6267","3473","0.35657084188911703","6267","3136","0.48061994548877474","0.10168643693623389"
"1501","300","0.4","0.3","0.2","0.05","0.75","0.55","300","6412","4934","1478","0.2305053025577043","4934","2173","0.4041811769447965","0.0744006383762079"
"1503","300","0.4","0.3","0.2","0.05","0.75","0.55","300","6475","4909","1566","0.24185328185328187","4909","2213","0.40662167894699036","0.07025004166396284"
"1502","300","0.4","0.3","0.2","0.05","0.75","0.55","300","6438","4892","1546","0.24013668841255048","4892","2169","0.3997445224264122","0.06894690052518057"
"1499","300","0.4","0.3","0.2","0.05","0.75","0.5","300","9599","6281","3318","0.3456610063548286","6281","3117","0.4775890758474231","0.11508715354997474"
"1504","300","0.4","0.3","0.2","0.05","0.75","0.55","300","6375","4881","1494","0.2343529411764706","4881","2189","0.40374930286604643","0.06978140788892453"
"1505","300","0.4","0.3","0.2","0.05","0.75","0.55","300","6428","4904","1524","0.2370877411325451","4904","2205","0.4084786275354958","0.07313206312490408"
"1500","300","0.4","0.3","0.2","0.05","0.75","0.5","300","9746","6249","3497","0.3588138723578904","6249","3119","0.4740579915317154","0.10688694926435953"
"1506","300","0.4","0.3","0.2","0.05","0.75","0.55","300","6409","4896","1513","0.23607427055702918","4896","2167","0.4084390218405578","0.06526035831622785"
"1507","300","0.4","0.3","0.2","0.05","0.75","0.55","300","6420","4901","1519","0.2366043613707165","4901","2204","0.40283690233523195","0.07167669328293998"
"1511","300","0.4","0.3","0.2","0.05","0.75","0.6","300","4950","4115","835","0.1686868686868687","4115","1686","0.3801843772433945","0.05701085699526066"
"1514","300","0.4","0.3","0.2","0.05","0.75","0.6","300","5004","4197","807","0.16127098321342925","4197","1670","0.3812749911967413","0.04696985034841812"
"1512","300","0.4","0.3","0.2","0.05","0.75","0.6","300","5005","4145","860","0.17182817182817184","4145","1643","0.3761073297432174","0.052901523962764305"
"1509","300","0.4","0.3","0.2","0.05","0.75","0.55","300","6399","4917","1482","0.23159868729488983","4917","2232","0.419851333584574","0.06721357813826868"
"1515","300","0.4","0.3","0.2","0.05","0.75","0.6","300","4896","4071","825","0.16850490196078433","4071","1638","0.3692280199381717","0.04714429032013399"
"1513","300","0.4","0.3","0.2","0.05","0.75","0.6","300","4918","4069","849","0.17263115087433917","4069","1625","0.37368120509985125","0.049564057376891825"
"1508","300","0.4","0.3","0.2","0.05","0.75","0.55","300","6393","4930","1463","0.22884404817769435","4930","2246","0.41283557616760214","0.057498853669641824"
"1510","300","0.4","0.3","0.2","0.05","0.75","0.55","300","6445","4898","1547","0.2400310318076028","4898","2215","0.41380371108626485","0.07037590937644157"
"1516","300","0.4","0.3","0.2","0.05","0.75","0.6","300","4880","4157","723","0.14815573770491802","4157","1629","0.37291595170768355","0.042495773541206656"
"1517","300","0.4","0.3","0.2","0.05","0.75","0.6","300","4936","4119","817","0.1655186385737439","4119","1642","0.3753584071465302","0.04903779854217171"
"1519","300","0.4","0.3","0.2","0.05","0.75","0.6","300","4940","4121","819","0.16578947368421051","4121","1651","0.37721657617682547","0.046831602446342754"
"1518","300","0.4","0.3","0.2","0.05","0.75","0.6","300","4954","4124","830","0.16754138070246266","4124","1668","0.3756816835510254","0.050000745856264205"
"1520","300","0.4","0.3","0.2","0.05","0.75","0.6","300","4976","4111","865","0.17383440514469453","4111","1693","0.38008713545273903","0.052542462153349706"
"1523","300","0.4","0.3","0.2","0.05","0.75","0.65","300","4172","3663","509","0.12200383509108341","3663","1271","0.35492733223530964","0.04158066710684197"
"1521","300","0.4","0.3","0.2","0.05","0.75","0.65","300","4177","3671","506","0.12113957385683505","3671","1319","0.3507745019426009","0.04012771237143329"
"1524","300","0.4","0.3","0.2","0.05","0.75","0.65","300","4210","3692","518","0.12304038004750593","3692","1277","0.3429804499234098","0.05070472987382937"
"1522","300","0.4","0.3","0.2","0.05","0.75","0.65","300","4188","3697","491","0.11723973256924547","3697","1242","0.35190688507227125","0.04549523291673714"
"1532","300","0.4","0.3","0.2","0.05","0.75","0.7","300","3710","3381","329","0.08867924528301886","3381","1005","0.3341835279958431","0.036673593301194754"
"1527","300","0.4","0.3","0.2","0.05","0.75","0.65","300","4157","3644","513","0.12340630262208323","3644","1275","0.34868219418881774","0.03344555316889151"
"1533","300","0.4","0.3","0.2","0.05","0.75","0.7","300","3674","3356","318","0.08655416439847577","3356","1039","0.3342628127759696","0.04189782593248154"
"1525","300","0.4","0.3","0.2","0.05","0.75","0.65","300","4150","3636","514","0.12385542168674699","3636","1254","0.34205393874894424","0.042825258505249826"
"1526","300","0.4","0.3","0.2","0.05","0.75","0.65","300","4151","3675","476","0.11467116357504216","3675","1292","0.3488572112069414","0.04818419754901551"
"1528","300","0.4","0.3","0.2","0.05","0.75","0.65","300","4155","3650","505","0.12154031287605295","3650","1256","0.3472912432832223","0.03648809554243344"
"1531","300","0.4","0.3","0.2","0.05","0.75","0.7","300","3671","3351","320","0.08716970852628711","3351","1058","0.33615798545195985","0.0326731568916758"
"1530","300","0.4","0.3","0.2","0.05","0.75","0.65","300","4192","3673","519","0.12380725190839695","3673","1316","0.3491577472207076","0.04330401904039496"
"1534","300","0.4","0.3","0.2","0.05","0.75","0.7","300","3644","3323","321","0.08809001097694841","3323","1005","0.33324898178908696","0.03754880907611149"
"1535","300","0.4","0.3","0.2","0.05","0.75","0.7","300","3693","3365","328","0.08881668020579475","3365","992","0.3370864620925224","0.030507349219482116"
"1536","300","0.4","0.3","0.2","0.05","0.75","0.7","300","3675","3350","325","0.08843537414965986","3350","1001","0.3330859723439208","0.039727590493354815"
"1529","300","0.4","0.3","0.2","0.05","0.75","0.65","300","4155","3643","512","0.12322503008423585","3643","1300","0.355072167519305","0.04062289446319478"
"1537","300","0.4","0.3","0.2","0.05","0.75","0.7","300","3682","3341","341","0.09261271048343292","3341","1001","0.3326760480049007","0.03848530110902721"
"1539","300","0.4","0.3","0.2","0.05","0.75","0.7","300","3676","3335","341","0.0927638737758433","3335","1010","0.3326293354802702","0.03907961134989767"
"1542","300","0.4","0.3","0.2","0.05","0.75","0.75","300","3462","3232","230","0.06643558636626228","3232","814","0.32416568475994834","0.04217591528866042"
"1545","300","0.4","0.3","0.2","0.05","0.75","0.75","300","3421","3210","211","0.06167787196726104","3210","781","0.32289654915521987","0.044676232319265236"
"1538","300","0.4","0.3","0.2","0.05","0.75","0.7","300","3709","3365","344","0.09274737125909949","3365","1007","0.32983847282497325","0.03484526315873555"
"1541","300","0.4","0.3","0.2","0.05","0.75","0.75","300","3450","3192","258","0.07478260869565218","3192","804","0.3239090818129459","0.032078034550489326"
"1540","300","0.4","0.3","0.2","0.05","0.75","0.7","300","3674","3372","302","0.08219923788786064","3372","956","0.3306319027844049","0.03924365971167618"
"1547","300","0.4","0.3","0.2","0.05","0.75","0.75","300","3446","3212","234","0.06790481717933837","3212","844","0.3230279792490325","0.03983077562136094"
"1544","300","0.4","0.3","0.2","0.05","0.75","0.75","300","3392","3177","215","0.06338443396226415","3177","817","0.3227262807878819","0.03455331039369674"
"1543","300","0.4","0.3","0.2","0.05","0.75","0.75","300","3428","3174","254","0.07409568261376896","3174","803","0.32081433414096766","0.04286626023576923"
"1546","300","0.4","0.3","0.2","0.05","0.75","0.75","300","3428","3185","243","0.07088681446907819","3185","817","0.32493706065089883","0.03476582496940955"
"1548","300","0.4","0.3","0.2","0.05","0.75","0.75","300","3384","3165","219","0.06471631205673758","3165","771","0.32272219893418674","0.04779959338761635"
"1549","300","0.4","0.3","0.2","0.05","0.75","0.75","300","3367","3132","235","0.06979506979506979","3132","780","0.32109066472229425","0.04464752049313925"
"1551","300","0.4","0.3","0.2","0.05","0.75","0.8","300","3233","3089","144","0.04454067429631921","3089","626","0.3116544645419312","0.033707703356219816"
"1550","300","0.4","0.3","0.2","0.05","0.75","0.75","300","3412","3179","233","0.0682883939038687","3179","772","0.3224892864465557","0.03349883319163917"
"1554","300","0.4","0.3","0.2","0.05","0.75","0.8","300","3159","3013","146","0.04621715732826844","3013","589","0.31196551168778314","0.03188532033625101"
"1556","300","0.4","0.3","0.2","0.05","0.75","0.8","300","3238","3070","168","0.05188387893761581","3070","595","0.3136184418908717","0.03351400575841613"
"1557","300","0.4","0.3","0.2","0.05","0.75","0.8","300","3198","3025","173","0.05409631019387117","3025","625","0.3172340644433814","0.035196319010119215"
"1555","300","0.4","0.3","0.2","0.05","0.75","0.8","300","3240","3083","157","0.04845679012345679","3083","624","0.3124424170212618","0.03374948099745341"
"1553","300","0.4","0.3","0.2","0.05","0.75","0.8","300","3220","3045","175","0.05434782608695652","3045","638","0.31573955765295253","0.03519489684099915"
"1559","300","0.4","0.3","0.2","0.05","0.75","0.8","300","3284","3099","185","0.05633373934226553","3099","608","0.3150742754160089","0.028423766453705188"
"1558","300","0.4","0.3","0.2","0.05","0.75","0.8","300","3278","3108","170","0.05186089078706528","3108","617","0.31125347017647975","0.037741991424083604"
"1552","300","0.4","0.3","0.2","0.05","0.75","0.8","300","3215","3049","166","0.05163297045101089","3049","608","0.3113221276645306","0.03517636452144098"
"1560","300","0.4","0.3","0.2","0.05","0.75","0.8","300","3232","3041","191","0.059096534653465344","3041","589","0.31357980449867895","0.03577868708121625"
"1561","300","0.4","0.3","0.2","0.05","0.8","0.2","300","89226","6852","82374","0.923206240333535","6852","5491","0.8116166225729429","1"
"1564","300","0.4","0.3","0.2","0.05","0.8","0.2","300","89314","6859","82455","0.9232035291219741","6859","5487","0.799355198207413","1"
"1562","300","0.4","0.3","0.2","0.05","0.8","0.2","300","89363","6853","82510","0.9233127804572362","6853","5475","0.8119803962899576","1"
"1568","300","0.4","0.3","0.2","0.05","0.8","0.2","300","89270","6834","82436","0.9234457264478548","6834","5456","0.8122109768707051","1"
"1563","300","0.4","0.3","0.2","0.05","0.8","0.2","300","89223","6926","82297","0.9223742756912455","6926","5485","0.8328201107488048","1"
"1569","300","0.4","0.3","0.2","0.05","0.8","0.2","300","89278","6828","82450","0.9235197921100383","6828","5480","0.8143308995076639","1"
"1567","300","0.4","0.3","0.2","0.05","0.8","0.2","300","89225","6879","82346","0.9229027738862426","6879","5437","0.8159686368110036","1"
"1566","300","0.4","0.3","0.2","0.05","0.8","0.2","300","89330","6865","82465","0.9231501175416993","6865","5505","0.809855779349697","1"
"1565","300","0.4","0.3","0.2","0.05","0.8","0.2","300","89298","6843","82455","0.923368944433246","6843","5497","0.8148416964161429","1"
"1570","300","0.4","0.3","0.2","0.05","0.8","0.2","300","89350","6828","82522","0.9235814213766088","6828","5418","0.7974620823728422","1"
"1571","300","0.4","0.3","0.2","0.05","0.8","0.25","300","89158","8016","81142","0.9100921958769824","8016","6029","0.8282901513907365","1"
"1573","300","0.4","0.3","0.2","0.05","0.8","0.25","300","89180","8043","81137","0.9098116169544741","8043","6014","0.8353531543606807","1"
"1574","300","0.4","0.3","0.2","0.05","0.8","0.25","300","89175","7971","81204","0.9106139613120269","7971","6019","0.8456378927409945","1"
"1572","300","0.4","0.3","0.2","0.05","0.8","0.25","300","89155","7977","81178","0.9105266109584431","7977","5993","0.8288156526440641","1"
"1575","300","0.4","0.3","0.2","0.05","0.8","0.25","300","89152","8046","81106","0.9097496410624551","8046","5970","0.8261360878220058","1"
"1576","300","0.4","0.3","0.2","0.05","0.8","0.25","300","89259","8041","81218","0.9099138462227898","8041","6004","0.8301383556108237","1"
"1577","300","0.4","0.3","0.2","0.05","0.8","0.25","300","89188","8013","81175","0.9101560748082702","8013","5958","0.8175283144484314","1"
"1578","300","0.4","0.3","0.2","0.05","0.8","0.25","300","89217","8061","81156","0.909647264534786","8061","6011","0.8358540738423639","1"
"1579","300","0.4","0.3","0.2","0.05","0.8","0.25","300","89151","8075","81076","0.9094233379322723","8075","6062","0.839743943079687","1"
"1582","300","0.4","0.3","0.2","0.05","0.8","0.3","300","88905","9397","79508","0.8943029075979979","9397","6571","0.8338700611086853","1"
"1581","300","0.4","0.3","0.2","0.05","0.8","0.3","300","88872","9315","79557","0.8951863354037267","9315","6599","0.8243199770241871","1"
"1580","300","0.4","0.3","0.2","0.05","0.8","0.25","300","89131","8065","81066","0.9095152079523399","8065","6075","0.8315281228173375","1"
"1583","300","0.4","0.3","0.2","0.05","0.8","0.3","300","88963","9383","79580","0.8945291862909299","9383","6612","0.8361301436243426","1"
"1584","300","0.4","0.3","0.2","0.05","0.8","0.3","300","89000","9517","79483","0.8930674157303371","9517","6649","0.8428112943400192","1"
"1586","300","0.4","0.3","0.2","0.05","0.8","0.3","300","88911","9406","79505","0.8942088155571302","9406","6585","0.8363564187459719","1"
"1588","300","0.4","0.3","0.2","0.05","0.8","0.3","300","88902","9451","79451","0.8936919304402601","9451","6621","0.847456315406585","1"
"1585","300","0.4","0.3","0.2","0.05","0.8","0.3","300","88978","9483","79495","0.8934230933489177","9483","6582","0.8408953056094315","1"
"1587","300","0.4","0.3","0.2","0.05","0.8","0.3","300","89014","9384","79630","0.8945783809288427","9384","6643","0.837778644371705","1"
"1589","300","0.4","0.3","0.2","0.05","0.8","0.3","300","88865","9357","79508","0.8947054520902492","9357","6590","0.8451462006807172","1"
"1590","300","0.4","0.3","0.2","0.05","0.8","0.3","300","88993","9443","79550","0.893890530715899","9443","6586","0.8265416261834915","1"
"1591","300","0.4","0.3","0.2","0.05","0.8","0.35","300","87902","11042","76860","0.8743828354303657","11042","7186","0.8662834956677176","1"
"1596","300","0.4","0.3","0.2","0.05","0.8","0.35","300","87924","11208","76716","0.8725262726900505","11208","7232","0.848208140660404","1"
"1592","300","0.4","0.3","0.2","0.05","0.8","0.35","300","88045","11255","76790","0.8721676415469363","11255","7196","0.8378764531635006","1"
"1594","300","0.4","0.3","0.2","0.05","0.8","0.35","300","87704","11130","76574","0.8730958679193651","11130","7161","0.8404286018922432","1"
"1593","300","0.4","0.3","0.2","0.05","0.8","0.35","300","87980","11026","76954","0.8746760627415322","11026","7236","0.8357872530616904","1"
"1595","300","0.4","0.3","0.2","0.05","0.8","0.35","300","88003","11177","76826","0.8729929661488813","11177","7236","0.8415062311443594","1"
"1602","300","0.4","0.3","0.2","0.05","0.8","0.4","300","54168","10825","43343","0.8001587653226997","10825","6512","0.8038855001101183","0.6812445682646768"
"1597","300","0.4","0.3","0.2","0.05","0.8","0.35","300","87816","11074","76742","0.8738954176915369","11074","7220","0.8632184632027247","1"
"1601","300","0.4","0.3","0.2","0.05","0.8","0.4","300","54616","10953","43663","0.7994543723451003","10953","6593","0.8016190579199132","0.6822935163687335"
"1603","300","0.4","0.3","0.2","0.05","0.8","0.4","300","54915","11046","43869","0.7988527724665392","11046","6632","0.8039957340448693","0.6860430264187767"
"1599","300","0.4","0.3","0.2","0.05","0.8","0.35","300","87897","11033","76864","0.8744780823008749","11033","7157","0.851069560066784","1"
"1604","300","0.4","0.3","0.2","0.05","0.8","0.4","300","55293","11066","44227","0.7998661675076411","11066","6657","0.8041009247815639","0.7158702712684112"
"1605","300","0.4","0.3","0.2","0.05","0.8","0.4","300","54864","10960","43904","0.800233304170312","10960","6632","0.8016423167856125","0.7028457678700402"
"1600","300","0.4","0.3","0.2","0.05","0.8","0.35","300","88249","11145","77104","0.8737096171061428","11145","7198","0.8537121038568347","1"
"1598","300","0.4","0.3","0.2","0.05","0.8","0.35","300","88049","11196","76853","0.8728435303069881","11196","7229","0.8608811032161479","1"
"1606","300","0.4","0.3","0.2","0.05","0.8","0.4","300","54469","10934","43535","0.7992619655216728","10934","6612","0.8230879590378564","0.6913029135880726"
"1607","300","0.4","0.3","0.2","0.05","0.8","0.4","300","54702","10928","43774","0.8002266827538298","10928","6592","0.8043763703159458","0.6851472641179196"
"1608","300","0.4","0.3","0.2","0.05","0.8","0.4","300","54623","10983","43640","0.7989308533035534","10983","6652","0.8181376615481791","0.6965951170314157"
"1611","300","0.4","0.3","0.2","0.05","0.8","0.45","300","19647","8363","11284","0.57433704891332","8363","4640","0.604989007032532","0.21007774195455198"
"1612","300","0.4","0.3","0.2","0.05","0.8","0.45","300","19447","8397","11050","0.5682110351210984","8397","4575","0.6103246209162768","0.21013444078064947"
"1609","300","0.4","0.3","0.2","0.05","0.8","0.4","300","55609","10970","44639","0.8027297739574529","10970","6598","0.811936920176824","0.7009809103995096"
"1613","300","0.4","0.3","0.2","0.05","0.8","0.45","300","19537","8335","11202","0.5733735988125096","8335","4593","0.6205352204212367","0.215218314840642"
"1610","300","0.4","0.3","0.2","0.05","0.8","0.4","300","55584","11049","44535","0.8012197754749568","11049","6628","0.8177471997047566","0.70533964924039"
"1614","300","0.4","0.3","0.2","0.05","0.8","0.45","300","19663","8448","11215","0.5703605757005543","8448","4604","0.6180673202596633","0.20983763176420453"
"1616","300","0.4","0.3","0.2","0.05","0.8","0.45","300","19502","8476","11026","0.565377909957953","8476","4594","0.6002276850941642","0.20389633901490692"
"1622","300","0.4","0.3","0.2","0.05","0.8","0.5","300","9711","6227","3484","0.35876840696117807","6227","3116","0.47111100379319804","0.11400453134419744"
"1621","300","0.4","0.3","0.2","0.05","0.8","0.5","300","9853","6204","3649","0.370344057647417","6204","3088","0.4845472431200297","0.10558124003992987"
"1615","300","0.4","0.3","0.2","0.05","0.8","0.45","300","19565","8334","11231","0.5740352670585229","8334","4681","0.6158054591769361","0.21263329879849063"
"1625","300","0.4","0.3","0.2","0.05","0.8","0.5","300","9750","6248","3502","0.35917948717948717","6248","3083","0.47791639624073357","0.10896378625599884"
"1623","300","0.4","0.3","0.2","0.05","0.8","0.5","300","9971","6162","3809","0.3820078226857888","6162","3111","0.48998976208291284","0.10472206907927002"
"1624","300","0.4","0.3","0.2","0.05","0.8","0.5","300","9791","6237","3554","0.3629864160964151","6237","3136","0.4885643683494487","0.10483551382943274"
"1626","300","0.4","0.3","0.2","0.05","0.8","0.5","300","9709","6210","3499","0.3603872695437223","6210","3142","0.49256756636415494","0.10613705757809712"
"1617","300","0.4","0.3","0.2","0.05","0.8","0.45","300","19586","8377","11209","0.5722965383437149","8377","4551","0.6092314580756334","0.21570224689197876"
"1618","300","0.4","0.3","0.2","0.05","0.8","0.45","300","19567","8383","11184","0.5715745898707006","8383","4632","0.6221146869173345","0.2057659867998237"
"1627","300","0.4","0.3","0.2","0.05","0.8","0.5","300","9758","6206","3552","0.36400901824144294","6206","3033","0.482398632698514","0.09969114974822757"
"1628","300","0.4","0.3","0.2","0.05","0.8","0.5","300","9691","6263","3428","0.3537302651945104","6263","3109","0.487842128038971","0.11021810684003375"
"1619","300","0.4","0.3","0.2","0.05","0.8","0.45","300","19591","8417","11174","0.5703639426267163","8417","4656","0.6184114652279216","0.20961484517513845"
"1620","300","0.4","0.3","0.2","0.05","0.8","0.45","300","19313","8433","10880","0.563351110650857","8433","4531","0.6012286784528726","0.21124832044695332"
"1629","300","0.4","0.3","0.2","0.05","0.8","0.5","300","9779","6216","3563","0.36435218324982105","6216","3119","0.49011657248962576","0.10408726711878699"
"1631","300","0.4","0.3","0.2","0.05","0.8","0.55","300","6267","4765","1502","0.23966810276049147","4765","2194","0.4102632254446201","0.06287571999039313"
"1635","300","0.4","0.3","0.2","0.05","0.8","0.55","300","6216","4737","1479","0.23793436293436293","4737","2150","0.4101872673572298","0.06809088370702128"
"1633","300","0.4","0.3","0.2","0.05","0.8","0.55","300","6273","4738","1535","0.2446995058185876","4738","2208","0.411846099280187","0.0644090672955231"
"1634","300","0.4","0.3","0.2","0.05","0.8","0.55","300","6129","4744","1385","0.22597487355196608","4744","2161","0.41178920378893696","0.07292119501646542"
"1630","300","0.4","0.3","0.2","0.05","0.8","0.5","300","9761","6202","3559","0.3646142813236349","6202","3086","0.4857644603082703","0.11046530519910429"
"1636","300","0.4","0.3","0.2","0.05","0.8","0.55","300","6220","4741","1479","0.2377813504823151","4741","2159","0.41872529337496617","0.08010269807730912"
"1632","300","0.4","0.3","0.2","0.05","0.8","0.55","300","6216","4753","1463","0.23536036036036037","4753","2169","0.40161147014309967","0.06107869155266145"
"1637","300","0.4","0.3","0.2","0.05","0.8","0.55","300","6180","4791","1389","0.22475728155339805","4791","2137","0.4128647891406695","0.07257054308309392"
"1639","300","0.4","0.3","0.2","0.05","0.8","0.55","300","6273","4760","1513","0.24119241192411925","4760","2155","0.4205772920010909","0.05275402216991604"
"1638","300","0.4","0.3","0.2","0.05","0.8","0.55","300","6232","4806","1426","0.22881899871630296","4806","2178","0.416732459498139","0.061721166365551715"
"1640","300","0.4","0.3","0.2","0.05","0.8","0.55","300","6227","4748","1479","0.23751405171029388","4748","2174","0.4063203030910589","0.07210816659635322"
"1641","300","0.4","0.3","0.2","0.05","0.8","0.6","300","4750","3908","842","0.17726315789473684","3908","1582","0.37490347358582155","0.05546405376623596"
"1642","300","0.4","0.3","0.2","0.05","0.8","0.6","300","4726","3949","777","0.16440964875158698","3949","1597","0.38130942361836456","0.04757028588789575"
"1646","300","0.4","0.3","0.2","0.05","0.8","0.6","300","4741","3986","755","0.1592491035646488","3986","1555","0.3774053873581902","0.04821089602583399"
"1643","300","0.4","0.3","0.2","0.05","0.8","0.6","300","4729","3975","754","0.1594417424402622","3975","1494","0.36671772350224263","0.048749808662142624"
"1649","300","0.4","0.3","0.2","0.05","0.8","0.6","300","4715","3957","758","0.16076352067868505","3957","1590","0.37981998279205814","0.0560162086985704"
"1644","300","0.4","0.3","0.2","0.05","0.8","0.6","300","4704","3950","754","0.1602891156462585","3950","1575","0.3736135269943324","0.04877428856486748"
"1645","300","0.4","0.3","0.2","0.05","0.8","0.6","300","4788","3976","812","0.1695906432748538","3976","1564","0.37466234576034996","0.04944346301062885"
"1647","300","0.4","0.3","0.2","0.05","0.8","0.6","300","4758","3945","813","0.1708701134930643","3945","1529","0.3684736067703179","0.05616503937471171"
"1648","300","0.4","0.3","0.2","0.05","0.8","0.6","300","4741","3979","762","0.16072558531955283","3979","1577","0.3754475253808638","0.04679794443195893"
"1650","300","0.4","0.3","0.2","0.05","0.8","0.6","300","4738","3984","754","0.15913887716336006","3984","1588","0.37122999725335126","0.04901644299530333"
"1652","300","0.4","0.3","0.2","0.05","0.8","0.65","300","4008","3538","470","0.11726546906187625","3538","1206","0.34656265899154176","0.04847765895929677"
"1651","300","0.4","0.3","0.2","0.05","0.8","0.65","300","4005","3552","453","0.11310861423220973","3552","1248","0.3589580368600834","0.030393250820659842"
"1655","300","0.4","0.3","0.2","0.05","0.8","0.65","300","3978","3508","470","0.11814982403217697","3508","1192","0.3519698777279875","0.04396383691903988"
"1653","300","0.4","0.3","0.2","0.05","0.8","0.65","300","3997","3540","457","0.1143357518138604","3540","1227","0.3515511772872662","0.03377102380756135"
"1661","300","0.4","0.3","0.2","0.05","0.8","0.7","300","3576","3254","322","0.09004474272930649","3254","943","0.33587510400662673","0.04446341249266703"
"1656","300","0.4","0.3","0.2","0.05","0.8","0.65","300","4011","3542","469","0.1169284467713787","3542","1244","0.3529873872183008","0.041410758394110604"
"1657","300","0.4","0.3","0.2","0.05","0.8","0.65","300","4012","3515","497","0.12387836490528414","3515","1240","0.34871431056388","0.038877257424694785"
"1662","300","0.4","0.3","0.2","0.05","0.8","0.7","300","3618","3261","357","0.09867330016583747","3261","1005","0.3384837323451477","0.03313307754831289"
"1654","300","0.4","0.3","0.2","0.05","0.8","0.65","300","4037","3564","473","0.11716621253405994","3564","1232","0.35279134615548474","0.04188194439000434"
"1659","300","0.4","0.3","0.2","0.05","0.8","0.65","300","3963","3499","464","0.11708301791572041","3499","1230","0.3546708287007147","0.038836531274015915"
"1658","300","0.4","0.3","0.2","0.05","0.8","0.65","300","4033","3527","506","0.12546491445574015","3527","1274","0.35489861907848264","0.0383639761527469"
"1660","300","0.4","0.3","0.2","0.05","0.8","0.65","300","4056","3529","527","0.129930966469428","3529","1238","0.35292808215232163","0.04422129695911169"
"1663","300","0.4","0.3","0.2","0.05","0.8","0.7","300","3575","3256","319","0.08923076923076922","3256","979","0.33825395111419465","0.037540263599624486"
"1664","300","0.4","0.3","0.2","0.05","0.8","0.7","300","3540","3220","320","0.0903954802259887","3220","970","0.33316527415519","0.037016329489577116"
"1665","300","0.4","0.3","0.2","0.05","0.8","0.7","300","3575","3225","350","0.0979020979020979","3225","970","0.3316849038645363","0.03685176489656437"
"1667","300","0.4","0.3","0.2","0.05","0.8","0.7","300","3545","3200","345","0.09732016925246827","3200","950","0.336827014277043","0.03832071893869159"
"1669","300","0.4","0.3","0.2","0.05","0.8","0.7","300","3549","3248","301","0.08481262327416174","3248","986","0.33952934170327176","0.02875166232780979"
"1666","300","0.4","0.3","0.2","0.05","0.8","0.7","300","3576","3234","342","0.09563758389261745","3234","1003","0.33555452132145014","0.04110856692657289"
"1668","300","0.4","0.3","0.2","0.05","0.8","0.7","300","3595","3246","349","0.09707927677329624","3246","976","0.33423934699701174","0.037905135401994486"
"1670","300","0.4","0.3","0.2","0.05","0.8","0.7","300","3573","3233","340","0.09515813042261405","3233","975","0.33256005817055756","0.03622660696092672"
"1671","300","0.4","0.3","0.2","0.05","0.8","0.75","300","3340","3107","233","0.06976047904191617","3107","740","0.32461715098368815","0.041168853215304516"
"1672","300","0.4","0.3","0.2","0.05","0.8","0.75","300","3320","3090","230","0.06927710843373494","3090","784","0.32137025274011716","0.031174589671879947"
"1673","300","0.4","0.3","0.2","0.05","0.8","0.75","300","3342","3064","278","0.0831837223219629","3064","780","0.32038045152438804","0.0381207611775824"
"1674","300","0.4","0.3","0.2","0.05","0.8","0.75","300","3324","3091","233","0.07009626955475332","3091","793","0.3222490570991233","0.03660995479101059"
"1675","300","0.4","0.3","0.2","0.05","0.8","0.75","300","3316","3097","219","0.06604342581423402","3097","764","0.31900579549850455","0.03632144595508252"
"1677","300","0.4","0.3","0.2","0.05","0.8","0.75","300","3309","3072","237","0.07162284678150499","3072","794","0.32312616774418257","0.03413625907069742"
"1676","300","0.4","0.3","0.2","0.05","0.8","0.75","300","3342","3135","207","0.06193895870736086","3135","756","0.32223445962595404","0.031046462966043104"
"1679","300","0.4","0.3","0.2","0.05","0.8","0.75","300","3329","3091","238","0.07149294082306999","3091","711","0.3253127792045437","0.033093641757486005"
"1682","300","0.4","0.3","0.2","0.05","0.8","0.8","300","3130","2976","154","0.049201277955271565","2976","609","0.3130318157364078","0.031374254266109985"
"1678","300","0.4","0.3","0.2","0.05","0.8","0.75","300","3345","3113","232","0.06935724962630792","3113","791","0.32124447244789656","0.042799645277014624"
"1680","300","0.4","0.3","0.2","0.05","0.8","0.75","300","3383","3134","249","0.07360331067100206","3134","823","0.3223888500235779","0.034838434633432946"
"1681","300","0.4","0.3","0.2","0.05","0.8","0.8","300","3173","3004","169","0.05326189725811535","3004","588","0.31162935870044906","0.040015316719618894"
"1684","300","0.4","0.3","0.2","0.05","0.8","0.8","300","3232","3045","187","0.05785891089108911","3045","607","0.31272137670889666","0.032352259636633594"
"1683","300","0.4","0.3","0.2","0.05","0.8","0.8","300","3171","3019","152","0.04793440555029959","3019","634","0.3152033188768837","0.03506714358392505"
"1685","300","0.4","0.3","0.2","0.05","0.8","0.8","300","3132","2986","146","0.04661558109833972","2986","595","0.31358420329324166","0.028160486873425542"
"1686","300","0.4","0.3","0.2","0.05","0.8","0.8","300","3149","2976","173","0.054938075579549064","2976","612","0.31529474960960574","0.03477042104587738"
"1687","300","0.4","0.3","0.2","0.05","0.8","0.8","300","3133","2981","152","0.04851579955314395","2981","592","0.31381510558911746","0.030956929870868042"
"1688","300","0.4","0.3","0.2","0.05","0.8","0.8","300","3165","3009","156","0.04928909952606635","3009","602","0.313946091893058","0.02931483807261961"
"1689","300","0.4","0.3","0.2","0.05","0.8","0.8","300","3148","2978","170","0.05400254129606099","2978","614","0.3143679199116495","0.04363137617763383"
"1690","300","0.4","0.3","0.2","0.05","0.8","0.8","300","3154","2970","184","0.05833861762840837","2970","579","0.31301895488269255","0.03560222005845457"
